key,interval_ms
key_0,1.56
key_16,2.42
key_13,2.62
key_12,2.94
key_7,3.29
key_12,3.46
key_7,4.55
key_1,5.86
key_1,5.88
key_6,5.80
key_1,6.75
key_16,5.50
key_1,7.37
key_16,6.12
key_12,5.85
key_5,6.05
key_1,7.97
key_6,7.90
key_5,6.67
key_1,8.11
key_1,8.13
key_16,6.90
key_13,7.38
key_1,8.83
key_16,7.64
key_19,7.53
key_6,9.12
key_5,8.39
key_13,8.61
key_5,9.36
key_6,10.72
key_10,9.65
key_0,9.93
key_0,10.16
key_10,10.65
key_1,12.50
key_0,11.02
key_10,11.14
key_10,11.54
key_7,12.03
key_7,12.06
key_6,13.51
key_12,12.11
key_13,12.85
key_12,13.46
key_0,13.60
key_7,14.83
key_10,15.43
key_0,15.54
key_13,15.98
key_6,17.47
key_13,17.48
key_19,18.40
key_10,18.97
key_0,19.63
key_0,19.95
key_6,22.09
key_10,21.97
key_1,23.63
key_0,22.73
key_1,24.55
key_7,24.71
key_7,319.26
key_6,320.44
key_0,0.72
key_6,320.51
key_2,1.79
key_6,321.59
key_1,322.23
key_8,3.29
key_16,1.57
key_13,322.05
key_1,323.95
key_7,322.80
key_9,4.79
key_12,322.50
key_8,5.29
key_5,5.33
key_7,323.31
key_7,323.86
key_9,5.83
key_8,6.58
key_6,325.65
key_13,324.97
key_10,325.45
key_0,5.67
key_12,326.13
key_1,327.81
key_6,327.71
key_1,328.10
key_8,9.09
key_16,6.93
key_19,327.36
key_9,9.85
key_12,327.58
key_7,639.38
key_0,318.92
key_1,2.08
key_2,318.98
key_13,2.03
key_5,321.58
key_10,639.48
key_18,3.58
key_16,3.65
key_5,323.23
key_0,320.75
key_12,3.90
key_13,4.77
key_16,4.74
key_18,4.75
key_13,4.93
key_2,321.91
key_1,5.07
key_19,6.03
key_8,325.57
key_3,6.19
key_16,6.14
key_5,325.69
key_19,6.20
key_19,7.38
key_13,7.40
key_8,326.93
key_12,7.63
key_18,7.48
key_18,8.68
key_18,8.75
key_10,4.73
key_9,328.26
key_1,9.02
key_1,9.97
key_6,648.42
key_0,326.90
key_3,9.99
key_16,9.89
key_16,10.02
key_18,11.13
key_16,11.14
key_6,649.74
key_5,330.84
key_5,331.47
key_7,649.54
key_10,8.44
key_3,12.61
key_2,330.45
key_1,13.72
key_18,13.79
key_9,333.85
key_18,23.71
key_7,661.28
key_7,661.48
key_10,20.02
key_8,343.60
key_18,25.67
key_18,25.75
key_5,345.29
key_8,346.04
key_8,346.04
key_5,346.09
key_13,26.85
key_8,347.03
key_9,346.98
key_19,28.35
key_13,29.11
key_2,346.73
key_19,30.33
key_6,669.59
key_13,31.10
key_1,31.71
key_5,351.12
key_5,351.18
key_19,32.18
key_19,32.27
key_18,32.27
key_7,670.25
key_18,32.78
key_7,673.24
key_7,673.76
key_10,33.11
key_9,357.08
key_6,676.65
key_19,38.55
key_16,1.44
key_5,653.28
key_1,3.41
key_8,653.56
key_12,334.41
key_1,3.89
key_9,1.27
key_13,1.75
key_10,330.94
key_10,331.01
key_2,652.34
key_10,331.78
key_8,655.35
key_18,336.31
key_2,653.81
key_10,333.08
key_7,4.32
key_18,337.18
key_10,333.52
key_10,333.72
key_10,333.77
key_2,655.20
key_6,976.80
key_16,6.32
key_16,7.17
key_18,339.12
key_19,9.44
key_5,659.37
key_7,6.98
key_5,660.10
key_6,979.19
key_7,8.41
key_7,8.43
key_6,980.50
key_16,10.05
key_5,664.28
key_3,351.69
key_3,352.25
key_2,669.72
key_5,672.77
key_10,350.94
key_3,355.60
key_5,675.55
key_5,676.06
key_6,3.87
key_1,332.10
key_5,4.08
key_19,332.39
key_18,662.82
key_0,980.12
key_13,332.05
key_8,984.52
key_1,334.58
key_11,328.50
key_14,328.40
key_2,981.98
key_4,8.06
key_0,983.51
key_7,8.13
key_3,666.67
key_14,330.02
key_0,983.66
key_2,983.68
key_3,666.81
key_2,984.55
key_16,335.66
key_10,9.28
key_2,984.68
key_4,9.37
key_5,9.24
key_14,332.16
key_2,985.73
key_9,6.14
key_3,669.01
key_0,986.02
key_0,987.13
key_3,670.52
key_1,340.06
key_13,337.59
key_16,338.61
key_13,337.65
key_18,671.02
key_7,12.68
key_18,671.46
key_18,671.48
key_10,13.14
key_18,671.66
key_3,673.13
key_8,992.59
key_16,341.95
key_7,15.52
key_8,994.10
key_13,341.69
key_19,344.31
key_2,992.31
key_7,17.27
key_7,17.32
key_13,343.38
key_19,346.18
key_6,17.92
key_11,340.72
key_5,18.75
key_6,18.96
key_3,678.20
key_18,678.20
key_7,20.05
key_6,19.94
key_8,998.77
key_10,20.87
key_6,21.24
key_8,999.46
key_6,21.30
key_16,348.68
key_10,22.24
key_7,22.28
key_5,22.63
key_4,22.81
key_5,22.76
key_3,681.74
key_7,23.32
key_3,681.93
key_11,345.86
key_18,682.85
key_13,350.39
key_2,1000.73
key_18,684.17
key_1,354.11
key_2,1002.05
key_7,27.03
key_8,1005.78
key_11,350.21
key_8,1006.80
key_13,354.81
key_3,688.29
key_5,30.06
key_3,689.05
key_5,30.83
key_5,31.21
key_14,636.52
key_0,1292.21
key_16,643.72
key_5,317.55
key_8,1296.03
key_5,318.31
key_7,318.71
key_7,319.26
key_14,641.23
key_5,319.76
key_2,7.10
key_1,651.62
key_4,325.03
key_11,647.52
key_3,985.40
key_16,2.13
key_16,2.19
key_0,1302.55
key_9,2.13
key_13,658.33
key_5,333.17
key_1,8.07
key_6,333.13
key_2,19.97
key_3,991.95
key_10,7.30
key_12,1.16
key_13,660.04
key_7,334.55
key_12,1.32
key_16,9.78
key_5,336.17
key_15,10.99
key_10,9.18
key_2,22.94
key_4,336.41
key_16,11.90
key_5,337.02
key_5,337.33
key_3,996.03
key_4,337.61
key_19,665.94
key_11,659.90
key_10,10.83
key_1,13.32
key_16,13.76
key_10,11.46
key_13,664.51
key_9,3.63
key_15,14.56
key_19,667.98
key_16,15.15
key_11,661.93
key_6,339.84
key_4,340.82
key_4,340.99
key_16,16.24
key_1,15.96
key_2,27.90
key_16,16.52
key_18,1000.26
key_4,341.87
key_7,342.11
key_1,16.98
key_16,17.69
key_19,670.68
key_11,664.52
key_7,343.01
key_2,29.67
key_0,1318.92
key_16,18.67
key_19,671.60
key_9,8.06
key_9,8.48
key_14,665.84
key_16,19.57
key_16,19.75
key_13,670.12
key_3,1003.65
key_14,667.23
key_19,673.58
key_9,10.71
key_9,10.71
key_8,1324.60
key_0,1322.26
key_14,669.00
key_11,669.41
key_2,34.15
key_5,347.77
key_9,12.75
key_2,34.80
key_1,23.32
key_18,1007.22
key_13,674.45
key_9,13.93
key_2,36.59
key_6,349.81
key_2,37.14
key_2,37.20
key_0,1326.61
key_2,39.50
key_0,1328.82
key_18,1012.27
key_4,354.29
key_1,29.49
key_10,28.39
key_16,31.13
key_1,31.09
key_13,682.28
key_2,43.76
key_1,32.35
key_19,686.03
key_5,358.28
key_2,340.47
key_12,321.01
key_3,1315.10
key_11,978.60
key_6,657.59
key_1,332.62
key_13,983.38
key_8,3.61
key_10,330.76
key_1,332.79
key_5,658.50
key_19,3.42
key_2,2.83
key_10,331.81
key_14,981.02
key_0,1635.68
key_6,660.02
key_19,4.80
key_13,985.78
key_11,983.54
key_5,661.58
key_2,5.58
key_15,18.83
key_10,335.70
key_2,6.77
key_0,1638.36
key_16,9.03
key_19,7.45
key_6,664.10
key_7,9.87
key_18,1323.70
key_6,665.93
key_6,666.15
key_14,988.31
key_11,988.37
key_9,22.41
key_7,23.89
key_6,678.28
key_9,31.99
key_13,1005.49
key_14,1002.01
key_9,33.84
key_12,350.56
key_3,21.69
key_1,362.56
key_10,641.30
key_15,325.56
key_1,643.26
key_7,314.93
key_14,2.68
key_11,1292.74
key_10,643.83
key_8,0.75
key_10,644.52
key_4,325.64
key_13,1297.90
key_19,316.96
key_11,1294.42
key_2,317.26
key_13,1298.90
key_8,2.84
key_10,646.38
key_14,7.31
key_13,1300.57
key_2,319.23
key_0,9.30
key_9,329.52
key_4,329.80
key_13,1302.63
key_8,6.50
key_14,10.29
key_1,652.95
key_0,11.15
key_4,331.71
key_12,647.28
key_9,334.02
key_3,321.69
key_9,340.63
key_6,13.50
key_13,1315.99
key_1,3.41
key_0,24.80
key_3,327.37
key_11,1314.38
key_13,1319.50
key_4,348.06
key_18,22.70
key_11,1317.41
key_2,339.87
key_16,29.49
key_0,30.23
key_5,997.73
key_8,27.24
key_3,333.38
key_11,1320.48
key_11,1320.59
key_16,31.87
key_12,666.14
key_11,1321.37
key_12,666.19
key_3,335.63
key_2,344.13
key_10,702.20
key_14,63.41
key_16,64.72
key_6,35.21
key_1,45.15
key_8,61.86
key_11,1355.17
key_1,46.01
key_15,391.07
key_16,336.14
key_9,656.37
key_13,1628.54
key_12,969.71
key_1,2.39
key_6,307.29
key_4,657.03
key_10,976.64
key_7,649.90
key_4,658.24
key_2,4.24
key_16,338.34
key_8,335.99
key_8,335.98
key_16,339.76
key_12,973.40
key_9,660.06
key_9,659.99
key_3,642.17
key_6,310.89
key_6,310.96
key_15,6.50
key_9,660.79
key_1,6.72
key_10,980.31
key_6,311.32
key_11,1629.80
key_2,7.74
key_15,7.76
key_18,336.50
key_6,312.43
key_10,981.76
key_8,338.49
key_15,8.53
key_0,8.67
key_19,8.74
key_2,9.02
key_1,9.94
key_3,646.21
key_9,664.16
key_4,664.16
key_0,10.50
key_14,344.43
key_8,340.77
key_2,11.09
key_15,10.94
key_18,339.85
key_9,665.50
key_19,12.57
key_5,1313.83
key_19,14.61
key_10,988.60
key_9,669.54
key_9,669.54
key_11,1638.07
key_18,344.73
key_16,350.14
key_19,16.21
key_16,350.53
key_16,350.66
key_7,663.34
key_8,347.28
key_5,1318.18
key_18,346.37
key_7,664.55
key_10,992.28
key_8,349.15
key_4,673.40
key_5,1320.23
key_4,673.93
key_8,350.64
key_9,674.93
key_1,36.66
key_2,36.73
key_14,370.56
key_0,37.05
key_3,1.01
key_3,1.03
key_7,683.73
key_3,1.43
key_1,37.58
key_1,37.85
key_11,1660.57
key_18,366.81
key_2,38.37
key_19,38.24
key_5,1339.40
key_4,692.84
key_18,367.27
key_8,2.85
key_2,39.20
key_6,343.81
key_1,39.50
key_15,39.33
key_11,1662.51
key_13,1666.13
key_0,39.81
key_15,40.04
key_0,40.15
key_3,4.10
key_13,1666.89
key_13,1666.90
key_4,694.74
key_7,687.21
key_11,1663.69
key_2,41.12
key_10,1014.99
key_18,369.93
key_8,5.13
key_13,1667.91
key_13,1667.92
key_1,42.04
key_15,41.88
key_0,42.31
key_16,376.47
key_16,376.88
key_15,42.87
key_10,1016.68
key_0,43.23
key_7,689.59
key_11,1666.08
key_7,689.89
key_18,372.25
key_19,43.68
key_3,7.91
key_2,44.24
key_3,8.24
key_18,373.01
key_4,698.83
key_7,690.97
key_19,45.02
key_3,8.97
key_12,9.24
key_16,379.25
key_15,380.74
key_18,14.22
key_1,380.92
key_11,2003.53
key_7,1028.59
key_3,349.68
key_19,385.76
key_12,349.66
key_11,2008.51
key_4,16.37
key_15,385.76
key_0,385.86
key_4,18.97
key_10,26.50
key_19,390.79
key_7,1038.42
key_17,23.20
key_7,1039.02
key_3,356.79
key_8,23.92
key_2,399.99
key_2,399.97
key_17,30.42
key_10,39.22
key_8,31.77
key_11,2023.90
key_8,31.77
key_14,37.28
key_15,403.88
key_7,1050.24
key_0,404.06
key_12,368.00
key_4,35.20
key_7,1052.32
key_16,44.06
key_3,370.83
key_0,406.89
key_19,406.90
key_12,370.84
key_19,409.45
key_18,43.28
key_6,714.35
key_16,47.42
key_9,41.19
key_12,374.57
key_6,715.07
key_0,410.68
key_6,715.33
key_3,375.13
key_10,51.08
key_7,1059.34
key_8,43.75
key_1,413.22
key_4,43.76
key_5,53.46
key_8,45.45
key_9,45.44
key_4,45.44
key_11,2037.62
key_8,45.53
key_11,2039.03
key_7,1063.37
key_6,721.59
key_19,417.21
key_6,722.00
key_19,418.44
key_12,383.90
key_7,1066.24
key_4,50.81
key_2,420.40
key_1,421.23
key_5,62.12
key_7,1080.36
key_0,434.18
key_2,434.28
key_17,64.69
key_19,434.46
key_16,74.02
key_0,439.45
key_4,70.04
key_3,403.46
key_4,70.08
key_12,403.45
key_11,2062.36
key_1,440.77
key_9,71.27
key_5,80.99
key_7,1086.99
key_11,2063.49
key_15,441.64
key_15,441.68
key_14,75.17
key_7,1088.05
key_10,79.84
key_12,407.06
key_3,407.09
key_0,443.19
key_12,407.76
key_10,81.93
key_16,81.07
key_4,74.83
key_15,444.21
key_11,2067.96
key_14,78.68
key_0,445.35
key_2,445.62
key_3,409.96
key_13,2072.36
key_6,750.45
key_16,83.71
key_2,446.65
key_3,410.66
key_11,2069.79
key_1,447.61
key_0,447.54
key_2,447.69
key_8,78.43
key_3,412.08
key_16,85.41
key_8,78.86
key_18,81.80
key_15,449.61
key_0,449.75
key_17,80.33
key_4,80.75
key_3,414.32
key_12,414.46
key_9,81.32
key_15,451.40
key_12,415.41
key_7,1100.58
key_9,85.58
key_10,332.72
key_18,328.46
key_12,659.41
key_7,1.67
key_1,696.41
key_15,696.57
key_3,660.93
key_0,697.27
key_14,331.07
key_18,331.43
key_2,698.42
key_2,698.67
key_8,329.39
key_19,699.06
key_18,332.83
key_5,340.00
key_14,362.79
key_3,33.54
key_17,374.10
key_8,15.73
key_19,744.49
key_19,745.04
key_15,745.44
key_12,709.73
key_6,1050.51
key_15,746.05
key_14,379.74
key_9,377.17
key_16,383.81
key_17,377.26
key_0,1.69
key_5,387.45
key_2,747.61
key_18,381.16
key_5,389.25
key_19,749.38
key_6,1054.04
key_17,381.11
key_10,388.98
key_5,391.53
key_10,389.67
key_5,392.44
key_9,383.15
key_11,2375.32
key_15,752.84
key_7,58.94
key_4,383.82
key_2,3.63
key_0,8.52
key_16,392.05
key_18,388.61
key_13,2383.34
key_10,4.51
key_2,7.42
key_5,399.03
key_9,389.97
key_12,723.31
key_14,393.20
key_18,393.21
key_2,10.17
key_17,391.04
key_15,2.18
key_6,1065.44
key_15,2.44
key_4,391.95
key_16,398.80
key_15,2.98
key_6,1066.41
key_10,9.55
key_18,396.10
key_7,8.13
key_12,727.05
key_19,763.17
key_15,4.69
key_6,1068.15
key_18,397.49
key_7,11.16
key_11,2388.79
key_13,2392.85
key_8,296.33
key_7,271.19
key_6,1330.56
key_12,990.39
key_11,3.58
key_6,1331.66
key_4,658.14
key_17,658.43
key_2,277.99
key_0,283.42
key_19,1029.24
key_3,321.28
key_7,277.18
key_6,1336.91
key_0,287.66
key_11,84.78
key_4,747.61
key_8,389.39
key_5,758.15
key_9,747.93
key_12,10.63
key_2,1.69
key_1,1119.96
key_13,2746.71
key_19,1120.60
key_8,392.87
key_1,1121.02
key_11,97.71
key_4,751.71
key_9,751.79
key_19,1121.27
key_4,751.86
key_4,752.18
key_8,393.77
key_8,394.33
key_12,14.07
key_10,369.82
key_17,753.53
key_16,10.78
key_18,14.89
key_1,1123.99
key_14,757.72
key_7,6.81
key_18,16.21
key_2,7.11
key_5,765.16
key_5,765.34
key_9,755.66
key_17,755.88
key_15,366.60
key_17,756.11
key_3,415.92
key_11,102.44
key_17,756.44
key_13,2752.47
key_15,367.47
key_14,759.86
key_10,374.06
key_1,1127.02
key_3,417.48
key_1,1127.51
key_16,15.36
key_15,368.90
key_16,16.02
key_2,11.02
key_6,9.48
key_19,1128.76
key_13,2755.14
key_15,370.02
key_18,21.12
key_9,759.87
key_8,401.36
key_10,376.99
key_16,229.47
key_5,1078.31
key_5,1078.27
key_2,320.81
key_19,2.55
key_8,712.53
key_2,323.33
key_15,682.33
key_1,1441.19
key_17,107.40
key_19,7.75
key_11,420.07
key_5,1084.32
key_5,1084.78
key_5,1085.31
key_18,10.22
key_14,1078.59
key_5,1085.62
key_12,337.62
key_7,328.43
key_12,338.10
key_1,1446.60
key_16,5.88
key_11,424.44
key_15,689.85
key_15,689.88
key_16,8.69
key_6,15.71
key_8,9.58
key_14,1084.05
key_3,741.07
key_7,334.49
key_12,343.76
key_15,693.33
key_6,18.32
key_19,17.66
key_9,14.53
key_7,336.95
key_17,120.15
key_18,23.41
key_5,1099.10
key_5,1099.65
key_11,436.52
key_6,25.25
key_8,19.55
key_6,26.35
key_9,23.00
key_13,3088.62
key_0,717.36
key_1,1463.36
key_19,27.98
key_2,346.93
key_15,705.84
key_16,24.35
key_13,3091.76
key_8,24.71
key_6,31.28
key_9,27.95
key_17,131.88
key_11,444.84
key_9,31.18
key_8,31.00
key_1,1.84
key_14,1287.39
key_17,319.67
key_3,1.78
key_9,1.82
key_9,1.84
key_15,1001.77
key_10,1007.94
key_5,1400.89
key_14,1394.02
key_8,320.95
key_9,3.44
key_6,327.14
key_4,1392.64
key_3,3.51
key_15,1003.28
key_19,327.13
key_5,1403.02
key_0,1017.52
key_18,327.90
key_17,427.49
key_0,1018.07
key_15,1004.66
key_12,655.11
key_5,1404.51
key_19,328.66
key_11,112.71
key_16,6.19
key_16,6.19
key_7,647.49
key_16,6.34
key_1,6.67
key_3,6.83
key_2,6.78
key_4,1396.09
key_4,1396.14
key_17,430.69
key_2,7.43
key_14,1399.56
key_14,1399.57
key_6,331.46
key_18,331.52
key_17,431.20
key_0,1021.38
key_19,331.27
key_17,431.62
key_11,115.57
key_4,1397.71
key_5,1407.63
key_18,332.52
key_16,8.89
key_0,1022.36
key_17,432.34
key_5,1408.04
key_5,1408.52
key_2,9.59
key_18,333.39
key_16,9.81
key_5,1408.86
key_7,651.52
key_11,118.21
key_16,11.33
key_4,1400.88
key_15,1011.85
key_2,12.28
key_9,12.63
key_6,336.69
key_0,1026.75
key_12,664.00
key_17,437.23
key_11,121.42
key_2,14.56
key_15,1014.79
key_15,1024.87
key_6,349.06
key_4,1414.81
key_18,349.61
key_18,349.93
key_13,3411.51
key_16,26.85
key_3,241.27
key_1,225.91
key_15,1251.51
key_0,21.57
key_5,1657.72
key_12,910.77
key_14,1653.62
key_12,912.35
key_10,1268.64
key_5,1661.85
key_10,1269.34
key_8,581.36
key_8,581.66
key_18,664.37
key_10,1347.04
key_10,1347.44
key_3,341.74
key_19,675.46
key_7,993.85
key_7,994.35
key_12,1004.03
key_6,677.96
key_5,1753.54
key_2,354.92
key_12,1005.72
key_5,1754.66
key_4,0.13
key_5,1755.65
key_12,1009.18
key_2,360.33
key_19,684.63
key_10,1367.89
key_8,679.49
key_8,680.39
key_3,7.36
key_18,6.54
key_17,792.40
key_8,686.70
key_17,793.04
key_15,1369.73
key_0,133.62
key_0,133.66
key_7,1011.76
key_16,14.10
key_14,31.64
key_12,1022.10
key_2,10.65
key_17,795.97
key_19,695.87
key_15,1374.65
key_17,798.03
key_0,137.88
key_18,14.94
key_7,1016.37
key_5,1775.21
key_11,483.72
key_15,1376.93
key_19,700.56
key_8,695.38
key_16,20.78
key_19,701.70
key_16,3.18
key_6,905.12
key_16,4.52
key_12,1233.03
key_0,426.00
key_10,1669.54
key_3,307.07
key_13,4049.78
key_2,303.38
key_11,772.90
key_5,7.45
key_18,306.58
key_7,1308.41
key_4,310.92
key_18,307.68
key_8,91.08
key_11,775.90
key_4,312.80
key_14,329.80
key_9,438.63
key_19,994.00
key_13,4056.62
key_15,1678.73
key_2,1.35
key_17,1103.68
key_15,1680.08
key_19,0.20
key_13,4068.11
key_2,1.35
key_7,5.75
key_16,106.35
key_2,2.66
key_18,324.25
key_4,328.37
key_12,1335.42
key_11,792.25
key_18,324.86
key_18,325.77
key_3,329.43
key_7,9.27
key_14,346.81
key_1,336.03
key_2,6.09
key_19,5.92
key_16,111.57
key_0,12.02
key_10,1697.67
key_9,460.45
key_2,10.79
key_8,115.73
key_8,116.38
key_0,16.60
key_15,11.73
key_1,343.31
key_4,538.78
key_9,663.96
key_3,538.85
key_18,536.37
key_2,215.22
key_3,540.25
key_12,1548.14
key_6,1224.27
key_15,218.78
key_9,670.23
key_18,541.99
key_0,225.31
key_18,543.02
key_13,8.95
key_13,15.77
key_19,229.00
key_7,234.99
key_4,556.47
key_12,1564.20
key_9,682.78
key_13,19.96
key_15,232.39
key_2,233.58
key_16,338.49
key_9,684.66
key_5,23.10
key_10,1923.13
key_1,565.63
key_5,24.15
key_0,240.53
key_1,566.41
key_13,23.69
key_15,236.16
key_16,341.76
key_4,562.81
key_5,26.09
key_16,342.49
key_7,305.90
key_18,623.75
key_9,769.70
key_8,424.33
key_0,1.02
key_3,644.88
key_5,108.77
key_13,1.85
key_7,325.49
key_14,663.02
key_11,20.87
key_14,663.53
key_15,321.15
key_11,21.39
key_19,321.77
key_17,4.26
key_2,323.48
key_4,649.00
key_10,2012.11
key_15,323.71
key_6,6.15
key_12,6.36
key_1,655.43
key_13,6.95
key_18,7.17
key_0,7.39
key_2,531.69
key_14,875.81
key_8,654.95
key_17,232.00
key_8,655.56
key_18,232.52
key_0,232.80
key_11,251.29
key_11,251.53
key_5,340.86
key_11,252.09
key_14,5.02
key_19,552.74
key_12,235.26
key_11,253.61
key_0,236.04
key_12,236.50
key_2,555.67
key_19,555.11
key_14,8.30
key_4,881.99
key_2,557.21
key_15,610.88
key_12,294.19
key_17,295.10
key_14,66.38
key_10,2303.01
key_1,960.32
key_19,629.54
key_10,1.55
key_3,19.28
key_17,3.09
key_4,957.25
key_18,313.25
key_10,3.40
key_16,101.88
key_7,637.43
key_5,421.34
key_2,633.12
key_16,102.02
key_17,4.55
key_16,103.00
key_12,1.78
key_9,1084.46
key_13,2.07
key_19,633.83
key_5,423.56
key_1,965.35
key_0,6.92
key_0,6.95
key_14,87.84
key_13,3.86
key_16,105.73
key_2,636.89
key_17,7.94
key_18,318.05
key_3,26.19
key_1,967.46
key_8,742.29
key_5,426.15
key_10,9.43
key_12,7.63
key_2,640.01
key_9,1090.67
key_15,8.35
key_17,11.95
key_6,11.87
key_8,745.72
key_4,966.40
key_7,645.95
key_18,322.70
key_16,110.78
key_16,110.79
key_9,1092.36
key_8,746.72
key_14,94.30
key_6,14.04
key_4,968.41
key_0,14.63
key_1,973.55
key_18,325.10
key_19,643.45
key_0,15.73
key_17,16.00
key_18,327.49
key_3,35.44
key_16,115.79
key_15,15.04
key_7,651.94
key_16,116.75
key_18,329.26
key_16,117.47
key_2,648.92
key_6,20.14
key_17,20.54
key_6,20.73
key_2,650.07
key_10,21.48
key_7,655.23
key_8,755.78
key_1,981.54
key_1,981.94
key_9,0.51
key_14,294.94
key_2,843.63
key_13,211.75
key_12,212.08
key_10,216.35
key_12,213.54
key_0,217.43
key_18,527.94
key_6,218.18
key_3,236.47
key_6,219.16
key_3,237.44
key_17,220.10
key_1,1179.46
key_19,849.06
key_13,218.10
key_8,955.28
key_14,303.00
key_0,222.67
key_7,856.41
key_19,851.66
key_18,534.12
key_3,242.39
key_4,1179.27
key_3,243.71
key_11,555.16
key_7,861.18
key_2,860.62
key_2,862.19
key_6,238.09
key_0,238.32
key_13,235.47
key_15,235.70
key_12,236.49
key_10,241.40
key_11,571.17
key_2,872.62
key_8,977.57
key_3,262.38
key_13,241.79
key_19,873.78
key_16,8.49
key_2,875.60
key_14,327.86
key_4,1201.73
key_19,876.08
key_3,266.22
key_15,245.66
key_16,11.78
key_2,878.81
key_5,667.47
key_14,381.71
key_13,1.26
key_2,931.23
key_10,302.94
key_17,305.69
key_10,306.34
key_13,6.64
key_6,307.49
key_9,95.10
key_17,308.74
key_0,309.27
key_1,1269.07
key_7,944.16
key_4,1265.46
key_13,12.21
key_13,13.34
key_13,13.47
key_16,0.84
key_19,942.19
key_14,394.91
key_15,311.85
key_16,2.14
key_1,2.58
key_6,315.56
key_3,334.30
key_11,3.60
key_16,4.27
key_7,950.79
key_6,317.70
key_8,1052.24
key_13,18.54
key_4,1273.05
key_0,318.99
key_1,6.55
key_7,952.84
key_2,6.72
key_17,9.54
key_0,322.22
key_13,22.02
key_17,10.35
key_17,10.43
key_16,10.13
key_19,951.70
key_17,11.10
key_2,10.74
key_13,23.83
key_7,957.47
key_8,1057.66
key_14,405.68
key_14,405.71
key_18,635.05
key_12,7.23
key_11,12.57
key_15,322.34
key_8,1059.61
key_4,1280.33
key_4,1280.33
key_14,407.97
key_1,14.30
key_3,344.99
key_1,15.06
key_1,15.06
key_14,408.76
key_14,409.50
key_12,10.46
key_11,16.28
key_16,16.27
key_4,1283.91
key_19,957.90
key_6,330.24
key_6,330.25
key_16,17.99
key_2,18.06
key_19,959.67
key_4,1287.64
key_6,333.81
key_12,16.18
key_19,963.01
key_5,752.51
key_3,353.72
key_12,18.25
key_5,754.14
key_0,337.37
key_2,24.90
key_13,246.41
key_4,1509.34
key_2,242.64
key_10,555.90
key_19,1184.39
key_10,556.64
key_13,256.68
key_11,244.40
key_11,244.67
key_1,245.05
key_2,245.41
key_12,240.32
key_7,1192.26
key_9,13.08
key_15,229.07
key_11,317.96
key_16,319.25
key_1,319.32
key_12,313.96
key_17,320.54
key_7,1266.40
key_13,332.78
key_8,5.72
key_6,633.42
key_3,651.26
key_16,320.85
key_6,633.81
key_9,87.79
key_14,5.55
key_10,634.30
key_5,1051.66
key_11,321.52
key_8,6.98
key_0,6.98
key_2,321.97
key_15,304.76
key_8,7.46
key_16,322.71
key_7,1269.07
key_14,7.30
key_4,1590.22
key_4,1590.40
key_6,637.68
key_5,2.21
key_1,325.06
key_4,1592.27
key_6,638.05
key_9,92.24
key_12,2.99
key_10,638.52
key_14,10.19
key_3,656.63
key_11,325.90
key_6,639.18
key_10,639.29
key_18,949.73
key_7,1272.98
key_8,11.89
key_3,657.79
key_15,309.62
key_5,4.53
key_0,4.91
key_4,1594.58
key_4,1594.63
key_16,327.77
key_15,310.34
key_7,1274.28
key_4,1595.25
key_10,641.14
key_9,95.31
key_5,5.94
key_0,6.22
key_6,641.78
key_18,952.14
key_3,659.90
key_12,6.91
key_10,642.49
key_1,329.72
key_6,642.69
key_1,330.12
key_11,330.40
key_1,330.71
key_8,16.15
key_19,16.79
key_16,2.93
key_10,647.23
key_19,20.13
key_5,12.23
key_7,1281.40
key_6,648.28
key_18,958.74
key_2,336.01
key_15,318.74
key_13,349.18
key_9,103.64
key_2,337.14
key_2,337.48
key_7,1284.01
key_3,668.70
key_8,23.44
key_10,651.55
key_12,16.32
key_2,545.21
key_7,1493.87
key_13,560.81
key_12,4.39
key_0,226.75
key_17,550.32
key_11,550.56
key_15,533.56
key_12,7.04
key_6,864.41
key_13,564.66
key_1,552.03
key_11,1.54
key_9,319.33
key_3,883.64
key_15,535.98
key_6,866.37
key_17,554.52
key_19,239.68
key_1,627.16
key_18,1251.37
key_5,307.09
key_7,1576.07
key_8,316.44
key_18,1256.56
key_5,2.21
key_5,3.73
key_18,1258.17
key_1,635.68
key_5,4.49
key_0,0.77
key_10,949.00
key_6,948.95
key_17,636.74
key_11,2.11
key_15,619.93
key_16,308.91
key_11,2.40
key_13,6.45
key_17,639.11
key_10,951.67
key_5,7.40
key_7,1586.09
key_10,952.84
key_0,4.80
key_6,952.98
key_3,971.55
key_18,1263.91
key_16,312.34
key_9,407.91
key_2,642.07
key_7,1588.40
key_13,10.78
key_17,642.67
key_9,409.67
key_9,409.75
key_13,11.99
key_4,1910.48
key_13,12.75
key_6,957.02
key_14,15.68
key_10,957.19
key_12,100.44
key_0,9.93
key_13,13.68
key_7,1591.68
key_10,958.48
key_3,1.54
key_1,646.17
key_1,646.32
key_9,413.21
key_10,959.37
key_1,646.53
key_15,629.69
key_4,1914.28
key_16,318.64
key_6,960.13
key_3,3.23
key_5,16.76
key_10,961.12
key_19,333.72
key_18,1271.24
key_2,649.26
key_2,650.13
key_8,15.03
key_14,21.68
key_6,963.06
key_9,417.15
key_9,418.53
key_13,20.41
key_11,16.77
key_2,651.83
key_9,418.68
key_2,652.81
key_11,17.75
key_13,21.39
key_2,652.92
key_0,17.88
key_19,339.04
key_13,22.37
key_19,339.72
key_16,325.62
key_12,110.08
key_11,19.75
key_6,967.69
key_9,421.85
key_8,20.19
key_4,1922.42
key_9,422.41
key_17,656.36
key_11,20.93
key_19,341.66
key_5,25.26
key_6,969.51
key_14,28.16
key_5,25.84
key_17,657.62
key_5,25.92
key_4,1925.07
key_19,343.54
key_6,970.85
key_6,971.25
key_0,24.91
key_3,16.11
key_12,116.03
key_12,116.48
key_11,26.42
key_9,428.73
key_12,320.66
key_15,847.83
key_3,221.48
key_8,230.69
key_11,230.92
key_1,866.25
key_2,866.66
key_17,867.10
key_19,552.55
key_12,322.59
key_0,232.29
key_5,2.73
key_17,868.22
key_4,2135.19
key_0,233.27
key_9,635.52
key_18,1491.97
key_1,869.24
key_2,869.57
key_3,225.71
key_17,870.52
key_4,2137.54
key_2,870.76
key_2,871.03
key_17,871.70
key_15,854.13
key_14,7.89
key_18,1495.21
key_13,241.10
key_3,228.71
key_9,640.00
key_1,873.50
key_13,242.44
key_5,9.42
key_5,9.67
key_13,243.24
key_3,230.78
key_15,857.71
key_16,546.84
key_17,876.13
key_14,11.96
key_18,1499.27
key_16,547.90
key_14,12.74
key_7,1823.28
key_13,245.85
key_14,13.48
key_9,644.61
key_3,233.99
key_10,1266.08
key_14,89.25
key_17,953.85
key_13,322.21
key_1,0.81
key_17,961.98
key_2,961.97
key_6,1275.29
key_1,0.30
key_16,2.52
key_16,2.54
key_18,1587.04
key_2,964.29
key_9,735.22
key_14,135.30
key_13,368.10
key_17,1000.34
key_18,1623.22
key_14,136.59
key_5,135.96
key_3,48.27
key_1,38.28
key_19,49.78
key_19,50.02
key_14,137.76
key_3,49.36
key_1,39.64
key_11,367.83
key_1,40.27
key_0,35.58
key_12,41.05
key_13,372.75
key_15,987.07
key_14,311.67
key_10,1489.36
key_10,1489.85
key_17,1177.56
key_4,216.46
key_12,215.09
key_17,1180.19
key_15,1162.74
key_9,947.89
key_14,318.07
key_6,1495.39
key_11,547.78
key_19,231.39
key_11,548.89
key_19,232.69
key_11,549.82
key_0,217.39
key_6,1498.92
key_15,1169.07
key_9,954.09
key_14,327.06
key_2,1191.52
key_10,1504.79
key_1,229.69
key_7,2139.49
key_14,329.91
key_8,629.13
key_1,302.08
key_5,401.19
key_12,303.77
key_8,631.95
key_3,93.21
key_5,404.26
key_13,6.15
key_16,86.16
key_10,1583.37
key_0,302.68
key_19,318.97
key_10,1583.96
key_16,86.99
key_13,7.78
key_13,7.82
key_18,1894.29
key_2,1.49
key_3,1.34
key_18,1894.85
key_11,2.10
key_18,1895.18
key_14,408.40
key_18,1895.47
key_4,311.44
key_8,2.63
key_8,2.97
key_0,304.98
key_10,1585.92
key_10,1585.95
key_0,305.43
key_18,1896.50
key_19,322.09
key_18,1896.86
key_11,3.96
key_7,2220.35
key_2,4.14
key_2,4.17
key_12,311.76
key_8,4.87
key_13,11.42
key_11,4.96
key_6,1587.75
key_2,5.09
key_18,1898.28
key_13,11.85
key_1,312.59
key_0,307.61
key_11,5.70
key_5,411.05
key_19,325.69
key_4,316.66
key_3,7.28
key_1,314.80
key_2,7.91
key_17,7.75
key_3,7.85
key_14,414.31
key_12,315.56
key_18,1901.51
key_8,8.89
key_3,8.38
key_4,317.80
key_8,9.12
key_14,415.20
key_0,311.35
key_17,9.04
key_15,1262.31
key_18,1902.86
key_14,415.82
key_2,10.29
key_9,1047.10
key_11,10.41
key_6,1593.64
key_5,416.10
key_19,329.12
key_0,313.23
key_16,97.19
key_14,417.74
key_12,319.00
key_17,11.27
key_3,11.78
key_3,11.80
key_3,11.83
key_12,319.99
key_13,19.34
key_13,19.35
key_16,99.17
key_16,99.21
key_16,99.55
key_3,13.35
key_5,419.10
key_9,1050.83
key_10,1597.26
key_6,1597.16
key_10,1597.53
key_6,1597.59
key_13,21.37
key_10,1597.90
key_16,101.03
key_14,421.29
key_16,101.41
key_16,101.84
key_5,421.14
key_1,323.39
key_19,334.61
key_7,2232.96
key_14,423.01
key_9,0.25
key_17,39.44
key_1,347.28
key_19,358.71
key_17,40.28
key_0,342.88
key_5,446.50
key_9,1.72
key_8,41.73
key_6,1624.52
key_10,1624.97
key_5,447.64
key_11,42.65
key_6,1625.78
key_4,352.12
key_11,43.64
key_9,185.79
key_14,631.88
key_12,533.71
key_0,529.03
key_19,545.80
key_1,535.19
key_0,530.75
key_17,230.29
key_12,538.49
key_0,533.86
key_5,637.54
key_11,89.44
key_0,620.07
key_9,278.57
key_17,1.33
key_1,625.45
key_14,724.50
key_5,723.99
key_8,1.45
key_11,90.93
key_6,1902.38
key_15,1572.16
key_5,725.13
key_8,2.67
key_17,3.19
key_11,91.89
key_7,282.09
key_10,1905.10
key_1,629.21
key_1,629.23
key_0,624.64
key_8,5.43
key_4,631.84
key_5,728.43
key_0,625.23
key_17,6.52
key_3,0.95
key_19,643.09
key_1,632.00
key_14,731.29
key_13,9.47
key_16,4.05
key_11,97.35
key_0,628.03
key_15,1578.70
key_7,287.07
key_4,636.01
key_5,732.65
key_12,634.75
key_5,733.00
key_4,636.86
key_9,288.65
key_12,635.75
key_13,12.86
key_6,1911.89
key_9,289.99
key_18,2222.82
key_2,105.69
key_18,2223.28
key_8,13.10
key_16,9.22
key_18,2223.99
key_0,633.26
key_7,292.14
key_17,14.80
key_16,10.50
key_11,119.83
key_0,0.85
key_3,1.18
key_2,125.18
key_15,1602.20
key_2,125.67
key_14,756.25
key_12,847.59
key_10,2123.35
key_3,193.57
key_7,1.89
key_0,193.96
key_4,850.68
key_18,2.61
key_10,2126.43
key_1,850.56
key_0,196.11
key_7,4.45
key_13,228.27
key_12,851.44
key_18,5.15
key_19,863.13
key_10,2128.11
key_16,223.87
key_10,2128.64
key_17,228.93
key_5,1037.94
key_2,2.22
key_12,939.89
key_14,1038.64
key_0,286.04
key_19,952.11
key_12,941.71
key_6,2.22
key_15,3.76
key_8,4.88
key_17,319.14
key_12,943.37
key_9,596.65
key_18,97.25
key_10,2219.88
key_17,319.94
key_13,6.43
key_13,6.47
key_3,290.03
key_6,5.51
key_17,321.24
key_2,7.83
key_12,946.15
key_16,2.74
key_13,7.65
key_17,322.33
key_1,946.61
key_5,1044.90
key_9,600.38
key_11,412.04
key_1,947.50
key_6,8.20
key_7,101.46
key_4,949.85
key_9,601.73
key_12,948.58
key_19,959.86
key_10,2224.79
key_19,960.15
key_1,952.13
key_7,105.93
key_6,13.53
key_8,28.01
key_15,32.19
key_19,981.96
key_16,28.79
key_4,973.95
key_19,983.35
key_3,317.37
key_19,983.84
key_17,348.59
key_0,317.86
key_17,348.82
key_11,438.12
key_13,35.24
key_10,2249.53
key_17,349.63
key_16,31.41
key_4,976.58
key_9,4.62
key_1,5.84
key_2,37.90
key_0,320.62
key_1,6.64
key_13,37.25
key_18,129.69
key_3,321.41
key_5,1074.50
key_18,129.87
key_10,2252.58
key_9,6.64
key_16,33.57
key_7,130.35
key_16,34.20
key_3,322.62
key_16,34.24
key_13,39.52
key_7,131.41
key_12,978.91
key_3,324.36
key_11,443.85
key_8,42.61
key_15,41.86
key_16,37.44
key_0,326.20
key_19,992.58
key_17,357.77
key_17,358.16
key_10,2259.41
key_3,329.13
key_15,45.77
key_0,329.82
key_13,46.59
key_15,46.90
key_4,987.55
key_2,48.60
key_11,450.89
key_15,48.06
key_1,188.64
key_0,502.83
key_16,214.66
key_15,219.81
key_13,220.29
key_10,96.00
key_0,598.30
key_2,315.67
key_5,1352.53
key_2,316.91
key_12,1255.35
key_7,408.70
key_17,632.16
key_0,601.36
key_13,4.23
key_11,722.22
key_19,1268.86
key_18,100.52
key_15,319.65
key_7,411.74
key_18,101.18
key_5,1356.92
key_2,321.20
key_3,6.99
key_13,7.08
key_9,7.45
key_13,7.48
key_9,7.81
key_13,7.89
key_2,322.61
key_17,636.09
key_14,1359.44
key_11,725.09
key_3,8.98
key_7,414.60
key_0,606.56
key_19,1272.62
key_19,1272.99
key_14,1360.77
key_13,10.21
key_12,1262.41
key_17,638.26
key_15,324.18
key_9,10.65
key_13,10.71
key_17,638.99
key_9,12.40
key_15,325.98
key_10,107.71
key_7,418.31
key_15,326.66
key_19,1276.42
key_8,328.13
key_18,108.53
key_16,322.57
key_11,730.53
key_9,14.13
key_18,109.11
key_5,1364.82
key_12,1266.78
key_10,109.85
key_8,329.86
key_8,346.49
key_0,629.73
key_3,32.55
key_17,661.16
key_4,1287.08
key_11,750.20
key_2,1.84
key_3,33.98
key_2,2.20
key_5,3.20
key_8,348.91
key_19,1297.85
key_9,35.01
key_14,1386.29
key_8,350.34
key_14,1386.98
key_2,4.57
key_4,1290.53
key_3,36.96
key_2,5.70
key_1,28.76
key_14,1389.86
key_2,7.57
key_18,134.59
key_12,1291.95
key_15,353.65
key_7,446.18
key_11,757.35
key_7,446.59
key_16,350.06
key_2,9.69
key_8,356.57
key_2,10.24
key_6,354.56
key_13,42.40
key_6,354.83
key_0,10.04
key_9,4.20
key_0,10.41
key_16,352.04
key_2,11.66
key_1,34.18
key_1,34.19
key_7,449.56
key_13,44.09
key_1,34.80
key_18,139.27
key_15,358.27
key_3,44.80
key_9,6.29
key_15,358.57
key_15,358.86
key_13,45.35
key_5,14.61
key_14,1396.69
key_18,141.05
key_2,14.40
key_17,674.64
key_14,1397.63
key_9,8.34
key_17,675.47
key_16,356.71
key_13,48.27
key_9,9.96
key_9,10.32
key_13,49.46
key_5,18.65
key_3,50.12
key_11,767.11
key_6,363.08
key_7,456.65
key_18,146.33
key_10,146.65
key_3,52.07
key_0,19.75
key_19,1316.04
key_8,367.81
key_2,21.83
key_9,182.60
key_9,182.60
key_12,1474.06
key_5,1.64
key_4,1476.18
key_6,534.91
key_0,190.31
key_8,538.04
key_7,629.29
key_10,4.00
key_15,537.89
key_2,193.02
key_9,186.40
key_14,1576.50
key_7,727.93
key_5,103.79
key_13,325.32
key_4,1579.50
key_18,420.93
key_4,1580.50
key_19,4.04
key_18,423.54
key_3,329.09
key_0,5.91
key_10,109.76
key_15,643.67
key_13,330.46
key_12,1583.01
key_15,644.81
key_17,959.61
key_8,646.59
key_0,8.92
key_6,644.99
key_8,647.67
key_4,1587.28
key_7,10.87
key_18,428.99
key_1,325.03
key_14,1685.89
key_17,966.14
key_9,299.43
key_19,15.60
key_6,652.08
key_0,18.03
key_14,4.28
key_10,122.26
key_10,131.04
key_10,131.41
key_19,28.84
key_11,1068.69
key_14,15.00
key_9,314.30
key_12,1605.57
key_4,1607.59
key_5,3.47
key_8,670.35
key_18,451.02
key_16,665.29
key_6,669.28
key_6,669.72
key_14,20.04
key_16,666.83
key_10,138.46
key_17,993.16
key_18,460.61
key_7,29.79
key_8,682.45
key_1,358.57
key_6,680.76
key_19,45.86
key_4,1622.92
key_16,678.12
key_10,149.58
key_1,360.37
key_11,1086.94
key_6,683.15
key_18,466.15
key_15,685.18
key_1,362.65
key_0,49.05
key_18,467.76
key_15,686.75
key_0,50.12
key_3,374.03
key_1,364.71
key_14,36.97
key_2,10.70
key_18,470.36
key_11,1092.46
key_6,688.44
key_14,38.78
key_0,53.34
key_17,1161.90
key_2,1.09
key_11,1251.22
key_18,629.57
key_13,535.80
key_14,198.07
key_3,536.91
key_13,537.65
key_2,5.12
key_11,1254.93
key_5,189.84
key_6,853.19
key_7,203.53
key_15,855.14
key_11,1258.62
key_4,1796.37
key_0,219.32
key_10,323.15
key_1,534.09
key_8,1.30
key_2,109.67
key_7,1.50
key_10,423.29
key_4,1897.36
key_16,952.89
key_8,2.97
key_17,1272.74
key_0,2.29
key_12,1897.53
key_19,4.19
key_18,740.46
key_0,3.76
key_14,308.57
key_12,1898.47
key_7,6.24
key_11,1364.24
key_8,6.77
key_6,960.22
key_8,6.85
key_0,5.80
key_18,743.25
key_9,609.93
key_12,1901.08
key_18,743.78
key_17,1276.98
key_8,8.04
key_16,2.26
key_0,7.22
key_10,429.88
key_17,1278.04
key_2,117.36
key_13,650.40
key_13,650.65
key_0,8.26
key_4,1905.40
key_8,10.59
key_1,642.34
key_0,10.01
key_17,1282.66
key_18,749.86
key_14,317.52
key_4,1909.72
key_2,123.40
key_10,436.60
key_4,1911.35
key_0,15.37
key_14,327.15
key_10,445.61
key_1,656.56
key_2,133.91
key_18,762.34
key_14,330.74
key_12,1924.57
key_7,32.19
key_10,454.45
key_11,11.47
key_1,677.62
key_17,1315.78
key_4,1942.96
key_19,51.68
key_19,53.09
key_15,1008.42
key_5,345.51
key_6,1008.95
key_17,1325.06
key_7,56.50
key_18,792.96
key_8,57.22
key_18,793.89
key_10,480.19
key_7,60.53
key_9,16.97
key_5,352.00
key_18,798.03
key_1,694.28
key_14,516.15
key_1,844.66
key_12,2106.88
key_9,169.81
key_1,947.68
key_9,272.03
key_9,272.03
key_6,1269.51
key_8,3.58
key_0,3.60
key_0,3.64
key_18,1055.35
key_11,4.86
key_9,275.77
key_8,1.60
key_19,320.97
key_3,962.78
key_12,2215.01
key_5,612.77
key_8,3.36
key_0,7.98
key_18,1058.92
key_9,278.96
key_18,1059.38
key_7,1.94
key_14,627.36
key_19,325.17
key_14,629.51
key_6,1295.01
key_0,54.84
key_15,1325.35
key_10,56.58
key_18,1107.68
key_14,675.40
key_15,1327.00
key_11,58.13
key_9,328.85
key_6,1326.71
key_4,2268.71
key_3,1015.15
key_1,1005.91
key_7,33.72
key_3,1169.43
key_19,528.37
key_9,484.65
key_6,1482.27
key_13,160.23
key_13,160.50
key_6,1482.94
key_2,637.96
key_18,1266.01
key_5,820.76
key_17,1799.77
key_18,1266.98
key_5,918.25
key_17,1898.10
key_11,4.42
key_13,262.01
key_15,1.70
key_6,1586.16
key_13,264.08
key_9,2.19
key_16,628.65
key_11,8.37
key_19,635.16
key_12,2528.55
key_18,4.52
key_0,4.86
key_11,9.33
key_12,2529.07
key_0,5.19
key_4,109.31
key_15,7.02
key_14,940.24
key_17,1905.89
key_10,322.51
key_10,322.51
key_8,318.71
key_13,269.05
key_0,7.42
key_18,7.82
key_11,12.26
key_1,9.85
key_18,8.48
key_15,10.30
key_18,8.56
key_19,640.02
key_4,113.42
key_3,1282.04
key_14,944.36
key_7,300.04
key_7,300.82
key_19,641.78
key_8,323.75
key_11,16.37
key_18,12.77
key_4,116.82
key_18,13.13
key_19,644.44
key_12,2538.43
key_9,14.41
key_19,645.90
key_12,2539.30
key_5,936.84
key_0,15.67
key_8,327.93
key_11,20.62
key_4,120.25
key_10,332.76
key_13,278.78
key_16,641.51
key_8,328.80
key_17,1917.15
key_17,1917.31
key_19,648.19
key_18,2.33
key_4,121.83
key_8,329.61
key_5,939.21
key_5,939.58
key_9,18.53
key_0,18.89
key_15,20.71
key_2,758.25
key_1,21.13
key_16,644.26
key_18,4.51
key_15,21.73
key_6,1604.41
key_17,1920.36
key_18,5.39
key_2,759.87
key_8,332.79
key_18,5.86
key_9,21.37
key_9,21.78
key_17,1948.96
key_6,1633.55
key_2,788.70
key_16,1.24
key_1,51.94
key_17,1950.38
key_17,1950.63
key_19,681.74
key_9,51.27
key_10,0.98
key_6,1794.56
key_9,211.21
key_2,950.49
key_9,213.64
key_9,213.64
key_14,4.82
key_2,953.24
key_4,318.84
key_4,318.89
key_14,5.88
key_13,477.30
key_11,220.06
key_2,954.82
key_1,227.82
key_11,231.73
key_9,227.40
key_18,212.79
key_16,179.53
key_0,228.77
key_18,213.47
key_0,229.17
key_1,230.88
key_1,231.15
key_14,20.08
key_5,1150.93
key_19,860.54
key_17,2129.91
key_14,20.76
key_17,2130.17
key_18,215.18
key_17,2130.60
key_14,21.61
key_1,232.98
key_14,22.14
key_3,1503.67
key_2,971.04
key_15,233.92
key_6,1816.67
key_12,2756.87
key_11,237.37
key_12,2757.36
key_10,24.13
key_18,310.47
key_0,325.86
key_12,5.23
key_11,330.69
key_1,328.36
key_19,7.20
key_9,326.75
key_1,328.81
key_5,1248.40
key_7,9.16
key_0,328.38
key_1,330.18
key_13,596.34
key_15,336.10
key_4,438.39
key_9,335.91
key_18,320.65
key_11,340.37
key_2,1075.10
key_4,439.88
key_7,17.80
key_4,440.96
key_12,16.34
key_3,1609.42
key_19,18.41
key_1,339.99
key_17,2238.53
key_0,9.39
key_11,343.78
key_16,291.61
key_0,10.80
key_4,445.26
key_9,358.19
key_12,226.45
key_18,531.89
key_15,549.30
key_1,549.37
key_7,228.83
key_4,652.07
key_18,533.03
key_14,228.90
key_4,652.78
key_2,1287.91
key_12,228.49
key_17,2544.38
key_6,318.80
key_10,435.99
key_2,1388.21
key_15,1.96
key_11,655.36
key_4,754.95
key_13,104.95
key_17,2.52
key_14,332.87
key_7,333.41
key_3,3.69
key_9,652.74
key_1,655.66
key_18,638.70
key_3,5.03
key_11,658.51
key_3,5.19
key_11,658.37
key_2,1394.37
key_5,325.74
key_0,325.62
key_12,334.94
key_19,109.25
key_6,330.09
key_4,762.13
key_13,111.83
key_8,14.99
key_7,339.20
key_11,662.73
key_4,763.65
key_6,334.35
key_17,11.00
key_6,334.42
key_4,764.39
key_7,343.99
key_15,14.17
key_18,647.92
key_15,14.22
key_6,337.47
key_1,665.01
key_3,14.71
key_14,344.10
key_13,117.31
key_15,14.81
key_18,648.59
key_17,14.95
key_0,334.29
key_3,15.35
key_11,668.76
key_1,666.68
key_0,334.97
key_4,3.29
key_0,335.63
key_10,16.79
key_16,16.62
key_4,3.45
key_18,651.31
key_8,23.39
key_15,17.75
key_15,17.81
key_12,346.28
key_1,669.22
key_17,18.37
key_17,18.40
key_16,18.34
key_4,5.18
key_14,348.24
key_11,672.24
key_13,121.59
key_8,24.75
key_19,121.67
key_15,19.38
key_10,19.65
key_7,349.42
key_6,342.95
key_4,6.40
key_8,25.68
key_0,339.01
key_15,20.06
key_19,122.68
key_2,1408.28
key_9,669.52
key_13,123.07
key_15,20.55
key_8,26.40
key_8,26.43
key_12,349.38
key_9,670.07
key_15,21.39
key_3,21.43
key_17,21.33
key_3,21.57
key_1,672.33
key_12,350.48
key_9,671.13
key_12,350.55
key_2,1410.18
key_14,351.75
key_6,345.65
key_4,9.33
key_1,673.56
key_9,671.83
key_2,1410.96
key_14,352.32
key_17,23.07
key_11,676.62
key_3,23.28
key_5,342.49
key_6,346.90
key_9,672.74
key_5,342.91
key_5,343.01
key_9,672.89
key_19,126.45
key_14,353.75
key_15,24.38
key_6,347.67
key_17,24.30
key_17,24.38
key_0,343.95
key_8,30.74
key_17,24.94
key_3,25.06
key_15,25.08
key_14,354.70
key_17,25.54
key_17,25.56
key_2,1413.81
key_6,348.99
key_7,355.70
key_12,354.53
key_0,345.15
key_5,345.44
key_19,128.68
key_5,345.48
key_5,345.74
key_2,1414.66
key_3,26.85
key_4,13.55
key_19,129.57
key_3,27.15
key_15,27.31
key_10,27.46
key_4,14.49
key_13,130.41
key_0,346.95
key_6,351.90
key_6,351.97
key_1,679.68
key_1,679.71
key_11,682.56
key_7,359.22
key_8,35.35
key_0,348.68
key_8,35.74
key_9,679.14
key_12,358.57
key_3,30.69
key_19,133.21
key_9,679.79
key_3,30.80
key_13,133.90
key_7,361.23
key_2,1419.60
key_11,685.46
key_4,18.80
key_19,134.67
key_0,351.44
key_9,681.49
key_18,666.51
key_10,33.04
key_12,361.38
key_9,682.39
key_9,682.43
key_3,33.41
key_4,20.47
key_10,33.96
key_19,136.38
key_12,362.70
key_13,136.84
key_2,1422.52
key_17,34.61
key_10,34.83
key_0,354.10
key_18,668.89
key_0,354.17
key_10,35.71
key_10,36.08
key_0,355.00
key_6,359.61
key_6,359.61
key_17,36.61
key_1,687.66
key_16,37.05
key_10,37.40
key_0,356.68
key_6,360.94
key_7,367.84
key_6,361.37
key_8,44.01
key_13,141.17
key_2,1426.82
key_4,25.75
key_16,39.18
key_0,358.66
key_1,690.67
key_12,368.59
key_17,40.40
key_10,213.51
key_4,200.70
key_16,308.56
key_4,307.53
key_3,321.58
key_5,643.30
key_17,328.39
key_3,329.26
key_4,316.47
key_2,11.81
key_14,676.69
key_8,357.23
key_4,4.34
key_2,31.75
key_0,5.04
key_7,7.00
key_19,456.88
key_1,1005.10
key_3,355.68
key_12,684.11
key_16,355.53
key_17,358.17
key_13,460.86
key_10,358.44
key_3,359.82
key_2,39.97
key_7,12.60
key_5,679.52
key_14,689.73
key_13,462.92
key_9,1012.62
key_1,1014.35
key_11,153.84
key_8,371.98
key_16,366.86
key_8,373.35
key_6,691.43
key_1,1019.88
key_4,26.56
key_14,704.23
key_14,705.60
key_8,382.63
key_17,377.73
key_17,378.73
key_1,1030.38
key_13,482.56
key_7,33.20
key_13,486.71
key_2,210.16
key_15,1.09
key_15,2.02
key_2,214.72
key_10,536.75
key_13,640.71
key_6,941.61
key_9,1268.20
key_16,620.47
key_2,301.76
key_14,952.67
key_18,277.32
key_6,948.39
key_11,96.13
key_19,728.17
key_3,626.16
key_0,278.99
key_13,729.63
key_5,946.51
key_12,956.04
key_8,633.77
key_8,634.02
key_19,731.31
key_3,629.30
key_17,630.35
key_9,1280.05
key_5,950.42
key_2,311.66
key_16,631.60
key_6,955.46
key_18,285.17
key_5,952.09
key_13,735.74
key_14,962.95
key_0,286.30
key_6,958.25
key_5,954.21
key_3,637.06
key_18,289.66
key_17,637.81
key_10,20.57
key_6,961.96
key_12,967.18
key_13,741.69
key_13,741.71
key_1,1290.15
key_16,639.26
key_3,639.77
key_19,743.30
key_12,970.44
key_6,966.43
key_18,0.42
key_0,309.55
key_14,987.16
key_5,977.36
key_11,27.90
key_13,761.20
key_14,988.10
key_16,659.97
key_4,312.90
key_1,1311.23
key_17,660.42
key_10,43.35
key_14,990.19
key_18,5.83
key_10,43.70
key_14,990.79
key_8,667.51
key_15,132.76
key_3,662.44
key_2,4.67
key_10,45.65
key_14,992.52
key_8,669.05
key_19,766.15
key_8,669.62
key_18,9.09
key_6,987.57
key_18,9.66
key_19,767.33
key_12,7.17
key_9,1314.26
key_4,318.28
key_17,665.45
key_17,665.79
key_8,671.90
key_2,8.41
key_7,319.49
key_17,666.91
key_15,138.14
key_14,997.26
key_17,668.19
key_3,668.63
key_14,998.28
key_7,321.89
key_7,322.34
key_11,39.47
key_14,999.60
key_3,670.57
key_1,1321.80
key_16,671.02
key_2,13.37
key_15,142.45
key_18,16.79
key_4,324.94
key_11,42.02
key_16,672.56
key_3,673.01
key_3,673.23
key_17,673.33
key_4,326.48
key_6,997.24
key_0,326.47
key_15,145.30
key_8,6.89
key_4,327.63
key_3,675.14
key_12,17.30
key_15,146.41
key_16,675.68
key_5,995.31
key_13,778.93
key_10,59.24
key_6,1014.07
key_18,36.28
key_19,1.91
key_18,37.48
key_4,345.83
key_16,693.67
key_16,694.69
key_8,27.58
key_17,697.08
key_19,7.75
key_13,801.16
key_6,1022.14
key_4,351.91
key_16,699.67
key_19,10.07
key_6,1024.33
key_14,1030.88
key_1,1352.51
key_18,46.91
key_7,355.06
key_14,1032.32
key_18,48.55
key_0,359.48
key_8,39.94
key_6,1031.75
key_0,492.95
key_9,1490.37
key_12,185.11
key_6,1166.82
key_9,1493.96
key_13,948.49
key_15,316.74
key_1,1497.65
key_18,2.00
key_14,1176.81
key_8,7.40
key_18,3.04
key_0,500.52
key_11,218.46
key_1,1500.06
key_5,1168.87
key_11,219.53
key_14,1179.73
key_5,1169.97
key_10,233.74
key_10,234.02
key_19,161.48
key_13,954.63
key_0,597.88
key_7,599.07
key_7,599.63
key_15,418.17
key_19,257.52
key_13,1050.45
key_19,257.96
key_0,600.48
key_3,948.74
key_7,601.46
key_7,601.83
key_16,948.93
key_14,1279.01
key_15,420.42
key_16,949.77
key_2,291.91
key_6,1273.62
key_1,1601.15
key_5,1270.00
key_6,1274.07
key_14,1280.58
key_4,603.94
key_3,951.66
key_2,293.62
key_9,1601.32
key_3,952.90
key_0,605.19
key_11,322.97
key_13,1056.09
key_8,9.22
key_8,9.26
key_9,1603.56
key_4,615.94
key_10,346.23
key_9,1618.46
key_12,311.73
key_2,1.25
key_12,312.48
key_6,1294.21
key_19,281.05
key_17,971.60
key_18,24.60
key_10,355.10
key_0,0.65
key_1,1623.76
key_1,1624.23
key_6,1297.38
key_10,357.00
key_13,1077.33
key_2,5.97
key_3,975.53
key_14,1305.56
key_15,447.12
key_14,1306.02
key_15,447.61
key_1,1627.84
key_6,1300.50
key_3,977.69
key_2,8.80
key_18,30.66
key_19,288.37
key_2,10.33
key_14,1309.29
key_17,980.35
key_8,36.32
key_16,981.45
key_12,323.59
key_6,1305.36
key_4,634.86
key_10,365.25
key_8,37.89
key_9,1632.17
key_9,1632.70
key_1,1634.90
key_7,8.84
key_5,23.44
key_2,4.51
key_18,38.66
key_9,1662.21
key_19,323.35
key_17,1.50
key_16,1014.43
key_3,1015.10
key_6,1338.81
key_16,1015.84
key_6,1483.64
key_14,1489.81
key_19,470.91
key_11,530.72
key_1,1812.61
key_0,190.00
key_9,1811.52
key_8,3.95
key_6,1486.51
key_5,202.11
key_18,216.65
key_13,1267.19
key_5,204.03
key_19,476.08
key_6,1490.19
key_7,191.55
key_8,8.93
key_0,196.39
key_1,1819.76
key_6,1492.95
key_9,1819.09
key_5,208.98
key_1,1822.02
key_10,554.36
key_10,554.73
key_16,1173.91
key_10,557.15
key_16,1174.70
key_2,105.27
key_12,607.01
key_1,1926.07
key_14,1605.88
key_8,118.56
key_7,301.75
key_6,1601.70
key_3,1278.51
key_11,648.81
key_9,1928.32
key_7,304.62
key_9,1929.46
key_6,1604.55
key_14,1610.75
key_5,320.18
key_12,623.80
key_14,1611.65
key_0,310.37
key_13,2.04
key_14,1612.37
key_16,1283.18
key_0,311.49
key_0,311.95
key_7,308.36
key_6,1607.43
key_7,308.67
key_0,312.59
key_7,309.04
key_0,312.96
key_18,337.69
key_8,1.45
key_1,10.06
key_11,655.18
key_13,5.04
key_6,1609.33
key_16,1286.05
key_6,1609.65
key_16,1286.48
key_7,311.07
key_0,316.48
key_4,947.99
key_7,321.15
key_6,1620.38
key_2,139.28
key_12,640.40
key_10,35.56
key_0,327.52
key_19,609.06
key_6,1622.69
key_4,953.05
key_11,5.36
key_6,1623.69
key_1,27.26
key_6,1625.86
key_19,612.33
key_5,15.93
key_5,15.93
key_1,28.33
key_11,8.66
key_5,16.73
key_4,956.74
key_13,23.46
key_6,1627.59
key_17,292.15
key_15,41.27
key_1,29.70
key_14,1634.69
key_4,958.26
key_11,10.76
key_10,42.56
key_14,1635.66
key_8,24.21
key_9,1957.25
key_1,33.23
key_5,34.22
key_3,1321.83
key_9,1.00
key_0,501.35
key_11,178.69
key_9,3.94
key_5,194.09
key_16,1482.20
key_8,199.33
key_6,1806.76
key_5,300.54
key_4,1241.55
key_13,308.05
key_2,1.48
key_4,1242.47
key_4,1243.15
key_9,117.95
key_11,295.88
key_18,19.06
key_15,328.09
key_14,1921.47
key_0,622.19
key_12,936.36
key_10,331.30
key_1,114.45
key_0,623.82
key_18,24.17
key_17,584.54
key_13,316.63
key_3,1597.80
key_10,334.55
key_17,585.70
key_11,303.82
key_19,908.86
key_11,309.48
key_0,632.99
key_13,324.28
key_11,310.45
key_17,593.15
key_13,325.14
key_0,634.65
key_0,635.07
key_11,312.41
key_9,138.47
key_2,23.41
key_8,1.70
key_4,1265.24
key_19,922.66
key_9,140.83
key_6,9.78
key_16,1613.96
key_14,1943.82
key_8,4.58
key_18,4.89
key_15,352.10
key_19,925.62
key_19,925.87
key_2,28.20
key_9,144.24
key_19,926.77
key_7,641.61
key_18,7.34
key_14,1947.35
key_2,29.97
key_5,331.14
key_5,331.39
key_6,15.09
key_12,961.18
key_19,929.24
key_1,139.24
key_12,0.44
key_17,608.14
key_4,1273.89
key_1,140.78
key_10,358.25
key_13,341.15
key_7,646.61
key_13,341.83
key_0,651.08
key_8,12.87
key_3,1623.55
key_5,336.50
key_0,652.12
key_1,143.59
key_16,1624.33
key_2,36.54
key_9,152.53
key_13,344.40
key_5,338.46
key_15,362.54
key_11,331.26
key_7,650.84
key_18,17.04
key_11,332.38
key_10,364.45
key_15,364.45
key_7,652.46
key_4,1281.02
key_1,147.93
key_3,1628.75
key_19,938.59
key_11,334.03
key_1,148.47
key_16,1629.13
key_11,334.47
key_19,939.38
key_18,19.42
key_9,157.44
key_12,10.34
key_0,658.48
key_6,3.94
key_17,618.36
key_19,940.89
key_12,11.65
key_1,150.95
key_13,350.96
key_14,1961.50
key_7,808.82
key_19,1098.58
key_14,2119.10
key_7,814.44
key_3,1793.23
key_17,781.64
key_8,184.55
key_5,508.07
key_10,532.45
key_8,186.07
key_1,316.19
key_8,186.90
key_0,13.86
key_5,510.69
key_15,534.79
key_19,1198.73
key_18,279.38
key_9,417.80
key_5,603.87
key_9,419.73
key_15,629.53
key_9,421.14
key_3,1894.28
key_19,1206.18
key_14,2226.20
key_2,9.11
key_15,633.87
key_0,113.84
key_10,2.00
key_12,278.48
key_8,288.24
key_14,2228.26
key_9,426.66
key_19,1210.86
key_2,13.57
key_7,927.63
key_0,119.74
key_8,293.44
key_15,640.67
key_1,423.57
key_19,1214.32
key_15,641.26
key_12,285.30
key_0,121.46
key_17,892.90
key_14,2235.13
key_4,1558.81
key_5,3.40
key_9,434.28
key_9,434.62
key_15,649.92
key_2,28.88
key_0,133.41
key_5,1.25
key_5,1.56
key_14,2247.72
key_17,906.04
key_7,943.15
key_0,135.49
key_13,131.51
key_16,1919.77
key_4,1572.99
key_4,1573.33
key_16,1920.70
key_3,1923.31
key_14,2253.01
key_12,304.16
key_11,629.20
key_12,306.08
key_8,315.77
key_17,913.87
key_15,663.28
key_8,316.69
key_19,1245.05
key_3,1935.36
key_1,455.13
key_2,48.17
key_4,1589.28
key_9,465.51
key_13,150.18
key_7,962.89
key_5,16.09
key_6,4.50
key_4,1592.44
key_15,676.54
key_4,1593.07
key_2,52.76
key_0,157.28
key_11,646.39
key_6,6.87
key_17,7.19
key_11,647.36
key_4,1595.43
key_0,159.25
key_16,1943.18
key_19,1253.41
key_2,204.00
key_19,1414.98
key_1,625.85
key_12,488.85
key_19,1421.49
key_13,324.66
key_17,178.60
key_5,191.06
key_3,2114.65
key_4,1767.91
key_13,330.17
key_6,184.24
key_4,1772.49
key_14,2449.97
key_13,335.38
key_13,417.65
key_4,1868.82
key_9,744.48
key_10,321.76
key_15,954.87
key_10,323.28
key_1,739.48
key_19,1530.69
key_17,286.92
key_19,1531.58
key_18,309.44
key_8,612.14
key_17,288.20
key_11,928.12
key_14,2553.15
key_19,1533.54
key_7,9.28
key_8,614.15
key_15,4.19
key_15,4.25
key_6,291.08
key_19,1535.71
key_9,753.52
key_4,1879.41
key_14,2556.09
key_6,292.42
key_18,314.24
key_15,7.01
key_14,2558.17
key_6,294.43
key_17,294.99
key_19,1540.15
key_8,620.62
key_12,611.78
key_4,1884.82
key_15,11.52
key_14,2562.55
key_8,623.28
key_9,761.69
key_15,13.78
key_0,21.33
key_9,763.12
key_18,323.10
key_9,764.20
key_4,1889.91
key_8,627.43
key_12,621.20
key_13,6.39
key_3,2242.03
key_16,2242.34
key_11,947.98
key_18,4.60
key_9,772.91
key_16,2245.69
key_3,2246.36
key_3,2246.97
key_16,2247.27
key_4,1900.83
key_1,768.05
key_3,2249.22
key_5,326.73
key_10,354.14
key_15,2.58
key_11,955.97
key_7,26.57
key_2,147.99
key_11,957.27
key_10,356.77
key_12,633.40
key_11,958.60
key_3,2400.90
key_5,478.80
key_13,201.85
key_7,212.75
key_19,39.18
key_11,1144.83
key_3,2518.53
key_9,1049.78
key_13,1.52
key_17,588.91
key_15,276.62
key_19,125.65
key_3,2525.83
key_0,312.24
key_14,2856.47
key_13,6.29
key_3,2528.30
key_9,1056.42
key_19,129.94
key_7,305.20
key_19,131.14
key_6,596.38
key_15,287.53
key_12,916.29
key_6,601.78
key_17,604.73
key_15,292.29
key_17,610.95
key_15,298.72
key_1,12.55
key_5,624.44
key_7,323.16
key_2,114.60
key_11,1253.68
key_0,335.13
key_7,325.01
key_8,940.11
key_0,336.65
key_6,616.31
key_18,16.54
key_4,34.43
key_11,1257.05
key_17,617.75
key_7,327.70
key_16,2552.90
key_19,8.52
key_10,658.19
key_8,944.29
key_0,341.10
key_1,21.02
key_2,122.78
key_9,1084.37
key_0,343.20
key_9,1085.99
key_2,125.46
key_7,334.46
key_2,126.42
key_8,949.93
key_17,625.86
key_6,626.30
key_9,1089.12
key_7,337.12
key_15,314.60
key_6,628.06
key_4,45.93
key_10,667.92
key_2,277.31
key_19,170.64
key_10,820.70
key_11,1422.43
key_13,171.33
key_14,167.23
key_17,784.60
key_17,786.12
key_0,508.20
key_11,1428.02
key_14,172.00
key_3,2724.29
key_0,510.76
key_10,829.46
key_9,121.56
key_10,935.70
key_6,897.51
key_15,585.15
key_12,1213.90
key_10,938.49
key_8,85.92
key_18,301.17
key_15,588.69
key_12,0.09
key_7,613.26
key_6,903.97
key_15,591.76
key_1,304.88
key_2,406.74
key_1,305.47
key_5,283.02
key_18,309.26
key_7,619.20
key_11,5.55
key_18,309.94
key_2,411.64
key_6,910.33
key_11,6.61
key_13,299.03
key_14,294.55
key_19,19.83
key_19,20.27
key_2,414.05
key_7,623.18
key_15,600.80
key_13,302.37
key_0,635.58
key_6,915.36
key_3,2850.77
key_6,918.20
key_15,605.66
key_18,319.27
key_10,960.16
key_19,30.28
key_18,323.47
key_2,425.49
key_12,15.65
key_4,341.58
key_9,1.37
key_5,301.76
key_10,963.75
key_14,308.47
key_4,342.72
key_3,2860.80
key_17,925.96
key_1,326.43
key_14,309.81
key_4,344.10
key_11,22.97
key_13,315.23
key_10,966.23
key_4,344.75
key_9,4.49
key_10,966.85
key_5,304.86
key_6,928.48
key_10,967.43
key_11,24.33
key_15,616.08
key_18,329.25
key_1,329.22
key_9,6.22
key_16,3.30
key_9,6.29
key_12,21.69
key_2,431.59
key_16,3.89
key_16,4.39
key_0,7.42
key_17,930.74
key_9,7.75
key_10,970.09
key_1,331.42
key_19,39.97
key_18,331.97
key_17,932.24
key_4,349.80
key_12,24.29
key_4,350.61
key_9,10.23
key_5,311.71
key_1,335.00
key_13,324.50
key_19,44.78
key_0,13.74
key_9,13.90
key_8,123.18
key_7,647.92
key_17,938.05
key_1,338.61
key_8,124.29
key_14,322.25
key_9,18.67
key_8,128.54
key_2,444.97
key_19,52.52
key_3,11.00
key_12,37.11
key_15,632.94
key_7,656.33
key_8,132.53
key_1,348.42
key_19,57.00
key_5,326.09
key_5,326.50
key_13,337.97
key_7,660.22
key_15,637.62
key_13,339.07
key_3,187.85
key_6,1123.00
key_10,1162.85
key_15,813.62
key_5,27.94
key_1,527.89
key_15,816.79
key_0,207.03
key_7,9.97
key_11,227.20
key_11,227.88
key_6,1132.87
key_3,199.53
key_11,230.09
key_6,1135.10
key_19,243.78
key_4,553.42
key_18,536.52
key_3,202.74
key_9,213.93
key_18,537.86
key_10,1177.01
key_3,204.27
key_18,538.97
key_11,235.29
key_16,213.85
key_14,523.94
key_9,217.80
key_16,215.29
key_10,1180.97
key_7,21.52
key_1,542.98
key_16,216.88
key_5,44.21
key_5,44.60
key_15,831.21
key_17,1144.55
key_16,218.52
key_7,24.32
key_11,241.33
key_15,832.90
key_6,1146.40
key_10,1185.87
key_2,648.72
key_1,611.16
key_13,599.22
key_0,288.54
key_1,612.48
key_11,308.99
key_8,3.67
key_14,597.63
key_4,632.47
key_0,292.31
key_0,292.88
key_0,293.46
key_18,618.92
key_6,1219.44
key_4,636.86
key_19,328.29
key_12,311.65
key_3,286.67
key_10,1259.78
key_0,298.13
key_14,604.69
key_14,605.32
key_7,101.24
key_10,1261.80
key_13,611.46
key_16,297.61
key_1,624.52
key_19,333.12
key_6,1225.38
key_19,333.99
key_1,626.30
key_1,626.83
key_5,127.94
key_18,627.82
key_14,614.23
key_4,648.90
key_13,620.01
key_10,1271.33
key_8,0.62
key_15,923.31
key_5,6.68
key_1,637.67
key_11,19.95
key_18,638.70
key_1,639.13
key_9,316.12
key_7,119.08
key_0,317.14
key_3,4.29
key_17,1255.20
key_2,214.72
key_18,4.58
key_11,211.19
key_12,522.04
key_9,509.80
key_17,1434.14
key_9,511.68
key_1,836.00
key_13,824.47
key_4,1.86
key_15,279.91
key_6,1534.92
key_10,1577.01
key_11,320.22
key_18,116.36
key_5,308.47
key_4,7.55
key_12,630.93
key_2,329.65
key_9,616.96
key_19,3.58
key_11,323.72
key_17,1542.66
key_9,619.30
key_18,121.28
key_18,121.29
key_9,620.93
key_7,424.60
key_2,336.05
key_5,316.46
key_2,336.95
key_5,317.24
key_16,622.04
key_7,427.50
key_11,2.72
key_9,625.99
key_1,949.97
key_3,94.10
key_5,320.24
key_17,1551.17
key_16,625.12
key_3,95.22
key_13,940.09
key_12,643.71
key_17,1552.51
key_19,15.28
key_7,432.14
key_9,629.98
key_18,16.45
key_8,327.42
key_4,31.30
key_3,107.08
key_18,19.77
key_14,30.42
key_9,641.64
key_9,642.07
key_1,966.04
key_5,336.00
key_3,110.45
key_3,110.89
key_1,968.01
key_2,8.24
key_1,968.96
key_8,334.16
key_19,32.34
key_15,315.71
key_4,39.03
key_7,450.35
key_15,317.05
key_13,960.17
key_19,34.99
key_15,318.28
key_3,116.83
key_14,39.65
key_13,962.27
key_8,339.50
key_6,33.19
key_5,345.17
key_10,1614.90
key_16,836.70
key_15,508.70
key_15,509.06
key_12,855.61
key_5,533.98
key_18,220.46
key_9,841.69
key_14,231.28
key_2,205.61
key_9,842.68
key_19,228.78
key_13,1154.67
key_9,843.54
key_17,1767.22
key_13,1156.09
key_19,313.74
key_9,927.92
key_0,1.29
key_14,317.20
key_8,616.09
key_16,3.01
key_18,308.64
key_0,3.63
key_1,1254.38
key_15,599.62
key_9,931.39
key_14,320.66
key_6,313.21
key_1,1255.48
key_11,93.39
key_5,625.83
key_14,323.30
key_2,8.11
key_2,8.52
key_10,8.71
key_12,952.18
key_12,952.48
key_4,329.45
key_4,329.70
key_1,1261.95
key_6,320.21
key_2,12.42
key_4,331.05
key_6,321.25
key_19,325.90
key_6,321.93
key_4,332.33
key_13,6.21
key_8,629.45
key_18,320.60
key_0,15.13
key_3,408.97
key_7,117.68
key_9,942.61
key_7,118.16
key_5,636.07
key_0,16.80
key_6,325.29
key_3,410.94
key_4,336.01
key_1,1268.23
key_17,11.35
key_14,334.65
key_10,19.04
key_16,19.36
key_1,1285.75
key_19,348.43
key_2,37.54
key_13,29.66
key_17,31.03
key_3,431.88
key_14,354.57
key_0,38.92
key_11,126.75
key_4,357.63
key_12,981.27
key_8,654.78
key_17,33.14
key_11,128.01
key_8,655.51
key_10,40.98
key_0,41.16
key_19,353.85
key_3,435.16
key_1,1291.98
key_15,637.47
key_5,661.97
key_13,34.63
key_0,43.02
key_5,662.86
key_2,43.55
key_11,131.37
key_4,362.25
key_4,362.48
key_3,438.03
key_3,438.35
key_8,659.89
key_14,361.23
key_4,363.75
key_9,972.44
key_2,46.10
key_14,362.17
key_15,641.83
key_1,1464.75
key_3,608.98
key_1,1466.28
key_4,536.32
key_12,1160.08
key_13,210.68
key_1,1469.19
key_4,537.62
key_4,538.12
key_19,533.43
key_15,816.76
key_5,841.53
key_13,214.08
key_2,222.74
key_13,217.55
key_9,1254.97
key_4,646.54
key_11,415.94
key_19,640.80
key_2,328.65
key_4,647.21
key_1,1.30
key_13,320.91
key_18,293.75
key_17,1.31
key_6,117.73
key_7,431.31
key_3,1.80
key_7,431.42
key_0,329.66
key_16,329.96
key_8,944.66
key_4,648.15
key_0,330.14
key_16,330.25
key_7,432.19
key_2,330.48
key_17,2.65
key_17,2.71
key_14,646.65
key_11,418.33
key_6,121.01
key_9,1259.18
key_5,108.85
key_7,434.81
key_12,5.33
key_0,333.39
key_16,333.89
key_2,334.20
key_18,299.01
key_15,6.66
key_16,334.71
key_15,7.04
key_8,949.82
key_2,335.23
key_9,1262.00
key_16,335.61
key_0,335.78
key_2,336.09
key_14,652.04
key_8,951.21
key_14,652.69
key_14,652.69
key_8,951.91
key_13,328.97
key_18,302.18
key_12,10.16
key_0,338.26
key_3,10.89
key_11,426.48
key_11,426.76
key_2,339.55
key_5,115.81
key_2,340.14
key_2,340.43
key_5,116.83
key_8,955.93
key_3,13.77
key_5,117.75
key_5,118.02
key_14,658.18
key_10,14.86
key_15,15.01
key_14,658.98
key_5,127.41
key_5,127.74
key_11,439.63
key_13,344.18
key_16,352.75
key_0,352.93
key_14,203.00
key_16,554.18
key_17,227.32
key_7,657.08
key_0,555.99
key_12,228.73
key_9,1576.24
key_19,962.10
key_6,1.93
key_8,2.00
key_0,649.78
key_8,3.02
key_2,650.87
key_8,3.88
key_8,3.92
key_10,323.95
key_7,753.61
key_12,5.20
key_2,652.97
key_9,1579.74
key_17,5.44
key_14,302.44
key_6,7.42
key_7,757.28
key_12,9.04
key_19,970.34
key_14,307.99
key_0,662.36
key_16,663.03
key_2,663.57
key_18,835.86
key_3,223.38
key_12,215.49
key_11,224.53
key_14,521.95
key_19,1186.15
key_0,874.43
key_14,524.23
key_15,548.33
key_7,979.26
key_11,230.27
key_2,878.90
key_7,981.45
key_16,880.27
key_9,1807.67
key_11,234.03
key_14,531.35
key_14,625.48
key_16,976.79
key_10,649.03
key_12,319.96
key_7,3.90
key_7,4.49
key_1,4.55
key_4,4.95
key_1,1.27
key_19,5.82
key_2,979.34
key_13,5.55
key_17,2.45
key_19,6.47
key_18,944.84
key_15,652.35
key_6,332.49
key_4,6.59
key_16,980.48
key_0,980.73
key_0,980.76
key_8,111.75
key_19,7.95
key_9,7.74
key_12,325.08
key_8,112.24
key_0,982.31
key_2,982.44
key_15,654.58
key_12,325.91
key_13,9.16
key_8,113.55
key_13,9.45
key_3,335.57
key_7,9.93
key_2,983.53
key_7,10.49
key_18,948.68
key_2,984.10
key_12,327.69
key_7,11.51
key_17,7.65
key_7,11.65
key_12,328.73
key_5,761.65
key_18,950.36
key_15,658.15
key_19,12.54
key_5,762.18
key_9,13.08
key_4,13.13
key_16,987.30
key_10,659.64
key_17,10.10
key_17,10.35
key_7,14.50
key_19,14.87
key_8,118.81
key_3,340.98
key_9,15.14
key_2,989.23
key_14,638.29
key_0,989.56
key_6,342.05
key_9,16.24
key_5,766.16
key_17,12.87
key_4,16.88
key_4,17.22
key_9,17.26
key_9,17.52
key_12,334.77
key_9,18.22
key_14,641.19
key_8,122.98
key_10,665.22
key_7,216.90
key_14,5.11
key_10,869.52
key_9,226.26
key_16,1200.28
key_3,552.92
key_8,331.40
key_5,977.36
key_7,228.28
key_10,877.91
key_17,228.12
key_5,983.37
key_17,229.90
key_1,230.88
key_10,882.93
key_16,1212.99
key_18,1179.28
key_3,568.35
key_9,243.72
key_18,1183.18
key_8,354.63
key_5,1002.05
key_8,357.79
key_1,250.80
key_2,1289.81
key_5,1065.77
key_5,1068.84
key_17,4.51
key_12,106.28
key_8,425.46
key_2,1295.30
key_0,1295.51
key_18,1266.01
key_14,13.16
key_7,4.58
key_14,15.70
key_3,656.37
key_0,1304.36
key_1,326.41
key_8,7.41
key_6,656.78
key_12,121.95
key_1,330.76
key_7,11.71
key_19,335.43
key_17,20.48
key_16,1311.68
key_5,1087.59
key_18,1276.59
key_8,15.02
key_3,664.35
key_8,15.15
key_2,13.35
key_4,341.33
key_18,1279.74
key_5,1091.07
key_0,1315.55
key_4,341.93
key_1,337.91
key_9,25.96
key_9,26.19
key_7,19.10
key_1,338.25
key_7,20.09
key_9,27.99
key_14,29.70
key_19,7.93
key_13,346.39
key_19,9.86
key_18,1284.89
key_18,1285.14
key_17,35.49
key_15,12.15
key_2,22.50
key_11,676.45
key_14,41.45
key_10,1002.29
key_15,22.09
key_3,698.63
key_6,700.31
key_6,702.53
key_10,1025.30
key_14,66.25
key_0,1355.33
key_3,709.11
key_11,709.20
key_14,69.86
key_12,174.09
key_17,73.03
key_11,714.32
key_4,388.67
key_17,0.77
key_13,560.81
key_7,17.01
key_5,1311.51
key_9,246.04
key_13,562.79
key_0,1539.18
key_13,651.38
key_7,107.16
key_4,2.04
key_17,92.86
key_7,109.06
key_6,979.39
key_9,337.88
key_19,317.55
key_5,1404.28
key_19,318.05
key_1,650.45
key_18,1593.67
key_7,111.01
key_10,1301.45
key_17,96.39
key_15,318.21
key_7,112.36
key_19,320.32
key_3,0.26
key_12,445.54
key_5,1408.88
key_6,985.59
key_16,10.03
key_6,986.71
key_14,346.61
key_19,325.19
key_6,988.86
key_10,1308.92
key_12,450.32
key_7,119.33
key_12,450.72
key_12,451.15
key_16,14.07
key_6,990.54
key_2,337.06
key_6,991.05
key_16,15.24
key_14,350.93
key_11,5.11
key_11,5.41
key_1,662.22
key_15,328.60
key_16,17.12
key_4,17.22
key_15,338.58
key_0,23.62
key_16,27.72
key_1,674.05
key_2,350.83
key_16,29.21
key_0,35.72
key_8,366.76
key_18,1631.71
key_12,480.90
key_17,134.95
key_9,378.87
key_7,7.29
key_17,136.63
key_4,4.12
key_0,43.48
key_8,374.35
key_14,383.53
key_12,485.70
key_9,382.93
key_6,1025.68
key_7,167.14
key_5,1605.97
key_12,644.44
key_7,170.98
key_12,649.15
key_19,527.04
key_10,1518.20
key_3,197.05
key_4,3.16
key_16,224.48
key_11,214.73
key_12,663.53
key_7,188.95
key_19,541.35
key_5,1628.36
key_1,962.08
key_3,290.22
key_17,407.78
key_2,639.45
key_4,97.67
key_1,964.32
key_17,408.99
key_18,114.89
key_1,965.66
key_16,320.41
key_5,1720.44
key_3,295.02
key_12,758.54
key_2,643.84
key_14,7.59
key_2,0.72
key_0,320.35
key_7,9.28
key_14,9.29
key_8,2.32
key_1,971.09
key_0,321.98
key_5,1725.51
key_0,322.07
key_1,971.61
key_4,105.91
key_3,300.61
key_14,11.52
key_14,12.43
key_19,641.09
key_4,107.56
key_14,13.15
key_6,1305.03
key_16,328.93
key_7,14.72
key_1,975.35
key_3,304.10
key_0,326.55
key_5,1730.52
key_12,767.84
key_8,8.45
key_3,305.28
key_17,422.30
key_19,645.31
key_4,111.57
key_17,423.11
key_18,128.59
key_15,18.01
key_1,980.06
key_5,1734.36
key_3,308.96
key_19,1.52
key_7,20.92
key_16,335.79
key_9,669.67
key_19,3.08
key_13,987.10
key_11,327.29
key_19,4.30
key_0,334.92
key_0,335.48
key_0,335.87
key_3,313.94
key_10,1636.48
key_11,334.87
key_11,515.08
key_18,321.56
key_4,306.40
key_14,214.52
key_9,865.43
key_4,311.75
key_5,1932.99
key_2,211.71
key_3,508.52
key_2,212.44
key_2,213.18
key_11,524.82
key_9,870.75
key_1,1184.32
key_17,630.48
key_1,1185.83
key_10,1837.00
key_7,17.87
key_15,188.51
key_9,877.00
key_16,198.61
key_0,540.42
key_12,981.65
key_18,340.46
key_11,535.04
key_17,725.81
key_14,101.39
key_5,2036.13
key_15,282.22
key_16,292.52
key_16,293.37
key_2,316.90
key_3,613.65
key_14,106.59
key_9,975.00
key_11,631.31
key_0,639.18
key_13,10.63
key_13,11.87
key_8,322.66
key_1,1291.31
key_18,2.25
key_3,620.49
key_7,123.61
key_12,4.50
key_5,5.53
key_18,5.17
key_17,740.89
key_19,317.50
key_11,640.53
key_0,648.00
key_18,7.66
key_16,307.30
key_15,298.46
key_11,642.50
key_4,19.92
key_13,20.19
key_1,1299.90
key_3,628.35
key_10,1950.86
key_11,644.79
key_12,11.29
key_2,333.70
key_15,301.79
key_7,132.55
key_19,322.97
key_10,1953.79
key_9,7.32
key_9,7.87
key_15,0.51
key_12,14.79
key_8,336.57
key_8,336.61
key_1,1305.77
key_1,1305.77
key_16,315.03
key_2,338.38
key_5,17.50
key_0,657.48
key_17,752.07
key_12,18.00
key_13,29.05
key_9,12.54
key_10,1959.45
key_0,846.84
key_0,848.61
key_15,196.18
key_9,4.63
key_17,945.58
key_2,533.60
key_12,211.82
key_19,522.79
key_19,522.92
key_8,534.29
key_18,212.85
key_11,9.84
key_1,1503.60
key_5,215.44
key_9,8.08
key_6,224.99
key_19,525.48
key_14,325.61
key_18,215.25
key_10,2156.21
key_14,326.19
key_18,216.28
key_13,227.18
key_15,203.06
key_14,327.56
key_7,338.48
key_17,953.88
key_1,1509.79
key_11,16.59
key_13,231.54
key_5,222.40
key_10,2162.32
key_19,533.47
key_0,863.93
key_0,864.45
key_9,18.09
key_4,235.64
key_8,546.72
key_6,235.94
key_6,236.42
key_10,2167.28
key_2,549.57
key_18,227.88
key_16,527.59
key_13,239.68
key_1,1596.02
key_13,317.81
key_18,307.92
key_0,952.01
key_5,312.63
key_9,0.86
key_14,422.64
key_9,1.48
key_16,6.74
key_5,314.71
key_13,325.06
key_19,625.83
key_14,425.48
key_9,5.06
key_8,10.14
key_18,321.04
key_13,332.56
key_12,322.60
key_10,2262.77
key_9,12.35
key_7,443.56
key_13,334.70
key_16,17.99
key_8,14.41
key_11,0.78
key_13,336.34
key_8,15.24
key_15,312.37
key_11,2.24
key_17,1061.78
key_9,16.21
key_19,638.33
key_17,1262.60
key_17,1263.34
key_18,534.13
key_17,1269.57
key_11,211.17
key_11,211.80
key_0,1177.17
key_18,537.04
key_0,1178.42
key_19,849.12
key_3,1157.16
key_15,527.96
key_1,222.51
key_7,16.21
key_13,10.46
key_7,17.43
key_19,855.65
key_17,1280.20
key_13,12.59
key_19,857.18
key_6,557.14
key_18,547.37
key_12,548.14
key_9,237.61
key_7,21.93
key_2,947.47
key_18,625.38
key_0,1266.07
key_6,1.54
key_15,3.06
key_5,309.42
key_15,6.15
key_3,1248.25
key_12,630.34
key_14,2.00
key_8,320.82
key_19,941.92
key_12,631.52
key_6,7.34
key_2,954.45
key_16,326.22
key_19,943.12
key_1,312.44
key_4,323.07
key_11,309.39
key_6,9.62
key_19,944.30
key_5,313.83
key_19,946.18
key_2,957.72
key_9,327.53
key_17,1373.26
key_11,314.41
key_14,10.55
key_5,320.83
key_0,1281.55
key_10,2581.44
key_16,335.24
key_3,1268.83
key_13,18.30
key_4,340.26
key_8,340.33
key_1,331.73
key_2,974.89
key_9,342.03
key_15,29.30
key_7,126.86
key_4,343.43
key_1,334.35
key_12,654.66
key_18,22.25
key_2,977.45
key_5,335.56
key_11,331.27
key_18,23.52
key_18,23.70
key_17,1391.19
key_3,1275.05
key_14,28.82
key_17,1391.69
key_6,33.65
key_18,25.16
key_13,25.35
key_7,131.34
key_3,1276.81
key_3,1276.88
key_0,1300.31
key_0,1300.31
key_7,132.76
key_1,340.47
key_12,660.63
key_9,349.58
key_16,354.90
key_13,28.73
key_11,336.96
key_11,337.57
key_18,29.30
key_16,355.61
key_15,38.36
key_13,29.95
key_16,356.20
key_7,135.82
key_2,985.20
key_3,1281.43
key_6,39.53
key_11,339.73
key_19,974.80
key_0,1305.01
key_2,986.86
key_17,1399.82
key_9,354.50
key_14,37.37
key_2,988.31
key_5,346.41
key_13,34.44
key_17,1401.62
key_0,1307.99
key_17,1402.18
key_13,35.60
key_13,35.64
key_7,141.59
key_17,1403.34
key_8,358.86
key_8,359.39
key_12,670.52
key_16,364.61
key_4,360.84
key_7,144.69
key_9,361.45
key_17,1407.75
key_0,1314.04
key_12,674.12
key_1,354.39
key_5,355.12
key_0,1319.14
key_1,359.13
key_1,359.57
key_3,1298.14
key_17,1415.15
key_3,1299.01
key_15,57.33
key_7,154.69
key_10,2622.42
key_2,1004.50
key_7,155.93
key_5,363.57
key_15,59.90
key_19,994.90
key_11,360.42
key_4,374.57
key_10,2625.68
key_13,53.30
key_11,361.87
key_19,997.09
key_18,54.31
key_6,63.19
key_11,363.37
key_17,1422.67
key_19,1166.82
key_13,225.39
key_9,547.75
key_19,1170.80
key_3,1479.01
key_2,1183.46
key_6,310.73
key_4,624.68
key_19,1246.11
key_16,630.38
key_0,1578.14
key_4,627.15
key_8,103.72
key_2,1260.53
key_9,628.28
key_5,86.40
key_0,1582.86
key_17,1677.68
key_11,9.75
key_16,638.08
key_2,1267.09
key_3,1563.22
key_3,1563.84
key_5,90.54
key_18,313.81
key_4,635.91
key_19,1257.64
key_19,1258.21
key_11,3.85
key_0,1589.19
key_6,325.23
key_9,638.97
key_4,639.98
key_11,6.74
key_12,951.75
key_19,1262.77
key_3,1570.76
key_17,1687.81
key_16,647.35
key_19,1264.76
key_13,322.25
key_10,2895.56
key_17,1690.41
key_10,2896.48
key_14,328.52
key_13,324.88
key_4,647.38
key_6,334.36
key_18,326.05
key_14,331.06
key_15,335.37
key_5,104.66
key_15,335.89
key_12,960.57
key_10,2900.78
key_0,1601.41
key_19,1271.59
key_6,337.03
key_17,1696.24
key_9,651.14
key_17,1699.42
key_17,1699.91
key_11,21.58
key_17,1701.21
key_15,342.80
key_13,6.91
key_18,0.95
key_1,647.47
key_14,339.58
key_1,648.01
key_4,657.83
key_19,1279.07
key_18,2.55
key_18,2.69
key_7,36.19
key_17,1704.02
key_10,2910.21
key_3,1588.06
key_13,10.22
key_5,115.54
key_17,1705.89
key_16,665.46
key_14,346.55
key_19,1285.72
key_12,977.54
key_17,1712.47
key_19,1288.86
key_19,1289.28
key_8,20.99
key_6,355.55
key_6,355.97
key_6,356.36
key_16,674.61
key_16,675.06
key_5,126.54
key_19,1292.80
key_17,1717.35
key_7,49.92
key_2,1305.50
key_7,50.77
key_17,1719.04
key_16,678.57
key_7,52.08
key_17,1720.40
key_12,986.27
key_6,362.44
key_1,666.86
key_12,987.35
key_5,132.34
key_4,677.46
key_10,14.05
key_10,14.46
key_19,1463.52
key_0,1811.45
key_2,1495.65
key_15,550.10
key_13,214.79
key_19,1485.93
key_6,635.84
key_15,637.30
key_6,656.45
key_12,1280.64
key_12,1281.77
key_12,1282.94
key_5,17.45
key_1,291.36
key_8,326.37
key_19,1595.89
key_5,19.20
key_19,1596.72
key_19,1596.75
key_9,20.76
key_13,326.79
key_7,354.39
key_5,21.45
key_2,1610.21
key_12,1288.37
key_12,1289.02
key_8,330.76
key_12,1289.61
key_16,10.45
key_9,24.11
key_17,2024.92
key_18,32.78
key_0,11.88
key_14,663.72
key_2,1614.01
key_10,318.30
key_1,299.52
key_7,360.41
key_2,1615.61
key_12,1294.41
key_8,336.32
key_6,671.00
key_15,671.55
key_10,322.14
key_1,304.43
key_16,18.48
key_1,305.05
key_5,32.05
key_10,324.49
key_6,674.77
key_12,1299.54
key_11,355.11
key_17,2034.68
key_9,33.97
key_4,6.71
key_6,677.11
key_7,4.15
key_13,341.56
key_1,309.14
key_4,11.39
key_14,677.65
key_18,48.19
key_4,172.45
key_17,2201.75
key_17,2202.73
key_9,4.64
key_18,213.48
key_11,528.35
key_1,480.29
key_5,208.00
key_17,2209.50
key_12,1475.56
key_7,179.02
key_10,502.41
key_4,183.45
key_6,853.90
key_2,1800.49
key_18,224.07
key_9,1.28
key_0,204.32
key_14,855.73
key_15,860.45
key_16,205.99
key_15,861.57
key_9,4.48
key_17,2221.27
key_4,193.24
key_12,1487.68
key_5,221.98
key_3,230.36
key_5,223.02
key_7,192.59
key_8,531.93
key_10,516.32
key_19,1880.21
key_5,304.52
key_3,312.46
key_13,611.04
key_8,613.83
key_19,2.97
key_18,355.32
key_1,621.34
key_2,1936.48
key_2,1937.15
key_0,336.11
key_4,1.71
key_15,991.64
key_6,47.03
key_4,2.21
key_2,1938.13
key_9,47.49
key_14,987.96
key_14,988.31
key_10,5.48
key_9,47.91
key_5,6.23
key_9,48.42
key_19,6.70
key_0,338.55
key_0,338.95
key_16,339.29
key_10,7.73
key_11,674.93
key_2,1941.75
key_13,660.05
key_14,992.39
key_10,10.00
key_5,10.75
key_12,1622.09
key_12,1622.55
key_0,343.90
key_12,1623.53
key_16,344.81
key_18,366.26
key_3,366.91
key_9,57.15
key_2,1948.79
key_3,369.18
key_8,669.83
key_18,370.31
key_19,18.48
key_7,334.87
key_9,63.76
key_5,22.11
key_6,64.51
key_19,23.18
key_18,375.98
key_18,376.87
key_17,61.38
key_19,174.74
key_5,175.23
key_3,528.35
key_7,490.06
key_13,836.71
key_4,183.85
key_9,318.78
key_3,629.26
key_14,1259.30
key_7,2.55
key_2,2.58
key_9,319.78
key_8,931.13
key_6,320.65
key_0,610.21
key_3,632.07
key_16,611.24
key_3,632.94
key_11,947.38
key_15,108.32
key_4,279.39
key_17,7.51
key_9,325.22
key_2,8.44
key_10,283.72
key_17,9.41
key_10,284.71
key_18,638.01
key_15,112.59
key_16,618.00
key_6,328.83
key_14,1269.70
key_14,1270.11
key_12,1898.88
key_4,285.65
key_17,13.73
key_13,939.84
key_19,289.87
key_9,332.28
key_17,15.55
key_11,957.70
key_19,307.85
key_1,925.92
key_13,959.35
key_19,309.49
key_2,34.66
key_7,35.45
key_15,137.81
key_10,311.50
key_19,313.71
key_1,931.13
key_9,355.57
key_10,315.13
key_0,647.14
key_10,316.76
key_12,5.59
key_19,318.50
key_2,43.58
key_0,660.51
key_3,682.61
key_10,330.54
key_18,685.80
key_13,984.47
key_5,333.94
key_5,342.33
key_15,53.20
key_17,89.86
key_14,1348.18
key_7,90.53
key_16,697.80
key_5,366.17
key_13,1017.11
key_9,408.64
key_11,1033.45
key_16,698.70
key_17,92.32
key_1,985.40
key_12,56.51
key_6,61.30
key_16,700.28
key_0,700.61
key_12,57.67
key_9,411.60
key_13,1020.37
key_1,987.72
key_1,987.98
key_12,59.04
key_5,370.94
key_2,96.12
key_11,1038.47
key_2,217.74
key_2,218.97
key_1,1202.23
key_9,627.01
key_3,93.37
key_9,627.46
key_0,102.70
key_17,311.64
key_2,311.91
key_6,3.51
key_1,1205.04
key_8,257.26
key_0,112.75
key_6,13.42
key_8,266.88
key_0,115.21
key_1,4.26
key_4,596.99
key_13,1250.64
key_4,597.62
key_14,1583.23
key_13,1251.57
key_13,1251.87
key_12,15.40
key_16,933.56
key_9,644.31
key_5,602.63
key_1,7.95
key_11,1269.92
key_10,603.52
key_11,1291.45
key_9,667.49
key_18,978.28
key_15,314.36
key_10,626.07
key_6,43.14
key_5,627.05
key_5,627.33
key_12,56.59
key_1,49.06
key_8,314.29
key_3,153.53
key_7,61.70
key_14,6.18
key_9,688.54
key_11,0.91
key_15,370.37
key_2,407.76
key_5,683.54
key_14,44.32
key_2,409.59
key_3,304.77
key_18,1149.79
key_3,305.75
key_8,467.60
key_17,174.41
key_18,1152.21
key_3,312.12
key_16,1135.99
key_7,1.14
key_13,1455.92
key_14,11.63
key_11,126.80
key_19,806.89
key_11,127.47
key_14,12.95
key_12,221.48
key_6,224.38
key_7,94.00
key_19,897.81
key_11,219.02
key_19,899.59
key_17,275.35
key_7,96.63
key_10,900.21
key_18,1253.43
key_1,338.06
key_0,449.79
key_8,59.73
key_17,359.77
key_9,1026.78
key_15,673.58
key_6,30.19
key_0,502.51
key_10,79.12
key_2,716.52
key_4,0.86
key_17,368.35
key_18,1346.28
key_17,369.45
key_12,408.34
key_9,1036.62
key_18,1459.00
key_0,623.43
key_0,624.04
key_17,484.06
key_10,201.44
key_5,180.27
key_8,215.65
key_8,216.59
key_6,158.17
key_5,184.03
key_6,160.14
key_3,711.31
key_0,719.88
key_14,413.32
key_5,277.29
key_8,311.93
key_14,414.40
key_12,6.56
key_5,278.35
key_9,97.06
key_6,254.26
key_1,614.73
key_0,726.46
key_6,254.75
key_19,1210.87
key_1,615.59
key_13,317.00
key_3,719.26
key_15,899.69
key_10,304.00
key_19,1211.97
key_6,256.61
key_12,9.75
key_7,409.04
key_13,318.80
key_14,418.43
key_16,229.60
key_9,100.69
key_19,1213.45
key_8,316.74
key_9,101.23
key_9,101.31
key_10,306.54
key_4,2.09
key_15,903.35
key_19,1215.31
key_3,723.49
key_6,259.81
key_2,940.65
key_7,412.22
key_4,3.72
key_13,322.18
key_11,8.69
key_16,233.38
key_8,320.50
key_14,422.86
key_19,1217.79
key_18,11.24
key_13,323.99
key_10,310.27
key_16,234.82
key_8,321.82
key_0,735.00
key_16,235.72
key_17,595.10
key_16,236.30
key_16,237.91
key_4,9.22
key_15,910.34
key_7,418.80
key_2,947.54
key_2,947.86
key_1,628.14
key_10,315.85
key_3,732.05
key_2,949.13
key_0,740.71
key_0,755.59
key_1,646.13
key_4,29.41
key_17,617.85
key_2,967.48
key_15,931.33
key_10,4.55
key_6,288.52
key_4,32.00
key_14,450.36
key_2,970.01
key_12,42.92
key_17,621.41
key_17,621.73
key_19,1246.65
key_6,291.18
key_8,350.64
key_6,292.23
key_11,40.26
key_7,445.22
key_2,974.00
key_11,41.29
key_12,47.23
key_14,455.73
key_0,766.57
key_18,44.40
key_2,976.02
key_17,627.08
key_15,940.11
key_9,139.71
key_12,49.97
key_3,760.94
key_17,628.80
key_7,449.92
key_0,770.03
key_2,979.08
key_19,1254.74
key_4,42.44
key_9,142.81
key_2,980.45
key_8,359.19
key_12,53.71
key_17,632.20
key_19,1257.17
key_3,765.39
key_8,360.92
key_17,633.62
key_9,145.91
key_18,52.30
key_11,51.06
key_19,1259.76
key_10,20.98
key_3,810.84
key_1,707.65
key_4,90.91
key_17,43.60
key_8,1.63
key_12,101.81
key_1,709.71
key_12,102.84
key_7,3.55
key_0,822.58
key_17,47.73
key_19,1308.23
key_7,6.45
key_7,6.93
key_10,70.55
key_6,354.34
key_11,102.19
key_14,516.31
key_12,108.71
key_9,199.22
key_1,717.02
key_17,162.20
key_7,121.83
key_3,3.45
key_1,829.64
key_9,312.73
key_14,631.04
key_17,251.49
key_14,717.45
key_0,1028.58
key_1,917.83
key_15,1202.39
key_5,583.84
key_17,255.80
key_4,303.62
key_6,560.84
key_19,6.32
key_17,257.38
key_7,215.27
key_7,215.59
key_4,305.81
key_9,406.28
key_19,8.26
key_14,724.73
key_2,1244.05
key_5,1.23
key_16,98.47
key_15,1208.44
key_18,315.30
key_19,11.61
key_12,319.92
key_5,4.20
key_18,316.44
key_8,220.59
key_8,221.04
key_16,1.19
key_11,315.62
key_4,311.65
key_14,729.98
key_15,1213.02
key_1,929.84
key_13,631.32
key_10,290.96
key_19,0.76
key_16,8.47
key_7,228.77
key_5,13.00
key_3,110.53
key_10,292.81
key_11,360.50
key_2,1293.94
key_6,613.75
key_3,148.59
key_14,2.25
key_1,974.92
key_3,149.37
key_7,268.38
key_0,1131.81
key_5,98.47
key_0,1133.94
key_10,1.34
key_11,8.49
key_5,102.17
key_16,54.48
key_13,728.40
key_14,55.65
key_9,511.75
key_15,1314.65
key_7,325.31
key_17,368.15
key_18,526.36
key_17,473.52
key_2,1458.94
key_14,167.10
key_11,123.70
key_12,533.04
key_0,1252.07
key_0,1252.38
key_10,118.78
key_18,530.39
key_12,534.57
key_2,1566.68
key_3,110.01
key_17,583.38
key_15,1531.56
key_13,949.26
key_14,275.70
key_16,6.14
key_9,732.07
key_10,6.52
key_8,542.38
key_13,950.93
key_14,277.78
key_18,639.04
key_13,951.79
key_3,114.18
key_0,7.30
key_11,235.21
key_17,587.23
key_0,8.29
key_3,115.53
key_11,235.87
key_8,545.45
key_7,545.50
key_13,954.17
key_9,735.86
key_6,892.92
key_18,642.27
key_16,11.28
key_0,9.86
key_12,646.73
key_11,237.76
key_6,893.90
key_17,589.77
key_8,547.49
key_10,11.75
key_0,10.96
key_4,118.75
key_19,320.99
key_2,1575.65
key_14,283.48
key_0,12.22
key_11,240.03
key_8,549.58
key_7,549.88
key_1,38.50
key_17,617.81
key_1,38.93
key_5,359.78
key_17,618.59
key_1,39.30
key_0,39.63
key_12,676.27
key_12,676.57
key_10,41.13
key_0,40.30
key_1,40.48
key_9,767.25
key_17,620.03
key_7,2.94
key_11,268.64
key_5,362.23
key_18,674.55
key_15,1569.79
key_8,579.71
key_2,1608.46
key_13,1.74
key_16,106.53
key_4,213.05
key_12,742.47
key_2,1768.70
key_6,1088.88
key_11,434.32
key_10,104.40
key_19,519.99
key_2,1775.23
key_4,319.41
key_2,1776.59
key_15,9.76
key_19,524.00
key_17,795.63
key_0,216.96
key_4,325.06
key_19,527.73
key_17,899.09
key_1,320.42
key_12,4.73
key_18,117.36
key_5,643.38
key_12,6.59
key_10,218.54
key_17,902.20
key_15,120.39
key_14,595.51
key_2,1888.66
key_3,432.77
key_8,29.33
key_6,1232.90
key_6,1233.63
key_15,147.61
key_0,352.20
key_14,625.08
key_15,150.77
key_3,5.49
key_1,355.54
key_5,677.02
key_0,356.76
key_10,253.37
key_3,8.60
key_4,526.83
key_6,1302.80
key_0,420.22
key_16,101.90
key_2,2085.01
key_4,629.45
key_5,845.17
key_5,846.40
key_10,423.36
key_4,636.42
key_13,208.16
key_17,11.78
key_18,327.43
key_9,1259.07
key_8,213.70
key_8,2.09
key_7,597.95
key_18,2.12
key_18,3.14
key_1,637.08
key_15,434.13
key_1,638.32
key_2,2202.91
key_11,867.26
key_10,536.24
key_1,642.65
key_19,953.11
key_3,225.97
key_18,28.13
key_18,28.92
key_18,29.52
key_10,559.59
key_14,935.67
key_10,560.19
key_0,30.67
key_13,343.76
key_7,628.14
key_13,345.34
key_4,775.20
key_15,466.16
key_10,633.89
key_13,416.30
key_18,105.06
key_10,634.99
key_16,321.42
key_0,106.62
key_18,210.94
key_18,211.73
key_18,212.45
key_15,643.74
key_11,16.02
key_15,644.92
key_5,1169.98
key_7,214.47
key_17,214.83
key_4,1059.25
key_15,748.15
key_4,1059.42
key_1,952.56
key_17,217.26
key_0,319.74
key_6,6.20
key_9,1681.07
key_7,218.41
key_11,123.20
key_17,219.29
key_2,2519.64
key_18,322.07
key_10,8.67
key_9,1683.57
key_12,323.66
key_13,9.52
key_13,10.50
key_11,126.65
key_12,325.36
key_16,8.87
key_18,326.05
key_8,326.28
key_0,326.74
key_7,224.82
key_9,1688.02
key_9,1688.37
key_7,225.46
key_5,1283.14
key_19,1284.21
key_2,2539.24
key_19,1285.54
key_14,1247.85
key_4,1084.51
key_16,4.21
key_19,1288.26
key_0,345.16
key_2,2543.75
key_11,148.33
key_2,2544.69
key_15,851.51
key_5,1375.95
key_3,394.92
key_0,422.05
key_8,81.47
key_2,2620.99
key_16,83.78
key_5,1378.68
key_13,4.46
key_15,854.93
key_3,398.19
key_13,5.53
key_5,1381.13
key_5,1381.28
key_17,325.10
key_11,229.33
key_7,325.46
key_1,1062.30
key_5,1383.67
key_15,859.73
key_10,116.15
key_13,10.40
key_5,1385.82
key_3,404.37
key_9,1792.76
key_13,12.56
key_2,2631.21
key_2,2631.73
key_1,1147.02
key_11,315.84
key_9,1875.20
key_16,188.16
key_7,426.39
key_19,18.34
key_19,20.29
key_1,1166.36
key_5,1487.91
key_12,113.72
key_9,1894.88
key_8,193.30
key_15,965.76
key_18,536.00
key_17,434.50
key_10,223.59
key_0,537.74
key_6,224.46
key_16,199.18
key_12,119.76
key_9,2000.08
key_13,116.12
key_18,0.68
key_10,326.04
key_4,1.14
key_14,1.32
key_18,1.48
key_12,220.66
key_3,613.45
key_12,221.11
key_17,538.97
key_17,539.34
key_12,221.62
key_12,222.38
key_6,3.87
key_10,329.34
key_4,4.49
key_0,645.18
key_2,2843.62
key_1,1280.01
key_5,1601.30
key_2,2844.83
key_4,8.46
key_4,8.79
key_1,1282.00
key_10,334.76
key_15,1078.89
key_19,137.56
key_12,228.93
key_16,311.80
key_15,0.89
key_13,4.45
key_4,15.55
key_1,1288.75
key_8,315.05
key_13,8.90
key_17,555.30
key_9,2018.61
key_17,556.52
key_14,20.46
key_12,239.78
key_15,8.87
key_13,12.38
key_19,149.64
key_2,2859.28
key_19,150.36
key_7,559.75
key_9,2023.20
key_3,635.79
key_16,323.47
key_18,25.08
key_9,2025.00
key_9,2025.45
key_8,403.00
key_7,642.18
key_17,643.28
key_14,109.24
key_15,5.09
key_16,408.68
key_13,100.91
key_13,101.16
key_8,408.04
key_6,111.11
key_13,102.06
key_6,111.62
key_18,111.83
key_14,112.19
key_16,411.45
key_0,8.41
key_7,649.93
key_11,554.74
key_3,725.90
key_16,413.59
key_15,10.67
key_16,491.06
key_3,806.47
key_2,3034.51
key_13,189.04
key_8,496.11
key_3,810.94
key_19,327.19
key_0,95.51
key_10,526.70
key_16,501.15
key_4,203.48
key_2,3041.26
key_6,13.85
key_1,1478.08
key_2,3042.58
key_16,505.42
key_7,743.56
key_19,334.67
key_10,532.71
key_14,207.70
key_8,505.47
key_6,17.18
key_14,208.57
key_10,533.74
key_8,506.31
key_7,745.49
key_2,3046.16
key_10,534.59
key_8,507.03
key_19,337.33
key_14,210.12
key_13,201.26
key_0,105.97
key_6,20.21
key_14,211.42
key_9,2211.68
key_18,212.27
key_12,431.93
key_15,109.07
key_13,204.80
key_14,214.43
key_10,539.95
key_6,24.16
key_9,2215.04
key_5,1809.58
key_8,513.58
key_9,2216.09
key_6,25.88
key_4,217.32
key_3,829.34
key_17,11.61
key_11,659.49
key_11,660.04
key_3,927.47
key_17,4.04
key_11,756.98
key_11,758.61
key_13,309.02
key_18,318.36
key_2,6.35
key_13,309.14
key_1,1591.69
key_16,618.49
key_7,856.14
key_3,3.77
key_9,2320.14
key_19,8.57
key_6,129.67
key_12,540.50
key_9,2321.15
key_18,321.68
key_8,619.26
key_13,313.11
key_1,1595.22
key_9,2321.93
key_14,322.68
key_9,2322.40
key_7,859.85
key_4,323.42
key_11,764.33
key_6,132.47
key_7,860.43
key_14,324.14
key_3,8.23
key_6,133.62
key_6,133.74
key_14,325.35
key_13,316.11
key_19,13.88
key_1,1598.83
key_13,317.47
key_10,651.95
key_10,652.56
key_15,223.71
key_19,16.67
key_1,1602.50
key_18,329.69
key_6,139.34
key_0,225.98
key_5,15.33
key_1,1604.17
key_7,868.19
key_13,322.68
key_9,2331.57
key_5,16.72
key_12,551.54
key_11,773.55
key_19,21.08
key_13,324.01
key_8,630.61
key_3,17.89
key_4,333.82
key_14,333.84
key_4,334.50
key_12,553.38
key_2,22.48
key_16,634.01
key_18,335.15
key_18,335.73
key_13,326.51
key_19,24.30
key_12,555.31
key_4,336.95
key_1,1609.78
key_5,21.66
key_1,1610.39
key_13,328.85
key_3,22.20
key_10,663.85
key_7,875.17
key_19,27.27
key_15,8.40
key_5,23.92
key_8,637.64
key_4,340.97
key_16,640.88
key_1,1614.84
key_1,1615.27
key_15,11.52
key_12,561.83
key_2,31.32
key_2,31.72
key_4,344.18
key_9,2344.08
key_1,1617.85
key_13,336.22
key_0,241.29
key_5,30.41
key_14,346.71
key_19,35.07
key_15,16.66
key_3,105.55
key_11,865.49
key_15,201.02
key_18,532.77
key_19,221.41
key_0,429.46
key_9,2533.70
key_9,2534.16
key_19,222.91
key_14,113.33
key_18,535.54
key_3,220.37
key_10,861.44
key_15,206.30
key_15,206.30
key_13,528.67
key_19,226.09
key_11,979.46
key_5,222.91
key_6,8.46
key_14,117.35
key_5,223.82
key_15,209.11
key_19,228.30
key_7,1079.30
key_12,762.47
key_16,843.53
key_19,322.47
key_19,322.55
key_5,319.64
key_9,2635.77
key_13,627.66
key_19,325.52
key_0,533.91
key_12,858.10
key_6,0.60
key_4,639.83
key_18,639.90
key_17,328.55
key_7,1177.06
key_8,938.63
key_12,868.22
key_4,652.49
key_6,14.42
key_4,734.80
key_9,2848.36
key_3,535.29
key_9,2851.12
key_12,1070.67
key_15,521.23
key_10,1177.43
key_3,536.78
key_2,541.20
key_18,853.61
key_16,220.48
key_7,1390.86
key_9,2854.30
key_12,1074.16
key_1,324.95
key_0,209.37
key_4,856.39
key_19,544.98
key_17,545.40
key_7,1394.22
key_13,206.23
key_6,219.75
key_14,523.43
key_17,633.48
key_3,630.67
key_16,2.46
key_13,295.70
key_18,947.62
key_19,4.34
key_4,949.20
key_18,949.22
key_10,0.54
key_14,528.22
key_8,102.42
key_8,102.43
key_6,312.15
key_7,1487.63
key_15,620.28
key_14,529.50
key_0,305.17
key_15,620.96
key_12,1171.71
key_16,1.41
key_11,103.12
key_8,106.68
key_8,107.08
key_4,955.22
key_7,1492.62
key_0,309.50
key_13,6.36
key_2,645.01
key_8,108.95
key_18,957.13
key_14,535.65
key_15,626.76
key_10,8.03
key_9,2957.26
key_8,110.24
key_9,2957.87
key_13,8.56
key_12,1177.31
key_7,1495.58
key_13,9.32
key_1,428.46
key_3,2.17
key_0,312.96
key_3,2.66
key_14,537.71
key_7,1496.72
key_10,10.69
key_2,648.61
key_11,109.34
key_18,961.20
key_13,11.36
key_5,228.27
key_2,649.81
key_3,4.85
key_13,12.05
key_4,962.64
key_17,650.64
key_10,12.97
key_12,1182.09
key_2,651.32
key_4,963.84
key_15,633.96
key_17,653.40
key_7,1502.49
key_10,16.79
key_15,717.92
key_19,104.72
key_12,1268.62
key_0,403.10
key_9,3050.34
key_7,1587.36
key_4,4.33
key_4,4.35
key_4,5.22
key_15,723.11
key_10,7.52
key_8,208.02
key_17,846.11
key_13,211.33
key_1,632.50
key_6,525.36
key_8,316.83
key_13,216.55
key_17,954.93
key_7,1805.23
key_9,3269.15
key_7,0.83
key_16,112.66
key_7,2.13
key_15,940.17
key_5,538.56
key_10,3.99
key_18,1272.58
key_7,4.03
key_3,12.65
key_15,942.42
key_9,3273.19
key_13,2.39
key_13,2.96
key_9,3274.77
key_7,6.99
key_17,964.43
key_1,748.00
key_4,231.45
key_11,428.47
key_7,11.54
key_1,750.23
key_12,1500.39
key_2,15.72
key_10,14.28
key_14,14.84
key_8,435.49
key_16,126.72
key_5,638.78
key_12,1591.94
key_7,104.20
key_15,1043.27
key_10,106.66
key_2,108.64
key_14,107.58
key_0,729.27
key_17,5.49
key_11,525.50
key_3,117.18
key_17,7.01
key_7,212.88
key_16,325.18
key_19,0.06
key_10,316.49
key_16,427.46
key_16,427.56
key_7,316.19
key_5,212.66
key_4,105.59
key_3,325.82
key_19,3.57
key_1,3.65
key_2,320.12
key_14,318.73
key_4,106.44
key_10,319.57
key_0,10.69
key_9,3588.02
key_8,740.62
key_15,6.61
key_13,108.72
key_11,738.21
key_1,6.91
key_19,7.47
key_18,1590.37
key_11,739.02
key_13,109.67
key_5,218.46
key_4,110.71
key_6,9.00
key_18,1591.48
key_5,219.23
key_5,219.27
key_4,111.52
key_13,111.55
key_18,1592.31
key_10,324.07
key_5,220.00
key_13,112.35
key_9,3592.65
key_14,324.88
key_4,112.45
key_3,333.61
key_13,113.43
key_6,12.07
key_10,326.34
key_8,746.46
key_8,746.93
key_12,7.15
key_2,329.53
key_19,13.01
key_0,18.20
key_16,439.40
key_7,327.90
key_2,330.88
key_19,14.37
key_18,1597.81
key_6,15.36
key_18,1598.33
key_16,441.05
key_8,750.85
key_10,330.71
key_12,10.83
key_11,748.19
key_15,17.35
key_9,3600.15
key_12,12.64
key_0,23.69
key_12,13.17
key_14,334.35
key_16,445.87
key_3,343.13
key_6,21.65
key_4,124.01
key_16,447.91
key_15,23.01
key_18,1689.84
key_3,429.41
key_14,1.95
key_13,211.05
key_7,423.86
key_14,4.71
key_2,428.19
key_3,435.65
key_8,849.18
key_16,541.20
key_2,433.89
key_12,112.46
key_19,119.10
key_16,638.34
key_16,639.48
key_1,216.18
key_17,111.41
key_14,111.95
key_0,223.53
key_17,207.66
key_10,628.48
key_14,208.35
key_8,1049.33
key_19,314.86
key_10,629.78
key_12,309.67
key_4,417.94
key_17,210.40
key_12,310.80
key_19,316.99
key_11,105.32
key_3,0.39
key_3,0.43
key_0,323.62
key_1,318.54
key_5,529.49
key_18,107.16
key_5,529.81
key_2,1.15
key_0,328.54
key_3,6.61
key_17,218.10
key_18,112.56
key_16,750.33
key_12,319.06
key_13,427.30
key_8,1060.32
key_15,325.64
key_6,326.29
key_1,326.38
key_2,8.12
key_17,220.99
key_2,8.82
key_11,0.32
key_9,3910.57
key_15,328.76
key_14,223.17
key_7,643.45
key_11,2.20
key_0,335.23
key_15,330.42
key_13,432.74
key_16,757.56
key_7,729.19
key_14,309.60
key_18,203.84
key_12,410.38
key_15,416.61
key_11,97.67
key_1,425.59
key_15,425.90
key_13,528.31
key_14,320.57
key_5,637.30
key_3,199.51
key_5,727.91
key_11,190.34
key_18,306.28
key_5,729.29
key_3,202.24
key_17,106.32
key_8,1257.24
key_19,523.09
key_17,0.78
key_4,204.83
key_2,205.14
key_9,4106.52
key_17,1.78
key_17,2.19
key_2,206.24
key_16,950.51
key_7,839.43
key_5,735.91
key_13,627.95
key_10,203.28
key_16,952.01
key_17,4.11
key_10,204.50
key_0,532.67
key_0,533.33
key_15,528.60
key_6,104.26
key_2,210.85
key_2,211.28
key_6,204.09
key_5,840.18
key_7,943.96
key_13,732.66
key_17,4.37
key_11,303.57
key_16,1057.69
key_0,637.32
key_5,842.63
key_18,420.91
key_16,1058.49
key_13,735.83
key_18,0.17
key_12,628.26
key_9,7.93
key_9,9.05
key_9,9.04
key_13,738.08
key_13,739.08
key_0,642.16
key_17,11.41
key_3,320.58
key_15,638.63
key_15,638.66
key_4,320.25
key_12,633.29
key_18,6.30
key_7,4.78
key_4,322.32
key_18,8.10
key_5,852.80
key_5,852.97
key_17,16.25
key_2,12.97
key_3,326.10
key_11,316.03
key_11,316.65
key_1,127.85
key_18,11.03
key_10,322.17
key_6,220.29
key_5,855.73
key_10,323.08
key_17,19.10
key_2,16.11
key_13,748.20
key_17,19.89
key_0,651.69
key_5,857.35
key_9,20.15
key_7,11.88
key_4,329.00
key_9,21.47
key_15,648.41
key_11,321.30
key_15,648.89
key_8,1384.01
key_12,724.66
key_11,403.35
key_13,1.53
key_18,98.92
key_17,105.91
key_12,727.03
key_11,405.41
key_4,414.54
key_5,1042.53
key_19,102.50
key_10,613.83
key_1,420.54
key_15,103.19
key_18,304.09
key_3,4.66
key_2,308.31
key_10,617.66
key_16,1366.19
key_7,305.14
key_17,314.82
key_13,211.70
key_19,110.65
key_10,619.44
key_19,111.06
key_6,212.58
key_13,212.59
key_2,312.84
key_18,309.62
key_1,437.46
key_15,12.29
key_11,626.95
key_16,1380.03
key_9,19.36
key_11,627.47
key_0,960.57
key_14,849.45
key_0,960.95
key_8,1690.52
key_3,2.86
key_17,329.55
key_8,1691.29
key_15,15.06
key_8,1691.67
key_10,4.09
key_3,4.46
key_1,441.67
key_5,1168.83
key_7,322.94
key_6,316.14
key_0,1148.39
key_8,1878.05
key_6,418.67
key_1,632.20
key_8,1884.29
key_8,1884.74
key_8,1891.95
key_4,22.71
key_6,435.61
key_3,214.22
key_10,285.98
key_8,1974.53
key_14,1134.47
key_7,605.07
key_7,605.69
key_9,306.80
key_17,617.37
key_19,414.07
key_1,7.44
key_4,104.53
key_3,293.78
key_15,306.70
key_3,295.65
key_18,615.51
key_17,622.70
key_18,616.04
key_7,614.09
key_18,617.20
key_9,315.28
key_18,617.68
key_12,310.04
key_10,298.58
key_4,129.56
key_14,0.77
key_15,330.84
key_7,636.51
key_1,34.39
key_16,1698.80
key_11,232.70
key_11,233.07
key_0,27.37
key_6,544.71
key_19,443.20
key_4,132.95
key_12,4.13
key_8,2010.38
key_17,649.04
key_5,1486.65
key_16,1701.74
key_4,134.51
key_12,6.07
key_4,135.28
key_2,27.03
key_18,644.58
key_9,342.85
key_7,710.71
key_1,108.45
key_2,96.76
key_14,76.83
key_19,516.85
key_8,2083.42
key_2,98.56
key_12,79.12
key_5,1562.51
key_13,622.35
key_13,622.81
key_9,417.37
key_18,719.87
key_13,623.38
key_7,718.20
key_9,418.45
key_18,722.18
key_18,722.61
key_2,4.75
key_6,627.07
key_16,1782.95
key_17,731.12
key_14,87.00
key_8,2093.55
key_2,7.55
key_12,88.64
key_18,726.38
key_1,121.85
key_7,725.00
key_18,727.66
key_2,9.85
key_4,116.59
key_18,842.78
key_16,1989.59
key_2,214.79
key_5,3.39
key_10,613.36
key_14,295.63
key_16,1992.82
key_9,631.73
key_4,4.31
key_14,296.84
key_0,321.03
key_16,1993.41
key_8,2303.39
key_5,5.57
key_9,633.47
key_0,322.26
key_12,298.10
key_11,528.63
key_15,8.19
key_15,8.26
key_17,943.18
key_5,6.67
key_11,529.00
key_17,943.55
key_2,218.71
key_16,1996.03
key_7,935.60
key_18,937.87
key_13,96.20
key_4,9.40
key_3,9.50
key_15,11.59
key_16,1998.53
key_2,221.60
key_14,302.76
key_16,1999.36
key_9,638.77
key_2,223.09
key_7,939.44
key_6,115.80
key_13,100.39
key_9,640.68
key_10,623.34
key_1,338.44
key_4,14.31
key_10,625.61
key_17,952.75
key_12,308.71
key_3,16.94
key_11,539.65
key_5,17.80
key_6,121.49
key_10,630.73
key_5,21.54
key_17,958.47
key_7,949.56
key_17,959.23
key_1,347.74
key_1,348.11
key_12,315.93
key_6,3.80
key_6,4.16
key_6,4.53
key_10,636.66
key_11,549.35
key_12,319.51
key_6,2.09
key_1,428.18
key_18,1135.15
key_11,731.22
key_2,422.78
key_8,7.19
key_16,2202.00
key_19,107.99
key_5,214.10
key_16,2203.12
key_15,216.58
key_10,824.97
key_11,737.64
key_13,303.59
key_4,200.96
key_19,110.89
key_2,428.72
key_0,534.28
key_14,510.96
key_14,511.24
key_18,1149.30
key_0,536.11
key_18,1150.13
key_6,120.37
key_3,221.27
key_1,546.11
key_6,122.27
key_18,1152.26
key_18,1152.93
key_13,310.91
key_18,1153.44
key_14,516.53
key_11,747.05
key_7,1152.38
key_9,852.92
key_1,550.34
key_0,632.01
key_12,0.95
key_17,1.15
key_1,644.15
key_17,2.02
key_8,101.69
key_10,6.27
key_4,305.69
key_10,8.71
key_9,951.24
key_16,2322.70
key_18,1264.04
key_11,857.09
key_16,2323.89
key_12,17.95
key_19,230.20
key_8,2.77
key_15,16.10
key_13,22.48
key_14,629.50
key_2,549.13
key_10,23.61
key_4,323.13
key_6,240.06
key_10,26.20
key_5,341.16
key_16,2330.21
key_12,24.23
key_13,27.61
key_18,1272.02
key_0,659.02
key_11,865.43
key_9,971.09
key_5,343.86
key_13,102.30
key_5,416.83
key_1,742.14
key_1,742.14
key_4,402.84
key_19,2.48
key_8,85.22
key_5,418.82
key_19,3.71
key_17,101.99
key_12,102.41
key_0,736.41
key_9,1048.19
key_4,405.29
key_13,106.88
key_15,101.86
key_4,407.70
key_6,322.86
key_6,428.41
key_7,1456.04
key_11,1051.65
key_6,429.11
key_15,209.62
key_5,530.84
key_2,847.08
key_16,1.89
key_9,1263.28
key_14,928.96
key_7,1564.15
key_12,5.88
key_14,930.23
key_8,304.57
key_2,850.36
key_1,963.95
key_13,325.43
key_7,1567.47
key_15,320.35
key_4,7.35
key_18,1571.27
key_19,226.31
key_13,328.52
key_11,1165.43
key_0,960.16
key_14,936.06
key_12,12.38
key_8,311.08
key_16,11.41
key_9,1272.82
key_11,1168.02
key_15,325.50
key_10,12.41
key_18,1576.39
key_6,546.73
key_0,964.03
key_9,1275.80
key_19,233.04
key_6,550.23
key_6,551.07
key_12,108.39
key_12,108.93
key_3,4.09
key_0,1058.00
key_15,421.99
key_19,327.35
key_18,1673.06
key_9,1371.55
key_6,644.35
key_1,1069.35
key_10,111.17
key_12,113.10
key_7,1672.73
key_15,425.03
key_6,645.47
key_6,645.65
key_19,330.35
key_16,112.47
key_10,112.47
key_14,1038.84
key_3,9.44
key_14,1039.48
key_14,1039.77
key_6,647.79
key_16,114.47
key_6,648.28
key_9,1376.31
key_6,648.78
key_7,1676.63
key_9,1377.13
key_19,334.07
key_8,416.56
key_19,334.62
key_6,650.34
key_4,117.06
key_4,117.39
key_2,14.04
key_8,418.29
key_13,102.65
key_6,652.33
key_12,120.76
key_9,1380.83
key_0,1069.91
key_17,225.86
key_13,199.06
key_0,1165.04
key_11,14.52
key_16,227.96
key_18,1792.66
key_12,230.93
key_19,447.84
key_12,231.46
key_13,214.51
key_17,336.12
key_7,1791.79
key_12,232.59
key_16,231.55
key_8,531.80
key_1,1191.36
key_10,233.35
key_12,235.43
key_3,130.44
key_11,21.04
key_11,21.96
key_6,850.51
key_10,316.96
key_9,1582.21
key_17,428.90
key_9,1584.48
key_18,1886.51
key_13,3.82
key_3,220.81
key_12,326.23
key_2,0.63
key_10,324.94
key_4,325.06
key_3,221.66
key_17,431.30
key_15,638.81
key_18,1888.97
key_19,543.99
key_1,9.14
key_9,1587.86
key_5,12.39
key_7,1887.64
key_15,640.27
key_15,640.27
key_3,223.57
key_17,433.18
key_0,1277.65
key_14,115.48
key_15,641.19
key_16,14.19
key_5,14.60
key_2,4.83
key_4,329.56
key_7,1891.12
key_5,113.65
key_0,1378.51
key_2,104.09
key_5,234.25
key_9,1810.13
key_5,235.00
key_7,2110.66
key_16,235.88
key_5,235.90
key_16,236.25
key_12,552.34
key_18,2114.40
key_9,1812.66
key_13,3.78
key_2,227.52
key_1,235.32
key_9,1813.75
key_11,339.23
key_3,449.15
key_4,5.34
key_13,5.59
key_12,555.36
key_10,644.50
key_7,2.11
key_4,97.95
key_6,2.26
key_14,433.67
key_16,2.48
key_13,99.68
key_18,2211.15
key_7,5.93
key_19,223.46
key_11,436.54
key_13,102.22
key_5,336.15
key_1,8.26
key_3,546.92
key_6,8.38
key_15,965.55
key_9,9.32
key_4,106.22
key_5,340.57
key_12,748.72
key_12,749.16
key_19,321.78
key_9,104.33
key_7,104.75
key_9,106.79
key_19,324.92
key_6,5.49
key_3,650.01
key_9,111.64
key_0,1705.88
key_5,441.92
key_1,114.07
key_4,208.84
key_7,113.44
key_8,9.84
key_1,115.63
key_12,760.03
key_7,115.25
key_13,211.21
key_10,759.19
key_14,547.36
key_9,116.29
key_8,12.59
key_9,116.83
key_6,13.99
key_2,539.32
key_0,1813.15
key_16,221.72
key_10,865.29
key_6,119.47
key_10,866.05
key_10,866.79
key_0,1817.11
key_17,973.79
key_9,224.72
key_13,320.84
key_6,122.41
key_4,321.46
key_6,123.11
key_10,869.72
key_5,8.67
key_4,322.67
key_15,1184.16
key_6,124.67
key_11,749.51
key_4,3.33
key_6,217.22
key_1,321.51
key_2,2.10
key_16,320.55
key_6,217.62
key_1,322.00
key_19,102.95
key_0,1914.86
key_13,416.88
key_10,1.41
key_18,5.94
key_6,218.35
key_13,417.66
key_9,321.98
key_9,321.96
key_1,323.19
key_14,753.34
key_6,219.26
key_16,322.47
key_19,104.45
key_17,1071.81
key_16,322.62
key_18,7.42
key_12,968.13
key_6,219.88
key_0,1916.63
key_2,5.01
key_15,1280.10
key_12,968.49
key_15,1280.51
key_14,755.01
key_16,323.83
key_13,419.70
key_5,5.82
key_3,863.82
key_19,106.50
key_5,6.23
key_11,754.54
key_15,1281.78
key_16,325.11
key_6,221.90
key_18,9.81
key_6,222.69
key_19,107.85
key_12,970.98
key_9,326.21
key_19,108.33
key_12,971.45
key_2,8.25
key_10,6.96
key_3,866.64
key_0,1920.58
key_12,972.27
key_12,972.41
key_2,9.16
key_6,224.38
key_14,758.86
key_7,328.00
key_13,423.70
key_14,759.31
key_5,10.14
key_8,8.58
key_4,11.96
key_1,330.02
key_12,974.10
key_4,12.57
key_17,1078.83
key_6,226.45
key_6,226.44
key_10,10.39
key_4,13.75
key_9,330.30
key_15,1287.35
key_11,760.79
key_16,330.86
key_0,1924.65
key_19,113.09
key_15,1287.86
key_11,761.47
key_10,11.59
key_15,1288.66
key_13,427.58
key_0,1925.98
key_18,17.17
key_18,17.44
key_4,16.79
key_2,15.23
key_5,15.63
key_5,15.95
key_11,764.59
key_2,16.59
key_10,15.40
key_11,765.62
key_17,1085.15
key_3,875.92
key_6,233.53
key_17,1086.41
key_18,22.06
key_1,339.04
key_7,338.17
key_7,338.46
key_14,845.90
key_1,424.54
key_13,519.68
key_6,321.53
key_11,855.31
key_9,429.28
key_13,526.29
key_1,432.90
key_5,114.15
key_16,433.05
key_9,536.00
key_4,1.73
key_12,1182.61
key_0,2131.86
key_18,223.29
key_8,219.71
key_12,1185.45
key_5,222.91
key_6,438.74
key_18,226.94
key_15,1499.88
key_6,440.65
key_18,1.06
key_3,225.75
key_4,104.40
key_15,1597.04
key_18,3.56
key_12,1286.62
key_16,13.11
key_0,2236.37
key_2,325.09
key_5,325.61
key_12,1289.32
key_6,541.54
key_1,646.13
key_6,542.13
key_12,1291.01
key_17,1395.14
key_15,1603.45
key_1,647.97
key_4,112.24
key_1,648.62
key_17,1397.41
key_0,2241.86
key_6,545.74
key_16,20.41
key_5,331.80
key_10,330.72
key_11,1081.12
key_1,732.87
key_19,102.84
key_4,206.84
key_4,207.76
key_17,16.38
key_6,641.39
key_4,313.88
key_1,850.99
key_14,1281.17
key_5,532.46
key_2,532.56
key_0,2445.16
key_4,317.79
key_6,751.40
key_18,218.92
key_19,218.86
key_17,9.95
key_7,859.13
key_9,859.61
key_13,225.88
key_12,1505.91
key_18,311.89
key_4,1.02
key_4,1.02
key_16,321.35
key_17,102.88
key_9,951.45
key_4,3.13
key_9,952.28
key_5,634.09
key_8,632.83
key_15,1910.16
key_13,5.15
key_13,5.18
key_10,634.33
key_13,5.91
key_7,954.16
key_4,6.09
key_7,955.35
key_10,636.19
key_13,8.30
key_11,8.80
key_11,9.67
key_14,9.43
key_7,958.56
key_4,10.17
key_10,639.42
key_17,110.98
key_14,11.33
key_18,322.90
key_17,112.28
key_19,3.50
key_0,2555.00
key_8,642.17
key_1,963.18
key_7,962.08
key_10,643.26
key_16,1.86
key_3,222.72
key_9,963.84
key_14,15.31
key_18,326.89
key_5,646.27
key_6,861.73
key_7,965.11
key_0,2559.03
key_2,647.29
key_13,17.98
key_7,966.25
key_14,18.16
key_10,647.18
key_18,330.21
key_16,6.81
key_3,227.55
key_11,20.32
key_19,11.72
key_12,1614.76
key_11,21.75
key_14,21.67
key_5,652.76
key_4,22.71
key_17,123.23
key_13,23.95
key_3,302.18
key_1,1044.67
key_19,86.74
key_8,724.76
key_16,83.77
key_5,727.18
key_14,102.64
key_12,2.62
key_7,1052.50
key_3,312.59
key_16,223.48
key_0,2778.84
key_7,1185.83
key_13,14.75
key_19,316.93
key_8,954.72
key_16,313.50
key_9,1274.90
key_4,326.35
key_14,328.63
key_17,236.07
key_17,236.51
key_11,330.55
key_1,1280.92
key_13,6.55
key_0,7.20
key_5,963.23
key_14,333.13
key_3,541.75
key_9,1282.77
key_8,964.08
key_14,336.72
key_0,15.15
key_6,1186.79
key_6,1195.11
key_3,557.68
key_12,310.88
key_15,2317.09
key_0,87.18
key_16,399.78
key_3,621.14
key_16,400.48
key_8,1043.26
key_15,2319.85
key_7,1363.82
key_19,406.45
key_14,6.38
key_14,6.99
key_9,2.35
key_19,550.16
key_19,550.16
key_7,1508.07
key_16,546.85
key_16,547.21
key_7,1508.44
key_5,221.99
key_17,222.33
key_1,1512.09
key_5,224.12
key_8,11.92
key_19,557.92
key_3,775.25
key_0,242.30
key_10,1196.94
key_4,568.41
key_3,776.98
key_10,1198.31
key_6,1415.45
key_12,469.59
key_9,15.91
key_3,779.48
key_5,232.93
key_19,563.49
key_1,1522.48
key_1,1523.07
key_4,573.80
key_8,20.87
key_0,249.55
key_0,250.00
key_9,20.81
key_7,1524.67
key_6,1485.84
key_12,539.54
key_3,849.55
key_8,2.81
key_4,642.14
key_13,317.29
key_4,643.19
key_10,1289.76
key_19,652.87
key_3,870.24
key_3,870.39
key_18,337.57
key_3,871.11
key_16,651.48
key_7,1614.57
key_1,5.76
key_16,653.95
key_6,7.68
key_7,1616.40
key_11,675.25
key_4,674.83
key_16,662.99
key_9,36.77
key_13,350.85
key_4,676.24
key_19,667.86
key_4,676.87
key_2,266.59
key_0,352.20
key_16,665.11
key_17,338.89
key_8,39.66
key_17,339.40
key_16,666.30
key_9,40.52
key_7,1628.10
key_12,19.22
key_10,1310.85
key_19,674.23
key_18,358.93
key_13,359.45
key_9,46.59
key_6,26.86
key_13,362.78
key_17,349.45
key_11,689.29
key_16,676.82
key_16,677.37
key_15,2595.79
key_19,681.96
key_6,32.12
key_10,1353.71
key_8,86.21
key_19,716.74
key_2,314.85
key_15,2631.41
key_3,934.22
key_1,2.59
key_16,714.25
key_8,88.83
key_18,402.51
key_9,89.33
key_14,317.62
key_11,729.57
key_13,404.61
key_10,1359.23
key_5,154.90
key_19,870.74
key_0,554.69
key_19,871.86
key_16,869.54
key_3,1090.90
key_0,574.74
key_3,1109.49
key_16,889.93
key_2,493.31
key_9,0.74
key_4,952.77
key_8,314.22
key_0,628.31
key_1,229.36
key_3,1161.94
key_1,229.75
key_18,629.11
key_6,295.54
key_6,295.87
key_9,2.89
key_12,294.24
key_14,545.16
key_14,545.48
key_2,545.75
key_3,1164.88
key_14,546.29
key_6,298.12
key_12,296.54
key_10,1587.79
key_13,634.48
key_13,649.88
key_7,1923.71
key_9,22.98
key_5,251.50
key_16,963.47
key_12,1.79
key_15,2882.10
key_8,339.71
key_18,653.66
key_7,1927.85
key_8,340.81
key_12,5.51
key_17,641.40
key_5,256.63
key_2,572.40
key_11,8.80
key_12,9.15
key_1,259.97
key_17,645.30
key_7,1933.50
key_16,2.62
key_13,660.43
key_10,1614.81
key_4,986.52
key_9,34.57
key_1,263.20
key_5,263.45
key_11,27.67
key_18,677.50
key_10,1631.86
key_11,28.69
key_1,279.64
key_14,593.42
key_4,1004.45
key_2,594.31
key_17,666.44
key_1,281.78
key_14,627.23
key_3,1247.93
key_11,2.52
key_15,2945.78
key_10,1669.20
key_15,2946.10
key_10,1669.53
key_0,715.83
key_14,630.53
key_6,382.25
key_11,4.29
key_8,403.26
key_11,153.73
key_8,552.84
key_12,217.33
key_7,2140.93
key_13,867.45
key_7,2141.58
key_8,626.00
key_13,939.56
key_2,854.48
key_2,854.54
key_14,856.11
key_3,1476.49
key_2,857.62
key_13,944.16
key_17,5.59
key_1,545.67
key_13,944.64
key_1,546.16
key_17,6.83
key_15,7.06
key_18,946.06
key_4,1271.44
key_16,289.13
key_7,2220.75
key_8,633.68
key_17,9.02
key_0,956.26
key_12,307.14
key_9,71.06
key_13,957.24
key_1,558.58
key_14,2.14
key_1,559.21
key_8,644.87
key_10,1912.69
key_16,301.53
key_15,20.60
key_1,560.56
key_10,1913.90
key_12,310.94
key_10,1914.65
key_0,961.21
key_4,1286.69
key_19,97.72
key_5,250.31
key_0,963.00
key_13,963.39
key_6,629.86
key_4,1292.72
key_18,988.92
key_13,989.45
key_5,320.44
key_5,320.49
key_8,720.07
key_3,1567.34
key_1,635.42
key_16,145.08
key_11,479.62
key_8,947.46
key_7,70.33
key_1,862.82
key_3,1795.58
key_2,3.73
key_4,1587.71
key_18,1262.69
key_18,1263.15
key_6,929.33
key_9,275.69
key_8,950.94
key_13,1264.70
key_4,1590.80
key_7,74.94
key_18,1266.41
key_14,235.73
key_4,1592.01
key_3,1800.60
key_4,1592.44
key_14,236.50
key_11,555.48
key_4,1593.17
key_16,237.02
key_9,280.06
key_15,330.13
key_19,407.85
key_1,0.89
key_5,14.10
key_1,3.95
key_4,1600.54
key_4,1601.08
key_1,4.48
key_7,84.99
key_4,1601.55
key_11,564.59
key_3,1810.13
key_5,18.41
key_0,1277.57
key_5,19.18
key_19,413.97
key_14,247.56
key_10,2233.09
key_4,1621.84
key_8,983.58
key_6,31.75
key_11,585.65
key_18,3.46
key_6,32.94
key_19,434.66
key_4,1624.57
key_10,2253.89
key_11,588.07
key_15,29.16
key_18,6.25
key_12,652.02
key_16,270.72
key_18,7.45
key_11,637.51
key_13,2.64
key_6,85.12
key_2,92.32
key_2,93.05
key_13,5.17
key_14,321.73
key_4,1678.57
key_17,415.37
key_5,224.69
key_19,136.72
key_6,219.10
key_18,190.65
key_19,138.65
key_2,228.30
key_12,838.01
key_5,237.19
key_5,237.83
key_7,305.91
key_9,509.68
key_9,583.13
key_8,1259.01
key_11,861.57
key_6,308.90
key_7,383.87
key_19,228.10
key_10,0.88
key_16,545.31
key_9,588.16
key_7,385.06
key_2,318.54
key_2,318.66
key_13,230.36
key_1,306.34
key_9,589.88
key_0,1578.20
key_7,387.03
key_14,96.23
key_6,313.34
key_6,313.97
key_15,308.27
key_12,931.22
key_11,868.46
key_16,550.24
key_15,310.21
key_13,235.07
key_19,235.14
key_3,2116.08
key_1,311.80
key_19,236.50
key_16,552.81
key_8,3.11
key_2,325.97
key_14,102.29
key_3,2118.41
key_1,314.14
key_19,238.22
key_17,647.64
key_15,314.77
key_13,239.70
key_19,239.41
key_2,328.72
key_12,938.33
key_14,105.47
key_4,93.38
key_9,600.91
key_7,398.35
key_16,559.14
key_2,332.24
key_11,879.17
key_8,10.48
key_11,880.41
key_14,110.33
key_5,334.82
key_4,98.83
key_4,99.26
key_13,247.99
key_18,314.15
key_17,670.90
key_10,2.00
key_1,339.38
key_19,264.01
key_4,116.68
key_12,963.02
key_13,266.03
key_6,353.43
key_15,350.82
key_8,46.48
key_3,2162.24
key_9,641.64
key_15,359.12
key_17,692.51
key_10,23.40
key_11,919.73
key_13,285.24
key_7,441.21
key_4,137.66
key_17,694.93
key_16,602.79
key_1,362.72
key_19,287.17
key_12,985.52
key_17,696.64
key_17,696.91
key_15,364.33
key_14,153.31
key_14,153.59
key_3,2169.95
key_12,987.55
key_9,648.95
key_10,29.43
key_10,29.75
key_11,925.99
key_6,400.90
key_7,475.23
key_16,636.07
key_5,408.81
key_15,396.63
key_17,730.04
key_15,397.61
key_1,398.03
key_7,478.54
key_15,398.91
key_3,5.16
key_2,412.98
key_14,189.41
key_18,380.14
key_16,644.34
key_14,193.20
key_4,181.08
key_2,418.27
key_2,418.65
key_6,411.86
key_18,383.15
key_19,330.89
key_1,407.27
key_6,413.40
key_2,420.93
key_17,741.33
key_9,14.34
key_7,603.11
key_6,529.56
key_7,604.48
key_15,525.26
key_14,316.41
key_15,528.19
key_17,861.61
key_6,534.97
key_2,542.61
key_10,193.47
key_14,319.31
key_7,611.19
key_0,1803.25
key_16,772.62
key_4,309.63
key_12,1155.98
key_0,1806.25
key_5,547.91
key_0,1807.30
key_4,312.67
key_2,549.96
key_4,313.88
key_13,462.58
key_1,16.53
key_5,551.80
key_2,552.51
key_14,328.63
key_19,464.48
key_0,1812.37
key_15,541.34
key_0,1813.24
key_6,547.94
key_15,542.62
key_2,627.47
key_14,403.97
key_5,628.62
key_13,540.65
key_8,306.65
key_19,1.19
key_3,222.70
key_7,85.23
key_10,281.88
key_18,595.69
key_7,86.20
key_18,596.38
key_10,283.76
key_11,1180.07
key_17,954.05
key_8,311.73
key_6,627.76
key_8,312.33
key_2,2.72
key_7,90.11
key_0,1895.41
key_11,1183.26
key_17,957.49
key_3,230.63
key_6,631.26
key_5,638.51
key_5,638.73
key_13,556.01
key_7,99.03
key_15,19.71
key_8,323.81
key_6,647.49
key_4,417.89
key_4,417.89
key_12,1264.90
key_10,11.11
key_5,655.54
key_10,11.90
key_14,432.42
key_12,1265.79
key_16,884.61
key_12,1266.66
key_13,569.10
key_3,251.04
key_16,886.14
key_17,979.10
key_9,252.10
key_18,623.79
key_1,125.51
key_2,57.34
key_0,1949.34
key_16,918.77
key_6,684.70
key_10,47.62
key_10,48.00
key_11,1239.47
key_17,1013.53
key_16,921.43
key_12,1303.57
key_14,470.68
key_2,62.41
key_18,659.62
key_12,1305.72
key_13,608.71
key_15,71.20
key_18,665.08
key_19,64.95
key_7,156.50
key_3,295.41
key_13,614.63
key_13,615.05
key_9,14.28
key_17,1034.73
key_16,942.84
key_15,89.24
key_17,1036.55
key_10,0.68
key_1,193.40
key_16,956.44
key_10,2.28
key_5,731.89
key_10,5.58
key_11,1398.50
key_5,852.54
key_10,126.11
key_19,216.96
key_4,618.19
key_18,819.60
key_13,767.97
key_4,620.35
key_6,850.52
key_12,1467.38
key_5,862.11
key_11,1409.48
key_18,827.86
key_14,150.97
key_2,232.77
key_1,331.56
key_17,1187.33
key_0,2126.45
key_0,2127.10
key_11,1415.40
key_2,236.61
key_12,1479.22
key_3,463.18
key_5,870.81
key_19,234.67
key_10,217.53
key_17,1265.00
key_7,400.03
key_4,709.19
key_6,939.79
key_13,859.12
key_14,234.24
key_9,258.89
key_19,312.25
key_6,942.29
key_0,6.24
key_11,1497.05
key_6,944.41
key_5,951.90
key_11,1499.20
key_18,929.34
key_8,21.42
key_13,877.58
key_3,559.10
key_2,333.50
key_13,878.36
key_17,1287.15
key_10,3.29
key_0,26.14
key_16,109.03
key_13,882.51
key_18,935.27
key_4,7.20
key_0,28.70
key_19,336.18
key_19,336.75
key_11,1520.49
key_18,938.44
key_13,886.63
key_10,62.11
key_13,951.35
key_9,350.81
key_4,76.25
key_6,1034.59
key_10,202.41
key_17,1487.47
key_5,1169.06
key_11,1716.46
key_1,637.49
key_6,2.35
key_16,140.42
key_5,1179.60
key_17,1500.25
key_3,774.06
key_7,16.27
key_6,6.36
key_18,1147.39
key_6,7.44
key_19,547.65
key_6,8.23
key_16,146.30
key_4,221.03
key_0,242.55
key_19,549.91
key_8,242.97
key_4,222.80
key_1,652.94
key_19,551.74
key_2,179.14
key_6,84.58
key_13,1172.74
key_8,317.46
key_14,548.95
key_12,1872.10
key_11,1810.27
key_18,1228.52
key_5,1264.81
key_16,227.54
key_9,6.42
key_3,860.10
key_17,1587.73
key_14,554.17
key_8,324.17
key_16,229.66
key_18,1232.94
key_4,304.73
key_15,643.93
key_9,10.45
key_17,1591.75
key_16,233.23
key_19,635.46
key_14,558.48
key_0,329.19
key_7,106.97
key_5,1272.80
key_16,234.54
key_2,12.94
key_13,1185.49
key_1,738.95
key_11,2.59
key_19,637.82
key_4,309.97
key_15,648.43
key_3,3.46
key_15,648.86
key_17,1595.63
key_5,1275.63
key_7,110.10
key_10,312.00
key_5,1276.56
key_5,1276.82
key_9,17.04
key_19,641.10
key_12,1887.90
key_12,1888.35
key_19,0.71
key_1,744.96
key_13,1192.08
key_16,242.33
key_7,115.96
key_15,655.87
key_7,116.87
key_11,11.60
key_19,4.83
key_2,23.36
key_9,23.70
key_15,657.94
key_18,1248.78
key_3,13.66
key_13,1197.20
key_12,1895.17
key_12,1895.48
key_19,7.78
key_3,15.28
key_10,354.73
key_15,692.77
key_7,164.90
key_7,165.58
key_14,618.33
key_7,166.55
key_6,156.49
key_16,313.42
key_17,1798.26
key_19,200.31
key_0,539.25
key_17,1814.55
key_10,17.80
key_10,18.19
key_19,216.69
key_3,143.88
key_13,1407.94
key_15,869.96
key_0,554.26
key_8,629.08
key_1,1040.69
key_9,316.03
key_6,400.42
key_17,0.79
key_13,1489.12
key_9,317.35
key_12,83.97
key_19,299.45
key_3,226.81
key_6,402.24
key_8,635.06
key_10,102.21
key_8,635.73
key_5,1580.05
key_6,404.44
key_13,1493.29
key_4,617.67
key_12,2.75
key_1,1048.08
key_17,6.77
key_8,0.30
key_12,3.72
key_17,7.30
key_2,323.41
key_1,1049.31
key_8,0.90
key_17,7.92
key_4,619.91
key_10,107.82
key_11,313.45
key_7,420.32
key_18,256.73
key_1,1051.81
key_8,3.64
key_0,681.32
key_13,1537.11
key_15,56.34
key_1,1107.12
key_3,49.06
key_12,62.63
key_10,165.90
key_14,33.62
key_15,148.97
key_1,1268.92
key_10,327.43
key_13,1716.59
key_13,1718.46
key_19,528.45
key_4,842.90
key_14,183.48
key_5,19.71
key_6,632.11
key_10,331.99
key_4,844.71
key_18,479.94
