type,latency_ms,key,version,stale
read,83.92,key_0,0,false
read,84.11,key_14,0,false
read,84.21,key_6,0,false
read,85.52,key_2,0,false
read,85.56,key_3,0,false
read,84.96,key_5,0,false
read,84.95,key_4,0,false
read,85.53,key_14,0,false
read,85.59,key_1,0,false
read,86.12,key_12,0,false
read,58.96,key_5,0,false
read,58.95,key_17,0,false
read,59.22,key_7,0,false
read,61.39,key_4,0,false
read,61.88,key_7,0,false
read,63.24,key_3,0,false
read,64.50,key_11,0,false
read,65.79,key_17,0,false
read,69.12,key_4,0,false
read,69.87,key_17,0,false
read,56.19,key_19,0,false
read,58.56,key_4,0,false
read,59.30,key_1,0,false
read,58.89,key_15,0,false
read,57.90,key_8,0,false
read,56.07,key_5,0,false
read,57.65,key_18,0,false
read,56.00,key_10,0,false
read,54.91,key_18,0,false
read,54.24,key_1,0,false
read,54.90,key_9,0,false
read,54.70,key_17,0,false
read,55.41,key_9,0,false
read,54.39,key_19,0,false
read,55.34,key_8,0,false
read,56.17,key_16,0,false
read,57.75,key_14,0,false
read,56.33,key_12,0,false
read,57.42,key_8,0,false
read,58.08,key_12,0,false
read,54.35,key_8,0,false
read,54.34,key_5,0,false
read,57.18,key_9,0,false
read,56.55,key_5,0,false
read,58.05,key_1,0,false
read,55.81,key_18,0,false
read,56.15,key_0,0,false
read,58.17,key_3,0,false
read,57.76,key_10,0,false
read,57.12,key_9,0,false
read,55.83,key_2,0,false
read,55.84,key_9,0,false
read,55.83,key_9,0,false
read,54.13,key_15,0,false
read,55.96,key_13,0,false
read,55.63,key_4,0,false
read,56.18,key_1,0,false
read,56.68,key_7,0,false
read,61.40,key_13,0,false
read,61.48,key_13,0,false
read,55.14,key_19,0,false
read,55.15,key_4,0,false
read,55.13,key_9,0,false
read,54.27,key_9,0,false
read,56.53,key_7,0,false
read,54.73,key_4,0,false
read,56.57,key_7,0,false
read,56.64,key_16,0,false
read,55.20,key_5,0,false
read,55.28,key_2,0,false
read,55.96,key_5,0,false
read,56.03,key_19,0,false
read,56.41,key_19,0,false
read,55.69,key_19,0,false
read,55.63,key_9,0,false
read,59.00,key_18,0,false
read,59.03,key_7,0,false
read,59.08,key_16,0,false
read,56.03,key_5,0,false
read,56.10,key_11,0,false
read,56.98,key_14,0,false
read,56.93,key_12,0,false
read,56.55,key_17,0,false
read,56.18,key_0,0,false
read,54.52,key_11,0,false
read,54.98,key_1,0,false
read,57.79,key_16,0,false
read,57.74,key_19,0,false
read,53.95,key_2,0,false
read,55.43,key_5,0,false
read,55.59,key_14,0,false
read,57.80,key_0,0,false
read,57.81,key_14,0,false
read,57.81,key_1,0,false
read,58.40,key_5,0,false
read,54.58,key_8,0,false
read,58.56,key_14,0,false
read,55.70,key_0,0,false
read,58.55,key_5,0,false
read,55.17,key_3,0,false
read,57.42,key_5,0,false
read,57.46,key_8,0,false
read,57.47,key_16,0,false
read,57.53,key_8,0,false
read,54.88,key_10,0,false
read,56.09,key_2,0,false
read,59.84,key_3,0,false
read,59.90,key_5,0,false
read,59.41,key_19,0,false
read,60.15,key_3,0,false
read,59.87,key_9,0,false
read,59.79,key_5,0,false
read,59.84,key_17,0,false
read,59.99,key_3,0,false
read,58.95,key_2,0,false
read,61.39,key_11,0,false
write,2.21,key_8,1,false
read,56.60,key_7,0,false
read,57.37,key_11,0,false
read,57.74,key_0,0,false
read,57.58,key_9,0,false
read,59.43,key_13,0,false
read,59.45,key_6,0,false
read,54.39,key_1,0,false
read,59.46,key_12,0,false
read,59.94,key_10,0,false
read,54.76,key_18,0,false
read,55.12,key_2,0,false
read,55.35,key_15,0,false
read,55.16,key_15,0,false
read,55.78,key_16,0,false
read,54.93,key_19,0,false
read,57.49,key_4,0,false
read,57.78,key_9,0,false
read,57.93,key_15,0,false
read,57.55,key_1,0,false
read,55.36,key_17,0,false
read,55.74,key_11,0,false
read,55.71,key_0,0,false
read,55.95,key_14,0,false
read,56.73,key_2,0,false
read,58.93,key_9,0,false
read,56.16,key_5,0,false
read,56.62,key_16,0,false
read,56.11,key_19,0,false
read,59.28,key_9,0,false
read,59.42,key_1,0,false
read,56.32,key_2,0,false
read,56.39,key_11,0,false
read,57.47,key_19,0,false
read,57.94,key_5,0,false
read,59.45,key_4,0,false
read,59.48,key_8,1,false
read,61.53,key_12,0,false
read,58.69,key_18,0,false
read,58.70,key_14,0,false
read,59.11,key_8,1,false
read,56.51,key_1,0,false
read,58.16,key_8,1,false
read,57.25,key_9,0,false
read,57.93,key_6,0,false
read,55.13,key_9,0,false
read,59.14,key_7,0,false
read,56.77,key_9,0,false
read,57.40,key_6,0,false
read,57.59,key_9,0,false
read,58.24,key_16,0,false
write,3.86,key_3,1,false
read,55.70,key_18,0,false
read,57.35,key_14,0,false
read,59.96,key_6,0,false
read,57.69,key_7,0,false
read,57.53,key_3,1,false
read,54.80,key_4,0,false
read,60.41,key_0,0,false
read,58.96,key_4,0,false
read,58.35,key_17,0,false
read,60.39,key_14,0,false
read,60.94,key_14,0,false
read,61.97,key_17,0,false
read,60.88,key_4,0,false
read,60.84,key_19,0,false
read,61.45,key_18,0,false
read,64.09,key_18,0,false
read,58.25,key_4,0,false
read,62.83,key_9,0,false
read,59.60,key_11,0,false
read,63.66,key_10,0,false
read,56.61,key_19,0,false
read,58.00,key_9,0,false
read,57.69,key_0,0,false
read,58.84,key_7,0,false
read,59.77,key_5,0,false
read,59.68,key_3,1,false
read,59.29,key_15,0,false
read,58.61,key_1,0,false
read,58.25,key_0,0,false
read,60.89,key_2,0,false
read,60.86,key_11,0,false
read,61.14,key_10,0,false
read,61.57,key_13,0,false
read,60.78,key_9,0,false
read,56.17,key_12,0,false
read,58.22,key_15,0,false
read,58.70,key_18,0,false
read,57.25,key_17,0,false
read,57.31,key_18,0,false
read,59.61,key_3,1,false
read,57.28,key_7,0,false
read,58.83,key_12,0,false
read,59.88,key_18,0,false
read,57.42,key_12,0,false
read,56.90,key_3,1,false
read,55.47,key_12,0,false
read,55.50,key_6,0,false
read,53.61,key_1,0,false
read,56.00,key_9,0,false
read,57.12,key_18,0,false
read,56.85,key_11,0,false
read,57.03,key_4,0,false
read,57.08,key_18,0,false
read,57.17,key_10,0,false
read,59.15,key_8,1,false
read,58.58,key_19,0,false
read,56.49,key_17,0,false
read,55.26,key_15,0,false
read,55.09,key_4,0,false
read,55.89,key_19,0,false
read,56.10,key_11,0,false
read,57.09,key_7,0,false
read,56.73,key_3,1,false
read,57.72,key_16,0,false
read,57.21,key_19,0,false
read,58.64,key_15,0,false
read,57.15,key_14,0,false
read,57.48,key_0,0,false
read,57.82,key_1,0,false
read,55.26,key_6,0,false
read,58.00,key_0,0,false
read,58.49,key_6,0,false
read,58.78,key_13,0,false
read,57.50,key_16,0,false
read,60.22,key_15,0,false
read,60.28,key_10,0,false
read,61.70,key_4,0,false
read,60.29,key_4,0,false
read,57.83,key_17,0,false
read,58.67,key_19,0,false
read,56.84,key_14,0,false
read,56.87,key_11,0,false
read,56.69,key_16,0,false
read,56.95,key_16,0,false
read,58.37,key_6,0,false
read,57.88,key_4,0,false
read,58.45,key_11,0,false
read,58.54,key_3,1,false
read,58.51,key_3,1,false
write,3.16,key_19,1,false
read,61.34,key_16,0,false
read,62.33,key_1,0,false
read,62.27,key_8,1,false
read,69.31,key_3,1,false
read,70.04,key_10,0,false
read,54.59,key_11,0,false
read,54.86,key_4,0,false
read,52.70,key_3,1,false
read,56.90,key_4,0,false
read,57.63,key_17,0,false
read,56.34,key_2,0,false
read,52.40,key_8,1,false
read,54.84,key_17,0,false
read,53.32,key_6,0,false
read,55.73,key_7,0,false
read,53.83,key_18,0,false
read,56.76,key_18,0,false
read,53.48,key_8,1,false
read,56.80,key_1,0,false
read,56.80,key_7,0,false
read,55.28,key_19,1,false
read,57.84,key_16,0,false
read,56.50,key_11,0,false
read,54.91,key_19,1,false
read,57.06,key_15,0,false
read,56.60,key_14,0,false
read,53.02,key_0,0,false
read,55.26,key_18,0,false
read,57.59,key_2,0,false
read,58.31,key_5,0,false
read,59.20,key_14,0,false
read,61.10,key_18,0,false
read,57.88,key_5,0,false
read,54.47,key_9,0,false
read,57.48,key_0,0,false
write,1.94,key_11,1,false
read,52.50,key_7,0,false
read,53.62,key_17,0,false
read,55.05,key_5,0,false
read,55.03,key_12,0,false
read,55.03,key_19,1,false
read,54.57,key_15,0,false
read,54.48,key_1,0,false
read,54.95,key_3,1,false
read,54.79,key_16,0,false
read,54.87,key_15,0,false
read,54.00,key_18,0,false
read,55.33,key_19,1,false
read,54.94,key_3,1,false
read,52.62,key_4,0,false
read,54.09,key_8,1,false
read,55.70,key_0,0,false
read,51.99,key_19,1,false
read,54.68,key_3,1,false
read,54.09,key_0,0,false
read,54.25,key_7,0,false
read,54.20,key_9,0,false
read,53.46,key_18,0,false
read,53.55,key_14,0,false
read,52.73,key_13,0,false
read,54.16,key_1,0,false
read,57.00,key_15,0,false
read,57.10,key_1,0,false
read,57.25,key_8,1,false
read,55.38,key_9,0,false
read,56.29,key_4,0,false
read,53.89,key_16,0,false
read,62.36,key_12,0,false
read,60.14,key_10,0,false
read,53.17,key_12,0,false
read,63.89,key_9,0,false
read,56.86,key_3,1,false
read,60.63,key_14,0,false
read,60.82,key_17,0,false
read,60.64,key_15,0,false
read,57.62,key_5,0,false
read,58.05,key_12,0,false
read,52.85,key_11,1,false
read,52.45,key_5,0,false
read,53.93,key_15,0,false
read,54.49,key_2,0,false
read,53.16,key_11,1,false
read,53.33,key_5,0,false
read,53.35,key_16,0,false
read,52.62,key_13,0,false
write,1.67,key_3,2,false
read,53.12,key_2,0,false
read,54.91,key_18,0,false
read,51.95,key_17,0,false
read,53.91,key_16,0,false
read,54.35,key_1,0,false
read,53.86,key_1,0,false
read,55.10,key_16,0,false
read,52.10,key_6,0,false
read,55.22,key_4,0,false
read,55.01,key_1,0,false
read,53.41,key_10,0,false
read,53.77,key_16,0,false
read,55.30,key_4,0,false
read,55.38,key_3,2,false
read,55.24,key_18,0,false
read,52.63,key_12,0,false
read,55.60,key_19,1,false
read,57.68,key_19,1,false
read,55.09,key_7,0,false
read,55.81,key_9,0,false
read,55.91,key_2,0,false
read,53.76,key_2,0,false
read,51.45,key_5,0,false
read,55.30,key_16,0,false
read,58.02,key_0,0,false
read,60.23,key_1,0,false
read,59.03,key_10,0,false
read,52.76,key_12,0,false
read,62.74,key_11,1,false
read,57.51,key_2,0,false
read,57.62,key_15,0,false
read,53.17,key_0,0,false
read,51.81,key_16,0,false
read,54.18,key_14,0,false
read,53.99,key_9,0,false
read,54.00,key_19,1,false
read,52.19,key_14,0,false
read,52.58,key_7,0,false
read,52.33,key_11,1,false
read,52.38,key_5,0,false
read,53.38,key_16,0,false
read,54.03,key_3,2,false
read,54.69,key_14,0,false
read,54.25,key_14,0,false
read,53.30,key_7,0,false
read,52.89,key_3,2,false
read,53.80,key_13,0,false
read,55.03,key_16,0,false
read,52.05,key_18,0,false
read,53.48,key_4,0,false
read,54.04,key_19,1,false
read,56.64,key_12,0,false
read,57.44,key_0,0,false
read,55.68,key_14,0,false
read,57.79,key_7,0,false
read,53.51,key_15,0,false
read,58.19,key_9,0,false
read,58.17,key_12,0,false
read,53.83,key_7,0,false
read,52.28,key_17,0,false
read,52.79,key_11,1,false
read,51.89,key_5,0,false
read,54.78,key_6,0,false
read,54.06,key_12,0,false
read,54.98,key_0,0,false
read,54.48,key_19,1,false
read,54.60,key_19,1,false
read,54.12,key_6,0,false
read,53.82,key_1,0,false
read,53.81,key_8,1,false
read,53.07,key_13,0,false
read,57.20,key_18,0,false
read,54.07,key_14,0,false
read,52.82,key_4,0,false
read,54.76,key_7,0,false
read,54.07,key_0,0,false
read,54.09,key_19,1,false
read,53.88,key_19,1,false
read,53.76,key_17,0,false
read,53.76,key_15,0,false
read,54.45,key_14,0,false
read,52.88,key_1,0,false
read,53.90,key_5,0,false
read,51.89,key_7,0,false
read,53.06,key_7,0,false
read,51.88,key_6,0,false
read,53.62,key_6,0,false
read,53.77,key_6,0,false
read,51.65,key_14,0,false
read,54.25,key_16,0,false
read,54.30,key_2,0,false
write,2.12,key_3,3,false
read,52.25,key_12,0,false
read,54.19,key_14,0,false
read,54.20,key_2,0,false
read,53.88,key_4,0,false
read,53.88,key_11,1,false
read,55.14,key_0,0,false
read,55.00,key_7,0,false
read,53.77,key_7,0,false
read,54.22,key_0,0,false
read,54.19,key_13,0,false
read,53.52,key_9,0,false
read,53.77,key_6,0,false
read,55.51,key_5,0,false
read,51.94,key_2,0,false
read,53.89,key_7,0,false
read,52.97,key_0,0,false
read,53.07,key_8,1,false
read,52.98,key_2,0,false
read,53.39,key_4,0,false
read,53.44,key_6,0,false
read,56.69,key_16,0,false
read,54.49,key_18,0,false
read,56.26,key_19,1,false
read,53.09,key_15,0,false
read,53.25,key_11,1,false
read,53.29,key_4,0,false
read,53.18,key_17,0,false
read,52.32,key_5,0,false
read,53.10,key_2,0,false
read,53.50,key_9,0,false
read,54.08,key_6,0,false
read,54.09,key_18,0,false
read,60.85,key_12,0,false
read,53.04,key_4,0,false
read,53.19,key_0,0,false
read,53.81,key_1,0,false
read,53.81,key_8,1,false
read,51.13,key_14,0,false
read,53.87,key_15,0,false
read,54.74,key_17,0,false
read,59.02,key_9,0,false
read,59.11,key_13,0,false
read,54.89,key_1,0,false
read,60.04,key_3,3,false
read,55.58,key_4,0,false
read,52.89,key_10,0,false
read,54.59,key_13,0,false
read,55.14,key_5,0,false
read,54.99,key_19,1,false
read,55.06,key_8,1,false
read,58.07,key_4,0,false
read,57.69,key_1,0,false
read,60.93,key_7,0,false
read,60.99,key_13,0,false
read,55.71,key_19,1,false
read,55.26,key_12,0,false
read,57.74,key_2,0,false
read,52.70,key_9,0,false
read,57.91,key_3,3,false
read,52.98,key_8,1,false
read,57.21,key_16,0,false
read,57.25,key_4,0,false
read,57.34,key_0,0,false
read,58.49,key_16,0,false
read,58.78,key_5,0,false
read,60.36,key_19,1,false
read,60.66,key_6,0,false
read,63.03,key_18,0,false
read,63.11,key_2,0,false
read,60.63,key_12,0,false
read,54.39,key_12,0,false
read,60.68,key_4,0,false
read,60.58,key_0,0,false
read,60.55,key_3,3,false
read,60.29,key_3,3,false
read,64.18,key_17,0,false
read,60.74,key_12,0,false
read,62.54,key_13,0,false
read,60.73,key_5,0,false
read,64.62,key_0,0,false
read,58.13,key_13,0,false
read,57.26,key_14,0,false
read,53.92,key_2,0,false
read,56.85,key_11,1,false
read,58.98,key_4,0,false
read,58.86,key_0,0,false
read,59.79,key_8,1,false
read,60.25,key_14,0,false
read,60.32,key_5,0,false
read,59.89,key_1,0,false
read,54.16,key_7,0,false
read,56.02,key_0,0,false
read,54.72,key_18,0,false
read,56.43,key_14,0,false
read,54.74,key_15,0,false
read,56.23,key_3,3,false
read,55.99,key_0,0,false
read,57.81,key_15,0,false
read,57.02,key_16,0,false
read,56.49,key_11,1,false
read,53.95,key_8,1,false
read,55.64,key_0,0,false
read,55.74,key_19,1,false
read,55.45,key_4,0,false
read,56.15,key_16,0,false
read,54.49,key_6,0,false
read,58.12,key_16,0,false
read,58.46,key_1,0,false
read,63.62,key_2,0,false
read,65.17,key_16,0,false
write,7.67,key_4,1,false
read,55.91,key_6,0,false
read,60.44,key_17,0,false
read,60.28,key_11,1,false
read,58.87,key_5,0,false
read,60.90,key_10,0,false
read,60.97,key_17,0,false
read,67.17,key_13,0,false
read,57.47,key_9,0,false
read,59.61,key_17,0,false
read,58.02,key_3,3,false
read,54.03,key_6,0,false
read,51.70,key_8,1,false
read,54.19,key_14,0,false
read,51.86,key_9,0,false
read,54.70,key_14,0,false
read,54.30,key_19,1,false
read,54.95,key_19,1,false
read,52.95,key_0,0,false
read,52.96,key_13,0,false
read,53.04,key_2,0,false
read,54.28,key_2,0,false
read,54.47,key_14,0,false
read,54.10,key_11,1,false
read,51.70,key_2,0,false
read,51.73,key_4,1,false
read,53.91,key_12,0,false
read,53.71,key_3,3,false
read,53.94,key_10,0,false
read,53.95,key_18,0,false
read,54.17,key_4,1,false
read,55.10,key_3,3,false
read,54.14,key_3,3,false
read,52.71,key_2,0,false
read,54.52,key_15,0,false
read,52.15,key_6,0,false
read,52.17,key_10,0,false
read,54.22,key_7,0,false
read,52.85,key_14,0,false
read,55.45,key_3,3,false
read,55.58,key_4,1,false
read,55.61,key_2,0,false
read,55.93,key_14,0,false
read,53.82,key_11,1,false
read,55.11,key_19,1,false
read,53.71,key_17,0,false
read,55.75,key_3,3,false
read,55.77,key_1,0,false
read,51.48,key_4,1,false
read,54.23,key_15,0,false
read,53.65,key_1,0,false
read,55.10,key_1,0,false
read,53.59,key_16,0,false
read,53.98,key_4,1,false
read,53.91,key_8,1,false
read,52.17,key_10,0,false
read,52.53,key_7,0,false
read,52.50,key_1,0,false
read,51.99,key_3,3,false
read,53.61,key_11,1,false
read,52.94,key_10,0,false
read,58.11,key_5,0,false
read,55.33,key_6,0,false
read,54.95,key_7,0,false
read,54.89,key_19,1,false
write,5.01,key_18,1,false
read,54.72,key_4,1,false
read,54.59,key_7,0,false
read,54.62,key_3,3,false
read,53.97,key_17,0,false
read,51.69,key_6,0,false
read,53.42,key_0,0,false
read,53.26,key_16,0,false
read,57.45,key_1,0,false
read,55.93,key_0,0,false
read,53.52,key_9,0,false
read,56.38,key_6,0,false
read,54.53,key_2,0,false
read,57.45,key_15,0,false
read,52.08,key_7,0,false
read,53.80,key_1,0,false
read,56.50,key_0,0,false
read,53.71,key_8,1,false
read,53.39,key_0,0,false
read,56.34,key_6,0,false
read,57.53,key_17,0,false
read,58.00,key_11,1,false
read,56.71,key_1,0,false
read,57.32,key_6,0,false
read,57.47,key_9,0,false
read,55.61,key_3,3,false
read,56.09,key_16,0,false
read,58.36,key_15,0,false
read,56.83,key_3,3,false
read,55.69,key_14,0,false
read,56.11,key_11,1,false
read,56.17,key_7,0,false
read,56.19,key_5,0,false
read,56.20,key_3,3,false
read,56.34,key_18,1,false
read,52.52,key_6,0,false
read,55.80,key_14,0,false
read,56.07,key_19,1,false
read,54.84,key_1,0,false
read,53.67,key_19,1,false
read,52.85,key_8,1,false
read,54.62,key_15,0,false
read,53.01,key_11,1,false
read,54.20,key_1,0,false
read,56.86,key_12,0,false
read,54.52,key_13,0,false
read,56.93,key_18,1,false
read,54.98,key_2,0,false
read,53.83,key_8,1,false
read,57.87,key_13,0,false
read,56.90,key_1,0,false
read,55.80,key_13,0,false
read,53.89,key_13,0,false
read,52.18,key_11,1,false
read,55.08,key_4,1,false
read,55.33,key_4,1,false
read,55.35,key_16,0,false
read,54.25,key_11,1,false
read,54.33,key_7,0,false
read,55.04,key_4,1,false
read,57.53,key_3,3,false
read,57.63,key_14,0,false
read,58.04,key_13,0,false
read,54.96,key_18,1,false
read,58.58,key_12,0,false
read,56.99,key_19,1,false
read,57.77,key_0,0,false
read,54.95,key_12,0,false
read,57.69,key_2,0,false
read,57.72,key_4,1,false
read,56.71,key_16,0,false
read,57.05,key_12,0,false
read,53.74,key_12,0,false
read,52.66,key_16,0,false
read,55.75,key_11,1,false
read,56.95,key_10,0,false
read,55.52,key_10,0,false
read,54.07,key_16,0,false
read,55.04,key_17,0,false
read,61.11,key_1,0,false
read,61.74,key_16,0,false
read,57.95,key_0,0,false
read,56.59,key_12,0,false
read,57.23,key_8,1,false
read,59.84,key_0,0,false
read,62.58,key_2,0,false
read,59.97,key_8,1,false
read,62.16,key_14,0,false
read,58.93,key_2,0,false
read,61.10,key_4,1,false
read,60.93,key_2,0,false
read,60.40,key_10,0,false
read,60.30,key_7,0,false
read,60.49,key_19,1,false
read,60.19,key_6,0,false
read,66.46,key_4,1,false
read,61.87,key_6,0,false
read,55.89,key_5,0,false
read,55.73,key_19,1,false
read,58.93,key_10,0,false
read,59.57,key_0,0,false
read,60.63,key_7,0,false
read,58.30,key_3,3,false
read,62.25,key_0,0,false
read,61.63,key_12,0,false
read,61.55,key_7,0,false
read,61.62,key_2,0,false
read,55.02,key_15,0,false
read,56.61,key_14,0,false
read,54.50,key_6,0,false
read,54.54,key_18,1,false
read,56.78,key_19,1,false
read,57.02,key_3,3,false
read,55.45,key_6,0,false
read,56.02,key_18,1,false
read,56.04,key_2,0,false
read,57.79,key_4,1,false
read,54.15,key_16,0,false
read,59.23,key_17,0,false
read,56.62,key_5,0,false
read,57.71,key_7,0,false
read,57.70,key_8,1,false
read,60.06,key_16,0,false
read,56.70,key_3,3,false
read,55.69,key_0,0,false
read,56.47,key_10,0,false
read,57.57,key_16,0,false
write,6.60,key_4,2,false
read,55.19,key_2,0,false
read,53.96,key_16,0,false
read,59.80,key_15,0,false
read,56.34,key_1,0,false
read,56.33,key_2,0,false
read,61.80,key_15,0,false
read,57.91,key_13,0,false
read,58.04,key_0,0,false
read,62.73,key_17,0,false
read,54.48,key_19,1,false
read,53.23,key_14,0,false
read,55.76,key_2,0,false
read,57.79,key_6,0,false
read,56.79,key_14,0,false
read,59.23,key_12,0,false
read,60.13,key_12,0,false
read,58.78,key_4,2,false
read,59.52,key_18,1,false
read,56.87,key_2,0,false
read,59.67,key_5,0,false
read,59.07,key_17,0,false
read,59.08,key_4,2,false
read,60.86,key_17,0,false
read,53.26,key_18,1,false
write,0.86,key_16,1,false
read,57.00,key_11,1,false
read,57.39,key_19,1,false
read,57.43,key_15,0,false
read,57.47,key_19,1,false
read,57.52,key_16,1,false
read,57.47,key_5,0,false
read,54.04,key_0,0,false
read,55.91,key_2,0,false
read,54.80,key_13,0,false
read,54.89,key_11,1,false
read,52.77,key_14,0,false
read,56.90,key_2,0,false
read,59.14,key_2,0,false
read,56.19,key_5,0,false
read,56.76,key_14,0,false
read,57.31,key_18,1,false
read,56.94,key_13,0,false
read,58.64,key_12,0,false
read,57.14,key_4,2,false
read,52.32,key_14,0,false
read,57.39,key_13,0,false
read,56.55,key_19,1,false
read,54.72,key_18,1,false
read,54.49,key_7,0,false
read,57.92,key_1,0,false
read,55.63,key_16,1,false
read,56.84,key_8,1,false
read,53.30,key_16,1,false
read,55.00,key_17,0,false
read,52.30,key_9,0,false
read,55.28,key_9,0,false
read,54.68,key_8,1,false
read,57.30,key_18,1,false
read,57.35,key_19,1,false
read,57.76,key_18,1,false
read,59.00,key_13,0,false
read,52.82,key_9,0,false
read,52.80,key_18,1,false
read,52.38,key_11,1,false
read,54.90,key_1,0,false
read,53.56,key_17,0,false
read,54.25,key_17,0,false
read,55.09,key_9,0,false
read,55.10,key_2,0,false
read,55.27,key_10,0,false
read,54.11,key_2,0,false
read,54.86,key_14,0,false
read,52.16,key_8,1,false
read,52.32,key_2,0,false
read,57.47,key_6,0,false
read,55.53,key_1,0,false
read,55.71,key_3,3,false
read,52.84,key_17,0,false
read,56.06,key_15,0,false
read,55.75,key_16,1,false
read,55.79,key_11,1,false
read,56.10,key_6,0,false
read,53.74,key_8,1,false
read,59.54,key_0,0,false
read,58.16,key_9,0,false
read,56.05,key_1,0,false
read,57.41,key_9,0,false
read,59.29,key_13,0,false
read,55.29,key_5,0,false
read,54.56,key_15,0,false
read,54.58,key_1,0,false
read,54.98,key_12,0,false
read,54.32,key_1,0,false
read,53.56,key_4,2,false
read,55.66,key_8,1,false
read,55.25,key_2,0,false
read,57.59,key_14,0,false
read,56.75,key_15,0,false
read,53.24,key_0,0,false
read,55.68,key_14,0,false
read,56.72,key_9,0,false
read,56.73,key_2,0,false
read,54.12,key_3,3,false
read,54.91,key_3,3,false
read,57.09,key_10,0,false
read,55.40,key_18,1,false
read,56.08,key_7,0,false
read,56.52,key_7,0,false
read,58.32,key_9,0,false
read,54.47,key_9,0,false
read,55.80,key_11,1,false
read,56.31,key_12,0,false
read,56.16,key_4,2,false
read,52.85,key_16,1,false
read,53.70,key_12,0,false
read,57.49,key_3,3,false
read,57.00,key_18,1,false
read,56.41,key_7,0,false
read,55.98,key_17,0,false
read,55.35,key_5,0,false
read,56.15,key_4,2,false
read,53.46,key_6,0,false
read,56.48,key_7,0,false
read,55.27,key_8,1,false
read,56.87,key_9,0,false
read,54.74,key_7,0,false
read,56.76,key_4,2,false
read,57.08,key_7,0,false
read,56.46,key_3,3,false
read,56.46,key_10,0,false
read,55.70,key_12,0,false
read,56.45,key_9,0,false
read,52.24,key_12,0,false
read,54.91,key_8,1,false
read,55.60,key_10,0,false
read,52.65,key_13,0,false
read,52.49,key_2,0,false
read,52.82,key_18,1,false
read,54.41,key_9,0,false
read,53.43,key_7,0,false
read,54.20,key_7,0,false
read,54.70,key_7,0,false
read,56.14,key_5,0,false
read,53.44,key_5,0,false
read,53.73,key_6,0,false
read,57.27,key_12,0,false
read,59.13,key_7,0,false
read,55.67,key_18,1,false
read,57.58,key_4,2,false
read,56.93,key_19,1,false
read,60.23,key_18,1,false
read,56.35,key_15,0,false
read,58.85,key_18,1,false
read,58.46,key_17,0,false
read,56.01,key_6,0,false
read,58.67,key_15,0,false
read,59.74,key_0,0,false
read,56.73,key_8,1,false
read,55.48,key_6,0,false
read,61.28,key_5,0,false
read,52.34,key_18,1,false
read,57.65,key_5,0,false
read,55.35,key_10,0,false
read,57.63,key_1,0,false
read,60.33,key_17,0,false
read,56.48,key_5,0,false
read,55.89,key_14,0,false
read,55.99,key_15,0,false
read,56.45,key_17,0,false
read,56.19,key_4,2,false
read,56.83,key_15,0,false
read,55.83,key_18,1,false
read,55.93,key_1,0,false
read,55.80,key_16,1,false
read,58.98,key_2,0,false
read,59.36,key_1,0,false
read,55.15,key_14,0,false
read,56.41,key_16,1,false
read,56.37,key_9,0,false
read,56.04,key_12,0,false
read,56.48,key_17,0,false
write,4.56,key_10,1,false
read,53.54,key_2,0,false
read,54.71,key_2,0,false
read,57.62,key_12,0,false
read,57.40,key_12,0,false
read,58.64,key_14,0,false
read,57.96,key_4,2,false
read,59.15,key_3,3,false
read,56.49,key_15,0,false
read,61.11,key_2,0,false
read,58.37,key_8,1,false
read,52.87,key_13,0,false
read,54.02,key_3,3,false
read,55.02,key_9,0,false
read,55.01,key_14,0,false
read,51.91,key_6,0,false
read,57.67,key_18,1,false
read,55.85,key_0,0,false
read,56.11,key_0,0,false
read,56.10,key_18,1,false
read,56.33,key_11,1,false
write,0.62,key_12,1,false
read,52.12,key_4,2,false
read,55.44,key_17,0,false
read,55.06,key_19,1,false
read,54.66,key_19,1,false
read,55.10,key_12,1,false
read,53.34,key_18,1,false
read,53.29,key_17,0,false
read,55.13,key_17,0,false
read,54.97,key_2,0,false
read,54.78,key_11,1,false
read,52.60,key_9,0,false
read,51.93,key_4,2,false
read,53.92,key_16,1,false
read,52.84,key_4,2,false
read,56.88,key_5,0,false
read,56.49,key_16,1,false
read,56.33,key_12,1,false
read,57.84,key_13,0,false
read,57.24,key_0,0,false
read,56.79,key_18,1,false
read,55.58,key_9,0,false
read,52.92,key_8,1,false
read,55.64,key_7,0,false
read,53.05,key_8,1,false
read,54.17,key_15,0,false
read,55.36,key_15,0,false
read,53.19,key_5,0,false
read,55.00,key_9,0,false
read,54.94,key_15,0,false
read,55.53,key_13,0,false
read,52.95,key_8,1,false
read,52.93,key_19,1,false
read,55.99,key_12,1,false
read,52.24,key_0,0,false
read,52.88,key_10,1,false
read,55.19,key_12,1,false
read,51.75,key_8,1,false
read,54.94,key_9,0,false
read,54.48,key_2,0,false
read,54.99,key_17,0,false
read,52.69,key_16,1,false
read,52.72,key_1,0,false
read,53.95,key_12,1,false
read,52.74,key_18,1,false
read,53.59,key_4,2,false
read,57.57,key_6,0,false
read,53.16,key_0,0,false
read,56.53,key_18,1,false
read,54.18,key_17,0,false
read,54.30,key_10,1,false
read,55.94,key_12,1,false
read,55.95,key_8,1,false
read,55.03,key_3,3,false
read,58.46,key_9,0,false
read,54.42,key_19,1,false
read,55.46,key_16,1,false
read,59.38,key_14,0,false
read,53.97,key_7,0,false
read,55.53,key_13,0,false
read,55.53,key_8,1,false
read,54.16,key_17,0,false
read,54.16,key_16,1,false
read,52.09,key_12,1,false
read,51.87,key_2,0,false
read,52.21,key_9,0,false
read,52.37,key_0,0,false
read,53.87,key_3,3,false
read,53.92,key_0,0,false
read,53.96,key_8,1,false
read,55.09,key_4,2,false
read,52.78,key_1,0,false
read,55.92,key_14,0,false
read,52.24,key_14,0,false
read,53.41,key_1,0,false
read,53.90,key_8,1,false
read,55.80,key_13,0,false
read,56.66,key_1,0,false
read,55.86,key_2,0,false
read,53.89,key_12,1,false
read,55.72,key_4,2,false
read,56.11,key_4,2,false
read,54.91,key_8,1,false
read,52.54,key_19,1,false
read,53.79,key_12,1,false
read,52.85,key_3,3,false
read,52.64,key_12,1,false
read,55.34,key_12,1,false
read,55.79,key_18,1,false
read,55.94,key_15,0,false
read,54.21,key_11,1,false
read,55.81,key_1,0,false
read,55.89,key_2,0,false
read,52.40,key_0,0,false
read,54.81,key_1,0,false
read,54.28,key_18,1,false
read,57.20,key_17,0,false
read,52.80,key_11,1,false
read,52.89,key_3,3,false
read,54.21,key_14,0,false
read,54.08,key_19,1,false
read,52.25,key_4,2,false
read,55.81,key_14,0,false
read,52.34,key_3,3,false
read,56.61,key_8,1,false
read,53.70,key_17,0,false
read,54.71,key_6,0,false
read,54.52,key_1,0,false
read,52.28,key_0,0,false
read,52.44,key_13,0,false
read,54.67,key_1,0,false
read,53.15,key_19,1,false
read,54.77,key_14,0,false
read,51.99,key_17,0,false
read,52.18,key_17,0,false
read,55.46,key_2,0,false
read,53.88,key_19,1,false
read,54.34,key_11,1,false
read,51.43,key_1,0,false
read,52.36,key_15,0,false
read,54.12,key_18,1,false
read,55.06,key_5,0,false
read,55.07,key_9,0,false
read,56.19,key_18,1,false
read,51.61,key_10,1,false
read,51.63,key_11,1,false
read,56.17,key_2,0,false
read,51.48,key_2,0,false
read,56.40,key_8,1,false
read,55.21,key_7,0,false
read,54.72,key_2,0,false
read,55.65,key_0,0,false
read,55.68,key_11,1,false
read,51.65,key_7,0,false
read,52.00,key_0,0,false
read,51.92,key_11,1,false
read,54.92,key_4,2,false
read,55.19,key_8,1,false
read,51.96,key_9,0,false
read,55.01,key_3,3,false
read,54.35,key_1,0,false
read,53.34,key_10,1,false
read,53.32,key_19,1,false
read,53.53,key_11,1,false
read,54.87,key_19,1,false
read,56.33,key_18,1,false
read,53.87,key_10,1,false
read,56.12,key_17,0,false
read,54.71,key_2,0,false
read,53.83,key_4,2,false
read,51.89,key_1,0,false
read,52.28,key_16,1,false
read,52.25,key_16,1,false
read,56.68,key_0,0,false
read,53.91,key_3,3,false
read,57.70,key_16,1,false
read,57.42,key_6,0,false
read,54.65,key_12,1,false
read,51.88,key_12,1,false
read,52.25,key_4,2,false
read,51.71,key_17,0,false
read,57.45,key_18,1,false
read,58.19,key_0,0,false
read,53.15,key_16,1,false
read,55.33,key_19,1,false
read,51.85,key_5,0,false
read,54.69,key_13,0,false
read,54.15,key_16,1,false
read,55.81,key_8,1,false
read,55.56,key_11,1,false
read,55.08,key_6,0,false
read,52.40,key_15,0,false
read,53.12,key_13,0,false
read,52.61,key_18,1,false
read,52.48,key_10,1,false
read,52.24,key_15,0,false
read,51.22,key_1,0,false
read,55.03,key_3,3,false
read,52.60,key_4,2,false
read,56.15,key_15,0,false
read,57.99,key_13,0,false
read,51.97,key_2,0,false
read,51.97,key_1,0,false
read,52.67,key_11,1,false
read,55.22,key_11,1,false
read,52.93,key_2,0,false
read,55.31,key_18,1,false
read,53.93,key_13,0,false
read,53.04,key_13,0,false
read,54.92,key_3,3,false
read,52.26,key_9,0,false
read,57.75,key_6,0,false
read,57.75,key_14,0,false
read,51.90,key_6,0,false
read,53.30,key_8,1,false
read,51.80,key_9,0,false
read,55.91,key_6,0,false
read,56.86,key_15,0,false
read,56.90,key_8,1,false
read,53.28,key_8,1,false
read,52.48,key_15,0,false
read,55.77,key_17,0,false
read,52.80,key_14,0,false
read,57.63,key_17,0,false
read,55.23,key_2,0,false
read,55.23,key_3,3,false
read,52.52,key_15,0,false
read,56.95,key_11,1,false
read,57.73,key_4,2,false
read,52.37,key_11,1,false
read,54.84,key_15,0,false
read,56.87,key_16,1,false
read,55.06,key_5,0,false
read,55.12,key_12,1,false
read,54.75,key_9,0,false
read,55.05,key_2,0,false
read,54.93,key_5,0,false
read,51.77,key_2,0,false
read,55.98,key_12,1,false
read,54.92,key_8,1,false
read,55.10,key_1,0,false
read,56.35,key_1,0,false
read,52.04,key_10,1,false
read,57.08,key_2,0,false
read,53.15,key_2,0,false
read,56.45,key_2,0,false
read,58.53,key_10,1,false
read,52.96,key_17,0,false
read,52.26,key_12,1,false
read,54.30,key_12,1,false
read,54.99,key_10,1,false
read,54.27,key_13,0,false
read,52.44,key_12,1,false
read,56.27,key_10,1,false
read,56.99,key_12,1,false
read,56.29,key_14,0,false
read,55.94,key_14,0,false
read,51.76,key_8,1,false
read,56.79,key_18,1,false
read,53.73,key_4,2,false
read,54.23,key_5,0,false
read,53.18,key_8,1,false
read,60.21,key_3,3,false
read,59.85,key_12,1,false
read,60.96,key_2,0,false
read,59.54,key_15,0,false
read,61.09,key_12,1,false
read,58.17,key_9,0,false
read,56.40,key_14,0,false
read,61.24,key_11,1,false
read,52.03,key_10,1,false
read,57.23,key_15,0,false
read,54.04,key_2,0,false
read,53.24,key_4,2,false
read,55.48,key_3,3,false
read,55.64,key_18,1,false
read,57.35,key_3,3,false
read,57.59,key_16,1,false
read,57.35,key_5,0,false
read,62.92,key_10,1,false
read,65.47,key_6,0,false
read,56.73,key_6,0,false
read,60.52,key_16,1,false
read,54.28,key_13,0,false
read,52.77,key_5,0,false
read,55.80,key_19,1,false
read,55.83,key_8,1,false
read,56.62,key_7,0,false
read,60.82,key_10,1,false
read,55.09,key_15,0,false
read,54.93,key_9,0,false
read,51.51,key_19,1,false
read,53.81,key_5,0,false
read,53.77,key_5,0,false
read,54.61,key_11,1,false
read,54.80,key_14,0,false
read,54.84,key_5,0,false
read,53.94,key_3,3,false
read,53.31,key_19,1,false
read,52.85,key_19,1,false
read,52.43,key_18,1,false
read,52.62,key_15,0,false
read,52.15,key_16,1,false
read,57.39,key_11,1,false
read,57.23,key_2,0,false
read,51.22,key_11,1,false
read,53.19,key_1,0,false
read,51.81,key_5,0,false
read,54.27,key_10,1,false
read,52.10,key_11,1,false
read,54.15,key_6,0,false
read,52.38,key_9,0,false
read,54.91,key_2,0,false
read,52.85,key_2,0,false
read,53.84,key_11,1,false
read,51.89,key_4,2,false
read,54.09,key_14,0,false
read,53.74,key_6,0,false
read,52.73,key_2,0,false
read,51.77,key_7,0,false
read,53.46,key_15,0,false
read,53.49,key_15,0,false
read,51.77,key_7,0,false
read,51.86,key_3,3,false
read,53.03,key_10,1,false
read,52.81,key_2,0,false
read,54.66,key_16,1,false
read,55.32,key_17,0,false
read,54.82,key_12,1,false
read,54.44,key_6,0,false
read,53.42,key_1,0,false
read,55.93,key_7,0,false
read,53.87,key_18,1,false
read,54.21,key_8,1,false
read,51.72,key_18,1,false
read,54.08,key_8,1,false
read,53.83,key_3,3,false
read,54.49,key_9,0,false
read,52.70,key_10,1,false
read,52.19,key_3,3,false
read,54.36,key_8,1,false
read,52.71,key_0,0,false
read,55.59,key_0,0,false
read,53.20,key_15,0,false
read,56.31,key_11,1,false
read,54.97,key_4,2,false
read,53.69,key_13,0,false
read,53.31,key_15,0,false
read,53.18,key_9,0,false
read,54.65,key_8,1,false
read,54.87,key_17,0,false
read,61.40,key_13,0,false
read,57.27,key_11,1,false
read,53.09,key_18,1,false
read,52.47,key_19,1,false
read,54.97,key_16,1,false
read,55.17,key_3,3,false
read,57.48,key_0,0,false
read,55.33,key_7,0,false
read,52.89,key_5,0,false
read,54.06,key_15,0,false
read,56.47,key_17,0,false
read,56.43,key_14,0,false
read,53.57,key_14,0,false
read,53.43,key_12,1,false
read,53.70,key_2,0,false
read,58.38,key_5,0,false
read,58.43,key_16,1,false
read,55.48,key_7,0,false
read,52.36,key_11,1,false
read,56.72,key_18,1,false
read,55.30,key_0,0,false
read,53.71,key_4,2,false
read,58.53,key_19,1,false
read,55.39,key_9,0,false
read,56.96,key_13,0,false
read,60.58,key_17,0,false
read,59.15,key_14,0,false
read,60.94,key_14,0,false
read,58.84,key_11,1,false
read,61.14,key_8,1,false
read,56.80,key_5,0,false
read,53.75,key_8,1,false
read,53.04,key_12,1,false
read,58.52,key_9,0,false
read,55.97,key_11,1,false
read,55.65,key_14,0,false
read,58.02,key_10,1,false
read,56.61,key_19,1,false
read,56.70,key_6,0,false
read,57.82,key_12,1,false
read,56.12,key_17,0,false
read,54.38,key_8,1,false
read,54.34,key_6,0,false
read,54.39,key_2,0,false
read,55.65,key_13,0,false
read,56.68,key_5,0,false
read,57.33,key_9,0,false
read,58.77,key_9,0,false
read,55.25,key_18,1,false
read,56.43,key_2,0,false
read,55.30,key_4,2,false
read,55.27,key_18,1,false
read,55.31,key_14,0,false
read,54.90,key_14,0,false
read,56.63,key_19,1,false
read,64.04,key_16,1,false
read,64.13,key_17,0,false
read,59.18,key_1,0,false
read,59.21,key_0,0,false
read,61.30,key_13,0,false
read,53.11,key_10,1,false
read,54.46,key_18,1,false
read,53.57,key_18,1,false
read,54.90,key_1,0,false
read,52.85,key_3,3,false
read,53.02,key_7,0,false
read,55.33,key_1,0,false
read,54.18,key_1,0,false
read,55.11,key_7,0,false
read,54.28,key_5,0,false
read,55.81,key_19,1,false
read,55.30,key_12,1,false
read,52.32,key_1,0,false
read,51.77,key_17,0,false
read,53.65,key_16,1,false
read,57.04,key_13,0,false
read,55.07,key_8,1,false
read,55.65,key_3,3,false
read,57.88,key_12,1,false
read,55.85,key_5,0,false
read,52.65,key_14,0,false
read,55.04,key_10,1,false
read,53.80,key_12,1,false
read,51.66,key_15,0,false
read,55.02,key_15,0,false
read,53.94,key_16,1,false
read,52.29,key_14,0,false
read,52.33,key_8,1,false
read,53.92,key_6,0,false
read,53.65,key_11,1,false
read,54.47,key_2,0,false
read,52.89,key_3,3,false
read,54.96,key_8,1,false
read,51.64,key_14,0,false
read,52.79,key_19,1,false
read,55.45,key_1,0,false
read,52.31,key_1,0,false
read,52.35,key_12,1,false
read,54.07,key_0,0,false
read,53.78,key_2,0,false
read,52.01,key_1,0,false
read,55.99,key_19,1,false
read,55.78,key_13,0,false
read,53.05,key_6,0,false
read,55.95,key_2,0,false
read,51.89,key_3,3,false
read,51.88,key_10,1,false
read,51.69,key_4,2,false
read,56.29,key_0,0,false
read,56.00,key_1,0,false
read,52.55,key_6,0,false
read,52.53,key_11,1,false
read,53.05,key_1,0,false
read,55.64,key_17,0,false
read,55.17,key_17,0,false
read,55.15,key_12,1,false
read,55.14,key_5,0,false
read,55.32,key_17,0,false
read,55.43,key_8,1,false
read,56.73,key_2,0,false
read,59.56,key_14,0,false
read,59.62,key_7,0,false
read,55.15,key_7,0,false
read,53.52,key_2,0,false
read,55.86,key_10,1,false
read,55.53,key_16,1,false
read,52.42,key_14,0,false
read,55.18,key_15,0,false
read,54.33,key_9,0,false
read,55.68,key_9,0,false
read,53.35,key_8,1,false
read,53.18,key_12,1,false
read,54.21,key_2,0,false
read,59.49,key_19,1,false
read,58.77,key_17,0,false
read,55.65,key_9,0,false
read,60.50,key_18,1,false
read,57.39,key_12,1,false
read,56.37,key_10,1,false
read,54.32,key_17,0,false
read,59.05,key_8,1,false
read,59.05,key_4,2,false
read,53.68,key_6,0,false
read,55.45,key_2,0,false
read,54.60,key_8,1,false
read,54.67,key_1,0,false
read,60.35,key_11,1,false
read,57.38,key_4,2,false
read,57.89,key_2,0,false
read,55.18,key_10,1,false
read,57.23,key_6,0,false
read,55.47,key_5,0,false
read,54.52,key_4,2,false
read,59.96,key_10,1,false
read,55.70,key_6,0,false
read,56.35,key_0,0,false
read,58.44,key_9,0,false
read,58.30,key_19,1,false
read,57.44,key_18,1,false
read,56.80,key_8,1,false
read,55.17,key_18,1,false
read,58.83,key_5,0,false
read,55.83,key_8,1,false
read,58.38,key_16,1,false
read,58.45,key_10,1,false
read,57.68,key_0,0,false
read,57.52,key_16,1,false
read,57.60,key_17,0,false
read,59.45,key_2,0,false
read,57.65,key_12,1,false
read,58.44,key_10,1,false
read,62.78,key_5,0,false
read,61.20,key_17,0,false
read,60.40,key_8,1,false
read,60.41,key_1,0,false
read,68.09,key_3,3,false
read,62.25,key_18,1,false
read,61.22,key_1,0,false
read,63.97,key_3,3,false
read,62.42,key_3,3,false
read,66.04,key_6,0,false
read,62.34,key_7,0,false
read,62.42,key_7,0,false
read,63.51,key_0,0,false
read,62.77,key_19,1,false
read,63.67,key_16,1,false
read,63.79,key_9,0,false
read,62.76,key_19,1,false
read,63.79,key_11,1,false
read,63.00,key_0,0,false
read,54.97,key_10,1,false
read,54.81,key_19,1,false
read,55.39,key_13,0,false
read,58.02,key_1,0,false
read,58.34,key_17,0,false
read,58.48,key_13,0,false
read,58.58,key_11,1,false
read,58.88,key_7,0,false
read,59.08,key_16,1,false
read,59.41,key_4,2,false
read,58.49,key_5,0,false
read,55.41,key_5,0,false
read,54.49,key_18,1,false
read,55.13,key_8,1,false
read,55.24,key_1,0,false
read,58.70,key_4,2,false
read,58.74,key_17,0,false
read,58.73,key_7,0,false
read,58.28,key_13,0,false
read,58.66,key_14,0,false
read,61.70,key_8,1,false
read,61.67,key_17,0,false
read,61.98,key_13,0,false
read,62.16,key_12,1,false
read,62.19,key_16,1,false
read,62.15,key_6,0,false
read,62.25,key_4,2,false
read,59.59,key_4,2,false
read,59.66,key_8,1,false
read,59.69,key_10,1,false
read,58.06,key_3,3,false
read,58.63,key_11,1,false
read,56.97,key_1,0,false
read,58.72,key_2,0,false
read,57.09,key_17,0,false
read,58.58,key_14,0,false
read,58.43,key_6,0,false
read,58.52,key_0,0,false
read,58.66,key_7,0,false
read,57.38,key_14,0,false
read,62.03,key_16,1,false
read,62.34,key_19,1,false
read,62.31,key_19,1,false
read,62.07,key_1,0,false
read,62.12,key_8,1,false
read,62.07,key_10,1,false
read,62.13,key_11,1,false
read,62.18,key_16,1,false
read,62.50,key_0,0,false
read,62.19,key_14,0,false
read,59.19,key_14,0,false
read,59.17,key_12,1,false
read,59.31,key_7,0,false
read,59.30,key_10,1,false
read,59.22,key_15,0,false
read,59.04,key_13,0,false
read,59.42,key_8,1,false
read,59.52,key_19,1,false
read,59.71,key_1,0,false
read,59.85,key_13,0,false
read,56.10,key_2,0,false
read,56.20,key_14,0,false
read,56.83,key_15,0,false
read,56.97,key_8,1,false
read,59.14,key_6,0,false
read,60.03,key_2,0,false
read,60.41,key_0,0,false
read,60.47,key_18,1,false
read,60.34,key_6,0,false
read,61.43,key_13,0,false
read,60.37,key_19,1,false
read,64.27,key_2,0,false
read,64.30,key_13,0,false
read,60.28,key_7,0,false
read,59.51,key_10,1,false
read,60.44,key_4,2,false
read,60.47,key_6,0,false
read,64.10,key_13,0,false
read,61.95,key_12,1,false
read,64.17,key_17,0,false
write,4.52,key_16,2,false
read,60.39,key_18,1,false
read,60.17,key_0,0,false
read,60.31,key_5,0,false
read,60.42,key_0,0,false
read,60.40,key_12,1,false
read,60.54,key_12,1,false
read,60.42,key_15,0,false
read,60.41,key_13,0,false
read,60.64,key_17,0,false
read,55.72,key_14,0,false
read,59.50,key_1,0,false
read,59.49,key_13,0,false
read,59.39,key_7,0,false
read,59.65,key_18,1,false
read,59.56,key_18,1,false
read,59.70,key_0,0,false
read,59.67,key_3,3,false
read,59.87,key_14,0,false
read,59.96,key_8,1,false
read,59.78,key_1,0,false
write,2.94,key_15,1,false
read,56.63,key_3,3,false
read,56.89,key_8,1,false
read,56.59,key_17,0,false
read,56.75,key_9,0,false
read,59.54,key_12,1,false
read,59.40,key_18,1,false
read,59.74,key_0,0,false
read,56.76,key_6,0,false
read,59.64,key_19,1,false
read,60.39,key_19,1,false
read,56.62,key_7,0,false
read,56.60,key_4,2,false
read,55.44,key_7,0,false
read,57.63,key_17,0,false
read,57.45,key_10,1,false
read,59.29,key_13,0,false
read,59.33,key_18,1,false
read,62.39,key_17,0,false
read,62.40,key_2,0,false
read,58.85,key_18,1,false
read,59.23,key_13,0,false
read,57.45,key_15,1,false
read,53.39,key_9,0,false
read,53.48,key_8,1,false
read,58.87,key_8,1,false
read,63.99,key_3,3,false
read,60.18,key_11,1,false
read,58.56,key_13,0,false
read,58.65,key_6,0,false
read,58.39,key_9,0,false
read,58.03,key_5,0,false
read,57.98,key_1,0,false
read,54.43,key_6,0,false
read,60.97,key_3,3,false
read,61.56,key_17,0,false
read,56.73,key_2,0,false
read,56.91,key_0,0,false
read,56.67,key_19,1,false
read,56.82,key_18,1,false
read,58.99,key_0,0,false
read,61.85,key_15,1,false
read,58.32,key_11,1,false
read,58.38,key_14,0,false
read,58.24,key_3,3,false
read,61.99,key_19,1,false
read,59.01,key_2,0,false
read,58.23,key_8,1,false
read,58.53,key_12,1,false
read,57.64,key_2,0,false
read,60.86,key_0,0,false
read,64.10,key_14,0,false
read,64.40,key_2,0,false
read,64.46,key_6,0,false
read,64.42,key_1,0,false
read,64.63,key_7,0,false
read,64.56,key_8,1,false
read,64.80,key_2,0,false
read,64.77,key_9,0,false
read,64.68,key_14,0,false
read,64.81,key_9,0,false
read,55.29,key_2,0,false
read,55.57,key_14,0,false
read,55.85,key_2,0,false
read,61.44,key_4,2,false
read,61.49,key_15,1,false
read,62.05,key_7,0,false
read,62.70,key_6,0,false
read,64.25,key_14,0,false
read,64.89,key_13,0,false
read,64.92,key_18,1,false
read,58.82,key_14,0,false
read,59.39,key_6,0,false
read,53.20,key_4,2,false
read,59.61,key_11,1,false
read,55.75,key_17,0,false
read,54.06,key_13,0,false
read,58.16,key_18,1,false
read,58.09,key_7,0,false
read,57.09,key_12,1,false
read,58.12,key_17,0,false
read,52.20,key_0,0,false
read,54.33,key_17,0,false
read,55.50,key_0,0,false
read,55.80,key_16,2,false
read,52.30,key_7,0,false
read,56.38,key_11,1,false
read,56.62,key_8,1,false
read,55.37,key_15,1,false
read,57.27,key_12,1,false
read,54.71,key_16,2,false
read,54.13,key_17,0,false
read,52.17,key_10,1,false
read,55.68,key_8,1,false
read,56.71,key_17,0,false
read,56.74,key_14,0,false
read,54.33,key_14,0,false
read,56.38,key_8,1,false
read,54.48,key_8,1,false
read,53.81,key_6,0,false
read,54.31,key_9,0,false
read,54.97,key_6,0,false
read,53.44,key_2,0,false
read,55.90,key_0,0,false
read,53.77,key_12,1,false
read,57.24,key_0,0,false
read,54.65,key_8,1,false
read,52.57,key_11,1,false
read,52.53,key_14,0,false
read,55.18,key_0,0,false
read,55.83,key_0,0,false
write,3.39,key_19,2,false
read,53.65,key_5,0,false
read,71.62,key_18,1,false
read,77.41,key_11,1,false
read,71.05,key_19,2,false
read,71.50,key_0,0,false
read,70.12,key_10,1,false
read,67.18,key_18,1,false
read,68.04,key_19,2,false
read,68.10,key_0,0,false
read,71.64,key_4,2,false
read,53.59,key_11,1,false
read,53.56,key_5,0,false
read,77.61,key_3,3,false
read,54.05,key_14,0,false
read,56.11,key_16,2,false
read,56.48,key_1,0,false
read,56.70,key_1,0,false
read,56.69,key_7,0,false
read,63.87,key_5,0,false
read,65.56,key_18,1,false
read,52.27,key_13,0,false
read,53.86,key_17,0,false
read,52.81,key_16,2,false
read,55.33,key_18,1,false
read,55.19,key_8,1,false
read,55.17,key_6,0,false
read,55.29,key_15,1,false
read,56.57,key_16,2,false
read,52.55,key_9,0,false
read,54.96,key_16,2,false
read,52.65,key_3,3,false
read,57.54,key_14,0,false
read,54.20,key_17,0,false
read,56.06,key_4,2,false
read,55.73,key_5,0,false
read,57.12,key_0,0,false
read,57.06,key_16,2,false
read,52.49,key_11,1,false
read,57.06,key_14,0,false
write,1.80,key_16,3,false
read,55.05,key_4,2,false
read,52.32,key_7,0,false
read,54.63,key_12,1,false
read,52.64,key_19,2,false
read,52.60,key_19,2,false
read,52.08,key_6,0,false
read,52.05,key_11,1,false
read,53.57,key_2,0,false
read,51.86,key_4,2,false
read,56.12,key_10,1,false
read,52.89,key_19,2,false
read,53.32,key_6,0,false
read,53.28,key_14,0,false
read,53.40,key_4,2,false
read,55.16,key_18,1,false
read,53.32,key_1,0,false
read,55.54,key_1,0,false
read,55.21,key_5,0,false
read,55.58,key_17,0,false
read,51.57,key_12,1,false
read,52.73,key_19,2,false
read,52.33,key_9,0,false
read,52.25,key_4,2,false
read,55.67,key_7,0,false
read,54.41,key_18,1,false
read,52.92,key_19,2,false
read,53.34,key_7,0,false
read,54.09,key_14,0,false
read,55.26,key_13,0,false
read,55.29,key_15,1,false
write,0.75,key_12,2,false
read,52.34,key_7,0,false
read,52.40,key_6,0,false
read,55.86,key_13,0,false
read,52.37,key_4,2,false
read,56.87,key_14,0,false
read,51.99,key_17,0,false
read,51.97,key_5,0,false
read,52.63,key_0,0,false
read,55.58,key_18,1,false
read,55.07,key_10,1,false
read,54.57,key_6,0,false
read,53.67,key_16,3,false
read,53.92,key_5,0,false
read,58.22,key_7,0,false
read,53.66,key_5,0,false
read,57.80,key_11,1,false
read,54.97,key_15,1,false
read,54.57,key_4,2,false
read,56.60,key_10,1,false
read,54.67,key_14,0,false
read,56.93,key_13,0,false
read,51.44,key_10,1,false
read,53.06,key_13,0,false
read,53.21,key_8,1,false
read,57.43,key_9,0,false
read,54.96,key_9,0,false
read,55.52,key_18,1,false
read,54.45,key_10,1,false
read,52.36,key_4,2,false
read,53.68,key_4,2,false
read,61.62,key_15,1,false
read,55.27,key_19,2,false
read,54.94,key_7,0,false
read,56.10,key_16,3,false
read,56.13,key_16,3,false
read,54.35,key_9,0,false
read,53.23,key_17,0,false
read,56.06,key_11,1,false
read,55.04,key_9,0,false
read,55.30,key_2,0,false
read,51.80,key_10,1,false
read,52.55,key_8,1,false
read,59.80,key_10,1,false
read,53.10,key_19,2,false
read,53.10,key_19,2,false
read,55.38,key_6,0,false
read,52.94,key_18,1,false
read,58.25,key_12,2,false
read,58.11,key_8,1,false
read,58.65,key_5,0,false
read,51.38,key_14,0,false
read,53.87,key_0,0,false
read,53.86,key_18,1,false
read,55.18,key_5,0,false
read,55.18,key_4,2,false
read,52.89,key_3,3,false
read,51.94,key_16,3,false
read,54.77,key_6,0,false
read,55.20,key_1,0,false
read,54.33,key_2,0,false
read,56.50,key_17,0,false
read,52.56,key_1,0,false
read,52.68,key_11,1,false
read,52.87,key_9,0,false
read,52.94,key_14,0,false
read,54.88,key_14,0,false
read,52.73,key_4,2,false
read,56.12,key_5,0,false
read,54.48,key_7,0,false
read,54.55,key_10,1,false
read,55.49,key_0,0,false
read,52.40,key_9,0,false
read,52.29,key_13,0,false
read,56.58,key_14,0,false
read,55.50,key_13,0,false
read,56.85,key_13,0,false
read,51.83,key_4,2,false
read,54.89,key_16,3,false
read,54.12,key_6,0,false
read,56.49,key_6,0,false
read,56.80,key_12,2,false
read,52.96,key_2,0,false
read,52.51,key_14,0,false
read,55.02,key_3,3,false
read,56.09,key_0,0,false
read,54.66,key_12,2,false
read,53.68,key_11,1,false
read,52.74,key_2,0,false
read,52.47,key_5,0,false
read,52.17,key_15,1,false
read,54.72,key_0,0,false
read,53.43,key_8,1,false
read,55.00,key_0,0,false
read,52.37,key_13,0,false
read,55.34,key_3,3,false
read,55.51,key_15,1,false
read,56.14,key_19,2,false
read,56.58,key_2,0,false
read,53.93,key_2,0,false
read,54.32,key_3,3,false
read,53.52,key_1,0,false
read,56.18,key_11,1,false
read,54.95,key_1,0,false
read,51.59,key_5,0,false
read,55.38,key_16,3,false
read,55.68,key_9,0,false
read,55.46,key_0,0,false
read,53.47,key_8,1,false
read,53.18,key_15,1,false
read,52.74,key_2,0,false
read,53.36,key_7,0,false
read,55.30,key_15,1,false
read,56.92,key_6,0,false
read,55.67,key_0,0,false
read,53.05,key_1,0,false
read,57.91,key_1,0,false
read,52.58,key_8,1,false
read,52.83,key_16,3,false
read,55.68,key_6,0,false
read,56.51,key_12,2,false
read,55.39,key_1,0,false
read,52.48,key_13,0,false
read,55.65,key_4,2,false
read,52.29,key_6,0,false
read,55.00,key_15,1,false
read,51.98,key_5,0,false
read,52.59,key_15,1,false
read,56.31,key_3,3,false
read,55.42,key_7,0,false
read,52.30,key_19,2,false
read,56.00,key_5,0,false
read,53.42,key_18,1,false
read,56.38,key_16,3,false
read,53.67,key_0,0,false
read,55.27,key_2,0,false
read,52.41,key_8,1,false
read,52.53,key_4,2,false
read,56.07,key_5,0,false
read,57.67,key_14,0,false
read,57.72,key_18,1,false
read,54.61,key_19,2,false
read,53.98,key_8,1,false
read,57.95,key_18,1,false
read,52.27,key_18,1,false
read,55.61,key_7,0,false
read,55.23,key_9,0,false
read,52.73,key_18,1,false
read,52.75,key_18,1,false
read,52.92,key_3,3,false
read,56.07,key_6,0,false
read,54.71,key_9,0,false
read,53.62,key_0,0,false
read,52.12,key_15,1,false
read,52.44,key_2,0,false
read,55.88,key_18,1,false
read,53.09,key_10,1,false
read,54.14,key_4,2,false
read,51.76,key_11,1,false
read,52.37,key_9,0,false
read,55.99,key_14,0,false
read,52.06,key_12,2,false
read,52.30,key_12,2,false
read,54.07,key_7,0,false
read,55.99,key_5,0,false
read,52.39,key_10,1,false
read,54.11,key_18,1,false
read,51.27,key_8,1,false
read,54.80,key_8,1,false
read,53.00,key_17,0,false
write,2.17,key_11,2,false
read,55.89,key_11,1,true
read,55.92,key_18,1,false
read,53.78,key_9,0,false
read,53.36,key_13,0,false
read,56.60,key_9,0,false
read,55.44,key_9,0,false
read,56.61,key_17,0,false
read,55.04,key_8,1,false
read,52.29,key_13,0,false
read,52.70,key_13,0,false
read,53.56,key_16,3,false
read,53.61,key_9,0,false
read,54.17,key_9,0,false
read,57.93,key_6,0,false
read,62.37,key_2,0,false
read,58.50,key_2,0,false
read,58.43,key_9,0,false
read,58.46,key_12,2,false
read,53.39,key_5,0,false
read,56.17,key_5,0,false
read,52.20,key_6,0,false
read,55.51,key_16,3,false
read,55.51,key_7,0,false
read,60.34,key_18,1,false
read,58.08,key_3,3,false
read,63.89,key_7,0,false
read,62.93,key_17,0,false
read,60.52,key_2,0,false
read,62.88,key_17,0,false
read,62.53,key_11,2,false
read,58.41,key_13,0,false
read,54.43,key_15,1,false
read,55.01,key_10,1,false
read,55.06,key_0,0,false
read,55.08,key_9,0,false
read,55.23,key_10,1,false
read,57.15,key_12,2,false
read,58.94,key_14,0,false
read,58.80,key_2,0,false
read,56.93,key_12,2,false
read,58.66,key_6,0,false
read,59.15,key_18,1,false
read,52.66,key_15,1,false
read,54.56,key_1,0,false
read,57.48,key_15,1,false
read,54.20,key_18,1,false
read,58.08,key_15,1,false
read,58.09,key_14,0,false
read,56.09,key_1,0,false
read,57.77,key_17,0,false
read,57.74,key_1,0,false
read,61.29,key_8,1,false
read,54.80,key_7,0,false
read,56.00,key_0,0,false
read,56.20,key_3,3,false
read,60.04,key_4,2,false
read,60.29,key_5,0,false
read,59.09,key_19,2,false
read,57.53,key_18,1,false
read,60.84,key_14,0,false
read,54.93,key_2,0,false
read,58.65,key_4,2,false
read,52.61,key_18,1,false
read,53.15,key_2,0,false
read,52.32,key_15,1,false
read,57.77,key_8,1,false
read,58.45,key_7,0,false
read,54.31,key_15,1,false
read,53.57,key_2,0,false
write,2.67,key_15,2,false
read,56.46,key_16,3,false
read,55.60,key_11,2,false
read,57.13,key_9,0,false
read,54.82,key_6,0,false
read,55.51,key_14,0,false
read,55.34,key_7,0,false
read,52.69,key_11,2,false
read,53.03,key_7,0,false
read,56.83,key_16,3,false
read,55.76,key_13,0,false
read,55.66,key_13,0,false
read,58.36,key_19,2,false
read,56.25,key_15,2,false
read,54.89,key_8,1,false
read,53.46,key_18,1,false
read,55.51,key_3,3,false
read,57.47,key_14,0,false
read,52.58,key_8,1,false
read,52.56,key_10,1,false
read,56.77,key_9,0,false
read,53.35,key_11,2,false
read,57.05,key_7,0,false
read,55.63,key_17,0,false
read,55.41,key_8,1,false
read,53.43,key_16,3,false
read,52.80,key_7,0,false
read,52.94,key_14,0,false
read,57.80,key_11,2,false
read,52.60,key_15,2,false
read,56.95,key_6,0,false
read,54.94,key_1,0,false
read,56.48,key_13,0,false
read,56.51,key_11,2,false
read,53.23,key_0,0,false
read,53.23,key_7,0,false
read,51.97,key_13,0,false
read,52.22,key_17,0,false
read,53.33,key_8,1,false
read,52.88,key_7,0,false
read,53.51,key_3,3,false
read,55.38,key_4,2,false
read,56.23,key_15,2,false
read,56.22,key_16,3,false
read,55.76,key_7,0,false
read,56.53,key_5,0,false
read,55.51,key_5,0,false
read,55.73,key_11,2,false
read,53.44,key_1,0,false
read,55.26,key_0,0,false
read,52.52,key_14,0,false
read,54.79,key_12,2,false
read,56.71,key_5,0,false
read,56.33,key_17,0,false
read,53.30,key_9,0,false
read,52.59,key_19,2,false
read,52.57,key_2,0,false
read,53.72,key_10,1,false
read,53.98,key_11,2,false
read,55.67,key_1,0,false
read,56.95,key_18,1,false
read,55.73,key_1,0,false
read,52.62,key_13,0,false
read,55.85,key_19,2,false
read,51.53,key_8,1,false
read,55.01,key_2,0,false
read,55.17,key_11,2,false
read,56.45,key_11,2,false
read,54.47,key_17,0,false
read,51.84,key_6,0,false
read,56.94,key_0,0,false
read,56.96,key_17,0,false
read,55.91,key_15,2,false
read,55.27,key_6,0,false
read,54.76,key_4,2,false
read,53.37,key_7,0,false
read,55.44,key_13,0,false
read,52.75,key_0,0,false
read,55.85,key_8,1,false
read,51.44,key_6,0,false
read,52.27,key_1,0,false
read,55.05,key_7,0,false
read,55.08,key_7,0,false
read,52.22,key_2,0,false
read,52.07,key_6,0,false
read,57.03,key_7,0,false
read,53.64,key_3,3,false
read,54.61,key_1,0,false
read,55.00,key_10,1,false
read,55.19,key_11,2,false
read,51.87,key_18,1,false
read,51.35,key_1,0,false
read,56.24,key_14,0,false
read,55.54,key_2,0,false
read,55.11,key_2,0,false
read,54.73,key_19,2,false
read,51.41,key_15,2,false
read,54.32,key_4,2,false
read,52.43,key_11,2,false
read,53.98,key_5,0,false
read,52.04,key_14,0,false
read,55.42,key_3,3,false
read,55.62,key_18,1,false
read,55.76,key_8,1,false
read,55.92,key_1,0,false
read,51.70,key_14,0,false
read,55.38,key_14,0,false
read,55.31,key_12,2,false
read,52.05,key_5,0,false
read,56.75,key_8,1,false
read,55.41,key_11,2,false
read,56.20,key_11,2,false
read,52.80,key_3,3,false
read,54.94,key_18,1,false
read,53.42,key_2,0,false
read,53.45,key_14,0,false
read,55.78,key_15,2,false
read,55.95,key_5,0,false
read,56.28,key_0,0,false
read,52.44,key_18,1,false
read,55.61,key_2,0,false
read,55.72,key_18,1,false
read,54.34,key_12,2,false
read,52.80,key_2,0,false
read,54.72,key_2,0,false
read,54.70,key_10,1,false
read,56.90,key_10,1,false
read,52.27,key_9,0,false
read,52.88,key_10,1,false
read,56.10,key_7,0,false
read,55.03,key_13,0,false
read,55.59,key_11,2,false
read,52.28,key_16,3,false
read,55.11,key_7,0,false
read,52.47,key_2,0,false
read,52.50,key_7,0,false
read,51.99,key_5,0,false
read,54.14,key_9,0,false
read,55.67,key_13,0,false
read,55.51,key_9,0,false
read,53.01,key_6,0,false
read,55.78,key_16,3,false
read,52.91,key_9,0,false
read,52.41,key_11,2,false
read,56.46,key_13,0,false
read,56.42,key_13,0,false
read,52.61,key_6,0,false
read,55.67,key_15,2,false
read,51.31,key_11,2,false
read,55.36,key_18,1,false
read,55.80,key_3,3,false
read,57.22,key_16,3,false
read,57.40,key_7,0,false
read,55.60,key_15,2,false
read,54.19,key_8,1,false
read,54.34,key_14,0,false
read,53.03,key_1,0,false
read,56.10,key_1,0,false
read,52.62,key_8,1,false
read,54.82,key_4,2,false
read,52.14,key_14,0,false
read,56.72,key_7,0,false
read,55.43,key_5,0,false
read,56.84,key_12,2,false
write,0.75,key_1,1,false
read,52.19,key_9,0,false
read,56.09,key_19,2,false
read,53.05,key_4,2,false
read,53.10,key_0,0,false
read,55.12,key_7,0,false
read,53.35,key_14,0,false
read,54.27,key_4,2,false
read,55.10,key_0,0,false
read,55.01,key_10,1,false
read,55.12,key_9,0,false
read,52.70,key_16,3,false
read,52.33,key_9,0,false
read,56.95,key_13,0,false
read,56.94,key_18,1,false
read,55.81,key_5,0,false
read,56.36,key_14,0,false
read,51.97,key_5,0,false
read,52.13,key_1,1,false
read,56.01,key_17,0,false
read,55.17,key_4,2,false
read,54.67,key_10,1,false
read,52.58,key_7,0,false
read,56.12,key_5,0,false
read,51.88,key_11,2,false
read,56.36,key_4,2,false
read,52.63,key_15,2,false
read,58.62,key_13,0,false
read,56.55,key_4,2,false
read,60.63,key_10,1,false
read,57.83,key_9,0,false
read,59.23,key_5,0,false
read,60.42,key_10,1,false
read,56.45,key_11,2,false
read,55.74,key_13,0,false
read,57.85,key_11,2,false
read,64.44,key_17,0,false
read,65.57,key_5,0,false
read,53.05,key_11,2,false
read,52.94,key_7,0,false
read,57.07,key_19,2,false
read,54.47,key_3,3,false
read,54.51,key_0,0,false
read,52.89,key_18,1,false
read,53.20,key_15,2,false
read,52.15,key_11,2,false
read,54.24,key_19,2,false
read,52.37,key_19,2,false
read,51.17,key_14,0,false
read,55.42,key_6,0,false
read,51.98,key_11,2,false
read,53.15,key_9,0,false
read,54.34,key_8,1,false
read,52.81,key_6,0,false
read,54.96,key_2,0,false
read,52.88,key_9,0,false
read,52.70,key_13,0,false
read,55.64,key_6,0,false
read,55.67,key_10,1,false
read,56.17,key_15,2,false
read,54.39,key_7,0,false
read,52.38,key_1,1,false
read,55.00,key_8,1,false
read,53.33,key_19,2,false
read,53.52,key_6,0,false
read,52.04,key_1,1,false
read,53.97,key_8,1,false
read,53.02,key_16,3,false
read,52.69,key_15,2,false
read,54.94,key_10,1,false
read,53.89,key_18,1,false
read,53.32,key_0,0,false
read,57.34,key_16,3,false
read,52.75,key_10,1,false
read,55.22,key_11,2,false
read,54.77,key_5,0,false
read,52.97,key_11,2,false
read,52.58,key_11,2,false
read,55.06,key_12,2,false
read,53.16,key_12,2,false
read,52.59,key_12,2,false
read,51.99,key_11,2,false
read,55.56,key_10,1,false
read,52.26,key_16,3,false
read,53.97,key_2,0,false
read,51.86,key_8,1,false
read,55.35,key_4,2,false
read,51.75,key_7,0,false
read,51.78,key_15,2,false
read,54.41,key_13,0,false
read,51.95,key_12,2,false
read,52.44,key_9,0,false
read,52.18,key_0,0,false
read,52.02,key_11,2,false
read,54.88,key_10,1,false
read,51.66,key_1,1,false
read,55.30,key_16,3,false
read,51.62,key_13,0,false
read,51.76,key_14,0,false
read,51.66,key_7,0,false
read,54.85,key_2,0,false
read,52.85,key_5,0,false
read,51.93,key_15,2,false
read,55.82,key_10,1,false
read,51.81,key_11,2,false
write,0.63,key_8,2,false
read,52.80,key_0,0,false
read,52.25,key_11,2,false
read,53.36,key_11,2,false
read,55.04,key_11,2,false
read,55.15,key_5,0,false
read,55.36,key_11,2,false
read,55.10,key_14,0,false
read,54.60,key_8,2,false
read,52.00,key_13,0,false
read,51.55,key_18,1,false
read,54.77,key_16,3,false
read,54.19,key_1,1,false
read,52.82,key_10,1,false
read,56.24,key_8,2,false
read,56.23,key_4,2,false
read,52.47,key_8,2,false
read,52.78,key_12,2,false
read,53.15,key_9,0,false
read,55.65,key_14,0,false
read,54.61,key_14,0,false
read,54.58,key_12,2,false
read,52.22,key_8,2,false
read,52.20,key_19,2,false
read,60.02,key_8,2,false
read,60.05,key_4,2,false
read,59.32,key_3,3,false
read,55.05,key_3,3,false
read,54.29,key_11,2,false
read,54.98,key_7,0,false
read,52.07,key_1,1,false
read,54.66,key_19,2,false
read,54.90,key_7,0,false
read,56.31,key_5,0,false
read,52.28,key_12,2,false
read,52.74,key_3,3,false
read,54.39,key_0,0,false
read,52.03,key_16,3,false
read,52.06,key_10,1,false
read,52.97,key_7,0,false
read,51.68,key_19,2,false
read,51.48,key_10,1,false
read,57.28,key_15,2,false
read,61.90,key_3,3,false
read,52.87,key_8,2,false
read,54.73,key_1,1,false
read,55.28,key_2,0,false
read,53.34,key_16,3,false
read,52.14,key_17,0,false
read,55.31,key_9,0,false
read,51.92,key_7,0,false
read,51.91,key_14,0,false
write,0.72,key_18,2,false
read,55.81,key_10,1,false
read,53.04,key_0,0,false
read,54.95,key_12,2,false
read,52.80,key_7,0,false
read,52.72,key_1,1,false
read,52.31,key_2,0,false
read,52.35,key_18,2,false
read,55.83,key_15,2,false
read,54.81,key_16,3,false
read,55.62,key_1,1,false
read,55.58,key_8,2,false
read,52.13,key_14,0,false
read,54.88,key_17,0,false
read,53.97,key_9,0,false
read,52.43,key_16,3,false
read,52.06,key_13,0,false
read,55.00,key_5,0,false
read,56.17,key_2,0,false
read,52.96,key_11,2,false
read,52.98,key_10,1,false
write,2.56,key_17,1,false
read,53.95,key_0,0,false
read,52.19,key_1,1,false
read,54.85,key_17,1,false
read,52.98,key_2,0,false
write,0.81,key_3,4,false
read,55.31,key_16,3,false
read,52.25,key_13,0,false
read,55.27,key_6,0,false
read,55.74,key_18,2,false
read,55.78,key_19,2,false
read,55.61,key_19,2,false
read,54.90,key_12,2,false
read,51.99,key_8,2,false
read,53.40,key_6,0,false
read,55.24,key_8,2,false
read,51.81,key_16,3,false
read,52.72,key_19,2,false
read,52.79,key_10,1,false
read,56.03,key_1,1,false
read,55.39,key_15,2,false
read,52.97,key_6,0,false
read,54.55,key_12,2,false
read,52.76,key_15,2,false
read,52.74,key_16,3,false
read,51.77,key_19,2,false
read,52.87,key_17,1,false
read,55.88,key_14,0,false
read,55.88,key_18,2,false
read,52.41,key_4,2,false
read,53.95,key_1,1,false
read,52.40,key_7,0,false
read,54.04,key_9,0,false
read,51.88,key_6,0,false
read,52.88,key_7,0,false
read,52.90,key_5,0,false
read,52.82,key_17,1,false
read,52.51,key_3,4,false
read,53.88,key_17,1,false
read,53.23,key_3,4,false
read,54.58,key_16,3,false
read,56.39,key_15,2,false
read,56.40,key_1,1,false
read,55.31,key_15,2,false
read,52.81,key_8,2,false
read,55.99,key_12,2,false
read,56.03,key_18,2,false
read,52.17,key_19,2,false
read,52.45,key_2,0,false
read,52.43,key_12,2,false
read,53.29,key_0,0,false
read,52.06,key_11,2,false
read,54.54,key_11,2,false
read,55.84,key_15,2,false
read,55.38,key_6,0,false
read,53.80,key_17,1,false
read,54.50,key_13,0,false
read,53.44,key_2,0,false
read,52.37,key_11,2,false
read,53.08,key_16,3,false
read,56.73,key_8,2,false
read,51.62,key_15,2,false
read,52.63,key_17,1,false
read,57.40,key_4,2,false
read,54.82,key_11,2,false
read,54.04,key_2,0,false
read,54.67,key_17,1,false
read,52.69,key_1,1,false
read,54.27,key_7,0,false
read,51.89,key_10,1,false
read,52.30,key_19,2,false
read,52.84,key_9,0,false
read,53.78,key_4,2,false
read,52.89,key_9,0,false
read,53.10,key_15,2,false
read,52.35,key_5,0,false
read,52.48,key_2,0,false
read,56.47,key_12,2,false
read,57.58,key_18,2,false
read,58.14,key_11,2,false
read,56.37,key_15,2,false
read,57.27,key_0,0,false
read,56.30,key_12,2,false
read,53.22,key_5,0,false
read,53.67,key_7,0,false
read,60.61,key_3,4,false
read,61.93,key_1,1,false
read,52.41,key_16,3,false
read,58.74,key_6,0,false
read,54.41,key_17,1,false
read,55.01,key_8,2,false
read,59.17,key_0,0,false
read,63.50,key_6,0,false
read,52.97,key_11,2,false
read,53.80,key_18,2,false
write,1.26,key_17,2,false
read,61.42,key_15,2,false
read,61.28,key_17,2,false
read,51.53,key_5,0,false
read,52.14,key_11,2,false
read,52.06,key_8,2,false
read,53.33,key_10,1,false
read,52.91,key_11,2,false
read,51.25,key_13,0,false
read,53.38,key_13,0,false
read,50.82,key_8,2,false
read,53.13,key_18,2,false
read,53.43,key_11,2,false
read,52.76,key_4,2,false
read,51.31,key_6,0,false
read,53.15,key_14,0,false
read,52.72,key_8,2,false
read,52.77,key_2,0,false
read,51.57,key_16,3,false
read,51.64,key_4,2,false
read,51.56,key_12,2,false
read,53.19,key_16,3,false
read,51.88,key_14,0,false
read,53.27,key_12,2,false
read,53.76,key_17,2,false
read,51.83,key_1,1,false
read,51.63,key_11,2,false
read,54.40,key_16,3,false
read,52.21,key_16,3,false
read,51.71,key_18,2,false
read,52.59,key_12,2,false
read,51.58,key_16,3,false
read,52.92,key_10,1,false
read,51.86,key_17,2,false
read,52.05,key_19,2,false
read,51.75,key_11,2,false
read,53.54,key_15,2,false
read,52.89,key_1,1,false
read,52.54,key_3,4,false
read,51.57,key_5,0,false
read,52.87,key_19,2,false
read,52.63,key_9,0,false
read,53.85,key_7,0,false
read,52.28,key_18,2,false
read,52.16,key_17,2,false
read,52.48,key_15,2,false
write,0.73,key_11,3,false
read,52.02,key_15,2,false
read,51.94,key_11,3,false
read,51.92,key_0,0,false
read,52.02,key_11,3,false
read,52.09,key_7,0,false
read,52.12,key_12,2,false
read,54.74,key_19,2,false
read,52.41,key_16,3,false
read,54.77,key_1,1,false
read,51.67,key_13,0,false
read,53.03,key_1,1,false
read,51.20,key_16,3,false
read,51.52,key_9,0,false
read,51.67,key_16,3,false
read,51.66,key_8,2,false
read,56.87,key_3,4,false
read,54.91,key_10,1,false
read,55.06,key_10,1,false
read,53.08,key_8,2,false
read,55.27,key_10,1,false
read,54.12,key_0,0,false
read,51.87,key_10,1,false
read,51.84,key_17,2,false
read,55.38,key_18,2,false
read,51.94,key_6,0,false
read,52.06,key_17,2,false
read,54.00,key_12,2,false
read,51.87,key_11,3,false
read,54.84,key_9,0,false
read,53.45,key_8,2,false
read,54.87,key_1,1,false
read,52.77,key_6,0,false
read,52.68,key_7,0,false
read,52.80,key_10,1,false
read,52.78,key_7,0,false
read,51.98,key_13,0,false
read,52.20,key_17,2,false
read,51.78,key_3,4,false
read,56.07,key_9,0,false
read,51.71,key_12,2,false
read,55.89,key_9,0,false
read,51.72,key_7,0,false
read,51.78,key_14,0,false
read,55.79,key_1,1,false
read,55.76,key_14,0,false
read,55.62,key_14,0,false
read,55.02,key_18,2,false
read,51.58,key_4,2,false
read,51.88,key_11,3,false
read,51.91,key_18,2,false
read,56.01,key_6,0,false
read,55.98,key_5,0,false
read,55.95,key_10,1,false
read,55.04,key_16,3,false
read,55.26,key_14,0,false
read,54.33,key_0,0,false
read,54.46,key_3,4,false
read,54.83,key_3,4,false
read,53.21,key_6,0,false
read,54.96,key_10,1,false
read,53.00,key_12,2,false
read,53.06,key_9,0,false
read,51.62,key_6,0,false
read,54.71,key_8,2,false
read,54.73,key_16,3,false
read,53.06,key_6,0,false
read,55.34,key_12,2,false
read,53.68,key_17,2,false
read,54.88,key_14,0,false
read,52.83,key_2,0,false
read,52.17,key_11,3,false
read,52.28,key_0,0,false
read,51.85,key_7,0,false
read,51.86,key_4,2,false
read,54.87,key_11,3,false
read,54.73,key_10,1,false
read,55.72,key_8,2,false
read,55.13,key_14,0,false
read,52.91,key_16,3,false
read,52.99,key_12,2,false
read,52.15,key_9,0,false
read,52.17,key_1,1,false
read,55.28,key_9,0,false
read,55.31,key_8,2,false
read,53.86,key_13,0,false
read,52.24,key_0,0,false
read,53.19,key_10,1,false
read,54.82,key_13,0,false
read,54.85,key_15,2,false
read,56.08,key_6,0,false
read,52.68,key_0,0,false
read,54.34,key_0,0,false
read,53.30,key_9,0,false
read,53.32,key_12,2,false
read,52.17,key_5,0,false
read,56.00,key_16,3,false
read,53.93,key_16,3,false
read,51.97,key_6,0,false
read,52.16,key_4,2,false
read,56.16,key_6,0,false
read,52.04,key_0,0,false
read,55.15,key_1,1,false
read,52.50,key_18,2,false
read,54.10,key_3,4,false
read,54.82,key_2,0,false
read,54.75,key_15,2,false
read,52.77,key_12,2,false
read,56.13,key_0,0,false
read,52.23,key_19,2,false
read,56.60,key_8,2,false
read,56.86,key_9,0,false
read,52.10,key_11,3,false
read,52.31,key_5,0,false
read,55.04,key_19,2,false
read,55.09,key_17,2,false
read,52.01,key_2,0,false
read,54.78,key_7,0,false
read,54.71,key_1,1,false
read,54.35,key_4,2,false
read,54.01,key_12,2,false
read,52.69,key_5,0,false
read,52.65,key_7,0,false
read,55.51,key_4,2,false
read,56.63,key_11,3,false
read,53.42,key_3,4,false
read,55.05,key_9,0,false
read,54.81,key_16,3,false
read,52.12,key_5,0,false
read,55.65,key_14,0,false
read,53.12,key_10,1,false
read,53.48,key_14,0,false
read,55.45,key_3,4,false
read,55.26,key_7,0,false
read,56.60,key_4,2,false
read,54.50,key_19,2,false
read,55.25,key_11,3,false
read,52.35,key_8,2,false
read,52.38,key_16,3,false
read,51.56,key_3,4,false
read,53.22,key_3,4,false
read,55.92,key_14,0,false
read,53.22,key_6,0,false
read,58.48,key_0,0,false
read,57.26,key_11,3,false
read,52.77,key_11,3,false
read,54.84,key_2,0,false
read,53.02,key_15,2,false
read,52.69,key_19,2,false
read,52.05,key_14,0,false
read,53.23,key_1,1,false
read,53.19,key_18,2,false
read,52.90,key_6,0,false
read,55.38,key_4,2,false
read,53.41,key_9,0,false
read,55.02,key_14,0,false
read,52.21,key_11,3,false
read,54.90,key_1,1,false
read,55.80,key_13,0,false
read,52.34,key_19,2,false
read,53.44,key_13,0,false
read,53.46,key_18,2,false
read,55.17,key_18,2,false
read,55.30,key_10,1,false
read,55.08,key_12,2,false
read,51.81,key_6,0,false
read,54.33,key_10,1,false
read,54.99,key_9,0,false
read,54.11,key_18,2,false
read,54.17,key_9,0,false
read,51.98,key_11,3,false
read,51.98,key_3,4,false
read,55.34,key_12,2,false
read,51.98,key_11,3,false
read,55.61,key_15,2,false
read,54.92,key_0,0,false
read,52.21,key_12,2,false
read,51.64,key_1,1,false
read,52.17,key_17,2,false
read,55.76,key_17,2,false
read,53.13,key_12,2,false
read,54.69,key_15,2,false
read,52.90,key_4,2,false
read,51.61,key_10,1,false
read,51.81,key_14,0,false
read,51.61,key_11,3,false
read,51.48,key_10,1,false
read,55.35,key_5,0,false
read,55.75,key_0,0,false
read,54.93,key_14,0,false
read,52.31,key_0,0,false
read,53.06,key_11,3,false
read,52.93,key_6,0,false
read,53.06,key_1,1,false
read,52.22,key_0,0,false
read,51.90,key_16,3,false
read,55.00,key_7,0,false
read,51.92,key_13,0,false
read,52.90,key_10,1,false
read,52.68,key_1,1,false
read,52.12,key_4,2,false
read,58.31,key_9,0,false
read,52.93,key_8,2,false
read,55.54,key_8,2,false
read,56.96,key_1,1,false
read,56.73,key_6,0,false
read,54.06,key_14,0,false
read,54.20,key_16,3,false
read,52.73,key_18,2,false
read,55.55,key_6,0,false
read,52.74,key_8,2,false
read,52.00,key_7,0,false
read,54.95,key_12,2,false
read,52.82,key_16,3,false
read,51.84,key_1,1,false
read,51.81,key_11,3,false
read,54.70,key_2,0,false
read,52.73,key_12,2,false
read,53.04,key_18,2,false
read,51.57,key_4,2,false
read,56.48,key_16,3,false
read,53.52,key_7,0,false
read,55.24,key_19,2,false
read,57.31,key_6,0,false
read,53.80,key_18,2,false
read,55.12,key_7,0,false
read,58.24,key_1,1,false
read,55.19,key_5,0,false
read,53.48,key_1,1,false
read,54.84,key_0,0,false
read,52.41,key_5,0,false
read,52.29,key_17,2,false
read,54.15,key_5,0,false
read,54.13,key_19,2,false
read,59.79,key_8,2,false
read,60.37,key_10,1,false
read,60.40,key_9,0,false
read,56.80,key_9,0,false
read,53.51,key_17,2,false
read,54.66,key_13,0,false
read,51.85,key_15,2,false
read,51.92,key_3,4,false
read,53.00,key_2,0,false
read,53.64,key_1,1,false
read,58.31,key_3,4,false
read,53.07,key_1,1,false
read,56.64,key_2,0,false
read,53.86,key_14,0,false
read,55.87,key_11,3,false
read,55.40,key_5,0,false
read,53.87,key_16,3,false
read,55.15,key_19,2,false
read,54.05,key_4,2,false
read,56.06,key_10,1,false
read,56.11,key_11,3,false
read,55.23,key_4,2,false
read,58.54,key_17,2,false
read,52.84,key_9,0,false
write,2.93,key_17,3,false
read,55.61,key_13,0,false
read,51.87,key_19,2,false
read,52.07,key_9,0,false
read,53.36,key_6,0,false
read,52.71,key_4,2,false
read,52.80,key_19,2,false
read,52.72,key_4,2,false
read,55.69,key_14,0,false
read,52.59,key_18,2,false
read,52.23,key_10,1,false
read,55.35,key_4,2,false
read,55.63,key_17,3,false
read,54.89,key_17,3,false
read,55.67,key_1,1,false
read,52.23,key_4,2,false
read,52.20,key_17,3,false
read,52.27,key_13,0,false
read,55.23,key_14,0,false
read,52.46,key_5,0,false
read,52.07,key_5,0,false
read,55.34,key_15,2,false
read,52.41,key_9,0,false
read,52.03,key_12,2,false
read,56.37,key_11,3,false
read,52.99,key_17,3,false
read,53.09,key_17,3,false
read,53.13,key_3,4,false
read,52.57,key_15,2,false
read,57.94,key_11,3,false
read,55.06,key_17,3,false
read,58.02,key_17,3,false
write,2.50,key_14,1,false
read,56.09,key_8,2,false
read,52.98,key_2,0,false
read,51.66,key_7,0,false
read,54.43,key_9,0,false
read,53.88,key_17,3,false
read,57.54,key_9,0,false
read,57.56,key_10,1,false
read,56.85,key_13,0,false
read,56.88,key_7,0,false
read,54.37,key_19,2,false
read,51.96,key_1,1,false
read,51.56,key_19,2,false
read,55.94,key_6,0,false
read,54.05,key_16,3,false
read,53.30,key_10,1,false
read,53.67,key_9,0,false
read,55.31,key_19,2,false
read,51.70,key_16,3,false
read,55.24,key_13,0,false
read,55.27,key_18,2,false
read,54.95,key_19,2,false
read,53.08,key_19,2,false
read,53.01,key_17,3,false
read,55.19,key_3,4,false
read,52.83,key_11,3,false
read,52.55,key_3,4,false
read,56.39,key_6,0,false
read,52.87,key_17,3,false
read,51.63,key_8,2,false
read,54.60,key_17,3,false
read,51.95,key_1,1,false
read,52.23,key_15,2,false
read,52.76,key_4,2,false
read,52.92,key_19,2,false
read,52.75,key_0,0,false
read,54.78,key_0,0,false
read,52.89,key_4,2,false
read,54.46,key_9,0,false
read,52.85,key_1,1,false
read,52.87,key_10,1,false
read,51.78,key_16,3,false
read,56.63,key_15,2,false
read,53.25,key_19,2,false
read,51.77,key_19,2,false
write,0.61,key_3,5,false
read,51.88,key_3,5,false
read,52.77,key_13,0,false
read,55.18,key_11,3,false
read,52.42,key_17,3,false
read,56.11,key_5,0,false
read,57.13,key_9,0,false
read,53.58,key_19,2,false
read,53.96,key_1,1,false
read,54.88,key_13,0,false
read,53.28,key_5,0,false
read,52.23,key_3,5,false
read,54.95,key_15,2,false
read,55.83,key_10,1,false
read,53.65,key_12,2,false
read,52.69,key_11,3,false
read,52.32,key_6,0,false
read,56.77,key_18,2,false
read,51.53,key_5,0,false
read,52.85,key_19,2,false
read,51.81,key_1,1,false
read,55.13,key_14,1,false
read,54.15,key_13,0,false
read,54.87,key_17,3,false
read,52.43,key_5,0,false
read,52.43,key_1,1,false
read,51.70,key_16,3,false
read,51.49,key_14,1,false
read,55.42,key_2,0,false
read,54.84,key_2,0,false
read,52.60,key_15,2,false
read,52.66,key_0,0,false
read,52.73,key_8,2,false
read,56.11,key_10,1,false
read,52.56,key_10,1,false
read,52.57,key_14,1,false
read,55.19,key_17,3,false
read,55.86,key_12,2,false
read,52.91,key_13,0,false
read,54.04,key_18,2,false
read,52.50,key_4,2,false
read,55.09,key_11,3,false
read,55.16,key_11,3,false
read,53.00,key_18,2,false
read,53.90,key_18,2,false
read,55.29,key_1,1,false
read,54.04,key_4,2,false
read,55.36,key_10,1,false
read,51.93,key_17,3,false
read,55.69,key_12,2,false
read,54.21,key_17,3,false
read,51.92,key_9,0,false
read,52.12,key_13,0,false
write,2.32,key_12,3,false
read,52.82,key_3,5,false
read,51.92,key_14,1,false
read,52.58,key_4,2,false
read,51.31,key_11,3,false
read,56.90,key_0,0,false
read,52.98,key_18,2,false
read,56.22,key_15,2,false
read,55.40,key_9,0,false
read,51.80,key_15,2,false
read,54.34,key_4,2,false
read,52.03,key_16,3,false
read,54.15,key_8,2,false
read,52.79,key_6,0,false
read,54.73,key_17,3,false
read,54.22,key_9,0,false
read,53.23,key_6,0,false
read,54.73,key_9,0,false
read,53.01,key_8,2,false
read,53.12,key_10,1,false
read,53.10,key_7,0,false
read,52.95,key_16,3,false
read,51.87,key_10,1,false
read,52.69,key_8,2,false
read,56.05,key_17,3,false
read,55.61,key_16,3,false
read,52.89,key_14,1,false
read,54.34,key_7,0,false
read,52.14,key_5,0,false
read,53.82,key_9,0,false
read,58.12,key_10,1,false
read,55.84,key_1,1,false
read,52.13,key_0,0,false
read,54.88,key_13,0,false
read,54.12,key_9,0,false
read,53.01,key_2,0,false
read,53.28,key_17,3,false
read,52.88,key_7,0,false
read,52.91,key_18,2,false
read,52.27,key_1,1,false
read,53.75,key_4,2,false
read,53.05,key_8,2,false
read,55.42,key_15,2,false
read,53.80,key_9,0,false
read,52.93,key_7,0,false
read,54.97,key_3,5,false
read,52.46,key_18,2,false
read,52.45,key_18,2,false
read,54.87,key_7,0,false
read,55.82,key_17,3,false
read,51.54,key_17,3,false
read,53.87,key_18,2,false
read,54.87,key_5,0,false
read,51.57,key_1,1,false
read,53.84,key_1,1,false
read,52.10,key_5,0,false
read,54.82,key_13,0,false
read,52.46,key_9,0,false
read,57.00,key_3,5,false
read,57.06,key_17,3,false
read,51.98,key_13,0,false
read,51.98,key_18,2,false
read,55.38,key_7,0,false
read,54.94,key_0,0,false
read,51.51,key_9,0,false
read,52.01,key_13,0,false
read,56.90,key_17,3,false
read,55.38,key_3,5,false
read,53.01,key_0,0,false
read,53.04,key_2,0,false
read,52.77,key_7,0,false
read,52.95,key_12,3,false
read,55.59,key_18,2,false
read,54.12,key_19,2,false
read,53.50,key_16,3,false
read,51.93,key_11,3,false
read,54.22,key_15,2,false
read,54.82,key_7,0,false
read,55.13,key_4,2,false
read,55.20,key_3,5,false
read,55.41,key_8,2,false
read,54.49,key_10,1,false
read,52.00,key_17,3,false
read,51.89,key_2,0,false
read,55.08,key_8,2,false
read,52.89,key_11,3,false
read,54.73,key_0,0,false
read,51.53,key_6,0,false
read,52.03,key_6,0,false
read,52.24,key_6,0,false
read,52.65,key_4,2,false
read,51.25,key_15,2,false
read,56.04,key_0,0,false
read,55.05,key_18,2,false
read,55.76,key_15,2,false
read,57.08,key_8,2,false
read,54.26,key_18,2,false
read,54.36,key_4,2,false
read,54.64,key_3,5,false
read,55.61,key_15,2,false
read,53.15,key_6,0,false
read,52.93,key_16,3,false
read,51.43,key_18,2,false
read,51.70,key_3,5,false
read,55.92,key_2,0,false
read,52.18,key_4,2,false
read,51.39,key_9,0,false
read,51.94,key_3,5,false
read,51.80,key_9,0,false
write,0.60,key_13,1,false
read,55.91,key_9,0,false
read,52.86,key_11,3,false
read,51.78,key_18,2,false
read,51.76,key_3,5,false
read,55.54,key_0,0,false
read,55.11,key_12,3,false
read,53.77,key_15,2,false
read,55.12,key_6,0,false
read,52.00,key_14,1,false
read,51.63,key_9,0,false
read,54.02,key_13,1,false
read,52.08,key_11,3,false
read,53.40,key_11,3,false
read,53.39,key_11,3,false
read,54.70,key_3,5,false
read,55.07,key_4,2,false
read,52.31,key_7,0,false
read,53.04,key_11,3,false
read,55.77,key_5,0,false
read,51.98,key_15,2,false
read,52.93,key_3,5,false
read,51.85,key_11,3,false
read,52.98,key_16,3,false
read,53.03,key_16,3,false
read,52.62,key_0,0,false
read,52.84,key_12,3,false
read,53.59,key_6,0,false
read,56.02,key_14,1,false
read,54.42,key_10,1,false
read,54.73,key_16,3,false
read,51.95,key_19,2,false
read,51.97,key_0,0,false
read,51.73,key_2,0,false
read,52.49,key_7,0,false
read,56.05,key_17,3,false
read,51.74,key_18,2,false
read,54.60,key_11,3,false
read,51.99,key_17,3,false
read,52.37,key_3,5,false
read,55.97,key_11,3,false
read,52.19,key_17,3,false
read,52.31,key_3,5,false
read,51.56,key_11,3,false
read,54.64,key_9,0,false
read,55.08,key_15,2,false
read,55.26,key_17,3,false
read,52.84,key_15,2,false
read,51.95,key_12,3,false
read,53.26,key_0,0,false
read,52.00,key_4,2,false
read,52.52,key_4,2,false
read,52.62,key_9,0,false
read,52.69,key_13,1,false
read,52.48,key_1,1,false
read,52.61,key_2,0,false
read,53.26,key_1,1,false
read,58.56,key_0,0,false
read,53.12,key_3,5,false
read,51.64,key_4,2,false
read,51.84,key_1,1,false
read,51.61,key_15,2,false
read,55.11,key_5,0,false
read,54.04,key_9,0,false
read,51.29,key_7,0,false
read,55.05,key_5,0,false
read,56.44,key_15,2,false
read,52.50,key_5,0,false
read,54.84,key_1,1,false
read,52.98,key_11,3,false
read,53.06,key_14,1,false
read,51.63,key_4,2,false
write,0.73,key_10,2,false
read,52.03,key_14,1,false
read,55.82,key_7,0,false
read,55.88,key_5,0,false
read,55.95,key_16,3,false
read,55.90,key_3,5,false
read,55.85,key_4,2,false
read,56.86,key_0,0,false
read,54.41,key_9,0,false
read,51.21,key_4,2,false
read,52.07,key_10,2,false
read,51.49,key_4,2,false
read,52.33,key_3,5,false
read,55.04,key_9,0,false
read,54.86,key_18,2,false
read,52.64,key_8,2,false
read,54.33,key_18,2,false
read,52.23,key_7,0,false
read,54.38,key_16,3,false
read,52.31,key_16,3,false
read,53.92,key_16,3,false
write,2.99,key_16,4,false
read,52.12,key_9,0,false
read,52.37,key_0,0,false
read,55.09,key_2,0,false
read,52.91,key_13,1,false
read,53.07,key_2,0,false
read,52.20,key_7,0,false
read,56.34,key_18,2,false
read,52.84,key_15,2,false
read,52.05,key_9,0,false
read,52.33,key_4,2,false
read,54.69,key_7,0,false
read,54.20,key_3,5,false
read,53.75,key_5,0,false
read,51.81,key_17,3,false
read,55.91,key_0,0,false
read,53.71,key_5,0,false
read,52.27,key_13,1,false
read,52.71,key_5,0,false
read,56.17,key_15,2,false
read,55.20,key_3,5,false
read,53.55,key_14,1,false
read,52.97,key_18,2,false
read,54.80,key_1,1,false
read,51.30,key_0,0,false
read,52.40,key_8,2,false
read,54.74,key_15,2,false
read,55.80,key_13,1,false
read,52.93,key_7,0,false
read,56.14,key_8,2,false
read,52.56,key_14,1,false
read,54.77,key_2,0,false
read,52.85,key_13,1,false
read,54.78,key_11,3,false
read,55.03,key_8,2,false
read,52.46,key_18,2,false
read,52.06,key_1,1,false
read,52.09,key_19,2,false
read,54.05,key_9,0,false
read,52.60,key_9,0,false
read,54.72,key_7,0,false
read,55.05,key_8,2,false
read,53.99,key_12,3,false
read,56.02,key_17,3,false
read,56.10,key_5,0,false
read,52.96,key_4,2,false
read,53.09,key_3,5,false
read,53.08,key_0,0,false
read,52.89,key_16,4,false
read,52.78,key_1,1,false
read,52.08,key_14,1,false
read,56.17,key_9,0,false
read,55.00,key_14,1,false
read,52.23,key_13,1,false
read,54.19,key_11,3,false
read,52.52,key_15,2,false
read,52.81,key_9,0,false
read,56.11,key_5,0,false
read,51.91,key_19,2,false
read,53.09,key_11,3,false
read,52.90,key_9,0,false
read,55.99,key_4,2,false
read,55.12,key_11,3,false
read,52.89,key_2,0,false
read,55.66,key_12,3,false
read,52.19,key_1,1,false
read,52.52,key_11,3,false
read,55.85,key_11,3,false
read,55.10,key_2,0,false
read,54.24,key_5,0,false
read,52.79,key_1,1,false
read,52.70,key_1,1,false
read,54.28,key_7,0,false
read,62.42,key_15,2,false
read,56.29,key_3,5,false
read,52.13,key_1,1,false
read,53.13,key_7,0,false
read,53.14,key_0,0,false
read,53.86,key_18,2,false
read,55.70,key_18,2,false
read,51.33,key_12,3,false
read,52.26,key_11,3,false
read,53.80,key_0,0,false
read,54.83,key_11,3,false
read,58.75,key_3,5,false
read,52.64,key_16,4,false
read,51.85,key_4,2,false
read,51.91,key_12,3,false
read,51.80,key_11,3,false
read,53.34,key_7,0,false
read,53.37,key_7,0,false
read,54.57,key_3,5,false
read,55.48,key_13,1,false
read,52.43,key_19,2,false
read,52.02,key_3,5,false
read,54.15,key_17,3,false
read,51.82,key_7,0,false
read,52.06,key_0,0,false
write,1.13,key_7,1,false
read,54.02,key_8,2,false
read,54.45,key_9,0,false
read,55.52,key_5,0,false
read,54.28,key_4,2,false
read,51.94,key_13,1,false
read,54.67,key_0,0,false
read,51.77,key_15,2,false
read,52.11,key_6,0,false
read,55.67,key_13,1,false
read,54.85,key_7,1,false
read,54.39,key_9,0,false
read,52.84,key_18,2,false
read,54.87,key_13,1,false
read,53.82,key_4,2,false
read,55.17,key_19,2,false
read,52.25,key_8,2,false
read,52.80,key_8,2,false
read,54.29,key_11,3,false
read,53.00,key_9,0,false
read,54.54,key_1,1,false
read,52.89,key_0,0,false
read,52.93,key_14,1,false
read,52.02,key_7,1,false
read,52.08,key_2,0,false
read,52.30,key_11,3,false
read,52.07,key_18,2,false
read,53.48,key_13,1,false
read,54.93,key_10,2,false
read,51.71,key_1,1,false
read,54.50,key_12,3,false
read,52.09,key_15,2,false
read,51.94,key_12,3,false
read,51.99,key_9,0,false
read,54.74,key_17,3,false
read,54.12,key_3,5,false
read,54.15,key_4,2,false
write,1.14,key_1,2,false
read,55.57,key_0,0,false
read,54.12,key_7,1,false
read,52.09,key_16,4,false
read,52.91,key_10,2,false
read,51.71,key_18,2,false
read,51.89,key_12,3,false
read,51.96,key_8,2,false
read,52.69,key_8,2,false
read,52.66,key_4,2,false
read,53.48,key_6,0,false
read,54.24,key_8,2,false
read,54.04,key_3,5,false
read,53.21,key_5,0,false
read,54.99,key_15,2,false
read,51.98,key_13,1,false
read,52.00,key_9,0,false
read,55.47,key_9,0,false
read,52.00,key_6,0,false
read,52.65,key_2,0,false
read,55.03,key_2,0,false
read,53.16,key_15,2,false
read,59.57,key_14,1,false
read,51.97,key_2,0,false
read,52.00,key_8,2,false
read,51.83,key_13,1,false
read,55.82,key_13,1,false
read,55.53,key_1,2,false
read,55.65,key_15,2,false
read,52.48,key_18,2,false
read,55.09,key_14,1,false
read,54.86,key_1,2,false
read,53.10,key_6,0,false
read,57.14,key_2,0,false
read,54.90,key_17,3,false
read,55.13,key_2,0,false
read,51.58,key_1,2,false
read,52.59,key_8,2,false
read,54.90,key_2,0,false
read,56.25,key_19,2,false
read,51.93,key_19,2,false
read,52.77,key_10,2,false
read,52.34,key_6,0,false
read,51.98,key_3,5,false
read,51.89,key_8,2,false
read,52.66,key_6,0,false
read,56.60,key_10,2,false
read,55.30,key_13,1,false
read,53.88,key_6,0,false
read,54.76,key_17,3,false
read,52.61,key_6,0,false
read,51.43,key_14,1,false
read,51.56,key_8,2,false
read,52.18,key_6,0,false
read,57.29,key_0,0,false
read,56.39,key_12,3,false
write,0.76,key_10,3,false
read,54.59,key_7,1,false
read,52.17,key_5,0,false
read,54.71,key_16,4,false
read,52.62,key_17,3,false
read,53.70,key_9,0,false
read,53.40,key_0,0,false
read,53.31,key_1,2,false
read,53.83,key_7,1,false
read,54.67,key_7,1,false
read,53.87,key_1,2,false
read,51.96,key_4,2,false
read,54.61,key_0,0,false
read,54.20,key_6,0,false
read,52.71,key_14,1,false
read,52.74,key_1,2,false
read,57.68,key_3,5,false
read,57.67,key_8,2,false
read,57.56,key_1,2,false
read,52.12,key_7,1,false
read,52.98,key_19,2,false
read,54.57,key_8,2,false
read,52.18,key_9,0,false
read,52.80,key_11,3,false
read,52.71,key_5,0,false
read,52.77,key_5,0,false
read,52.78,key_14,1,false
read,52.78,key_16,4,false
read,54.24,key_2,0,false
read,52.86,key_0,0,false
read,56.04,key_19,2,false
read,52.59,key_4,2,false
read,55.99,key_18,2,false
read,58.95,key_0,0,false
read,52.86,key_9,0,false
read,52.88,key_4,2,false
read,52.26,key_10,3,false
read,54.52,key_6,0,false
read,55.99,key_1,2,false
read,54.01,key_17,3,false
read,54.82,key_7,1,false
read,53.00,key_13,1,false
read,51.96,key_12,3,false
read,52.91,key_1,2,false
read,52.96,key_2,0,false
read,56.16,key_9,0,false
read,55.65,key_17,3,false
read,52.79,key_3,5,false
read,52.88,key_0,0,false
read,52.88,key_14,1,false
read,51.24,key_14,1,false
read,54.98,key_13,1,false
read,52.30,key_19,2,false
read,54.12,key_9,0,false
read,52.82,key_10,3,false
read,53.10,key_6,0,false
read,52.59,key_19,2,false
read,60.25,key_1,2,false
read,62.53,key_17,3,false
read,53.75,key_3,5,false
read,52.94,key_9,0,false
read,52.63,key_16,4,false
read,55.42,key_18,2,false
read,54.17,key_15,2,false
read,51.86,key_18,2,false
read,55.63,key_7,1,false
read,52.20,key_13,1,false
read,52.19,key_16,4,false
read,55.82,key_11,3,false
read,52.10,key_3,5,false
read,60.30,key_13,1,false
read,55.23,key_18,2,false
read,52.89,key_17,3,false
read,52.37,key_12,3,false
read,54.87,key_13,1,false
read,51.84,key_13,1,false
read,52.67,key_12,3,false
read,52.73,key_10,3,false
read,53.13,key_4,2,false
read,52.10,key_19,2,false
read,53.05,key_12,3,false
read,53.06,key_8,2,false
write,0.87,key_14,2,false
read,52.25,key_18,2,false
read,53.12,key_1,2,false
read,51.66,key_12,3,false
read,52.80,key_12,3,false
read,56.41,key_3,5,false
read,52.75,key_6,0,false
read,52.24,key_16,4,false
read,51.98,key_10,3,false
read,52.49,key_10,3,false
read,51.82,key_18,2,false
read,55.32,key_12,3,false
read,51.90,key_2,0,false
read,53.45,key_15,2,false
read,51.55,key_1,2,false
read,52.83,key_19,2,false
read,52.26,key_7,1,false
read,52.47,key_3,5,false
read,54.64,key_16,4,false
read,51.47,key_5,0,false
read,54.50,key_1,2,false
read,54.52,key_1,2,false
read,52.39,key_8,2,false
read,52.91,key_1,2,false
read,52.54,key_0,0,false
read,54.92,key_0,0,false
read,51.87,key_1,2,false
read,53.92,key_10,3,false
read,51.98,key_6,0,false
read,52.72,key_0,0,false
read,53.48,key_17,3,false
read,52.05,key_3,5,false
read,52.73,key_8,2,false
read,53.46,key_2,0,false
read,57.32,key_13,1,false
read,53.05,key_4,2,false
read,52.67,key_2,0,false
read,52.54,key_16,4,false
read,58.65,key_12,3,false
read,58.27,key_10,3,false
read,52.35,key_8,2,false
read,55.64,key_16,4,false
read,51.99,key_9,0,false
read,52.27,key_5,0,false
read,54.95,key_18,2,false
read,51.84,key_11,3,false
read,51.83,key_8,2,false
read,52.13,key_6,0,false
read,55.21,key_2,0,false
read,57.19,key_4,2,false
read,52.52,key_15,2,false
read,52.94,key_7,1,false
read,54.84,key_1,2,false
read,55.70,key_19,2,false
read,54.73,key_11,3,false
read,52.16,key_18,2,false
read,53.18,key_14,2,false
read,52.21,key_1,2,false
read,52.60,key_12,3,false
read,54.71,key_18,2,false
read,54.90,key_8,2,false
read,52.43,key_19,2,false
read,54.94,key_0,0,false
read,52.67,key_19,2,false
read,54.20,key_0,0,false
read,53.09,key_7,1,false
read,53.01,key_14,2,false
read,55.85,key_18,2,false
read,53.10,key_2,0,false
read,55.79,key_15,2,false
read,52.17,key_11,3,false
read,51.33,key_4,2,false
read,52.29,key_4,2,false
read,53.15,key_3,5,false
read,52.81,key_12,3,false
read,53.02,key_12,3,false
read,55.38,key_10,3,false
read,54.91,key_9,0,false
read,51.70,key_11,3,false
read,53.68,key_4,2,false
read,51.91,key_10,3,false
read,55.47,key_17,3,false
read,55.65,key_11,3,false
read,51.66,key_12,3,false
read,51.48,key_15,2,false
read,51.64,key_12,3,false
read,56.44,key_15,2,false
read,54.23,key_12,3,false
read,54.11,key_0,0,false
read,52.98,key_0,0,false
read,52.77,key_14,2,false
read,53.10,key_14,2,false
read,55.34,key_8,2,false
read,55.23,key_1,2,false
read,52.21,key_18,2,false
read,55.38,key_8,2,false
read,52.11,key_9,0,false
read,52.75,key_1,2,false
read,52.13,key_10,3,false
read,55.38,key_7,1,false
read,54.13,key_9,0,false
read,53.09,key_12,3,false
read,55.42,key_7,1,false
read,53.42,key_7,1,false
read,54.08,key_18,2,false
read,55.50,key_18,2,false
read,52.32,key_12,3,false
read,53.52,key_5,0,false
read,53.04,key_10,3,false
read,52.74,key_19,2,false
read,54.28,key_17,3,false
read,51.84,key_7,1,false
read,51.89,key_16,4,false
read,53.02,key_3,5,false
read,53.02,key_12,3,false
read,52.70,key_13,1,false
read,56.04,key_4,2,false
read,52.16,key_2,0,false
read,58.02,key_8,2,false
read,56.91,key_7,1,false
read,52.65,key_4,2,false
read,53.06,key_6,0,false
read,54.62,key_12,3,false
read,53.52,key_13,1,false
read,53.55,key_16,4,false
read,51.61,key_8,2,false
read,54.98,key_9,0,false
read,56.59,key_6,0,false
read,53.71,key_0,0,false
read,52.87,key_14,2,false
read,51.97,key_13,1,false
read,52.05,key_3,5,false
read,56.59,key_18,2,false
read,53.09,key_5,0,false
read,54.22,key_13,1,false
read,52.71,key_4,2,false
read,55.70,key_2,0,false
read,52.31,key_17,3,false
read,52.99,key_17,3,false
read,53.06,key_8,2,false
read,51.85,key_0,0,false
read,52.93,key_13,1,false
read,54.92,key_12,3,false
read,52.47,key_12,3,false
read,56.51,key_18,2,false
read,52.59,key_1,2,false
read,53.35,key_1,2,false
read,52.14,key_7,1,false
read,52.29,key_5,0,false
read,52.77,key_17,3,false
read,55.79,key_11,3,false
read,53.94,key_10,3,false
read,56.62,key_2,0,false
read,53.43,key_11,3,false
read,53.19,key_2,0,false
read,51.68,key_1,2,false
read,58.62,key_7,1,false
read,52.78,key_12,3,false
read,52.02,key_17,3,false
read,54.67,key_14,2,false
read,53.41,key_2,0,false
read,53.41,key_8,2,false
read,51.14,key_10,3,false
read,52.91,key_10,3,false
read,52.76,key_3,5,false
read,52.71,key_19,2,false
read,52.46,key_6,0,false
read,62.20,key_16,4,false
read,52.24,key_16,4,false
read,54.60,key_16,4,false
read,52.16,key_7,1,false
read,52.47,key_8,2,false
read,56.14,key_15,2,false
read,52.86,key_7,1,false
read,54.93,key_7,1,false
read,53.60,key_14,2,false
read,55.61,key_18,2,false
read,52.56,key_7,1,false
read,52.98,key_7,1,false
read,53.21,key_15,2,false
read,53.00,key_5,0,false
read,53.22,key_17,3,false
read,55.19,key_12,3,false
read,53.27,key_2,0,false
read,52.25,key_18,2,false
read,53.15,key_4,2,false
read,53.16,key_16,4,false
read,56.58,key_5,0,false
read,53.03,key_11,3,false
read,53.17,key_14,2,false
read,51.64,key_17,3,false
read,53.46,key_18,2,false
read,51.37,key_18,2,false
read,56.70,key_14,2,false
read,55.70,key_12,3,false
read,53.01,key_2,0,false
read,53.01,key_10,3,false
read,56.07,key_16,4,false
read,52.88,key_13,1,false
read,53.26,key_0,0,false
read,53.01,key_17,3,false
read,53.19,key_11,3,false
read,52.93,key_15,2,false
read,51.91,key_12,3,false
read,54.39,key_10,3,false
read,52.97,key_2,0,false
read,53.00,key_16,4,false
read,52.86,key_7,1,false
read,51.87,key_9,0,false
read,52.06,key_14,2,false
read,52.17,key_16,4,false
read,53.67,key_10,3,false
read,55.90,key_14,2,false
read,53.00,key_3,5,false
read,56.57,key_5,0,false
read,53.44,key_8,2,false
read,53.44,key_6,0,false
read,52.37,key_16,4,false
read,52.86,key_10,3,false
read,53.29,key_13,1,false
read,53.13,key_1,2,false
read,54.19,key_12,3,false
read,53.92,key_13,1,false
read,54.07,key_18,2,false
read,53.17,key_17,3,false
read,54.23,key_11,3,false
read,54.23,key_19,2,false
read,52.18,key_12,3,false
read,53.73,key_0,0,false
read,53.90,key_0,0,false
read,53.70,key_11,3,false
read,52.84,key_15,2,false
read,55.40,key_12,3,false
read,55.80,key_6,0,false
read,51.98,key_5,0,false
read,51.43,key_10,3,false
read,51.83,key_9,0,false
read,51.57,key_7,1,false
read,52.67,key_17,3,false
read,52.67,key_16,4,false
read,52.48,key_12,3,false
read,56.26,key_13,1,false
read,55.83,key_1,2,false
read,55.20,key_13,1,false
read,53.23,key_17,3,false
read,52.58,key_4,2,false
read,56.52,key_10,3,false
read,52.79,key_2,0,false
read,51.92,key_11,3,false
read,51.91,key_15,2,false
read,52.73,key_13,1,false
read,51.54,key_19,2,false
read,55.62,key_18,2,false
read,57.77,key_4,2,false
read,55.60,key_0,0,false
read,51.81,key_12,3,false
read,53.40,key_9,0,false
read,52.62,key_11,3,false
read,51.95,key_15,2,false
read,52.59,key_13,1,false
read,58.07,key_5,0,false
read,51.86,key_8,2,false
read,51.92,key_19,2,false
read,52.81,key_18,2,false
read,52.76,key_2,0,false
read,53.04,key_3,5,false
read,53.46,key_16,4,false
read,56.33,key_4,2,false
read,54.21,key_16,4,false
read,52.09,key_0,0,false
read,51.39,key_16,4,false
write,1.05,key_10,4,false
read,51.87,key_18,2,false
read,51.85,key_9,0,false
read,54.34,key_6,0,false
read,52.16,key_9,0,false
read,52.56,key_13,1,false
read,54.94,key_14,2,false
read,53.07,key_12,3,false
read,53.05,key_6,0,false
read,53.23,key_18,2,false
read,53.29,key_19,2,false
read,55.22,key_7,1,false
read,53.85,key_8,2,false
write,0.86,key_14,3,false
read,59.87,key_2,0,false
read,60.03,key_14,2,true
read,52.45,key_2,0,false
read,61.06,key_0,0,false
read,54.83,key_10,4,false
read,51.66,key_14,3,false
read,51.74,key_6,0,false
read,52.72,key_4,2,false
read,52.63,key_12,3,false
read,55.80,key_17,3,false
read,60.09,key_9,0,false
read,56.02,key_0,0,false
read,59.08,key_16,4,false
read,60.42,key_8,2,false
read,59.40,key_2,0,false
read,53.81,key_19,2,false
read,52.82,key_4,2,false
read,53.04,key_16,4,false
read,54.48,key_11,3,false
read,55.05,key_2,0,false
read,56.24,key_6,0,false
read,56.23,key_5,0,false
read,56.19,key_2,0,false
read,57.88,key_12,3,false
read,57.35,key_3,5,false
read,53.31,key_2,0,false
read,53.18,key_8,2,false
read,62.60,key_0,0,false
read,55.31,key_19,2,false
read,54.61,key_14,3,false
read,54.88,key_17,3,false
read,54.83,key_10,4,false
read,52.84,key_9,0,false
read,54.05,key_18,2,false
read,54.80,key_18,2,false
read,59.25,key_8,2,false
read,57.37,key_14,3,false
read,52.30,key_7,1,false
read,55.69,key_5,0,false
read,55.55,key_17,3,false
read,54.96,key_0,0,false
read,54.95,key_19,2,false
read,53.79,key_4,2,false
read,53.91,key_1,2,false
read,53.43,key_4,2,false
read,53.44,key_11,3,false
read,54.75,key_10,4,false
read,52.15,key_7,1,false
read,52.29,key_2,0,false
read,55.57,key_2,0,false
read,54.86,key_0,0,false
read,55.77,key_2,0,false
read,53.51,key_14,3,false
read,56.44,key_15,2,false
read,53.66,key_1,2,false
read,56.45,key_7,1,false
read,56.32,key_13,1,false
read,52.20,key_11,3,false
read,55.94,key_10,4,false
read,59.12,key_7,1,false
read,57.15,key_13,1,false
read,53.51,key_16,4,false
read,59.23,key_16,4,false
read,57.76,key_5,0,false
read,57.34,key_5,0,false
read,61.57,key_6,0,false
read,61.51,key_6,0,false
read,62.74,key_13,1,false
read,54.93,key_14,3,false
read,58.80,key_1,2,false
read,53.47,key_17,3,false
read,55.82,key_8,2,false
read,56.33,key_3,5,false
read,57.85,key_14,3,false
read,53.35,key_19,2,false
read,59.45,key_12,3,false
read,54.96,key_14,3,false
read,55.85,key_13,1,false
read,56.11,key_9,0,false
read,56.86,key_14,3,false
read,53.33,key_10,4,false
read,53.42,key_13,1,false
read,53.51,key_1,2,false
read,52.91,key_9,0,false
read,52.12,key_8,2,false
read,54.25,key_17,3,false
read,52.49,key_14,3,false
read,52.45,key_4,2,false
read,52.20,key_12,3,false
read,52.72,key_8,2,false
read,52.26,key_19,2,false
read,53.49,key_19,2,false
read,52.94,key_19,2,false
read,52.91,key_17,3,false
read,56.49,key_6,0,false
read,54.18,key_4,2,false
read,56.62,key_10,4,false
read,53.96,key_11,3,false
read,53.83,key_6,0,false
read,54.32,key_14,3,false
read,54.68,key_6,0,false
read,55.84,key_8,2,false
read,53.97,key_4,2,false
read,53.97,key_4,2,false
read,55.36,key_3,5,false
read,54.51,key_9,0,false
read,57.69,key_15,2,false
read,57.69,key_10,4,false
read,58.37,key_19,2,false
read,55.89,key_0,0,false
read,53.72,key_16,4,false
read,53.16,key_1,2,false
read,54.41,key_17,3,false
read,55.61,key_15,2,false
read,53.20,key_15,2,false
read,55.23,key_14,3,false
read,52.18,key_8,2,false
read,54.29,key_15,2,false
read,55.99,key_9,0,false
read,55.23,key_9,0,false
write,0.82,key_6,1,false
read,57.27,key_16,4,false
read,57.30,key_14,3,false
read,55.74,key_17,3,false
read,58.71,key_2,0,false
read,59.24,key_10,4,false
read,59.27,key_4,2,false
read,53.62,key_0,0,false
read,57.81,key_15,2,false
read,53.38,key_0,0,false
read,54.95,key_4,2,false
write,2.84,key_7,2,false
read,55.21,key_12,3,false
read,54.95,key_7,2,false
read,54.35,key_18,2,false
read,54.20,key_11,3,false
read,54.13,key_19,2,false
read,54.05,key_6,1,false
read,56.39,key_19,2,false
read,53.47,key_16,4,false
read,52.10,key_2,0,false
read,56.36,key_16,4,false
read,55.33,key_19,2,false
read,55.28,key_11,3,false
read,56.51,key_2,0,false
read,57.67,key_17,3,false
read,55.53,key_7,2,false
read,56.97,key_19,2,false
read,57.84,key_17,3,false
read,58.77,key_1,2,false
read,56.19,key_8,2,false
read,56.75,key_8,2,false
read,53.11,key_7,2,false
read,55.05,key_18,2,false
read,54.93,key_19,2,false
read,55.19,key_10,4,false
read,55.14,key_1,2,false
read,53.35,key_18,2,false
read,56.82,key_13,1,false
read,55.76,key_6,1,false
read,56.82,key_10,4,false
read,56.93,key_11,3,false
write,3.61,key_11,4,false
read,54.64,key_1,2,false
read,56.53,key_12,3,false
read,56.73,key_16,4,false
read,56.60,key_18,2,false
read,55.13,key_3,5,false
read,57.30,key_13,1,false
read,57.41,key_15,2,false
read,57.06,key_16,4,false
read,57.43,key_3,5,false
read,56.39,key_18,2,false
read,53.79,key_3,5,false
read,53.43,key_10,4,false
read,53.80,key_15,2,false
read,53.39,key_2,0,false
read,55.92,key_8,2,false
read,55.89,key_4,2,false
read,53.62,key_10,4,false
read,52.94,key_18,2,false
read,53.71,key_11,4,false
read,56.09,key_19,2,false
read,53.77,key_19,2,false
read,53.76,key_12,3,false
read,53.82,key_17,3,false
read,51.78,key_14,3,false
read,53.94,key_12,3,false
read,52.38,key_19,2,false
read,52.45,key_1,2,false
read,54.15,key_1,2,false
write,2.87,key_3,6,false
read,55.50,key_15,2,false
read,55.91,key_1,2,false
read,52.04,key_11,4,false
read,52.07,key_14,3,false
read,52.09,key_5,0,false
read,52.32,key_17,3,false
read,52.26,key_6,1,false
read,54.47,key_4,2,false
read,51.76,key_2,0,false
read,54.25,key_1,2,false
read,56.23,key_16,4,false
read,54.78,key_6,1,false
read,52.28,key_2,0,false
read,53.64,key_16,4,false
read,52.30,key_14,3,false
read,53.69,key_0,0,false
read,54.38,key_4,2,false
read,57.09,key_6,1,false
read,55.42,key_3,6,false
read,52.16,key_15,2,false
read,54.01,key_10,4,false
read,55.00,key_19,2,false
read,51.56,key_0,0,false
read,54.96,key_6,1,false
read,55.00,key_12,3,false
read,55.07,key_11,4,false
read,55.10,key_19,2,false
read,52.31,key_1,2,false
read,55.04,key_7,2,false
read,52.10,key_11,4,false
read,56.71,key_6,1,false
read,54.68,key_0,0,false
read,51.92,key_11,4,false
read,53.60,key_3,6,false
read,53.56,key_19,2,false
read,53.64,key_7,2,false
read,53.60,key_6,1,false
read,55.72,key_7,2,false
read,53.44,key_6,1,false
read,52.36,key_4,2,false
read,55.95,key_5,0,false
read,56.37,key_11,4,false
read,54.08,key_9,0,false
read,54.11,key_19,2,false
read,54.10,key_16,4,false
read,58.23,key_6,1,false
read,53.70,key_2,0,false
read,60.04,key_18,2,false
read,55.04,key_15,2,false
read,57.43,key_1,2,false
read,62.79,key_6,1,false
read,55.23,key_7,2,false
read,54.47,key_2,0,false
read,55.12,key_1,2,false
read,57.28,key_4,2,false
read,54.68,key_10,4,false
read,56.40,key_19,2,false
read,52.27,key_1,2,false
read,52.25,key_15,2,false
read,53.39,key_4,2,false
read,53.38,key_8,2,false
read,54.88,key_0,0,false
read,54.01,key_5,0,false
read,54.65,key_13,1,false
read,51.92,key_16,4,false
read,52.27,key_4,2,false
read,52.84,key_13,1,false
read,52.42,key_10,4,false
read,53.20,key_15,2,false
read,53.17,key_4,2,false
read,54.38,key_10,4,false
read,55.22,key_6,1,false
read,53.23,key_18,2,false
read,53.15,key_10,4,false
read,54.86,key_7,2,false
read,52.12,key_6,1,false
read,55.07,key_8,2,false
read,52.76,key_14,3,false
read,52.66,key_9,0,false
read,53.20,key_8,2,false
read,56.16,key_7,2,false
read,51.41,key_12,3,false
read,52.61,key_0,0,false
read,52.61,key_8,2,false
read,53.40,key_14,3,false
read,53.48,key_0,0,false
read,56.76,key_18,2,false
read,54.25,key_15,2,false
read,54.43,key_3,6,false
read,52.10,key_4,2,false
read,52.06,key_11,4,false
write,2.98,key_3,7,false
read,54.86,key_2,0,false
read,52.62,key_18,2,false
read,56.55,key_1,2,false
read,51.94,key_9,0,false
read,52.87,key_15,2,false
read,54.63,key_19,2,false
read,53.37,key_18,2,false
read,55.17,key_11,4,false
read,54.01,key_5,0,false
read,53.60,key_2,0,false
read,55.15,key_19,2,false
read,52.16,key_18,2,false
read,55.10,key_1,2,false
read,53.04,key_18,2,false
read,55.17,key_17,3,false
read,52.04,key_0,0,false
read,53.88,key_19,2,false
read,55.68,key_6,1,false
read,56.48,key_1,2,false
read,57.09,key_17,3,false
read,56.78,key_10,4,false
read,52.75,key_7,2,false
read,53.26,key_14,3,false
read,53.51,key_2,0,false
read,53.55,key_16,4,false
read,52.66,key_18,2,false
read,52.29,key_12,3,false
read,52.29,key_15,2,false
read,54.91,key_17,3,false
read,57.07,key_12,3,false
read,54.65,key_16,4,false
read,53.25,key_15,2,false
read,52.62,key_0,0,false
read,52.38,key_14,3,false
read,53.77,key_7,2,false
read,52.05,key_14,3,false
read,55.59,key_10,4,false
read,53.44,key_9,0,false
read,52.29,key_8,2,false
read,52.26,key_2,0,false
read,52.23,key_16,4,false
read,53.99,key_9,0,false
read,53.18,key_14,3,false
read,53.89,key_13,1,false
read,57.13,key_19,2,false
read,51.87,key_6,1,false
read,56.33,key_3,7,false
read,52.31,key_6,1,false
read,54.74,key_10,4,false
read,52.51,key_15,2,false
read,51.74,key_12,3,false
read,58.21,key_3,7,false
read,53.31,key_6,1,false
read,56.49,key_7,2,false
read,53.03,key_7,2,false
read,53.05,key_11,4,false
read,54.69,key_8,2,false
read,53.56,key_12,3,false
read,52.02,key_10,4,false
read,56.23,key_13,1,false
read,52.52,key_0,0,false
read,53.01,key_19,2,false
read,56.37,key_17,3,false
read,53.72,key_2,0,false
read,53.14,key_4,2,false
read,55.91,key_18,2,false
read,55.06,key_16,4,false
read,56.55,key_0,0,false
read,52.96,key_17,3,false
read,53.48,key_10,4,false
read,56.03,key_0,0,false
read,55.55,key_12,3,false
read,55.60,key_7,2,false
read,53.34,key_2,0,false
read,54.01,key_2,0,false
read,53.82,key_9,0,false
read,54.05,key_16,4,false
read,57.69,key_19,2,false
read,56.45,key_8,2,false
read,56.03,key_6,1,false
read,56.52,key_15,2,false
read,55.19,key_9,0,false
read,52.45,key_18,2,false
read,55.17,key_15,2,false
read,53.33,key_8,2,false
read,53.51,key_13,1,false
read,53.53,key_8,2,false
read,55.08,key_10,4,false
read,52.82,key_12,3,false
read,53.25,key_4,2,false
read,53.39,key_3,7,false
read,54.49,key_7,2,false
read,54.48,key_17,3,false
read,54.69,key_12,3,false
read,56.20,key_16,4,false
read,57.78,key_5,0,false
read,54.07,key_12,3,false
read,54.50,key_2,0,false
read,56.23,key_3,7,false
read,56.27,key_19,2,false
read,56.18,key_10,4,false
read,56.00,key_11,4,false
read,56.00,key_7,2,false
read,54.80,key_8,2,false
read,54.94,key_16,4,false
read,54.89,key_17,3,false
read,54.96,key_19,2,false
read,52.42,key_3,7,false
read,61.47,key_1,2,false
read,57.44,key_8,2,false
read,60.20,key_8,2,false
read,54.62,key_6,1,false
read,54.71,key_17,3,false
read,54.88,key_11,4,false
read,55.05,key_19,2,false
read,55.09,key_19,2,false
read,54.82,key_9,0,false
read,56.92,key_11,4,false
read,52.80,key_12,3,false
read,54.51,key_2,0,false
read,55.51,key_6,1,false
read,53.09,key_4,2,false
read,53.08,key_14,3,false
read,55.56,key_8,2,false
read,55.51,key_3,7,false
read,53.61,key_1,2,false
read,55.80,key_1,2,false
read,54.87,key_9,0,false
read,52.13,key_9,0,false
read,54.19,key_17,3,false
read,55.40,key_10,4,false
read,52.75,key_16,4,false
read,55.32,key_13,1,false
read,54.84,key_9,0,false
read,55.35,key_10,4,false
read,55.27,key_3,7,false
read,55.29,key_3,7,false
read,54.24,key_5,0,false
read,54.58,key_3,7,false
read,55.80,key_19,2,false
read,52.00,key_7,2,false
read,54.60,key_7,2,false
read,54.70,key_5,0,false
read,55.32,key_15,2,false
read,55.32,key_3,7,false
read,53.10,key_8,2,false
read,52.97,key_19,2,false
read,52.55,key_2,0,false
read,54.22,key_10,4,false
read,57.82,key_6,1,false
read,57.80,key_6,1,false
read,55.11,key_4,2,false
read,55.35,key_5,0,false
read,56.06,key_11,4,false
read,56.16,key_13,1,false
read,55.38,key_1,2,false
read,54.41,key_16,4,false
read,54.47,key_1,2,false
read,55.94,key_12,3,false
read,57.28,key_5,0,false
read,57.61,key_15,2,false
read,53.13,key_6,1,false
read,54.76,key_5,0,false
read,53.97,key_0,0,false
read,54.89,key_4,2,false
read,53.47,key_14,3,false
read,55.20,key_11,4,false
read,56.07,key_15,2,false
read,54.32,key_6,1,false
read,55.65,key_14,3,false
read,55.80,key_16,4,false
read,55.42,key_11,4,false
read,55.50,key_6,1,false
read,55.42,key_15,2,false
read,55.69,key_2,0,false
read,55.69,key_8,2,false
read,54.45,key_1,2,false
read,56.49,key_9,0,false
read,59.23,key_17,3,false
read,58.59,key_18,2,false
read,57.74,key_6,1,false
read,55.82,key_13,1,false
read,55.84,key_18,2,false
read,56.07,key_4,2,false
read,56.47,key_7,2,false
read,52.70,key_2,0,false
read,56.40,key_13,1,false
read,52.44,key_16,4,false
read,57.48,key_2,0,false
read,60.17,key_13,1,false
read,55.05,key_19,2,false
read,55.29,key_2,0,false
read,57.83,key_4,2,false
read,54.23,key_13,1,false
read,55.26,key_18,2,false
read,58.30,key_11,4,false
read,58.31,key_17,3,false
read,57.88,key_12,3,false
read,58.01,key_9,0,false
read,55.20,key_9,0,false
read,57.51,key_9,0,false
read,55.70,key_0,0,false
read,56.18,key_11,4,false
read,55.90,key_18,2,false
read,56.20,key_13,1,false
read,52.66,key_18,2,false
read,56.45,key_19,2,false
read,56.07,key_9,0,false
read,56.67,key_7,2,false
read,59.88,key_4,2,false
read,61.47,key_8,2,false
write,7.12,key_2,1,false
read,59.33,key_2,0,false
read,59.39,key_15,2,false
read,59.37,key_14,3,false
read,55.43,key_6,1,false
read,59.63,key_7,2,false
read,59.45,key_14,3,false
read,56.41,key_6,1,false
read,57.50,key_18,2,false
read,61.76,key_13,1,false
read,55.92,key_3,7,false
read,56.23,key_19,2,false
read,56.34,key_0,0,false
read,56.13,key_7,2,false
read,56.26,key_2,1,false
read,54.12,key_5,0,false
read,54.24,key_5,0,false
read,59.07,key_5,0,false
read,56.69,key_0,0,false
read,55.49,key_9,0,false
read,59.52,key_7,2,false
read,60.16,key_17,3,false
read,57.04,key_13,1,false
read,60.18,key_9,0,false
read,60.30,key_2,1,false
read,57.19,key_18,2,false
read,59.77,key_17,3,false
read,62.65,key_7,2,false
read,59.98,key_3,7,false
read,62.84,key_16,4,false
read,63.06,key_4,2,false
read,54.29,key_7,2,false
read,54.25,key_8,2,false
read,56.69,key_12,3,false
read,56.85,key_17,3,false
read,54.04,key_19,2,false
read,57.27,key_18,2,false
read,57.91,key_14,3,false
read,56.82,key_7,2,false
read,57.19,key_9,0,false
read,60.13,key_5,0,false
read,61.13,key_8,2,false
read,61.59,key_2,1,false
read,60.40,key_5,0,false
read,58.44,key_10,4,false
read,61.87,key_17,3,false
read,61.89,key_0,0,false
read,59.24,key_1,2,false
read,59.18,key_11,4,false
read,62.12,key_4,2,false
read,61.66,key_4,2,false
read,57.20,key_0,0,false
read,57.19,key_19,2,false
read,57.54,key_19,2,false
read,57.40,key_11,4,false
read,57.34,key_8,2,false
read,57.80,key_11,4,false
read,58.09,key_7,2,false
read,58.03,key_6,1,false
read,58.08,key_14,3,false
read,59.46,key_7,2,false
read,58.04,key_9,0,false
read,57.71,key_10,4,false
read,56.08,key_19,2,false
read,58.34,key_7,2,false
read,58.44,key_4,2,false
read,57.91,key_4,2,false
read,58.00,key_2,1,false
read,58.36,key_1,2,false
read,58.70,key_4,2,false
read,58.62,key_8,2,false
read,58.69,key_10,4,false
read,59.24,key_11,4,false
read,59.14,key_3,7,false
read,59.27,key_5,0,false
read,59.06,key_1,2,false
read,59.53,key_4,2,false
read,59.30,key_7,2,false
read,59.49,key_4,2,false
read,59.57,key_12,3,false
read,60.39,key_3,7,false
read,57.16,key_2,1,false
read,57.52,key_2,1,false
read,57.39,key_6,1,false
read,57.57,key_6,1,false
read,57.81,key_17,3,false
read,57.54,key_13,1,false
read,57.92,key_5,0,false
read,57.80,key_5,0,false
read,57.77,key_0,0,false
read,56.46,key_13,1,false
read,56.87,key_19,2,false
read,56.92,key_3,7,false
read,57.15,key_4,2,false
read,57.02,key_4,2,false
read,58.18,key_18,2,false
read,59.78,key_5,0,false
read,59.73,key_6,1,false
read,60.22,key_12,3,false
read,60.68,key_11,4,false
read,60.80,key_17,3,false
read,54.16,key_4,2,false
read,57.79,key_8,2,false
read,55.01,key_3,7,false
read,57.83,key_17,3,false
read,57.78,key_6,1,false
read,58.03,key_11,4,false
read,56.92,key_2,1,false
read,54.98,key_11,4,false
read,58.38,key_5,0,false
read,57.60,key_19,2,false
read,59.79,key_18,2,false
read,59.66,key_0,0,false
read,56.76,key_10,4,false
read,60.37,key_15,2,false
read,60.19,key_8,2,false
read,60.11,key_12,3,false
read,60.11,key_19,2,false
read,60.34,key_17,3,false
read,59.19,key_17,3,false
read,56.79,key_17,3,false
read,56.23,key_12,3,false
read,57.26,key_14,3,false
read,57.21,key_17,3,false
read,57.29,key_7,2,false
read,57.47,key_13,1,false
read,57.41,key_3,7,false
read,57.77,key_4,2,false
read,60.52,key_10,4,false
read,60.55,key_17,3,false
read,61.42,key_0,0,false
read,56.07,key_0,0,false
read,56.09,key_15,2,false
read,57.20,key_16,4,false
read,55.68,key_14,3,false
read,56.13,key_13,1,false
read,56.08,key_7,2,false
read,59.86,key_17,3,false
read,56.52,key_1,2,false
read,55.55,key_12,3,false
read,56.55,key_12,3,false
read,53.51,key_17,3,false
read,53.47,key_2,1,false
read,57.40,key_14,3,false
read,57.48,key_12,3,false
read,57.34,key_6,1,false
read,57.49,key_19,2,false
read,54.52,key_13,1,false
read,59.57,key_7,2,false
read,59.51,key_8,2,false
read,56.46,key_17,3,false
write,1.95,key_13,2,false
read,58.16,key_17,3,false
read,58.14,key_6,1,false
read,58.18,key_8,2,false
read,56.05,key_10,4,false
read,58.13,key_2,1,false
read,55.40,key_0,0,false
read,56.15,key_7,2,false
read,58.24,key_7,2,false
read,55.53,key_6,1,false
read,59.59,key_9,0,false
read,59.37,key_14,3,false
read,59.45,key_10,4,false
read,58.14,key_2,1,false
read,59.63,key_3,7,false
read,59.81,key_9,0,false
read,59.91,key_17,3,false
read,59.81,key_0,0,false
read,60.11,key_12,3,false
read,59.92,key_18,2,false
read,60.08,key_0,0,false
read,59.00,key_2,1,false
read,58.77,key_2,1,false
read,58.84,key_4,2,false
read,59.09,key_17,3,false
read,59.19,key_13,2,false
read,58.68,key_18,2,false
read,58.91,key_19,2,false
read,58.84,key_2,1,false
read,58.84,key_11,4,false
read,59.09,key_13,2,false
read,58.64,key_6,1,false
read,58.68,key_1,2,false
read,59.11,key_10,4,false
read,59.11,key_14,3,false
read,59.02,key_16,4,false
read,59.15,key_17,3,false
read,59.00,key_10,4,false
read,59.32,key_9,0,false
read,59.04,key_17,3,false
read,59.15,key_10,4,false
read,53.96,key_8,2,false
read,53.94,key_9,0,false
read,53.95,key_18,2,false
read,53.61,key_16,4,false
read,60.57,key_8,2,false
read,60.50,key_5,0,false
read,60.60,key_11,4,false
read,61.23,key_18,2,false
read,61.99,key_13,2,false
read,62.22,key_9,0,false
read,55.34,key_15,2,false
read,55.40,key_10,4,false
read,55.32,key_14,3,false
read,57.38,key_18,2,false
read,52.34,key_14,3,false
read,52.53,key_16,4,false
read,52.92,key_8,2,false
read,55.17,key_16,4,false
read,55.52,key_10,4,false
read,57.12,key_19,2,false
read,55.26,key_14,3,false
read,55.46,key_14,3,false
read,55.57,key_1,2,false
read,54.20,key_0,0,false
read,54.88,key_0,0,false
read,54.69,key_10,4,false
write,3.33,key_14,4,false
read,55.51,key_11,4,false
read,53.40,key_19,2,false
read,53.15,key_5,0,false
read,54.67,key_3,7,false
read,55.80,key_14,4,false
read,55.72,key_7,2,false
read,55.36,key_1,2,false
read,53.20,key_4,2,false
read,56.20,key_8,2,false
read,58.95,key_7,2,false
read,57.45,key_0,0,false
read,55.25,key_7,2,false
read,58.09,key_11,4,false
read,55.38,key_19,2,false
read,54.83,key_7,2,false
read,55.56,key_4,2,false
read,53.24,key_8,2,false
read,53.90,key_3,7,false
read,59.14,key_8,2,false
read,55.33,key_13,2,false
read,56.02,key_9,0,false
read,56.11,key_2,1,false
read,54.28,key_2,1,false
read,55.15,key_13,2,false
read,57.12,key_5,0,false
read,58.60,key_10,4,false
read,58.10,key_16,4,false
read,58.20,key_7,2,false
read,58.53,key_19,2,false
read,57.35,key_0,0,false
read,55.20,key_2,1,false
read,58.51,key_9,0,false
read,62.57,key_12,3,false
read,57.38,key_4,2,false
read,57.64,key_11,4,false
read,57.41,key_12,3,false
read,57.80,key_4,2,false
read,57.54,key_2,1,false
read,57.56,key_0,0,false
read,57.80,key_16,4,false
read,57.55,key_10,4,false
read,58.03,key_13,2,false
read,58.35,key_7,2,false
read,58.58,key_16,4,false
read,59.10,key_18,2,false
read,58.47,key_11,4,false
read,59.52,key_15,2,false
read,59.51,key_5,0,false
read,59.61,key_15,2,false
read,59.70,key_9,0,false
read,59.61,key_1,2,false
read,60.69,key_3,7,false
read,61.48,key_5,0,false
read,61.33,key_3,7,false
read,55.11,key_17,3,false
read,56.99,key_10,4,false
read,57.17,key_9,0,false
read,57.31,key_6,1,false
read,57.35,key_0,0,false
read,57.18,key_17,3,false
read,56.17,key_6,1,false
read,58.48,key_19,2,false
read,57.06,key_11,4,false
read,60.08,key_8,2,false
read,60.72,key_9,0,false
read,61.70,key_8,2,false
read,60.40,key_8,2,false
read,61.46,key_2,1,false
read,61.73,key_13,2,false
read,61.77,key_0,0,false
read,61.63,key_17,3,false
read,61.89,key_8,2,false
read,60.12,key_8,2,false
read,58.68,key_6,1,false
read,57.08,key_1,2,false
read,57.29,key_14,4,false
read,57.38,key_9,0,false
read,57.13,key_2,1,false
read,57.02,key_12,3,false
read,57.32,key_15,2,false
read,57.06,key_16,4,false
read,61.71,key_6,1,false
read,61.50,key_8,2,false
read,61.69,key_14,4,false
read,57.56,key_15,2,false
read,57.62,key_7,2,false
read,57.64,key_11,4,false
read,53.69,key_4,2,false
write,2.50,key_17,4,false
read,56.44,key_8,2,false
read,57.92,key_0,0,false
read,62.34,key_6,1,false
read,62.32,key_17,3,true
read,62.36,key_16,4,false
read,62.28,key_8,2,false
read,53.03,key_11,4,false
read,53.38,key_2,1,false
read,53.40,key_16,4,false
read,52.71,key_9,0,false
read,53.38,key_6,1,false
read,53.35,key_9,0,false
read,53.52,key_12,3,false
read,54.86,key_17,4,false
read,54.81,key_10,4,false
read,58.09,key_6,1,false
read,55.84,key_1,2,false
read,55.95,key_8,2,false
read,56.13,key_19,2,false
read,53.05,key_17,4,false
read,53.29,key_11,4,false
read,58.35,key_0,0,false
read,51.49,key_12,3,false
read,54.80,key_17,4,false
read,55.05,key_15,2,false
read,58.73,key_7,2,false
read,55.71,key_0,0,false
read,55.94,key_19,2,false
read,54.15,key_9,0,false
read,56.08,key_19,2,false
read,54.80,key_5,0,false
read,55.10,key_2,1,false
read,55.20,key_14,4,false
read,54.97,key_8,2,false
read,55.33,key_19,2,false
read,59.77,key_3,7,false
read,55.42,key_6,1,false
read,55.38,key_7,2,false
read,55.46,key_15,2,false
read,55.36,key_11,4,false
read,52.98,key_11,4,false
read,52.94,key_19,2,false
read,53.21,key_16,4,false
read,56.10,key_4,2,false
read,58.14,key_9,0,false
read,56.75,key_6,1,false
read,55.81,key_13,2,false
read,58.64,key_6,1,false
read,56.90,key_11,4,false
read,58.74,key_16,4,false
read,57.31,key_5,0,false
read,60.18,key_3,7,false
read,63.57,key_6,1,false
read,58.83,key_12,3,false
read,57.00,key_11,4,false
read,57.02,key_0,0,false
read,53.62,key_19,2,false
read,52.66,key_2,1,false
read,53.15,key_14,4,false
read,51.74,key_15,2,false
read,56.99,key_9,0,false
read,52.38,key_5,0,false
read,54.51,key_11,4,false
read,61.07,key_12,3,false
read,56.06,key_12,3,false
read,56.05,key_1,2,false
read,52.91,key_2,1,false
read,54.54,key_18,2,false
read,53.11,key_12,3,false
read,52.41,key_13,2,false
read,52.77,key_15,2,false
read,55.04,key_19,2,false
read,51.56,key_17,4,false
read,53.49,key_4,2,false
read,52.46,key_17,4,false
read,55.15,key_11,4,false
read,52.35,key_17,4,false
read,52.33,key_14,4,false
read,53.79,key_14,4,false
read,51.62,key_7,2,false
read,52.38,key_19,2,false
read,52.52,key_12,3,false
read,51.70,key_19,2,false
read,52.84,key_19,2,false
read,52.53,key_17,4,false
read,53.01,key_17,4,false
read,52.49,key_3,7,false
read,52.31,key_19,2,false
read,53.51,key_14,4,false
read,52.27,key_0,0,false
read,52.59,key_14,4,false
read,52.66,key_0,0,false
read,55.78,key_13,2,false
read,53.87,key_17,4,false
read,53.82,key_7,2,false
read,54.72,key_13,2,false
read,55.72,key_15,2,false
read,58.67,key_6,1,false
read,55.89,key_9,0,false
read,56.25,key_9,0,false
read,52.80,key_5,0,false
read,54.70,key_2,1,false
read,55.06,key_3,7,false
read,56.88,key_0,0,false
read,56.29,key_6,1,false
read,53.22,key_8,2,false
read,54.10,key_5,0,false
read,55.30,key_3,7,false
read,55.89,key_14,4,false
read,55.77,key_4,2,false
read,57.01,key_18,2,false
read,52.86,key_17,4,false
read,57.34,key_1,2,false
read,61.29,key_18,2,false
read,60.05,key_14,4,false
read,58.16,key_15,2,false
read,52.66,key_6,1,false
read,52.73,key_3,7,false
read,54.34,key_12,3,false
read,51.86,key_16,4,false
read,54.63,key_14,4,false
read,51.90,key_0,0,false
read,51.37,key_10,4,false
read,52.57,key_19,2,false
read,55.90,key_13,2,false
read,55.89,key_19,2,false
read,55.20,key_13,2,false
read,53.27,key_15,2,false
read,55.27,key_5,0,false
read,55.15,key_15,2,false
read,53.21,key_0,0,false
read,56.05,key_15,2,false
read,55.50,key_12,3,false
read,53.16,key_2,1,false
read,54.05,key_3,7,false
read,56.09,key_10,4,false
read,53.28,key_3,7,false
read,56.09,key_13,2,false
read,59.58,key_5,0,false
read,60.18,key_15,2,false
read,54.19,key_12,3,false
read,71.44,key_4,2,false
read,67.64,key_19,2,false
read,58.91,key_10,4,false
read,57.89,key_0,0,false
read,72.47,key_4,2,false
read,53.83,key_1,2,false
read,55.09,key_18,2,false
read,54.63,key_14,4,false
read,58.47,key_4,2,false
read,61.32,key_17,4,false
read,55.01,key_12,3,false
read,54.17,key_10,4,false
read,55.98,key_0,0,false
read,57.03,key_0,0,false
read,57.12,key_8,2,false
read,53.24,key_13,2,false
read,54.85,key_4,2,false
read,52.99,key_16,4,false
read,51.20,key_13,2,false
read,51.24,key_18,2,false
read,54.23,key_0,0,false
read,54.18,key_4,2,false
read,52.40,key_17,4,false
read,52.30,key_16,4,false
read,54.42,key_15,2,false
read,52.61,key_3,7,false
read,51.42,key_19,2,false
read,53.27,key_11,4,false
read,51.40,key_0,0,false
read,54.45,key_15,2,false
read,51.02,key_0,0,false
read,51.09,key_4,2,false
read,51.12,key_1,2,false
read,51.77,key_9,0,false
read,54.02,key_1,2,false
read,52.96,key_18,2,false
read,52.56,key_14,4,false
read,52.61,key_18,2,false
read,51.04,key_16,4,false
read,52.13,key_12,3,false
read,51.10,key_12,3,false
read,51.16,key_11,4,false
read,53.96,key_7,2,false
read,54.12,key_0,0,false
read,54.88,key_9,0,false
read,51.42,key_7,2,false
read,51.21,key_0,0,false
read,51.39,key_9,0,false
read,54.23,key_3,7,false
read,52.20,key_16,4,false
read,51.78,key_5,0,false
read,51.87,key_0,0,false
read,52.76,key_14,4,false
read,51.76,key_17,4,false
read,54.32,key_11,4,false
read,52.16,key_9,0,false
read,52.87,key_13,2,false
read,52.64,key_15,2,false
read,54.82,key_16,4,false
read,51.89,key_4,2,false
read,55.22,key_1,2,false
read,51.89,key_12,3,false
read,56.01,key_19,2,false
read,55.09,key_18,2,false
read,52.87,key_6,1,false
read,54.24,key_2,1,false
read,54.28,key_9,0,false
read,51.62,key_9,0,false
read,53.87,key_2,1,false
read,52.86,key_17,4,false
read,52.12,key_12,3,false
read,52.65,key_9,0,false
read,52.14,key_13,2,false
read,53.18,key_7,2,false
read,54.24,key_4,2,false
read,52.85,key_10,4,false
read,52.63,key_15,2,false
read,52.50,key_19,2,false
read,53.08,key_7,2,false
read,53.32,key_3,7,false
read,51.91,key_18,2,false
read,51.87,key_1,2,false
read,55.54,key_2,1,false
read,52.65,key_9,0,false
read,52.72,key_7,2,false
read,52.01,key_6,1,false
read,52.83,key_11,4,false
read,53.98,key_18,2,false
read,51.98,key_1,2,false
read,53.03,key_11,4,false
read,52.23,key_17,4,false
read,55.55,key_16,4,false
read,51.67,key_12,3,false
read,53.08,key_17,4,false
read,55.17,key_12,3,false
read,52.53,key_6,1,false
read,51.63,key_19,2,false
read,52.45,key_5,0,false
read,51.90,key_19,2,false
read,56.06,key_4,2,false
read,53.92,key_9,0,false
read,52.13,key_13,2,false
read,52.10,key_16,4,false
read,52.64,key_6,1,false
read,55.79,key_5,0,false
read,52.80,key_7,2,false
read,56.69,key_19,2,false
read,56.21,key_2,1,false
read,56.46,key_5,0,false
read,55.36,key_12,3,false
read,51.70,key_15,2,false
read,51.39,key_12,3,false
read,55.37,key_18,2,false
read,52.28,key_15,2,false
read,52.26,key_2,1,false
read,53.06,key_5,0,false
read,52.70,key_3,7,false
read,57.37,key_1,2,false
read,51.74,key_15,2,false
read,52.62,key_2,1,false
read,52.16,key_18,2,false
read,52.15,key_4,2,false
read,51.25,key_14,4,false
read,52.67,key_0,0,false
read,56.97,key_15,2,false
read,55.24,key_18,2,false
read,53.37,key_18,2,false
read,52.91,key_0,0,false
read,52.73,key_1,2,false
read,52.79,key_5,0,false
read,51.59,key_0,0,false
read,54.81,key_5,0,false
read,52.01,key_18,2,false
read,52.19,key_9,0,false
read,52.10,key_7,2,false
read,59.22,key_0,0,false
read,56.44,key_14,4,false
read,52.78,key_10,4,false
read,52.15,key_11,4,false
read,56.80,key_13,2,false
read,56.31,key_0,0,false
read,55.93,key_19,2,false
read,53.53,key_0,0,false
read,54.77,key_8,2,false
read,54.52,key_17,4,false
read,52.10,key_15,2,false
read,54.60,key_3,7,false
read,51.90,key_14,4,false
read,52.92,key_3,7,false
read,51.92,key_3,7,false
read,51.98,key_12,3,false
read,54.25,key_9,0,false
read,54.24,key_1,2,false
read,51.50,key_14,4,false
read,51.63,key_1,2,false
read,54.98,key_17,4,false
read,51.77,key_15,2,false
read,51.61,key_13,2,false
read,51.58,key_7,2,false
read,53.98,key_2,1,false
read,52.68,key_3,7,false
read,53.36,key_11,4,false
read,55.47,key_18,2,false
read,51.53,key_16,4,false
read,51.64,key_2,1,false
read,51.57,key_2,1,false
read,51.68,key_8,2,false
read,53.05,key_4,2,false
read,52.65,key_14,4,false
read,52.75,key_3,7,false
read,52.20,key_18,2,false
read,56.29,key_6,1,false
read,54.95,key_9,0,false
read,51.39,key_11,4,false
read,52.01,key_10,4,false
read,52.73,key_0,0,false
read,52.81,key_11,4,false
read,51.73,key_19,2,false
read,55.48,key_16,4,false
read,52.51,key_8,2,false
read,52.85,key_11,4,false
read,52.99,key_13,2,false
read,54.78,key_13,2,false
read,57.00,key_10,4,false
read,52.93,key_4,2,false
read,52.11,key_8,2,false
read,53.13,key_4,2,false
read,56.34,key_8,2,false
read,53.61,key_4,2,false
read,51.69,key_16,4,false
read,52.38,key_10,4,false
read,51.75,key_7,2,false
read,52.01,key_5,0,false
read,55.09,key_8,2,false
read,54.70,key_2,1,false
read,52.90,key_9,0,false
read,51.87,key_13,2,false
read,55.81,key_0,0,false
read,51.48,key_16,4,false
read,55.81,key_10,4,false
read,52.50,key_4,2,false
read,52.33,key_18,2,false
read,52.71,key_19,2,false
read,55.58,key_19,2,false
read,54.99,key_0,0,false
read,51.80,key_9,0,false
read,51.99,key_17,4,false
read,51.89,key_3,7,false
read,53.07,key_8,2,false
read,55.44,key_14,4,false
read,54.43,key_1,2,false
read,52.26,key_9,0,false
read,54.38,key_2,1,false
read,53.27,key_3,7,false
read,53.04,key_7,2,false
read,51.98,key_13,2,false
read,52.16,key_12,3,false
read,54.98,key_2,1,false
read,56.99,key_17,4,false
read,55.83,key_7,2,false
read,56.08,key_12,3,false
read,53.55,key_5,0,false
read,55.10,key_13,2,false
read,53.54,key_16,4,false
read,56.92,key_0,0,false
read,53.18,key_19,2,false
read,55.18,key_15,2,false
read,52.27,key_3,7,false
read,51.98,key_10,4,false
read,52.23,key_4,2,false
read,52.22,key_17,4,false
read,53.04,key_2,1,false
read,51.80,key_12,3,false
read,52.01,key_10,4,false
read,51.87,key_19,2,false
read,53.24,key_10,4,false
read,56.62,key_17,4,false
read,52.06,key_14,4,false
read,52.33,key_2,1,false
read,51.94,key_3,7,false
read,52.19,key_1,2,false
read,51.84,key_16,4,false
read,51.83,key_2,1,false
read,56.47,key_4,2,false
read,53.19,key_14,4,false
read,53.42,key_3,7,false
read,56.68,key_1,2,false
read,52.31,key_0,0,false
read,52.67,key_8,2,false
read,51.86,key_7,2,false
read,52.06,key_0,0,false
read,52.09,key_19,2,false
read,52.24,key_7,2,false
read,51.94,key_17,4,false
read,51.93,key_10,4,false
read,52.66,key_19,2,false
read,52.41,key_13,2,false
read,54.97,key_10,4,false
read,52.50,key_18,2,false
read,52.81,key_14,4,false
read,54.91,key_6,1,false
read,51.30,key_5,0,false
read,54.21,key_12,3,false
read,54.60,key_11,4,false
read,52.91,key_6,1,false
read,52.70,key_15,2,false
read,54.36,key_8,2,false
read,53.27,key_7,2,false
read,55.84,key_5,0,false
read,52.39,key_2,1,false
read,52.58,key_9,0,false
read,53.00,key_8,2,false
read,58.15,key_18,2,false
read,56.17,key_2,1,false
read,52.85,key_6,1,false
read,52.58,key_2,1,false
read,54.38,key_18,2,false
read,53.30,key_13,2,false
read,53.43,key_12,3,false
read,56.15,key_13,2,false
read,55.64,key_1,2,false
read,51.84,key_4,2,false
read,55.88,key_12,3,false
read,51.82,key_10,4,false
read,55.96,key_18,2,false
read,52.34,key_11,4,false
read,56.44,key_11,4,false
read,52.02,key_9,0,false
read,53.45,key_14,4,false
read,54.06,key_3,7,false
read,52.39,key_12,3,false
read,54.05,key_8,2,false
read,52.15,key_15,2,false
read,51.95,key_7,2,false
read,55.27,key_9,0,false
read,52.92,key_0,0,false
read,60.46,key_13,2,false
read,58.33,key_16,4,false
read,58.60,key_18,2,false
read,59.34,key_11,4,false
read,59.64,key_2,1,false
read,60.36,key_2,1,false
read,56.95,key_12,3,false
read,61.42,key_6,1,false
read,61.78,key_0,0,false
read,52.85,key_14,4,false
read,52.80,key_13,2,false
read,52.63,key_18,2,false
read,54.94,key_4,2,false
read,54.18,key_10,4,false
read,53.61,key_2,1,false
read,53.36,key_14,4,false
read,68.66,key_17,4,false
read,67.82,key_12,3,false
read,70.71,key_11,4,false
read,53.21,key_16,4,false
read,55.91,key_18,2,false
read,59.03,key_2,1,false
read,56.33,key_8,2,false
read,58.93,key_14,4,false
read,52.01,key_4,2,false
read,53.23,key_1,2,false
read,52.36,key_0,0,false
read,53.66,key_12,3,false
read,53.49,key_14,4,false
read,51.91,key_2,1,false
read,55.51,key_13,2,false
read,55.44,key_11,4,false
read,55.50,key_8,2,false
read,55.46,key_15,2,false
read,53.61,key_11,4,false
read,53.58,key_19,2,false
read,54.02,key_8,2,false
read,54.51,key_6,1,false
read,56.88,key_12,3,false
read,51.98,key_3,7,false
read,52.23,key_6,1,false
read,52.26,key_1,2,false
read,56.09,key_1,2,false
read,57.12,key_10,4,false
read,51.65,key_5,0,false
read,51.65,key_15,2,false
read,54.79,key_13,2,false
read,54.26,key_13,2,false
read,55.14,key_14,4,false
read,52.57,key_17,4,false
read,52.41,key_6,1,false
read,52.46,key_11,4,false
read,54.56,key_17,4,false
read,55.13,key_1,2,false
read,52.43,key_16,4,false
read,55.27,key_19,2,false
read,52.77,key_10,4,false
read,53.09,key_18,2,false
read,53.08,key_12,3,false
read,53.36,key_9,0,false
read,53.20,key_15,2,false
read,53.23,key_6,1,false
read,52.65,key_11,4,false
read,52.70,key_13,2,false
read,54.51,key_4,2,false
read,53.20,key_18,2,false
read,55.57,key_13,2,false
read,51.56,key_11,4,false
read,54.69,key_12,3,false
read,52.82,key_6,1,false
read,57.05,key_17,4,false
read,57.04,key_0,0,false
read,52.98,key_7,2,false
read,52.67,key_7,2,false
read,52.86,key_4,2,false
read,52.12,key_18,2,false
read,52.24,key_14,4,false
read,52.90,key_9,0,false
read,56.12,key_11,4,false
read,52.01,key_9,0,false
read,52.19,key_12,3,false
read,52.17,key_8,2,false
read,53.56,key_17,4,false
read,56.82,key_17,4,false
read,53.74,key_13,2,false
read,56.27,key_8,2,false
read,53.70,key_9,0,false
read,57.52,key_14,4,false
read,53.81,key_14,4,false
read,55.27,key_17,4,false
read,53.40,key_5,0,false
read,53.40,key_12,3,false
read,53.47,key_17,4,false
read,53.49,key_4,2,false
read,54.48,key_1,2,false
read,53.38,key_12,3,false
read,53.50,key_7,2,false
read,58.50,key_5,0,false
read,56.23,key_7,2,false
read,54.40,key_8,2,false
read,53.32,key_17,4,false
read,53.25,key_15,2,false
read,53.32,key_12,3,false
read,53.42,key_5,0,false
read,53.55,key_8,2,false
read,52.25,key_10,4,false
read,54.11,key_19,2,false
read,52.21,key_8,2,false
read,52.15,key_10,4,false
read,57.02,key_6,1,false
read,57.88,key_15,2,false
read,57.98,key_9,0,false
read,53.90,key_5,0,false
read,53.90,key_7,2,false
read,54.29,key_17,4,false
read,51.54,key_1,2,false
read,52.86,key_6,1,false
read,53.72,key_6,1,false
read,53.88,key_3,7,false
read,56.11,key_9,0,false
read,56.17,key_3,7,false
read,54.13,key_19,2,false
read,54.13,key_5,0,false
read,58.91,key_2,1,false
read,55.41,key_8,2,false
read,54.62,key_0,0,false
read,52.57,key_3,7,false
read,52.65,key_0,0,false
read,54.26,key_12,3,false
read,52.29,key_10,4,false
read,52.88,key_18,2,false
read,52.86,key_14,4,false
read,52.69,key_10,4,false
read,53.84,key_10,4,false
read,56.84,key_3,7,false
read,53.39,key_3,7,false
read,51.88,key_9,0,false
read,52.10,key_7,2,false
read,56.34,key_0,0,false
read,54.73,key_14,4,false
read,52.03,key_4,2,false
write,1.00,key_1,3,false
read,55.04,key_15,2,false
read,52.56,key_4,2,false
read,54.26,key_19,2,false
read,55.81,key_16,4,false
read,53.68,key_18,2,false
read,55.61,key_19,2,false
read,53.28,key_16,4,false
read,51.96,key_1,2,true
read,52.41,key_12,3,false
read,52.86,key_8,2,false
read,52.33,key_12,3,false
read,52.45,key_15,2,false
read,53.16,key_8,2,false
read,52.76,key_10,4,false
read,52.30,key_1,3,false
read,51.47,key_1,3,false
read,51.67,key_17,4,false
read,56.09,key_5,0,false
read,51.65,key_10,4,false
read,52.97,key_9,0,false
read,52.83,key_19,2,false
read,54.37,key_4,2,false
read,52.98,key_0,0,false
read,52.89,key_16,4,false
write,0.77,key_12,4,false
read,52.81,key_0,0,false
read,53.46,key_11,4,false
read,54.21,key_19,2,false
read,52.17,key_3,7,false
read,52.25,key_10,4,false
read,53.67,key_2,1,false
read,53.71,key_11,4,false
read,57.83,key_14,4,false
read,53.15,key_10,4,false
read,53.16,key_3,7,false
read,53.42,key_10,4,false
read,54.68,key_17,4,false
read,54.21,key_1,3,false
read,51.67,key_19,2,false
read,51.84,key_3,7,false
read,53.51,key_4,2,false
read,54.74,key_2,1,false
read,54.87,key_10,4,false
read,59.17,key_9,0,false
read,55.09,key_9,0,false
read,52.31,key_11,4,false
read,53.41,key_10,4,false
read,53.77,key_9,0,false
read,53.31,key_12,4,false
read,56.53,key_19,2,false
read,52.73,key_1,3,false
read,55.97,key_0,0,false
read,55.64,key_3,7,false
read,55.61,key_5,0,false
read,52.51,key_4,2,false
read,55.69,key_8,2,false
read,58.39,key_17,4,false
read,58.79,key_12,4,false
read,55.98,key_3,7,false
read,55.87,key_17,4,false
read,52.72,key_5,0,false
read,53.98,key_7,2,false
read,54.13,key_7,2,false
read,54.10,key_4,2,false
read,54.01,key_4,2,false
read,54.12,key_1,3,false
read,52.95,key_12,4,false
read,56.35,key_14,4,false
read,56.53,key_7,2,false
read,53.80,key_9,0,false
read,51.93,key_16,4,false
read,53.21,key_7,2,false
read,51.90,key_0,0,false
read,53.59,key_4,2,false
read,53.56,key_18,2,false
read,53.69,key_5,0,false
read,53.69,key_8,2,false
read,53.57,key_15,2,false
read,53.62,key_18,2,false
read,56.25,key_16,4,false
read,55.56,key_8,2,false
read,60.02,key_13,2,false
read,54.69,key_5,0,false
read,59.71,key_5,0,false
read,59.89,key_12,4,false
read,60.01,key_3,7,false
read,59.88,key_4,2,false
read,60.04,key_3,7,false
read,55.08,key_14,4,false
read,53.74,key_8,2,false
read,52.64,key_14,4,false
read,53.70,key_9,0,false
read,53.56,key_6,1,false
read,55.13,key_1,3,false
read,55.04,key_17,4,false
read,55.74,key_13,2,false
read,56.71,key_16,4,false
read,56.61,key_10,4,false
read,56.59,key_2,1,false
read,52.81,key_12,4,false
read,53.91,key_14,4,false
read,54.33,key_19,2,false
read,52.70,key_17,4,false
read,51.87,key_9,0,false
read,53.05,key_13,2,false
read,52.03,key_2,1,false
read,53.54,key_18,2,false
read,52.57,key_2,1,false
read,56.32,key_8,2,false
read,54.36,key_12,4,false
read,56.47,key_12,4,false
read,53.05,key_3,7,false
read,54.98,key_13,2,false
read,54.24,key_3,7,false
read,55.25,key_7,2,false
read,55.24,key_6,1,false
read,56.12,key_3,7,false
read,56.48,key_19,2,false
read,57.12,key_7,2,false
read,54.51,key_19,2,false
read,53.94,key_4,2,false
read,54.64,key_6,1,false
read,53.68,key_10,4,false
read,54.70,key_19,2,false
read,53.59,key_13,2,false
read,54.63,key_17,4,false
read,53.12,key_18,2,false
read,53.70,key_8,2,false
read,56.35,key_16,4,false
read,53.66,key_5,0,false
read,59.35,key_5,0,false
read,54.94,key_9,0,false
read,55.02,key_19,2,false
read,55.29,key_9,0,false
read,55.39,key_13,2,false
read,53.95,key_9,0,false
read,52.69,key_2,1,false
read,57.05,key_5,0,false
read,56.04,key_2,1,false
read,56.15,key_12,4,false
read,52.33,key_5,0,false
read,53.87,key_2,1,false
read,54.11,key_10,4,false
read,54.17,key_5,0,false
read,57.28,key_16,4,false
read,59.61,key_10,4,false
read,60.68,key_15,2,false
read,63.57,key_9,0,false
read,52.45,key_14,4,false
read,65.49,key_4,2,false
read,53.83,key_4,2,false
read,52.78,key_5,0,false
read,52.71,key_15,2,false
read,54.08,key_5,0,false
read,51.94,key_13,2,false
read,53.96,key_3,7,false
read,51.57,key_18,2,false
read,51.53,key_7,2,false
read,53.46,key_14,4,false
read,51.72,key_19,2,false
read,59.89,key_6,1,false
read,51.71,key_7,2,false
read,53.19,key_10,4,false
read,53.23,key_2,1,false
read,55.03,key_12,4,false
read,53.27,key_3,7,false
read,61.10,key_6,1,false
read,59.58,key_4,2,false
read,56.19,key_11,4,false
read,57.12,key_4,2,false
read,52.71,key_13,2,false
read,53.05,key_5,0,false
read,53.23,key_9,0,false
read,53.23,key_3,7,false
read,61.48,key_16,4,false
read,66.86,key_4,2,false
read,58.95,key_7,2,false
read,62.95,key_0,0,false
read,62.80,key_11,4,false
read,63.66,key_1,3,false
read,56.92,key_7,2,false
read,53.03,key_10,4,false
read,53.03,key_16,4,false
read,58.10,key_12,4,false
read,54.20,key_13,2,false
read,51.02,key_7,2,false
read,52.92,key_7,2,false
read,52.87,key_5,0,false
read,52.86,key_2,1,false
read,55.21,key_4,2,false
read,51.22,key_13,2,false
read,53.36,key_11,4,false
read,51.22,key_7,2,false
read,54.72,key_7,2,false
read,53.84,key_13,2,false
read,52.43,key_18,2,false
read,53.56,key_13,2,false
read,52.61,key_14,4,false
read,52.59,key_9,0,false
read,52.73,key_13,2,false
read,52.80,key_2,1,false
read,52.74,key_4,2,false
read,52.85,key_1,3,false
read,54.13,key_19,2,false
read,54.15,key_12,4,false
read,51.72,key_2,1,false
read,58.99,key_12,4,false
read,54.73,key_2,1,false
read,59.03,key_13,2,false
read,56.42,key_2,1,false
read,52.16,key_18,2,false
read,52.20,key_7,2,false
read,55.74,key_4,2,false
read,54.88,key_18,2,false
read,52.67,key_3,7,false
read,58.45,key_14,4,false
read,53.54,key_3,7,false
read,55.06,key_13,2,false
read,50.89,key_4,2,false
read,50.85,key_17,4,false
read,52.30,key_1,3,false
read,54.19,key_7,2,false
read,51.70,key_1,3,false
read,52.49,key_3,7,false
read,52.12,key_8,2,false
read,51.19,key_9,0,false
read,51.13,key_0,0,false
read,51.36,key_9,0,false
read,51.21,key_2,1,false
read,51.31,key_19,2,false
read,53.12,key_0,0,false
read,51.05,key_17,4,false
read,52.20,key_3,7,false
read,51.49,key_18,2,false
read,54.18,key_12,4,false
read,51.07,key_12,4,false
read,54.96,key_5,0,false
read,52.03,key_3,7,false
read,51.03,key_18,2,false
read,54.18,key_4,2,false
read,51.20,key_4,2,false
read,51.12,key_9,0,false
read,53.83,key_16,4,false
read,56.00,key_18,2,false
read,51.81,key_7,2,false
read,51.86,key_10,4,false
read,51.85,key_12,4,false
read,51.85,key_16,4,false
read,52.58,key_4,2,false
read,55.37,key_8,2,false
read,51.60,key_2,1,false
read,52.26,key_1,3,false
read,52.31,key_19,2,false
read,51.84,key_9,0,false
read,52.19,key_14,4,false
read,52.27,key_1,3,false
read,53.74,key_12,4,false
read,54.06,key_9,0,false
read,57.23,key_14,4,false
read,52.14,key_5,0,false
read,51.91,key_9,0,false
read,51.47,key_9,0,false
read,52.79,key_15,2,false
read,54.28,key_10,4,false
read,53.39,key_3,7,false
read,52.83,key_8,2,false
read,52.80,key_7,2,false
read,56.37,key_9,0,false
read,54.43,key_8,2,false
read,55.44,key_15,2,false
read,51.67,key_0,0,false
read,52.07,key_16,4,false
read,51.45,key_19,2,false
read,51.51,key_13,2,false
read,53.06,key_1,3,false
read,52.09,key_11,4,false
read,52.05,key_7,2,false
read,52.37,key_17,4,false
read,56.43,key_18,2,false
read,55.25,key_6,1,false
read,54.44,key_6,1,false
read,54.19,key_17,4,false
read,51.53,key_16,4,false
read,55.33,key_10,4,false
read,52.92,key_18,2,false
read,51.97,key_0,0,false
read,55.41,key_10,4,false
read,60.83,key_8,2,false
read,52.11,key_12,4,false
read,55.12,key_4,2,false
read,52.55,key_7,2,false
read,51.50,key_2,1,false
read,51.89,key_17,4,false
read,52.57,key_11,4,false
read,52.00,key_14,4,false
read,59.22,key_4,2,false
read,52.47,key_13,2,false
read,55.18,key_2,1,false
read,56.97,key_14,4,false
read,58.13,key_15,2,false
read,52.47,key_1,3,false
read,52.47,key_10,4,false
read,52.11,key_18,2,false
read,56.18,key_19,2,false
read,52.81,key_19,2,false
read,53.03,key_7,2,false
read,52.44,key_4,2,false
read,52.38,key_4,2,false
read,54.08,key_5,0,false
read,55.83,key_12,4,false
read,54.09,key_0,0,false
read,58.15,key_5,0,false
read,57.31,key_13,2,false
read,53.20,key_12,4,false
read,56.35,key_10,4,false
read,51.66,key_0,0,false
read,53.46,key_6,1,false
read,51.62,key_4,2,false
read,51.61,key_7,2,false
read,54.66,key_9,0,false
read,51.85,key_19,2,false
read,53.45,key_1,3,false
read,53.40,key_6,1,false
read,54.18,key_11,4,false
read,51.93,key_4,2,false
read,54.60,key_15,2,false
read,54.83,key_17,4,false
read,55.88,key_0,0,false
read,52.68,key_17,4,false
read,52.70,key_9,0,false
read,53.87,key_16,4,false
read,51.95,key_18,2,false
read,51.98,key_9,0,false
read,52.71,key_13,2,false
read,52.71,key_17,4,false
read,54.16,key_5,0,false
read,51.79,key_2,1,false
read,57.13,key_11,4,false
read,52.32,key_1,3,false
read,54.08,key_6,1,false
read,54.74,key_16,4,false
read,51.08,key_11,4,false
read,51.08,key_2,1,false
read,52.55,key_5,0,false
read,54.59,key_16,4,false
read,51.64,key_14,4,false
read,55.36,key_17,4,false
read,51.63,key_5,0,false
read,54.26,key_11,4,false
read,52.63,key_4,2,false
write,0.98,key_4,3,false
read,52.80,key_15,2,false
read,52.28,key_4,3,false
read,53.12,key_4,2,true
read,57.35,key_16,4,false
read,59.18,key_4,2,true
read,51.84,key_11,4,false
read,52.70,key_2,1,false
read,51.57,key_16,4,false
read,51.32,key_8,2,false
read,51.03,key_12,4,false
read,53.17,key_1,3,false
read,52.31,key_3,7,false
read,53.92,key_6,1,false
read,57.23,key_18,2,false
read,55.03,key_1,3,false
read,52.84,key_12,4,false
read,52.87,key_14,4,false
read,53.95,key_3,7,false
read,51.30,key_8,2,false
read,52.70,key_12,4,false
read,51.59,key_3,7,false
read,52.37,key_5,0,false
read,52.53,key_8,2,false
read,53.50,key_7,2,false
read,52.90,key_3,7,false
read,55.78,key_11,4,false
read,55.77,key_7,2,false
read,53.62,key_7,2,false
read,52.58,key_19,2,false
read,54.77,key_5,0,false
read,52.66,key_11,4,false
read,52.88,key_4,3,false
read,55.61,key_1,3,false
read,54.46,key_1,3,false
read,56.13,key_12,4,false
read,52.49,key_19,2,false
read,52.52,key_10,4,false
read,54.03,key_4,3,false
read,52.16,key_4,3,false
read,53.03,key_15,2,false
read,52.48,key_11,4,false
read,52.58,key_11,4,false
read,55.15,key_6,1,false
read,54.98,key_14,4,false
read,53.49,key_12,4,false
read,60.79,key_13,2,false
read,58.14,key_1,3,false
read,54.98,key_17,4,false
read,51.89,key_0,0,false
read,55.27,key_18,2,false
read,51.40,key_0,0,false
read,53.20,key_8,2,false
read,52.47,key_10,4,false
read,53.79,key_10,4,false
read,53.93,key_0,0,false
read,53.74,key_8,2,false
read,54.01,key_0,0,false
read,53.90,key_6,1,false
read,59.07,key_5,0,false
read,63.54,key_4,3,false
read,56.49,key_12,4,false
read,59.37,key_13,2,false
read,60.02,key_18,2,false
read,53.60,key_11,4,false
read,53.60,key_19,2,false
read,58.75,key_10,4,false
read,58.96,key_2,1,false
read,60.06,key_3,7,false
read,53.13,key_2,1,false
read,55.29,key_7,2,false
read,55.05,key_17,4,false
read,56.17,key_1,3,false
read,68.98,key_8,2,false
read,53.20,key_16,4,false
read,55.21,key_17,4,false
read,51.92,key_9,0,false
read,51.83,key_19,2,false
read,54.01,key_9,0,false
read,51.73,key_18,2,false
read,52.94,key_5,0,false
read,52.94,key_17,4,false
read,54.21,key_19,2,false
read,52.93,key_2,1,false
read,52.91,key_7,2,false
read,52.21,key_0,0,false
read,52.44,key_5,0,false
write,2.40,key_17,5,false
read,54.84,key_13,2,false
read,51.36,key_13,2,false
read,54.57,key_11,4,false
read,55.05,key_0,0,false
read,55.03,key_12,4,false
read,52.96,key_2,1,false
read,51.72,key_14,4,false
read,51.94,key_9,0,false
read,53.48,key_15,2,false
read,53.27,key_3,7,false
read,51.99,key_19,2,false
read,51.58,key_9,0,false
read,54.98,key_2,1,false
read,53.05,key_6,1,false
read,53.06,key_9,0,false
read,54.08,key_12,4,false
read,54.20,key_18,2,false
read,54.93,key_2,1,false
read,51.84,key_13,2,false
read,52.88,key_4,3,false
read,54.52,key_8,2,false
read,55.58,key_11,4,false
read,52.72,key_12,4,false
write,2.74,key_15,3,false
read,51.36,key_10,4,false
read,51.80,key_19,2,false
read,52.15,key_7,2,false
read,54.40,key_4,3,false
read,52.53,key_18,2,false
write,0.61,key_0,1,false
read,52.72,key_4,3,false
read,52.74,key_19,2,false
read,53.39,key_3,7,false
read,52.02,key_15,3,false
read,56.11,key_4,3,false
read,52.70,key_0,1,false
read,52.34,key_18,2,false
read,55.75,key_0,1,false
read,54.43,key_11,4,false
read,53.22,key_3,7,false
read,55.48,key_5,0,false
read,53.06,key_4,3,false
read,52.49,key_19,2,false
read,52.50,key_17,5,false
read,52.80,key_9,0,false
read,56.48,key_11,4,false
read,54.83,key_3,7,false
read,51.67,key_19,2,false
read,53.44,key_14,4,false
read,53.00,key_9,0,false
read,53.79,key_16,4,false
read,55.98,key_4,3,false
