type,latency_ms,key,version,stale
read,3.98,key_9,34,false
read,3.92,key_6,29,false
read,4.52,key_15,34,false
read,5.82,key_8,32,false
read,1.82,key_7,27,false
read,5.86,key_3,35,false
read,5.96,key_14,35,false
read,1.84,key_9,34,false
read,5.93,key_1,41,false
read,7.41,key_18,35,false
read,1.62,key_9,34,false
read,1.59,key_14,35,false
read,7.59,key_0,29,false
read,7.46,key_19,37,false
read,3.65,key_10,30,false
read,6.69,key_19,37,false
read,6.02,key_8,32,false
read,6.05,key_0,29,false
read,6.03,key_11,34,false
read,0.78,key_9,34,false
read,4.39,key_13,37,false
read,4.53,key_19,37,false
read,4.40,key_2,42,false
read,6.07,key_2,42,false
read,0.65,key_0,29,false
read,0.63,key_4,38,false
read,0.82,key_13,37,false
read,0.82,key_10,29,false
read,0.83,key_8,32,false
read,1.57,key_10,30,false
read,1.94,key_0,29,false
read,1.24,key_15,34,false
read,1.13,key_11,34,false
read,1.93,key_1,41,false
read,1.11,key_13,37,false
read,0.45,key_16,37,false
read,1.55,key_15,34,false
read,0.49,key_2,42,false
read,0.49,key_19,38,false
read,0.28,key_19,37,false
read,0.79,key_1,41,false
read,0.35,key_11,34,false
read,0.63,key_11,34,false
read,0.66,key_3,34,false
read,1.00,key_13,37,false
read,0.71,key_7,27,false
read,1.12,key_19,37,false
read,0.50,key_8,32,false
read,0.51,key_7,27,false
read,0.50,key_7,27,false
read,0.50,key_11,34,false
read,0.37,key_15,34,false
read,0.41,key_12,31,false
read,0.40,key_6,29,false
read,0.40,key_15,34,false
read,0.52,key_17,35,false
read,0.58,key_12,30,false
read,0.55,key_4,38,false
read,0.57,key_14,35,false
read,0.40,key_10,30,false
read,0.39,key_18,35,false
read,0.43,key_4,38,false
read,0.46,key_16,37,false
read,0.44,key_11,34,false
read,0.44,key_9,34,false
read,0.49,key_12,30,false
read,0.40,key_7,27,false
read,0.42,key_10,30,false
read,0.85,key_3,35,false
read,0.32,key_1,41,false
read,0.43,key_1,42,false
read,0.32,key_10,30,false
read,0.48,key_10,29,false
read,1.22,key_8,32,false
read,0.30,key_3,35,false
read,0.27,key_5,36,false
read,0.34,key_0,29,false
read,0.37,key_8,32,false
read,0.40,key_8,32,false
read,0.27,key_9,34,false
read,0.25,key_5,36,false
read,0.29,key_6,29,false
read,0.30,key_17,35,false
read,0.28,key_16,37,false
read,0.28,key_8,32,false
read,0.27,key_0,30,false
read,0.23,key_10,30,false
read,0.22,key_14,35,false
read,0.94,key_19,37,false
read,0.24,key_5,36,false
read,0.23,key_9,34,false
read,0.22,key_18,35,false
read,0.21,key_9,34,false
read,0.25,key_7,27,false
write,314.23,key_1,42,false
write,314.57,key_6,30,false
write,309.02,key_7,28,false
write,316.30,key_16,38,false
write,310.19,key_10,31,false
write,305.02,key_13,38,false
write,307.94,key_5,37,false
write,314.49,key_19,38,false
write,312.98,key_0,30,false
write,321.07,key_12,31,false
read,1.66,key_2,42,false
read,2.92,key_2,42,false
read,1.71,key_0,30,false
read,1.75,key_8,32,false
read,1.90,key_18,35,false
read,1.90,key_3,35,false
read,0.57,key_16,38,false
read,0.72,key_13,38,false
read,0.91,key_2,42,false
read,2.93,key_12,31,false
read,0.84,key_7,28,false
read,1.41,key_17,35,false
read,0.99,key_3,35,false
read,3.51,key_17,35,false
read,3.60,key_12,31,false
read,4.50,key_4,38,false
read,1.25,key_7,28,false
read,1.33,key_1,42,false
read,0.84,key_1,42,false
read,0.87,key_8,32,false
read,0.97,key_6,30,false
read,0.87,key_1,42,false
read,0.85,key_16,38,false
read,1.01,key_17,35,false
read,3.69,key_8,32,false
read,2.35,key_11,34,false
read,3.25,key_4,38,false
read,1.05,key_8,32,false
read,0.60,key_1,42,false
read,0.51,key_16,38,false
read,0.65,key_12,31,false
read,0.68,key_14,35,false
read,0.62,key_5,37,false
read,1.51,key_4,38,false
read,0.58,key_1,42,false
read,0.67,key_6,30,false
read,1.24,key_5,37,false
read,0.65,key_1,42,false
read,0.70,key_1,42,false
read,1.37,key_16,38,false
read,0.65,key_8,32,false
read,0.71,key_13,38,false
read,0.68,key_9,34,false
read,1.37,key_1,42,false
read,1.40,key_16,38,false
read,0.84,key_19,38,false
read,0.54,key_6,30,false
read,1.00,key_2,43,false
read,0.93,key_5,37,false
read,1.69,key_2,42,false
read,1.80,key_18,35,false
read,1.10,key_13,38,false
read,1.47,key_8,32,false
read,0.80,key_14,35,false
read,0.86,key_5,37,false
read,0.92,key_15,34,false
read,1.13,key_6,30,false
read,0.56,key_10,31,false
read,1.93,key_15,34,false
read,0.60,key_8,32,false
read,0.82,key_0,30,false
read,0.73,key_8,32,false
read,0.63,key_11,34,false
read,0.76,key_0,30,false
read,1.75,key_9,34,false
read,0.48,key_10,31,false
read,0.83,key_2,42,false
read,1.07,key_14,35,false
read,0.84,key_1,42,false
read,0.89,key_0,30,false
read,1.22,key_10,31,false
read,0.84,key_18,35,false
read,0.88,key_10,31,false
read,0.72,key_7,28,false
read,0.41,key_2,43,false
read,0.82,key_7,28,false
read,0.36,key_6,30,false
read,0.39,key_18,35,false
read,0.34,key_12,31,false
read,0.48,key_17,35,false
read,0.49,key_13,38,false
read,0.87,key_12,31,false
read,0.86,key_0,30,false
read,0.92,key_7,28,false
read,0.27,key_8,32,false
read,0.38,key_10,31,false
read,0.28,key_0,30,false
read,0.27,key_13,38,false
read,0.30,key_6,30,false
read,0.30,key_8,32,false
read,0.39,key_8,32,false
read,0.46,key_13,38,false
read,0.47,key_8,33,false
read,0.47,key_19,38,false
read,0.46,key_10,31,false
read,0.53,key_18,35,false
read,0.29,key_0,30,false
read,0.31,key_0,30,false
read,0.34,key_11,34,false
read,0.45,key_6,30,false
read,0.55,key_17,35,false
read,0.47,key_10,31,false
read,0.33,key_1,42,false
read,0.27,key_11,34,false
read,0.32,key_0,30,false
read,0.32,key_1,42,false
read,0.36,key_15,34,false
read,0.31,key_18,35,false
read,0.31,key_4,38,false
read,0.39,key_7,28,false
read,0.30,key_11,34,false
read,0.32,key_18,35,false
write,313.23,key_8,33,false
write,306.67,key_5,38,false
write,310.34,key_9,35,false
write,314.38,key_2,43,false
write,307.36,key_0,31,false
write,306.21,key_2,43,false
read,0.55,key_7,28,false
read,1.28,key_6,30,false
read,1.35,key_0,31,false
read,0.77,key_11,34,false
read,1.35,key_6,30,false
write,309.08,key_16,39,false
read,1.02,key_4,38,false
read,1.04,key_14,35,false
read,1.17,key_2,43,false
write,309.22,key_0,31,false
write,306.54,key_2,43,false
read,1.06,key_6,30,false
read,2.91,key_1,43,false
read,1.75,key_15,34,false
read,0.80,key_15,34,false
read,0.74,key_17,35,false
read,0.75,key_17,35,false
read,0.78,key_8,33,false
read,0.90,key_17,35,false
read,0.69,key_16,39,false
read,0.70,key_4,38,false
read,0.75,key_14,35,false
read,0.89,key_17,35,false
read,1.14,key_13,38,false
read,0.64,key_11,34,false
read,0.75,key_1,44,false
read,0.65,key_7,28,false
read,1.57,key_9,35,false
read,2.33,key_12,31,false
read,0.33,key_14,35,false
read,0.60,key_8,33,false
read,0.48,key_5,38,false
read,0.59,key_7,28,false
read,0.48,key_11,34,false
read,0.65,key_7,28,false
read,1.02,key_9,35,false
read,0.62,key_15,34,false
read,0.39,key_18,36,false
read,0.32,key_3,35,false
read,0.64,key_8,33,false
read,0.68,key_6,30,false
read,0.48,key_13,38,false
read,0.77,key_14,35,false
read,1.31,key_10,31,false
read,1.53,key_18,36,false
read,0.70,key_14,35,false
read,0.38,key_15,34,false
read,0.59,key_0,31,false
read,1.13,key_12,31,false
read,0.78,key_1,42,false
read,0.49,key_6,30,false
read,0.39,key_1,42,false
read,0.70,key_15,34,false
read,0.31,key_18,35,false
read,0.41,key_8,33,false
read,0.41,key_15,34,false
read,0.38,key_16,39,false
read,0.43,key_19,38,false
read,0.56,key_9,35,false
read,0.40,key_12,31,false
read,0.31,key_3,35,false
read,0.29,key_18,36,false
read,0.28,key_4,38,false
write,311.36,key_1,43,false
write,309.37,key_12,32,false
write,316.92,key_1,44,false
write,310.07,key_3,36,false
write,313.98,key_19,39,false
write,308.58,key_3,37,false
write,310.58,key_19,40,false
write,316.16,key_13,39,false
write,315.34,key_18,36,false
write,315.46,key_16,40,false
read,1.98,key_7,28,false
read,1.83,key_0,31,false
read,1.93,key_1,44,false
read,2.06,key_2,43,false
read,1.95,key_11,34,false
read,2.13,key_13,39,false
read,2.01,key_14,35,false
read,2.13,key_5,38,false
read,2.17,key_10,31,false
read,1.59,key_18,36,false
read,1.67,key_15,34,false
read,1.74,key_16,40,false
read,1.70,key_5,38,false
read,1.71,key_0,31,false
read,1.63,key_12,32,false
write,304.77,key_10,32,false
read,1.11,key_13,39,false
read,0.70,key_16,40,false
read,1.14,key_18,36,false
read,1.05,key_17,35,false
read,1.19,key_13,39,false
read,1.22,key_2,43,false
read,1.18,key_1,44,false
read,3.97,key_19,40,false
read,1.10,key_8,33,false
read,1.24,key_17,35,false
read,1.24,key_15,34,false
read,4.03,key_3,37,false
read,1.23,key_16,40,false
read,1.39,key_5,38,false
read,1.40,key_19,40,false
read,1.29,key_19,40,false
read,1.33,key_13,39,false
read,1.29,key_8,33,false
read,1.27,key_12,32,false
read,1.44,key_18,36,false
read,1.29,key_18,36,false
read,1.34,key_18,36,false
read,1.38,key_10,32,false
read,3.88,key_9,35,false
read,1.41,key_1,44,false
read,3.65,key_1,44,false
read,3.64,key_6,30,false
read,0.99,key_0,31,false
read,2.40,key_3,37,false
read,1.20,key_16,40,false
read,1.20,key_14,35,false
read,1.27,key_16,40,false
read,1.21,key_4,38,false
read,1.19,key_18,36,false
read,1.10,key_16,40,false
read,1.32,key_6,30,false
read,1.39,key_5,38,false
read,0.76,key_5,38,false
read,0.89,key_15,34,false
read,3.28,key_7,28,false
read,1.36,key_10,32,false
read,1.18,key_3,36,true
read,3.42,key_2,43,false
read,1.48,key_1,44,false
read,1.61,key_14,35,false
read,1.84,key_18,36,false
read,1.86,key_9,35,false
read,10.10,key_18,36,false
read,12.63,key_7,28,false
read,11.49,key_7,28,false
read,10.32,key_10,32,false
read,10.57,key_8,33,false
read,11.27,key_18,36,false
read,11.95,key_18,36,false
read,1.67,key_5,38,false
read,2.44,key_8,33,false
read,0.75,key_8,33,false
read,0.86,key_5,38,false
read,1.05,key_13,39,false
read,0.97,key_14,35,false
read,0.98,key_8,33,false
read,0.95,key_9,35,false
read,0.83,key_19,40,false
read,1.58,key_13,39,false
read,1.17,key_4,38,false
read,0.62,key_2,43,false
read,0.74,key_17,35,false
read,2.77,key_19,40,false
read,0.61,key_15,34,false
read,0.67,key_6,30,false
read,0.66,key_14,35,false
read,0.79,key_13,39,false
read,0.54,key_1,44,false
read,0.55,key_5,38,false
read,0.53,key_5,38,false
read,0.58,key_19,41,false
read,0.64,key_19,40,false
read,0.61,key_18,36,false
read,0.56,key_17,35,false
read,0.48,key_7,28,false
read,0.52,key_18,36,false
read,0.64,key_4,38,false
read,1.97,key_4,38,false
read,0.38,key_7,29,false
read,0.52,key_7,28,false
read,0.41,key_17,35,false
read,0.44,key_10,32,false
read,0.46,key_9,35,false
read,0.44,key_6,30,false
read,0.44,key_19,40,false
read,0.43,key_17,35,false
read,0.45,key_17,35,false
write,320.47,key_19,41,false
write,324.33,key_1,45,false
write,328.52,key_9,36,false
write,307.82,key_16,41,false
write,309.01,key_7,29,false
write,309.16,key_13,40,false
read,2.58,key_4,38,false
write,306.47,key_9,36,false
read,1.41,key_16,41,false
read,0.71,key_11,34,false
read,0.78,key_5,38,false
read,0.50,key_1,45,false
read,0.65,key_8,33,false
read,0.37,key_12,32,false
read,0.47,key_15,34,false
read,0.53,key_1,45,false
read,0.44,key_4,38,false
read,0.34,key_9,36,false
read,0.45,key_13,40,false
read,0.64,key_10,32,false
read,0.54,key_10,32,false
read,0.74,key_2,43,false
read,0.86,key_11,34,false
read,0.75,key_17,35,false
read,0.82,key_10,32,false
read,0.46,key_8,33,false
read,0.39,key_4,38,false
read,0.49,key_18,36,false
write,303.74,key_11,35,false
write,303.80,key_14,36,false
read,0.42,key_17,35,false
read,0.26,key_2,43,false
read,0.52,key_10,33,false
read,0.42,key_7,29,false
read,0.36,key_18,36,false
read,0.28,key_17,35,false
read,0.38,key_15,34,false
read,0.35,key_10,32,false
read,0.26,key_10,32,false
read,0.28,key_10,33,false
read,0.43,key_2,43,false
read,0.66,key_6,30,false
read,0.42,key_16,41,false
read,0.41,key_4,38,false
read,0.62,key_16,41,false
read,0.63,key_18,36,false
read,0.67,key_19,41,false
read,1.17,key_5,38,false
read,0.75,key_7,29,false
read,0.71,key_5,38,false
read,0.76,key_15,34,false
read,0.75,key_6,30,false
read,0.65,key_7,29,false
read,0.71,key_7,29,false
read,0.62,key_6,30,false
read,0.65,key_16,41,false
read,0.74,key_4,38,false
read,2.01,key_5,38,false
write,311.46,key_7,29,false
read,0.63,key_3,37,false
read,0.55,key_3,37,false
read,0.55,key_2,43,false
read,0.50,key_5,38,false
read,0.53,key_15,34,false
read,0.60,key_15,34,false
read,0.53,key_10,32,false
read,0.53,key_3,37,false
read,0.49,key_5,38,false
read,0.49,key_5,38,false
write,316.49,key_12,33,false
write,322.60,key_7,30,false
write,325.48,key_12,33,false
write,313.74,key_5,39,false
write,327.89,key_4,39,false
write,317.97,key_6,31,false
write,322.82,key_6,31,false
write,322.72,key_10,33,false
write,327.93,key_10,33,false
read,3.84,key_6,31,false
read,4.05,key_17,35,false
read,3.81,key_1,45,false
read,4.11,key_5,39,false
write,306.15,key_9,37,false
read,4.27,key_19,41,false
read,4.22,key_18,36,false
read,4.32,key_0,31,false
read,2.13,key_13,40,false
read,2.43,key_8,33,false
read,2.44,key_1,45,false
read,2.38,key_11,35,false
read,2.33,key_14,36,false
read,2.20,key_2,45,false
read,1.45,key_4,39,false
read,1.44,key_0,31,false
read,1.55,key_7,30,false
read,1.47,key_3,37,false
read,1.58,key_14,36,false
read,3.52,key_0,31,false
read,3.96,key_2,43,false
read,1.64,key_3,37,false
read,0.98,key_2,43,false
read,0.91,key_16,41,false
read,1.17,key_10,33,false
read,1.17,key_2,43,false
read,1.07,key_4,39,false
read,1.19,key_5,39,false
read,0.95,key_14,36,false
read,1.15,key_2,45,false
read,2.12,key_9,37,false
read,1.32,key_3,36,true
read,2.38,key_0,31,false
read,1.24,key_0,31,false
read,1.50,key_3,37,false
read,2.80,key_1,45,false
read,2.83,key_13,40,false
read,1.48,key_16,41,false
read,1.83,key_13,40,false
read,0.89,key_18,36,false
read,2.35,key_7,30,false
read,3.67,key_18,36,false
read,1.04,key_18,36,false
read,1.00,key_10,33,false
read,1.16,key_18,36,false
read,1.90,key_3,37,false
read,1.56,key_8,33,false
read,0.78,key_16,41,false
read,0.83,key_17,35,false
read,2.27,key_7,30,false
read,3.07,key_8,33,false
read,0.74,key_13,40,false
read,0.72,key_19,41,false
read,0.71,key_2,45,false
read,1.06,key_7,30,false
read,1.85,key_7,29,true
read,0.97,key_13,40,false
read,0.82,key_19,41,false
read,1.88,key_6,31,false
read,1.49,key_11,35,false
read,0.95,key_5,39,false
read,1.06,key_6,31,false
read,0.79,key_3,36,true
read,0.92,key_18,36,false
read,0.84,key_7,29,true
read,0.47,key_6,31,false
read,0.60,key_17,35,false
read,0.62,key_8,33,false
read,0.77,key_10,33,false
read,0.65,key_6,31,false
read,1.08,key_8,33,false
read,0.67,key_6,31,false
read,0.61,key_16,41,false
read,0.72,key_10,33,false
read,0.77,key_7,30,false
read,0.43,key_5,39,false
read,0.56,key_4,39,false
read,0.68,key_5,39,false
read,0.47,key_3,36,true
read,0.54,key_7,30,false
read,0.53,key_3,36,true
read,0.57,key_15,34,false
read,0.63,key_11,35,false
read,0.44,key_18,36,false
read,0.45,key_13,40,false
read,0.40,key_2,45,false
read,0.43,key_18,36,false
read,0.35,key_1,45,false
read,0.50,key_2,43,false
read,0.39,key_7,29,true
read,0.35,key_17,35,false
read,0.42,key_8,33,false
read,0.48,key_11,35,false
read,0.51,key_8,33,false
read,0.46,key_13,40,false
read,0.44,key_3,36,true
read,0.39,key_5,39,false
read,0.35,key_3,37,false
read,0.39,key_5,39,false
read,0.36,key_5,39,false
write,313.20,key_2,44,false
write,313.19,key_2,45,false
read,1.21,key_14,36,false
read,3.31,key_0,31,false
read,2.49,key_16,41,false
read,0.85,key_5,39,false
read,0.85,key_8,33,false
read,0.73,key_5,39,false
read,0.63,key_7,30,false
read,0.84,key_7,30,false
read,0.64,key_14,36,false
read,0.48,key_5,39,false
read,0.62,key_2,44,true
read,3.10,key_1,45,false
write,312.66,key_16,42,false
read,1.33,key_4,39,false
write,311.98,key_9,38,false
write,313.06,key_1,46,false
write,307.07,key_1,47,false
write,312.72,key_15,35,false
read,0.76,key_11,35,false
read,1.52,key_3,36,true
read,1.77,key_16,42,false
read,1.97,key_16,42,false
read,1.97,key_0,31,false
write,303.73,key_10,34,false
read,1.99,key_9,38,false
read,5.58,key_13,40,false
read,6.29,key_5,39,false
write,309.47,key_12,34,false
read,6.21,key_1,46,true
read,6.19,key_6,31,false
read,6.48,key_2,45,false
read,6.38,key_3,37,false
read,1.09,key_10,34,false
read,1.16,key_12,34,false
read,1.15,key_13,40,false
read,1.25,key_7,30,false
read,1.28,key_12,34,false
read,1.70,key_16,42,false
write,304.13,key_9,38,false
read,1.77,key_5,39,false
read,1.84,key_15,35,false
read,1.68,key_10,34,false
read,1.79,key_2,45,false
read,1.80,key_4,39,false
read,1.25,key_16,42,false
read,3.65,key_5,39,false
read,1.09,key_5,39,false
read,1.17,key_3,37,false
read,1.27,key_4,39,false
read,1.13,key_19,41,false
read,3.39,key_11,35,false
read,1.60,key_10,34,false
read,0.66,key_1,46,true
read,1.14,key_16,42,false
read,1.47,key_10,34,false
read,0.96,key_13,40,false
read,1.02,key_9,38,false
read,1.26,key_15,35,false
read,1.34,key_19,41,false
read,2.39,key_16,42,false
read,0.94,key_11,35,false
read,1.46,key_6,31,false
read,0.86,key_4,39,false
read,0.95,key_4,39,false
read,2.02,key_16,42,false
read,1.22,key_1,46,true
read,1.22,key_2,45,false
read,0.54,key_16,42,false
read,0.74,key_18,36,false
read,1.78,key_4,39,false
read,0.89,key_7,30,false
read,0.90,key_1,47,false
read,1.56,key_16,42,false
read,1.25,key_19,41,false
read,0.77,key_11,35,false
read,0.77,key_7,30,false
read,0.95,key_2,44,true
read,0.84,key_0,31,false
read,0.96,key_16,42,false
read,0.89,key_19,41,false
read,1.67,key_9,38,false
read,0.85,key_9,39,false
read,0.95,key_14,36,false
read,0.87,key_16,42,false
read,0.61,key_17,35,false
read,1.01,key_16,42,false
read,1.12,key_13,40,false
read,1.12,key_3,37,false
read,0.79,key_14,36,false
read,0.92,key_19,41,false
read,1.54,key_9,39,false
read,0.65,key_9,38,false
read,1.21,key_8,33,false
read,0.61,key_0,31,false
read,0.95,key_14,36,false
read,2.37,key_11,35,false
read,0.72,key_2,44,true
read,0.71,key_5,39,false
read,0.66,key_9,38,false
read,0.61,key_2,44,true
read,0.68,key_1,47,false
read,0.56,key_18,36,false
read,0.72,key_13,40,false
read,0.80,key_9,38,false
read,1.03,key_2,45,false
read,0.63,key_6,31,false
read,0.53,key_2,45,false
read,0.56,key_2,45,false
read,0.59,key_0,31,false
read,1.73,key_2,44,true
read,0.44,key_0,31,false
read,0.46,key_18,36,false
read,0.40,key_4,39,false
read,0.45,key_1,46,true
read,0.40,key_17,35,false
read,0.39,key_10,34,false
read,0.41,key_16,43,false
read,0.36,key_1,47,false
read,0.42,key_13,40,false
read,0.38,key_2,44,true
read,0.42,key_1,47,false
read,0.36,key_19,41,false
read,0.40,key_5,39,false
write,323.66,key_15,35,false
write,309.11,key_9,39,false
write,321.00,key_4,40,false
write,313.59,key_7,30,false
read,10.33,key_17,35,false
write,307.23,key_16,43,false
read,3.84,key_2,45,false
write,303.68,key_8,34,false
write,311.01,key_7,31,false
write,306.67,key_19,42,false
read,7.56,key_12,34,false
write,311.66,key_2,45,false
read,2.67,key_3,36,true
read,2.80,key_11,35,false
read,2.58,key_6,31,false
read,2.37,key_1,46,true
read,1.30,key_13,40,false
read,2.40,key_8,34,false
read,3.09,key_10,34,false
read,1.90,key_1,46,true
read,0.71,key_5,39,false
read,0.86,key_19,42,false
read,1.08,key_2,45,false
read,1.05,key_10,34,false
read,1.22,key_14,36,false
read,1.25,key_0,31,false
read,1.30,key_6,31,false
read,1.67,key_19,42,false
read,3.56,key_13,40,false
read,1.42,key_11,35,false
read,1.39,key_5,39,false
read,1.44,key_2,45,false
read,1.46,key_15,35,false
read,1.17,key_10,34,false
read,3.71,key_2,45,false
read,1.14,key_0,31,false
read,1.22,key_16,43,false
read,1.27,key_19,42,false
read,1.33,key_17,35,false
read,1.42,key_6,31,false
read,1.52,key_7,31,false
write,306.17,key_3,38,false
read,0.61,key_17,35,false
read,0.94,key_18,36,false
read,1.57,key_6,31,false
read,1.10,key_6,31,false
read,1.54,key_14,36,false
read,2.00,key_11,35,false
read,2.58,key_9,39,false
read,11.96,key_7,31,false
read,12.29,key_6,31,false
read,9.28,key_9,39,false
read,1.34,key_13,40,false
read,1.67,key_14,36,false
read,0.46,key_9,39,false
read,3.37,key_12,34,false
read,1.21,key_17,35,false
read,1.12,key_3,38,false
read,1.53,key_1,47,false
write,307.96,key_8,35,false
write,308.98,key_16,44,false
write,320.10,key_0,32,false
write,312.94,key_14,37,false
read,1.49,key_10,34,false
read,1.53,key_15,35,false
read,1.53,key_1,47,false
read,0.98,key_7,31,false
read,1.08,key_14,37,false
write,307.70,key_8,35,false
read,1.25,key_11,35,false
read,1.45,key_10,34,false
read,4.36,key_8,35,false
read,3.17,key_10,34,false
write,309.36,key_18,37,false
read,1.31,key_4,40,false
read,0.99,key_13,40,false
read,1.55,key_19,42,false
read,0.81,key_11,35,false
read,0.94,key_2,45,false
read,0.94,key_13,40,false
read,1.22,key_8,35,false
read,1.22,key_10,34,false
read,0.78,key_14,37,false
read,0.78,key_17,35,false
read,0.72,key_13,40,false
read,1.12,key_2,45,false
write,308.95,key_6,32,false
read,0.80,key_0,32,false
read,0.80,key_9,39,false
read,1.38,key_4,40,false
read,0.93,key_13,40,false
read,0.93,key_8,35,false
read,3.69,key_14,37,false
read,0.87,key_1,48,false
read,0.85,key_0,32,false
read,1.22,key_4,40,false
read,0.90,key_12,34,false
read,1.09,key_9,39,false
read,5.59,key_3,38,false
read,6.67,key_9,39,false
write,308.68,key_1,47,false
write,307.17,key_1,48,false
read,1.72,key_6,32,false
read,3.13,key_13,40,false
read,3.46,key_1,48,false
read,4.38,key_0,32,false
read,0.70,key_3,38,false
read,0.54,key_11,35,false
read,2.29,key_13,40,false
read,0.69,key_4,40,false
read,2.43,key_18,37,false
read,0.71,key_11,35,false
read,1.00,key_2,45,false
read,0.82,key_16,44,false
write,308.59,key_6,32,false
read,1.08,key_17,35,false
read,0.72,key_0,32,false
read,1.39,key_5,39,false
read,0.76,key_8,35,false
read,0.81,key_3,38,false
read,0.73,key_11,35,false
read,0.80,key_11,35,false
read,0.80,key_16,44,false
read,0.73,key_12,34,false
read,0.76,key_11,35,false
read,0.71,key_12,34,false
read,0.74,key_3,38,false
read,0.75,key_2,46,false
read,29.86,key_10,34,false
read,30.08,key_14,37,false
read,1.10,key_17,35,false
read,1.24,key_16,44,false
read,1.10,key_6,32,false
read,0.85,key_1,47,true
read,0.87,key_8,35,false
read,0.75,key_11,35,false
read,0.81,key_1,48,false
read,0.61,key_15,35,false
read,0.47,key_17,35,false
write,324.21,key_19,44,false
write,310.20,key_1,48,false
write,328.13,key_0,33,false
write,327.39,key_19,43,false
write,311.75,key_2,46,false
write,322.69,key_15,36,false
write,330.14,key_0,33,false
read,2.14,key_16,44,false
read,2.10,key_9,39,false
read,2.18,key_13,40,false
read,2.21,key_12,34,false
read,2.16,key_1,48,false
read,0.64,key_6,32,false
read,0.57,key_4,40,false
read,0.73,key_10,34,false
read,3.70,key_7,31,false
read,0.95,key_17,35,false
read,1.19,key_4,40,false
read,1.78,key_2,46,false
read,0.70,key_16,44,false
read,1.68,key_8,35,false
read,2.89,key_8,35,false
read,5.72,key_16,44,false
read,3.62,key_12,35,false
read,1.45,key_9,39,false
read,1.70,key_9,39,false
read,1.96,key_3,39,false
read,0.64,key_6,32,false
read,0.60,key_6,32,false
read,0.71,key_15,36,false
read,0.72,key_9,39,false
read,0.80,key_1,48,false
read,0.72,key_10,34,false
read,0.41,key_6,32,false
read,0.52,key_11,35,false
read,0.99,key_2,46,false
read,1.24,key_15,36,false
read,1.25,key_18,37,false
read,1.37,key_6,32,false
read,2.25,key_10,34,false
read,0.43,key_8,35,false
read,0.58,key_15,36,false
read,0.53,key_0,33,false
read,0.81,key_19,44,false
read,1.25,key_2,46,false
read,1.11,key_1,48,false
read,1.04,key_3,38,false
read,1.28,key_9,39,false
read,1.36,key_17,35,false
read,1.67,key_4,40,false
read,0.52,key_0,33,false
read,0.48,key_14,37,false
read,0.66,key_17,35,false
read,0.56,key_8,35,false
read,0.38,key_17,36,false
read,0.44,key_2,46,false
read,0.53,key_15,36,false
read,0.30,key_18,37,false
read,0.27,key_9,39,false
read,1.98,key_19,44,false
read,1.84,key_5,39,false
read,2.11,key_17,35,false
read,1.98,key_19,44,false
read,1.79,key_10,34,false
read,0.71,key_9,39,false
read,0.39,key_9,39,false
read,1.89,key_11,35,false
read,0.74,key_18,38,false
read,0.83,key_16,44,false
read,0.84,key_19,44,false
read,0.38,key_16,44,false
read,0.54,key_16,44,false
read,0.36,key_7,31,false
read,0.47,key_8,35,false
read,0.35,key_5,40,false
read,0.29,key_18,37,false
read,0.50,key_7,31,false
read,0.30,key_10,34,false
read,0.34,key_8,35,false
read,0.27,key_4,40,false
read,0.26,key_5,39,false
read,0.25,key_4,40,false
read,0.39,key_17,35,false
read,0.27,key_8,36,false
read,0.28,key_9,39,false
write,336.61,key_3,39,false
write,302.38,key_12,35,false
write,303.73,key_8,36,false
read,0.33,key_1,48,false
read,0.50,key_2,46,false
read,0.53,key_14,37,false
read,0.45,key_0,33,false
read,0.41,key_3,39,false
read,0.50,key_3,39,false
read,0.40,key_7,31,false
read,0.39,key_3,39,false
read,0.45,key_1,48,false
read,0.28,key_1,48,false
read,0.36,key_11,35,false
read,0.44,key_18,37,false
read,0.73,key_2,46,false
read,0.37,key_19,44,false
read,0.44,key_5,39,false
read,0.45,key_4,40,false
read,0.46,key_18,37,false
read,0.37,key_8,36,false
read,0.36,key_2,46,false
read,0.33,key_6,32,false
read,0.73,key_1,48,false
read,0.35,key_15,36,false
read,0.36,key_11,35,false
read,0.39,key_13,40,false
read,0.38,key_0,33,false
read,0.32,key_15,36,false
read,0.34,key_0,33,false
read,0.36,key_3,39,false
read,0.43,key_13,40,false
read,0.42,key_13,40,false
read,0.43,key_4,40,false
read,0.37,key_7,30,true
read,0.40,key_11,35,false
read,0.39,key_2,46,false
read,0.34,key_10,34,false
read,0.36,key_18,37,false
read,0.38,key_8,36,false
read,0.25,key_13,40,false
read,0.24,key_13,40,false
read,0.36,key_1,48,false
read,0.38,key_17,35,false
read,0.62,key_15,36,false
read,0.32,key_0,33,false
read,0.54,key_17,35,false
read,0.57,key_16,44,false
read,0.63,key_16,44,false
read,0.44,key_15,36,false
read,0.48,key_10,34,false
read,0.28,key_0,33,false
read,0.37,key_7,30,true
read,0.34,key_11,35,false
read,0.30,key_7,31,false
read,0.30,key_18,37,false
read,0.45,key_19,44,false
read,0.32,key_3,39,false
read,0.43,key_2,46,false
read,0.46,key_17,35,false
read,0.33,key_3,39,false
read,0.32,key_18,37,false
read,0.48,key_4,40,false
read,0.41,key_7,30,true
read,0.33,key_19,44,false
read,0.30,key_3,39,false
read,0.29,key_12,35,false
read,0.29,key_16,44,false
write,343.49,key_5,40,false
write,340.42,key_4,41,false
write,354.83,key_10,35,false
write,317.47,key_16,45,false
write,359.63,key_18,38,false
write,355.61,key_14,38,false
write,324.10,key_9,40,false
write,324.94,key_8,37,false
write,352.34,key_4,41,false
write,359.40,key_17,36,false
read,14.18,key_15,36,false
read,11.19,key_18,38,false
read,18.84,key_1,48,false
read,11.15,key_11,35,false
read,22.49,key_7,31,false
read,24.43,key_3,39,false
read,4.91,key_19,44,false
read,3.36,key_12,35,false
read,19.16,key_11,35,false
read,4.94,key_4,41,false
read,4.93,key_15,36,false
read,5.01,key_0,33,false
read,14.34,key_4,41,false
read,18.95,key_10,35,false
read,5.01,key_19,44,false
read,6.31,key_7,32,false
read,6.83,key_17,36,false
read,7.00,key_7,31,false
read,7.01,key_3,39,false
read,7.50,key_8,37,false
read,7.06,key_2,46,false
read,11.38,key_2,46,false
read,7.63,key_17,36,false
read,8.47,key_10,35,false
read,15.28,key_8,37,false
read,10.38,key_11,35,false
read,8.26,key_8,37,false
read,2.71,key_14,38,false
read,4.05,key_15,36,false
read,2.79,key_7,32,false
read,10.71,key_0,33,false
read,4.20,key_12,35,false
read,3.47,key_4,41,false
read,6.18,key_7,32,false
read,5.64,key_16,45,false
read,2.80,key_3,40,false
read,2.86,key_0,33,false
read,2.89,key_19,44,false
read,2.96,key_12,35,false
read,2.55,key_19,44,false
read,2.98,key_18,38,false
read,3.07,key_6,32,false
read,0.74,key_16,45,false
read,5.94,key_9,40,false
read,0.70,key_12,35,false
read,4.55,key_6,32,false
read,3.75,key_0,33,false
read,1.03,key_6,32,false
read,0.95,key_3,39,false
read,2.36,key_10,35,false
read,2.45,key_7,31,false
read,2.20,key_8,37,false
read,1.96,key_1,48,false
read,2.52,key_4,41,false
read,2.52,key_5,40,false
read,1.78,key_8,37,false
read,1.76,key_9,40,false
read,1.73,key_4,41,false
read,1.69,key_11,35,false
read,1.77,key_8,37,false
read,3.09,key_11,35,false
read,2.25,key_7,31,false
read,2.33,key_6,32,false
read,2.32,key_19,44,false
read,1.26,key_6,32,false
read,1.29,key_19,44,false
read,5.07,key_12,35,false
read,5.08,key_7,32,false
read,3.01,key_4,41,false
read,3.07,key_2,46,false
read,2.69,key_1,48,false
read,1.85,key_5,40,false
read,16.51,key_7,30,true
read,13.02,key_0,33,false
read,13.77,key_2,46,false
read,13.82,key_17,36,false
read,14.44,key_19,44,false
read,14.96,key_16,45,false
read,5.20,key_0,33,false
read,5.34,key_4,41,false
read,5.15,key_3,39,false
read,2.68,key_4,41,false
read,5.25,key_12,35,false
read,4.98,key_11,35,false
read,1.15,key_1,48,false
read,1.04,key_9,40,false
read,1.21,key_5,40,false
read,1.21,key_7,31,false
read,1.25,key_11,35,false
read,1.03,key_15,36,false
read,1.06,key_15,36,false
read,1.03,key_14,38,false
read,1.07,key_7,31,false
read,2.29,key_10,35,false
read,1.34,key_12,35,false
read,1.34,key_3,39,false
read,1.41,key_0,33,false
read,2.09,key_12,35,false
read,0.68,key_10,35,false
read,0.72,key_16,45,false
read,2.46,key_4,41,false
read,1.15,key_15,36,false
read,1.40,key_11,35,false
read,1.39,key_14,38,false
read,1.45,key_0,33,false
read,1.17,key_2,46,false
read,0.75,key_3,39,false
read,0.54,key_13,40,false
read,0.75,key_6,32,false
read,0.46,key_16,45,false
read,0.50,key_2,47,false
read,0.67,key_3,39,false
read,1.72,key_11,35,false
read,1.02,key_1,48,false
read,1.01,key_0,33,false
read,0.84,key_2,46,false
read,0.73,key_8,37,false
read,0.57,key_3,39,false
read,0.67,key_16,45,false
read,0.69,key_8,37,false
read,0.55,key_18,38,false
read,1.48,key_15,36,false
read,1.49,key_0,33,false
read,1.35,key_17,36,false
read,0.46,key_4,41,false
read,0.62,key_3,39,false
read,0.34,key_12,35,false
read,0.37,key_9,40,false
read,0.94,key_15,36,false
read,0.74,key_12,35,false
read,2.83,key_7,32,false
read,0.66,key_9,40,false
write,331.29,key_7,32,false
read,0.36,key_10,36,false
read,0.38,key_18,38,false
read,0.43,key_12,35,false
read,0.43,key_7,32,false
read,0.39,key_1,48,false
read,0.32,key_15,36,false
read,0.30,key_3,39,false
read,0.27,key_0,33,false
read,0.41,key_14,38,false
read,0.33,key_18,38,false
read,0.27,key_2,46,false
read,0.24,key_2,47,false
read,0.23,key_8,39,false
read,0.28,key_19,44,false
read,0.36,key_18,38,false
read,0.30,key_5,40,false
write,321.14,key_3,40,false
write,323.55,key_8,38,false
write,321.14,key_8,39,false
read,1.62,key_14,38,false
read,15.07,key_3,40,false
read,14.02,key_17,36,false
read,0.58,key_8,39,false
read,0.69,key_19,44,false
read,0.53,key_19,44,false
write,304.48,key_0,34,false
read,0.48,key_15,36,false
read,0.51,key_12,35,false
read,2.56,key_6,32,false
read,0.59,key_15,36,false
read,0.50,key_14,38,false
read,0.44,key_9,40,false
read,0.49,key_16,45,false
read,0.32,key_17,36,false
read,0.35,key_0,34,false
read,0.56,key_5,40,false
read,0.28,key_2,46,false
read,0.27,key_18,38,false
read,1.22,key_5,40,false
read,0.38,key_19,44,false
read,0.24,key_6,32,false
write,305.86,key_2,47,false
read,0.34,key_17,36,false
read,0.37,key_10,35,false
read,0.32,key_5,40,false
read,0.34,key_10,35,false
write,304.00,key_10,36,false
read,0.55,key_5,40,false
read,0.40,key_9,40,false
read,0.43,key_11,35,false
write,302.86,key_10,36,false
read,0.34,key_15,36,false
read,0.56,key_7,32,false
read,0.62,key_4,41,false
read,0.50,key_2,47,false
read,0.55,key_0,34,false
write,303.10,key_7,32,false
read,1.04,key_16,45,false
read,1.39,key_18,38,false
read,1.78,key_13,40,false
read,2.25,key_10,36,false
read,0.51,key_2,47,false
read,1.16,key_5,40,false
write,303.74,key_15,37,false
read,0.60,key_9,40,false
read,0.60,key_12,35,false
read,0.39,key_14,38,false
read,0.37,key_18,38,false
read,0.49,key_2,47,false
read,0.50,key_17,36,false
read,0.40,key_15,37,false
read,0.69,key_6,32,false
read,0.24,key_15,37,false
read,0.35,key_4,41,false
read,0.38,key_16,45,false
read,0.34,key_15,37,false
read,0.39,key_6,32,false
read,0.43,key_10,36,false
read,0.47,key_18,38,false
read,0.71,key_7,32,false
read,0.38,key_12,35,false
read,0.47,key_19,44,false
read,0.31,key_15,37,false
read,0.27,key_6,32,false
read,0.32,key_18,38,false
read,1.67,key_7,33,false
read,0.28,key_11,35,false
read,0.44,key_13,40,false
write,313.62,key_11,36,false
write,323.65,key_16,46,false
read,0.94,key_8,39,false
read,2.42,key_7,34,false
read,0.32,key_6,32,false
read,0.30,key_12,35,false
read,0.41,key_11,36,false
read,0.35,key_6,32,false
read,0.33,key_4,41,false
read,0.25,key_17,36,false
read,0.28,key_2,47,false
read,0.53,key_0,34,false
read,0.54,key_19,44,false
read,1.64,key_3,40,false
read,0.81,key_7,32,false
read,0.42,key_6,33,false
read,0.41,key_0,34,false
write,345.33,key_6,33,false
read,12.90,key_11,36,false
write,355.23,key_18,39,false
write,341.35,key_7,34,false
write,345.14,key_12,36,false
write,365.29,key_16,47,false
read,8.67,key_4,41,false
write,370.58,key_2,47,false
read,9.28,key_8,39,false
read,1.03,key_5,40,false
read,9.14,key_9,40,false
write,362.90,key_7,33,false
write,361.72,key_6,33,false
read,1.64,key_12,36,false
read,1.90,key_2,47,false
read,11.42,key_1,48,false
read,1.48,key_13,40,false
read,2.32,key_19,44,false
read,2.87,key_8,39,false
read,2.64,key_1,48,false
read,1.91,key_11,36,false
read,3.69,key_4,41,false
read,2.24,key_9,40,false
read,0.31,key_19,44,false
read,1.41,key_4,41,false
read,0.59,key_4,41,false
read,0.59,key_8,39,false
read,1.44,key_8,39,false
read,1.12,key_12,36,false
read,0.81,key_10,36,false
read,0.48,key_17,36,false
read,0.65,key_16,47,false
read,1.75,key_18,40,false
read,0.83,key_1,48,false
read,0.39,key_14,38,false
read,1.28,key_7,34,false
read,1.99,key_18,40,false
read,2.56,key_2,47,false
read,0.45,key_5,40,false
read,0.71,key_5,40,false
read,0.71,key_9,40,false
read,0.40,key_17,36,false
read,0.93,key_15,37,false
read,0.43,key_17,37,false
read,0.46,key_3,40,false
read,0.38,key_11,36,false
read,0.54,key_17,36,false
read,0.60,key_13,40,false
read,0.70,key_15,37,false
read,0.60,key_14,38,false
read,0.45,key_10,36,false
read,0.45,key_1,48,false
read,0.93,key_3,40,false
read,0.71,key_1,48,false
read,0.69,key_16,47,false
read,0.56,key_15,37,false
read,0.87,key_16,47,false
read,0.62,key_2,47,false
read,0.69,key_6,33,false
read,0.36,key_19,44,false
read,0.49,key_13,40,false
read,0.45,key_15,37,false
read,0.46,key_18,39,false
read,0.46,key_9,41,false
read,0.64,key_8,39,false
read,0.32,key_10,36,false
write,310.79,key_17,37,false
write,307.48,key_9,41,false
read,1.26,key_16,47,false
write,314.16,key_18,40,false
write,311.96,key_6,34,false
write,314.52,key_9,41,false
write,314.43,key_19,45,false
write,308.50,key_9,41,false
read,3.03,key_5,40,false
read,2.34,key_5,40,false
read,3.10,key_2,47,false
read,3.17,key_19,45,false
write,312.95,key_9,41,false
read,2.56,key_8,40,false
write,310.94,key_16,48,false
read,2.55,key_2,47,false
read,2.93,key_15,37,false
read,2.99,key_1,48,false
write,311.54,key_8,40,false
read,2.13,key_17,37,false
read,2.69,key_19,45,false
read,2.72,key_11,36,false
read,5.95,key_5,40,false
read,5.75,key_5,40,false
read,1.63,key_5,40,false
read,4.00,key_18,40,false
read,1.77,key_14,38,false
read,1.26,key_5,40,false
read,1.41,key_12,36,false
read,4.86,key_7,34,false
read,1.29,key_12,36,false
read,1.45,key_1,48,false
read,1.25,key_16,48,false
read,1.77,key_11,37,false
read,1.79,key_15,37,false
read,2.06,key_15,37,false
read,1.49,key_16,48,false
read,1.35,key_6,34,false
read,2.01,key_8,40,false
read,1.98,key_14,38,false
read,4.68,key_3,40,false
read,1.32,key_7,34,false
read,1.37,key_12,36,false
read,1.38,key_15,37,false
read,1.17,key_6,34,false
read,1.15,key_19,45,false
read,1.15,key_9,41,false
read,1.18,key_7,34,false
read,0.98,key_17,37,false
read,2.72,key_18,40,false
read,0.46,key_5,40,false
read,0.53,key_5,40,false
read,0.44,key_11,37,false
read,0.35,key_6,34,false
read,0.44,key_8,40,false
read,0.62,key_6,34,false
read,0.42,key_9,41,false
read,0.55,key_13,40,false
read,0.30,key_0,34,false
read,0.64,key_1,49,false
read,0.29,key_19,45,false
read,0.61,key_2,47,false
read,0.37,key_15,37,false
read,0.32,key_16,48,false
read,0.49,key_13,40,false
read,0.35,key_8,40,false
read,0.40,key_6,34,false
read,0.44,key_9,41,false
read,0.59,key_17,37,false
read,0.85,key_11,36,false
read,1.75,key_9,41,false
read,2.15,key_8,40,false
write,316.04,key_11,37,false
write,310.33,key_1,49,false
read,1.81,key_1,49,false
read,2.37,key_14,38,false
read,1.01,key_17,37,false
write,307.76,key_1,49,false
write,313.25,key_3,41,false
write,305.32,key_9,42,false
write,315.80,key_1,49,false
write,317.46,key_1,50,false
write,312.21,key_2,48,false
write,305.40,key_16,49,false
read,1.73,key_3,41,false
read,1.76,key_9,42,false
read,1.80,key_9,42,false
read,1.83,key_15,37,false
read,1.93,key_10,36,false
read,1.87,key_5,40,false
read,2.04,key_14,38,false
read,1.55,key_8,40,false
read,1.44,key_9,42,false
read,1.46,key_6,34,false
read,1.58,key_4,41,false
read,1.58,key_3,41,false
read,1.61,key_15,37,false
read,0.57,key_19,45,false
read,0.66,key_5,40,false
read,0.69,key_0,34,false
read,0.66,key_18,40,false
read,0.78,key_17,37,false
read,0.54,key_0,34,false
read,0.67,key_15,37,false
read,0.69,key_12,36,false
read,1.33,key_5,40,false
read,0.81,key_19,45,false
read,0.83,key_11,37,false
read,1.56,key_16,49,false
read,0.64,key_16,49,false
read,2.21,key_7,34,false
read,0.78,key_16,49,false
read,1.07,key_1,50,false
read,0.51,key_3,41,false
read,0.52,key_2,48,false
read,0.48,key_4,41,false
read,0.50,key_4,42,false
read,0.53,key_17,37,false
read,0.64,key_2,48,false
read,0.56,key_14,38,false
read,0.81,key_14,38,false
read,0.30,key_6,34,false
read,0.31,key_18,40,false
read,0.42,key_17,37,false
read,0.47,key_0,35,false
read,0.43,key_19,45,false
read,0.59,key_17,37,false
read,0.52,key_11,37,false
read,0.48,key_4,41,false
read,0.33,key_5,40,false
read,0.54,key_18,40,false
read,0.45,key_16,49,false
read,0.49,key_0,34,false
read,0.37,key_17,37,false
read,0.32,key_5,40,false
read,0.62,key_5,40,false
read,0.63,key_2,48,false
read,0.54,key_18,40,false
read,0.28,key_16,49,false
read,0.29,key_5,40,false
read,0.47,key_7,34,false
read,1.22,key_11,37,false
read,0.27,key_16,50,false
read,0.25,key_4,41,false
read,0.28,key_15,37,false
read,0.33,key_2,48,false
read,0.30,key_9,42,false
read,0.35,key_6,34,false
read,0.38,key_0,35,false
read,0.29,key_12,36,false
read,0.28,key_17,37,false
read,0.34,key_11,37,false
read,0.26,key_2,48,false
read,0.30,key_15,37,false
write,311.05,key_1,51,false
read,0.40,key_15,37,false
read,0.35,key_6,34,false
read,0.24,key_4,41,false
read,0.25,key_18,41,false
read,0.30,key_18,40,false
read,0.35,key_13,40,false
read,0.38,key_16,49,false
write,336.30,key_9,42,false
write,340.40,key_0,35,false
read,8.74,key_3,41,false
read,9.20,key_1,49,true
read,11.55,key_15,37,false
read,6.76,key_0,35,false
read,8.26,key_5,40,false
read,1.84,key_12,36,false
read,1.05,key_14,38,false
read,0.42,key_12,36,false
read,0.58,key_10,36,false
read,0.29,key_5,40,false
read,0.39,key_10,36,false
read,0.47,key_8,40,false
read,0.29,key_8,40,false
write,329.66,key_14,39,false
read,0.40,key_18,40,false
read,0.38,key_10,36,false
read,0.38,key_10,36,false
read,0.27,key_3,42,false
write,349.99,key_1,50,false
read,0.42,key_19,45,false
read,0.32,key_7,34,false
read,0.48,key_7,34,false
read,0.46,key_12,36,false
read,0.52,key_6,34,false
read,0.35,key_5,40,false
read,0.33,key_2,48,false
read,0.43,key_12,36,false
read,0.33,key_5,40,false
write,352.59,key_4,42,false
read,0.46,key_4,42,false
write,347.56,key_4,43,false
read,0.60,key_5,40,false
write,350.41,key_3,42,false
write,347.93,key_16,50,false
read,2.12,key_12,36,false
write,345.39,key_18,41,false
read,3.63,key_2,49,false
read,2.66,key_19,45,false
read,4.28,key_10,36,false
read,1.55,key_8,40,false
write,335.06,key_2,49,false
read,1.23,key_8,41,false
read,2.04,key_3,42,false
read,2.07,key_18,41,false
read,7.25,key_17,37,false
read,2.25,key_8,40,false
read,6.94,key_17,37,false
read,9.49,key_15,37,false
read,1.18,key_0,35,false
read,1.04,key_0,36,false
read,0.80,key_7,34,false
read,1.88,key_16,50,false
read,1.17,key_14,39,false
read,1.10,key_12,36,false
read,0.86,key_2,49,false
read,0.81,key_17,37,false
read,1.09,key_19,45,false
read,2.09,key_15,37,false
read,1.94,key_17,37,false
read,2.02,key_0,35,false
read,0.47,key_18,41,false
read,0.45,key_7,34,false
read,0.95,key_5,40,false
read,1.29,key_11,37,false
read,0.39,key_15,37,false
read,0.45,key_19,45,false
read,0.29,key_8,40,false
read,0.52,key_16,50,false
read,0.27,key_19,45,false
write,318.55,key_8,41,false
write,313.37,key_16,50,false
read,3.12,key_16,50,false
read,0.68,key_6,34,false
read,0.59,key_16,50,false
read,0.67,key_12,36,false
write,317.34,key_5,41,false
read,3.74,key_0,36,false
read,0.61,key_10,36,false
read,0.79,key_3,42,false
read,0.44,key_13,40,false
read,0.56,key_2,49,false
read,0.40,key_11,37,false
read,0.68,key_5,41,false
read,0.35,key_18,41,false
read,0.40,key_7,35,false
read,0.30,key_4,42,true
read,0.36,key_18,41,false
read,0.44,key_8,41,false
read,0.34,key_11,37,false
read,0.68,key_4,43,false
read,0.42,key_14,39,false
read,0.40,key_9,42,false
read,0.58,key_19,45,false
read,0.68,key_13,40,false
write,315.56,key_7,35,false
write,320.20,key_0,36,false
write,321.29,key_2,50,false
read,1.24,key_15,38,false
read,1.25,key_2,50,false
read,1.53,key_17,37,false
read,1.31,key_15,38,false
write,307.08,key_2,50,false
write,305.61,key_19,46,false
write,304.08,key_19,47,false
write,312.28,key_15,38,false
read,5.36,key_19,47,false
read,1.16,key_13,40,false
read,2.77,key_2,50,false
read,2.82,key_7,35,false
read,0.97,key_16,50,false
read,2.61,key_2,50,false
read,1.60,key_18,41,false
read,1.81,key_4,43,false
read,1.24,key_12,36,false
read,2.33,key_11,37,false
read,2.02,key_18,41,false
read,1.51,key_18,41,false
read,2.11,key_3,42,false
read,1.60,key_7,35,false
read,1.77,key_14,39,false
read,1.87,key_1,50,true
read,1.25,key_2,50,false
read,0.65,key_19,47,false
read,0.37,key_16,50,false
read,0.46,key_0,36,false
read,2.10,key_10,36,false
read,0.49,key_9,42,false
read,0.47,key_2,50,false
read,0.42,key_8,41,false
read,0.63,key_8,41,false
read,0.35,key_0,37,false
read,0.40,key_15,38,false
read,0.69,key_1,50,true
write,316.10,key_5,41,false
write,312.19,key_13,41,false
read,1.75,key_4,43,false
read,0.68,key_9,42,false
read,0.59,key_3,42,false
read,0.54,key_18,42,false
read,0.39,key_2,50,false
read,0.41,key_3,42,false
read,0.28,key_12,36,false
read,2.73,key_6,34,false
read,0.98,key_15,38,false
read,0.37,key_9,42,false
read,0.33,key_18,42,false
read,0.52,key_0,37,false
read,0.49,key_18,41,false
read,0.53,key_13,41,false
read,6.78,key_13,41,false
read,1.00,key_19,47,false
read,0.72,key_7,35,false
read,0.65,key_4,42,true
read,0.68,key_12,36,false
read,0.59,key_9,42,false
read,0.36,key_13,41,false
read,0.28,key_15,38,false
read,0.26,key_2,50,false
read,0.51,key_16,50,false
read,0.39,key_9,42,false
read,0.36,key_5,41,false
read,0.34,key_10,36,false
read,0.45,key_1,51,false
read,0.23,key_5,41,false
read,0.22,key_0,36,false
read,0.29,key_1,50,true
read,0.26,key_13,41,false
read,0.33,key_15,38,false
read,0.29,key_16,50,false
read,0.24,key_4,42,true
read,0.23,key_5,41,false
read,0.23,key_16,50,false
write,311.01,key_11,38,false
read,0.68,key_7,35,false
read,0.62,key_18,41,false
write,317.27,key_0,37,false
write,315.55,key_6,35,false
write,313.68,key_17,38,false
write,315.59,key_12,37,false
write,305.43,key_13,41,false
write,312.73,key_18,42,false
write,313.98,key_0,37,false
read,0.75,key_9,42,false
read,1.02,key_8,41,false
read,1.02,key_0,37,false
read,0.71,key_3,42,false
read,0.72,key_5,41,false
read,0.73,key_13,41,false
read,0.83,key_7,35,false
read,0.58,key_14,39,false
read,0.53,key_11,38,false
read,0.50,key_14,39,false
read,0.37,key_15,38,false
read,0.40,key_11,38,false
read,0.42,key_19,47,false
read,0.37,key_17,38,false
read,0.44,key_2,50,false
read,0.33,key_4,43,false
read,0.38,key_10,37,false
read,0.40,key_15,38,false
read,0.29,key_6,35,false
read,0.25,key_12,38,false
read,0.30,key_1,50,true
read,0.28,key_13,41,false
read,0.25,key_18,42,false
read,0.24,key_0,37,false
write,317.30,key_16,51,false
read,0.50,key_2,50,false
read,2.35,key_14,39,false
write,310.07,key_14,40,false
read,2.18,key_8,41,false
read,0.26,key_17,38,false
read,0.27,key_8,41,false
read,0.35,key_18,42,false
read,0.28,key_0,37,false
read,0.38,key_11,38,false
read,0.24,key_11,38,false
read,0.28,key_5,41,false
read,0.25,key_11,38,false
read,0.30,key_14,40,false
read,0.38,key_19,47,false
read,0.46,key_12,37,false
read,0.32,key_11,38,false
read,0.51,key_0,37,false
read,0.36,key_12,38,false
read,0.32,key_2,50,false
read,0.30,key_19,47,false
read,0.51,key_14,40,false
read,0.29,key_4,42,true
read,0.38,key_2,50,false
write,309.00,key_3,43,false
read,0.53,key_15,38,false
read,1.20,key_12,37,false
read,0.80,key_17,38,false
read,0.69,key_14,40,false
read,0.51,key_10,36,false
write,310.10,key_0,38,false
write,306.87,key_17,39,false
write,310.02,key_10,37,false
write,310.25,key_6,36,false
read,1.32,key_1,51,false
read,1.40,key_19,47,false
read,1.49,key_10,37,false
read,1.51,key_3,43,false
read,1.54,key_17,39,false
read,1.64,key_4,43,false
read,1.61,key_18,42,false
write,305.89,key_15,39,false
write,311.68,key_13,42,false
read,1.89,key_10,37,false
write,313.45,key_12,38,false
read,0.62,key_16,51,false
read,0.79,key_7,35,false
read,0.91,key_5,41,false
read,1.02,key_2,50,false
read,0.91,key_16,51,false
read,1.16,key_17,39,false
read,0.61,key_16,51,false
read,2.04,key_12,38,false
read,1.14,key_9,42,false
read,1.18,key_13,42,false
read,1.57,key_19,47,false
read,1.12,key_5,41,false
read,2.34,key_1,50,true
read,1.14,key_0,38,false
read,0.53,key_0,38,false
read,1.88,key_14,40,false
read,0.68,key_13,42,false
read,0.80,key_16,51,false
read,0.76,key_2,50,false
read,0.96,key_17,39,false
read,1.05,key_18,42,false
read,0.51,key_3,43,false
read,0.58,key_1,50,true
read,0.33,key_8,41,false
read,0.39,key_5,41,false
read,0.44,key_10,37,false
read,1.61,key_12,38,false
read,2.21,key_2,50,false
read,0.47,key_9,42,false
read,0.51,key_15,39,false
read,0.38,key_17,39,false
read,0.34,key_6,36,false
read,0.27,key_8,41,false
read,0.31,key_4,43,false
read,0.34,key_7,35,false
read,0.37,key_18,42,false
read,0.32,key_16,51,false
read,0.32,key_16,51,false
read,0.27,key_9,42,false
read,0.27,key_8,41,false
read,0.28,key_14,40,false
read,0.57,key_6,36,false
read,1.01,key_4,43,false
read,0.47,key_0,38,false
read,0.37,key_1,51,false
read,0.39,key_18,42,false
read,0.32,key_19,47,false
read,0.34,key_0,38,false
read,0.27,key_17,39,false
read,1.39,key_18,42,false
read,0.26,key_3,43,false
read,0.25,key_16,51,false
read,0.31,key_15,39,false
read,0.31,key_7,35,false
read,0.30,key_16,51,false
read,0.25,key_18,42,false
read,0.46,key_16,51,false
read,0.29,key_2,50,false
read,0.26,key_6,36,false
read,0.30,key_17,39,false
read,0.27,key_6,36,false
read,0.28,key_2,50,false
read,0.34,key_10,37,false
read,0.43,key_7,35,false
read,0.39,key_8,41,false
read,0.31,key_1,51,false
read,0.39,key_1,50,true
write,307.94,key_9,43,false
read,0.45,key_9,43,false
read,0.55,key_14,40,false
read,0.48,key_2,50,false
read,0.36,key_13,42,false
read,0.43,key_12,38,false
read,0.84,key_10,37,false
read,0.58,key_12,38,false
read,0.46,key_0,38,false
read,0.43,key_18,42,false
read,0.39,key_6,36,false
read,0.45,key_3,43,false
read,0.51,key_6,36,false
read,0.44,key_3,43,false
read,0.39,key_17,39,false
read,0.45,key_1,51,false
read,0.39,key_19,47,false
read,0.41,key_13,42,false
read,0.39,key_8,41,false
read,0.42,key_14,40,false
read,0.41,key_0,38,false
read,0.42,key_7,35,false
read,0.47,key_19,47,false
read,0.46,key_18,42,false
read,0.55,key_3,43,false
read,0.46,key_4,43,false
read,0.83,key_3,43,false
read,1.02,key_11,39,false
read,0.82,key_7,35,false
read,3.78,key_2,50,false
read,1.53,key_2,50,false
write,309.41,key_16,52,false
read,4.71,key_6,36,false
read,0.59,key_0,38,false
read,0.57,key_13,42,false
read,0.63,key_15,40,false
read,1.11,key_12,38,false
read,2.10,key_10,37,false
read,1.58,key_11,38,false
read,0.60,key_2,51,false
read,0.42,key_8,41,false
read,0.52,key_3,43,false
read,0.43,key_13,42,false
read,0.59,key_19,47,false
read,0.44,key_16,52,false
read,0.45,key_2,50,false
read,0.44,key_14,40,false
read,0.49,key_4,43,false
read,0.38,key_19,47,false
read,0.48,key_3,43,false
read,0.41,key_15,39,false
read,0.54,key_16,52,false
read,0.38,key_2,50,false
read,0.43,key_5,41,false
write,314.12,key_13,42,false
read,0.59,key_14,40,false
read,0.57,key_13,42,false
read,0.69,key_2,50,false
read,0.65,key_10,37,false
read,2.75,key_17,39,false
read,0.61,key_10,37,false
read,0.59,key_13,42,false
read,0.62,key_6,36,false
read,0.58,key_9,43,false
read,0.53,key_17,39,false
read,0.51,key_0,38,false
read,0.90,key_1,51,false
read,0.63,key_7,35,false
read,0.47,key_4,42,true
read,1.18,key_13,42,false
write,308.46,key_17,40,false
write,304.96,key_2,51,false
write,307.54,key_1,51,false
write,307.62,key_16,53,false
write,305.05,key_11,39,false
read,1.09,key_13,42,false
read,0.81,key_13,42,false
read,1.26,key_16,53,false
read,1.08,key_19,47,false
read,1.22,key_14,40,false
read,2.08,key_15,40,false
read,1.48,key_16,53,false
read,1.36,key_1,51,false
read,1.86,key_6,36,false
read,1.40,key_3,43,false
read,1.41,key_11,39,false
read,1.59,key_16,53,false
read,3.60,key_7,35,false
read,1.19,key_6,36,false
write,303.61,key_12,39,false
read,0.96,key_8,42,false
read,1.53,key_13,42,false
read,4.80,key_4,42,true
read,0.66,key_0,38,false
read,0.57,key_1,51,false
read,0.53,key_7,35,false
read,0.84,key_2,51,false
read,2.55,key_17,40,false
read,2.56,key_0,39,false
read,2.80,key_13,42,false
read,0.67,key_17,40,false
read,0.62,key_17,40,false
read,1.00,key_16,53,false
read,0.62,key_19,47,false
read,0.50,key_17,40,false
read,0.74,key_2,51,false
read,0.50,key_13,42,false
read,0.48,key_7,35,false
read,0.52,key_8,41,false
read,0.76,key_14,40,false
read,0.75,key_14,40,false
read,0.83,key_18,42,false
read,0.53,key_12,39,false
read,0.62,key_11,39,false
read,0.62,key_15,39,false
read,0.56,key_8,41,false
read,0.66,key_4,42,true
read,0.59,key_4,42,true
read,0.98,key_14,40,false
read,1.10,key_1,51,false
read,1.02,key_3,43,false
read,0.74,key_1,51,false
read,0.78,key_1,51,false
read,0.73,key_14,41,false
read,0.71,key_14,40,false
read,0.69,key_12,39,false
read,0.50,key_11,39,false
read,0.50,key_16,53,false
read,0.49,key_4,43,false
read,0.54,key_19,47,false
read,0.54,key_6,36,false
read,0.51,key_6,36,false
write,307.38,key_15,40,false
read,0.53,key_16,53,false
read,0.62,key_2,51,false
read,0.58,key_19,47,false
read,2.48,key_4,42,true
read,0.36,key_6,36,false
read,0.56,key_12,39,false
read,0.44,key_19,48,false
read,0.40,key_5,41,false
read,0.64,key_3,43,false
read,0.54,key_12,39,false
read,0.41,key_5,41,false
read,0.38,key_0,38,false
read,0.45,key_2,51,false
write,305.64,key_9,44,false
read,0.54,key_13,42,false
write,304.38,key_0,39,false
read,0.41,key_4,42,true
read,0.34,key_2,51,false
read,0.31,key_10,37,false
read,0.40,key_19,47,false
read,0.31,key_10,37,false
read,0.34,key_13,42,false
read,0.40,key_11,39,false
read,0.26,key_11,39,false
read,0.33,key_1,51,false
read,0.32,key_2,51,false
read,0.27,key_12,39,false
read,0.31,key_7,35,false
read,0.26,key_9,44,false
read,0.30,key_15,40,false
write,310.79,key_19,48,false
write,312.23,key_8,42,false
write,308.99,key_0,39,false
write,311.17,key_14,41,false
read,3.12,key_11,39,false
read,1.24,key_16,54,false
read,3.56,key_1,51,false
read,4.36,key_12,39,false
read,0.79,key_17,40,false
read,0.78,key_7,35,false
read,0.79,key_13,42,false
read,0.40,key_8,42,false
read,0.40,key_6,36,false
read,0.40,key_3,43,false
read,0.33,key_16,53,false
read,0.37,key_6,36,false
read,0.40,key_9,44,false
read,0.37,key_14,41,false
read,0.37,key_10,37,false
read,0.23,key_5,42,false
read,0.58,key_11,39,false
read,0.47,key_8,42,false
read,0.32,key_0,39,false
read,0.37,key_2,51,false
read,0.43,key_15,40,false
read,0.40,key_8,42,false
write,305.14,key_12,40,false
write,303.91,key_0,39,false
write,307.55,key_5,42,false
read,0.44,key_16,53,false
read,0.52,key_7,35,false
read,0.26,key_14,41,false
read,0.45,key_4,43,false
read,0.27,key_4,43,false
read,1.50,key_6,36,false
read,1.70,key_5,42,false
read,2.25,key_1,51,false
read,0.32,key_4,43,false
read,0.33,key_6,36,false
read,0.35,key_9,44,false
read,0.33,key_12,40,false
read,0.36,key_10,37,false
read,0.38,key_14,41,false
read,0.36,key_3,43,false
read,0.48,key_11,39,false
read,0.37,key_6,36,false
read,0.38,key_10,37,false
read,0.37,key_18,42,false
read,0.37,key_7,35,false
read,0.78,key_8,42,false
read,0.39,key_3,43,false
read,0.39,key_15,40,false
read,0.41,key_5,42,false
read,0.35,key_0,39,false
read,0.36,key_4,42,true
read,0.36,key_4,42,true
read,0.32,key_16,53,false
read,0.36,key_15,40,false
read,0.46,key_7,35,false
read,0.30,key_4,43,false
read,0.35,key_10,37,false
read,0.47,key_9,44,false
read,0.41,key_5,42,false
write,303.73,key_16,54,false
read,0.28,key_0,39,false
read,0.29,key_6,36,false
read,0.32,key_18,42,false
read,0.27,key_3,43,false
read,0.33,key_12,40,false
read,0.30,key_10,37,false
read,0.26,key_1,51,false
read,0.29,key_6,36,false
read,0.27,key_1,51,false
read,0.31,key_11,39,false
read,0.26,key_1,51,false
read,0.27,key_8,42,false
read,0.24,key_19,48,false
read,0.30,key_16,54,false
read,2.72,key_10,37,false
read,0.28,key_19,48,false
read,0.29,key_5,42,false
read,0.25,key_7,35,false
read,0.28,key_6,36,false
read,0.27,key_18,42,false
read,0.25,key_2,51,false
read,0.26,key_15,40,false
read,0.28,key_13,43,false
read,0.28,key_9,44,false
read,0.28,key_2,51,false
read,0.33,key_2,51,false
read,0.28,key_7,35,false
read,0.26,key_3,43,false
read,0.26,key_8,43,false
read,0.29,key_10,37,false
read,0.26,key_12,40,false
write,310.61,key_12,40,false
read,0.71,key_2,51,false
read,2.39,key_7,35,false
read,0.54,key_13,43,false
read,0.61,key_12,40,false
read,0.50,key_0,39,false
read,0.59,key_17,40,false
read,0.66,key_11,40,false
write,304.38,key_11,40,false
read,0.44,key_15,40,false
read,0.44,key_12,40,false
read,0.48,key_6,36,false
read,0.45,key_13,42,false
read,0.57,key_1,51,false
read,0.48,key_11,40,false
read,0.47,key_9,44,false
read,0.43,key_3,44,false
read,0.52,key_15,40,false
read,0.97,key_6,36,false
read,0.59,key_17,40,false
read,0.62,key_19,48,false
write,311.92,key_11,41,false
read,0.58,key_1,51,false
read,1.15,key_18,42,false
write,306.58,key_14,42,false
read,1.14,key_5,43,false
read,1.41,key_7,35,false
read,1.49,key_8,42,false
write,308.79,key_5,43,false
write,308.80,key_13,43,false
read,2.14,key_18,42,false
read,2.25,key_5,43,false
write,306.85,key_11,42,false
read,1.50,key_5,43,false
write,306.50,key_0,40,false
write,305.40,key_8,43,false
read,1.55,key_18,42,false
read,4.24,key_1,52,false
read,0.74,key_5,44,false
read,0.76,key_0,40,false
read,0.91,key_10,37,false
read,0.94,key_6,36,false
read,1.17,key_17,40,false
read,1.06,key_11,42,false
read,1.72,key_15,40,false
read,1.47,key_16,54,false
read,1.58,key_11,42,false
read,1.91,key_13,43,false
read,1.50,key_17,40,false
read,0.85,key_10,37,false
read,1.02,key_5,43,false
read,1.02,key_7,35,false
read,1.14,key_10,37,false
read,1.11,key_0,40,false
read,2.55,key_6,36,false
read,0.96,key_3,43,false
read,0.97,key_18,42,false
read,1.09,key_16,54,false
read,0.96,key_9,44,false
read,1.05,key_2,51,false
read,1.23,key_7,35,false
read,1.27,key_13,43,false
read,1.16,key_17,40,false
read,0.69,key_9,44,false
read,0.85,key_9,44,false
read,1.10,key_13,43,false
read,1.20,key_4,43,false
read,1.26,key_13,43,false
write,305.24,key_3,44,false
read,1.22,key_6,36,false
read,0.81,key_14,42,false
read,0.82,key_10,37,false
read,0.65,key_12,40,false
read,0.80,key_0,40,false
read,0.83,key_13,43,false
read,1.23,key_7,35,false
read,1.35,key_10,37,false
read,0.80,key_3,44,false
read,1.12,key_1,51,false
read,0.90,key_1,52,false
read,0.86,key_9,44,false
read,1.31,key_10,37,false
read,0.85,key_1,51,false
read,0.79,key_15,40,false
read,1.00,key_4,43,false
read,0.70,key_16,54,false
read,0.85,key_6,36,false
read,1.01,key_3,44,false
read,0.84,key_5,43,false
read,0.94,key_10,37,false
read,0.81,key_19,48,false
read,0.93,key_18,42,false
read,1.99,key_2,51,false
read,1.95,key_2,51,false
read,1.94,key_8,43,false
read,2.05,key_14,42,false
read,2.01,key_6,36,false
read,1.01,key_9,44,false
read,1.58,key_9,44,false
read,1.63,key_13,43,false
read,1.53,key_11,42,false
read,1.44,key_2,51,false
read,1.62,key_9,44,false
read,0.95,key_2,51,false
read,0.97,key_11,42,false
read,0.91,key_13,43,false
read,1.05,key_2,51,false
read,1.12,key_0,40,false
read,0.67,key_19,48,false
read,0.86,key_13,43,false
read,1.26,key_19,49,false
read,1.24,key_16,54,false
read,0.96,key_12,40,false
read,0.62,key_11,42,false
read,0.58,key_6,36,false
read,0.53,key_9,44,false
read,0.50,key_8,43,false
read,0.48,key_4,43,false
read,0.55,key_9,44,false
read,0.60,key_17,40,false
read,0.62,key_11,42,false
read,0.50,key_19,48,false
read,0.67,key_5,43,false
read,0.52,key_6,36,false
read,0.66,key_14,42,false
read,0.56,key_5,44,false
read,0.50,key_17,40,false
read,0.63,key_5,43,false
read,0.72,key_4,43,false
read,0.75,key_19,48,false
read,0.68,key_6,36,false
read,0.39,key_6,36,false
read,2.01,key_0,40,false
read,1.82,key_3,44,false
read,0.39,key_12,41,false
read,0.41,key_12,40,false
read,0.57,key_11,42,false
read,0.43,key_9,44,false
write,309.88,key_14,42,false
write,310.58,key_5,44,false
read,0.98,key_12,41,false
read,0.58,key_15,40,false
read,0.52,key_3,44,false
read,0.48,key_8,43,false
read,0.35,key_11,42,false
read,0.41,key_1,51,false
read,0.65,key_2,51,false
read,0.43,key_17,40,false
read,0.34,key_19,48,false
read,0.28,key_12,40,false
read,0.39,key_0,40,false
read,0.44,key_5,44,false
read,0.35,key_17,40,false
read,0.27,key_4,43,false
read,0.26,key_0,40,false
read,0.31,key_9,44,false
read,0.23,key_18,42,false
read,0.28,key_1,52,false
read,0.29,key_2,51,false
read,0.28,key_3,44,false
read,0.28,key_17,40,false
read,0.32,key_4,43,false
read,0.26,key_2,51,false
read,0.25,key_2,51,false
read,0.29,key_17,40,false
read,0.33,key_15,40,false
read,0.27,key_14,42,false
read,0.26,key_18,42,false
read,0.30,key_13,43,false
read,0.32,key_3,44,false
read,0.35,key_9,44,false
read,0.30,key_1,51,false
read,0.32,key_13,43,false
read,0.30,key_5,44,false
read,0.23,key_5,44,false
read,0.24,key_13,43,false
read,0.25,key_3,44,false
read,0.29,key_15,40,false
read,0.23,key_16,54,false
read,0.27,key_17,40,false
read,0.24,key_14,42,false
read,0.26,key_18,42,false
read,0.25,key_16,54,false
read,0.23,key_14,42,false
read,0.24,key_7,35,false
read,0.23,key_13,43,false
read,0.25,key_14,42,false
read,0.28,key_9,44,false
read,0.29,key_3,44,false
write,315.17,key_19,49,false
write,315.38,key_3,44,false
write,323.09,key_1,52,false
read,0.41,key_10,37,false
read,0.32,key_14,42,false
read,0.58,key_17,40,false
read,0.32,key_13,43,false
read,0.26,key_1,52,false
write,308.24,key_4,43,false
write,307.39,key_16,55,false
read,0.45,key_17,40,false
read,0.34,key_2,51,false
read,0.48,key_6,36,false
write,304.76,key_12,41,false
write,302.69,key_1,52,false
read,10.11,key_1,52,false
read,0.45,key_16,55,false
read,10.10,key_16,55,false
read,0.28,key_18,42,false
read,0.51,key_2,51,false
write,306.00,key_0,41,false
read,0.41,key_9,44,false
read,30.90,key_14,42,false
read,36.53,key_13,43,false
read,0.54,key_17,40,false
read,0.66,key_18,42,false
read,0.65,key_14,42,false
read,0.46,key_5,44,false
read,0.49,key_3,45,false
read,0.52,key_1,52,false
read,0.39,key_19,49,false
read,0.52,key_19,49,false
read,0.25,key_14,42,false
read,0.42,key_3,44,false
read,0.38,key_1,52,false
read,0.28,key_11,42,false
read,0.32,key_1,52,false
read,0.30,key_0,41,false
read,0.28,key_12,41,false
read,0.31,key_13,43,false
read,0.41,key_15,40,false
write,307.45,key_3,45,false
read,0.76,key_14,42,false
read,0.68,key_10,37,false
read,0.46,key_10,37,false
read,0.25,key_17,41,false
read,0.37,key_4,43,false
read,0.31,key_12,41,false
read,1.91,key_17,40,false
read,0.39,key_15,40,false
read,0.82,key_9,44,false
read,1.00,key_14,42,false
read,0.42,key_6,36,false
read,0.28,key_11,42,false
read,0.28,key_19,49,false
read,0.81,key_11,42,false
write,305.89,key_16,55,false
read,0.34,key_19,49,false
read,0.43,key_11,42,false
read,0.45,key_0,41,false
read,0.64,key_6,36,false
read,0.49,key_15,40,false
read,0.69,key_9,45,false
read,0.80,key_14,42,false
read,0.38,key_2,51,false
read,0.33,key_10,37,false
read,0.78,key_1,52,false
read,0.57,key_7,35,false
read,0.69,key_14,42,false
write,309.68,key_13,44,false
read,0.79,key_8,43,false
read,0.72,key_1,52,false
read,0.85,key_5,44,false
read,0.61,key_12,41,false
read,0.52,key_8,43,false
read,0.98,key_3,45,false
read,0.87,key_5,44,false
read,0.58,key_13,44,false
write,307.44,key_11,43,false
write,305.65,key_8,44,false
write,305.96,key_2,52,false
read,0.58,key_16,55,false
read,0.46,key_10,37,false
write,307.66,key_3,45,false
write,309.29,key_17,41,false
read,0.62,key_0,41,false
read,0.76,key_19,49,false
read,0.57,key_10,37,false
read,0.49,key_16,55,false
read,1.01,key_13,44,false
read,0.58,key_13,44,false
read,0.55,key_18,42,false
read,0.47,key_2,52,false
read,0.58,key_3,45,false
read,0.80,key_18,42,false
read,0.74,key_11,43,false
read,0.66,key_18,42,false
read,0.60,key_14,42,false
read,1.96,key_18,42,false
read,1.23,key_4,43,false
read,0.71,key_8,44,false
read,0.44,key_8,44,false
read,0.75,key_0,41,false
read,0.94,key_10,37,false
read,0.47,key_10,37,false
read,0.46,key_0,41,false
read,0.91,key_18,42,false
read,0.86,key_19,49,false
read,0.84,key_18,42,false
read,0.92,key_11,43,false
read,0.59,key_7,36,false
read,0.74,key_2,52,false
read,0.32,key_2,52,false
read,0.66,key_12,41,false
read,0.62,key_8,44,false
read,0.75,key_13,44,false
read,2.42,key_11,43,false
read,0.75,key_6,36,false
read,0.53,key_2,52,false
read,0.45,key_18,42,false
read,0.42,key_13,44,false
read,0.61,key_1,52,false
read,0.67,key_0,41,false
read,0.51,key_11,43,false
read,0.50,key_5,44,false
read,1.87,key_19,49,false
read,2.18,key_4,43,false
read,1.97,key_3,45,false
read,2.46,key_1,52,false
read,0.46,key_2,52,false
read,0.50,key_17,41,false
read,0.41,key_3,45,false
read,0.56,key_14,42,false
read,0.57,key_12,41,false
read,2.87,key_18,42,false
read,0.48,key_8,44,false
read,0.50,key_3,45,false
read,0.59,key_4,43,false
read,0.55,key_8,45,false
read,0.38,key_14,42,false
read,0.40,key_0,41,false
read,0.68,key_17,41,false
read,0.57,key_15,40,false
read,0.77,key_18,42,false
read,0.53,key_14,42,false
read,0.43,key_2,52,false
read,0.46,key_9,44,false
read,0.45,key_11,43,false
read,0.50,key_6,36,false
read,0.52,key_5,44,false
read,0.52,key_19,49,false
read,0.32,key_0,41,false
read,0.41,key_16,55,false
read,0.57,key_14,42,false
read,0.54,key_12,41,false
read,0.95,key_17,41,false
read,0.46,key_3,45,false
read,0.48,key_3,45,false
read,0.52,key_3,45,false
read,0.51,key_12,41,false
read,0.45,key_13,44,false
read,0.49,key_13,44,false
read,0.40,key_16,55,false
read,0.46,key_16,55,false
read,0.36,key_16,55,false
read,0.57,key_3,45,false
read,1.03,key_5,44,false
read,0.43,key_9,44,false
read,0.47,key_10,37,false
read,0.47,key_6,36,false
read,0.55,key_10,37,false
read,0.42,key_6,36,false
read,0.48,key_13,45,false
read,0.36,key_10,37,false
read,0.31,key_16,55,false
read,0.35,key_14,42,false
read,0.62,key_16,55,false
read,0.51,key_16,55,false
read,0.42,key_5,44,false
read,0.45,key_1,52,false
read,0.47,key_19,49,false
read,0.34,key_7,35,false
read,0.33,key_14,42,false
write,307.62,key_7,36,false
write,304.96,key_9,45,false
read,0.34,key_9,45,false
read,0.39,key_17,41,false
read,0.40,key_1,52,false
read,0.48,key_19,49,false
read,0.55,key_17,41,false
read,0.37,key_0,41,false
read,0.42,key_5,44,false
read,0.42,key_9,45,false
read,0.43,key_8,45,false
read,0.39,key_6,36,false
read,0.33,key_10,37,false
read,0.68,key_5,44,false
read,0.53,key_11,43,false
read,0.56,key_6,36,false
read,0.63,key_4,43,false
read,0.60,key_11,43,false
write,310.20,key_2,52,false
read,0.93,key_9,45,false
read,0.54,key_14,42,false
read,0.56,key_12,41,false
read,0.48,key_0,42,false
read,0.55,key_19,49,false
read,0.57,key_1,52,false
write,304.41,key_11,43,false
read,0.54,key_0,42,false
read,2.39,key_17,41,false
read,0.43,key_12,41,false
read,0.53,key_0,41,false
read,0.45,key_5,44,false
write,306.37,key_13,45,false
write,308.65,key_17,42,false
write,313.56,key_8,45,false
read,0.54,key_11,43,false
read,0.58,key_0,41,false
read,0.29,key_9,45,false
read,1.74,key_17,42,false
read,0.35,key_1,52,false
read,0.36,key_14,42,false
read,0.37,key_5,44,false
read,0.33,key_8,45,false
read,0.42,key_11,43,false
read,1.10,key_6,36,false
read,0.93,key_15,40,false
read,0.32,key_5,44,false
read,0.42,key_8,45,false
read,0.79,key_17,42,false
read,0.40,key_11,43,false
read,1.40,key_7,37,false
write,304.48,key_16,56,false
write,306.38,key_3,46,false
read,0.56,key_10,37,false
read,0.62,key_1,52,false
read,0.57,key_1,52,false
write,306.21,key_3,46,false
read,0.39,key_0,41,false
read,0.26,key_8,45,false
read,0.31,key_4,43,false
read,0.22,key_5,44,false
read,0.30,key_0,41,false
read,0.35,key_17,42,false
read,0.34,key_3,46,false
read,4.62,key_19,49,false
read,2.77,key_1,52,false
read,0.44,key_14,42,false
read,0.44,key_13,45,false
read,0.26,key_16,56,false
read,0.30,key_11,43,false
read,0.25,key_0,41,false
read,0.21,key_15,40,false
read,0.28,key_7,36,false
read,1.49,key_4,43,false
read,0.86,key_5,44,false
read,0.42,key_12,41,false
read,0.33,key_5,44,false
read,0.40,key_4,43,false
read,0.25,key_9,45,false
read,0.31,key_12,41,false
read,0.26,key_13,45,false
read,0.23,key_6,36,false
read,0.49,key_9,45,false
read,0.24,key_18,43,false
read,0.22,key_2,52,false
read,0.21,key_18,42,false
read,0.25,key_8,46,false
read,0.23,key_16,56,false
read,0.21,key_18,42,false
read,0.23,key_0,41,false
read,0.34,key_7,36,false
read,0.23,key_17,42,false
read,0.22,key_16,56,false
write,304.56,key_3,47,false
write,304.22,key_0,42,false
read,0.38,key_11,43,false
read,0.80,key_0,42,false
read,0.30,key_3,47,false
read,0.55,key_2,53,false
read,1.49,key_15,40,false
read,0.30,key_2,52,false
read,0.24,key_14,42,false
write,310.68,key_18,43,false
write,307.16,key_7,37,false
read,0.88,key_12,41,false
read,0.91,key_10,37,false
read,0.94,key_3,47,false
read,0.94,key_7,37,false
read,0.36,key_0,42,false
read,0.38,key_4,43,false
read,0.25,key_18,43,false
read,1.73,key_10,37,false
read,1.48,key_1,53,false
read,0.36,key_0,42,false
read,0.40,key_7,37,false
read,0.30,key_13,45,false
read,0.30,key_12,41,false
read,0.34,key_18,43,false
read,0.30,key_19,49,false
read,0.27,key_10,37,false
read,0.23,key_16,56,false
read,0.27,key_10,37,false
read,0.23,key_17,42,false
write,306.84,key_8,46,false
write,310.18,key_2,53,false
write,309.16,key_13,46,false
write,307.89,key_15,41,false
read,1.30,key_5,44,false
read,1.23,key_2,53,false
read,2.24,key_12,41,false
write,304.95,key_6,37,false
read,2.18,key_14,42,false
read,1.10,key_0,42,false
read,1.14,key_19,49,false
read,1.76,key_12,41,false
read,1.06,key_6,37,false
read,1.33,key_15,41,false
read,0.75,key_8,46,false
read,1.19,key_17,42,false
read,0.94,key_12,41,false
write,304.14,key_16,57,false
read,0.93,key_9,45,false
read,0.49,key_18,43,false
read,0.71,key_10,37,false
read,0.77,key_17,42,false
read,0.78,key_13,46,false
read,1.58,key_13,46,false
read,0.84,key_3,47,false
read,0.38,key_6,37,false
read,0.45,key_17,42,false
read,0.48,key_2,53,false
read,0.70,key_12,41,false
read,0.68,key_16,57,false
read,0.66,key_13,46,false
read,0.38,key_17,42,false
read,0.57,key_1,52,false
read,0.67,key_5,44,false
read,0.59,key_9,45,false
read,0.78,key_11,43,false
read,0.87,key_1,52,false
read,0.44,key_6,37,false
read,0.47,key_7,37,false
read,0.98,key_4,43,false
read,0.35,key_9,45,false
read,0.44,key_12,41,false
read,0.65,key_19,49,false
read,0.55,key_10,37,false
read,0.51,key_19,49,false
read,3.46,key_1,52,false
read,3.45,key_7,37,false
read,4.38,key_6,37,false
read,13.21,key_8,46,false
write,312.31,key_1,53,false
write,312.77,key_9,46,false
read,5.18,key_15,41,false
read,18.22,key_19,49,false
read,1.83,key_16,57,false
read,1.32,key_4,43,false
read,3.18,key_19,49,false
read,1.48,key_3,47,false
read,0.53,key_19,49,false
read,0.56,key_17,42,false
read,0.54,key_0,42,false
read,0.66,key_17,42,false
read,0.90,key_11,43,false
read,0.92,key_13,46,false
read,0.74,key_10,37,false
read,1.04,key_17,42,false
read,1.02,key_16,57,false
read,1.02,key_4,43,false
read,1.10,key_9,47,false
read,1.18,key_1,53,false
read,0.73,key_2,53,false
read,0.69,key_0,42,false
read,0.81,key_1,53,false
read,0.88,key_13,46,false
read,0.59,key_18,43,false
read,0.78,key_3,47,false
read,0.64,key_5,44,false
read,0.88,key_18,44,false
read,0.51,key_10,37,false
read,0.51,key_9,46,false
read,0.52,key_16,57,false
read,0.52,key_7,37,false
read,0.67,key_16,57,false
read,0.62,key_3,47,false
read,0.62,key_16,57,false
read,0.43,key_13,46,false
read,0.40,key_7,37,false
read,0.81,key_12,41,false
read,1.72,key_3,47,false
read,0.52,key_11,43,false
read,0.75,key_8,46,false
read,0.29,key_15,41,false
read,0.32,key_16,57,false
read,0.33,key_0,42,false
read,0.32,key_19,49,false
read,0.44,key_17,42,false
read,0.38,key_17,42,false
read,1.23,key_10,38,false
read,0.39,key_3,47,false
read,0.28,key_15,41,false
read,0.39,key_0,42,false
read,0.30,key_13,46,false
read,0.40,key_15,41,false
read,0.28,key_4,43,false
read,0.39,key_2,53,false
read,0.19,key_11,43,false
read,0.21,key_15,41,false
write,304.10,key_10,38,false
write,305.84,key_18,44,false
read,0.38,key_1,53,false
read,0.52,key_0,42,false
read,0.34,key_16,57,false
read,0.38,key_15,41,false
read,0.36,key_13,46,false
write,308.26,key_3,48,false
write,312.19,key_13,47,false
write,312.18,key_9,47,false
read,1.03,key_10,38,false
read,1.08,key_0,42,false
read,1.11,key_2,53,false
read,1.18,key_5,45,false
read,1.27,key_2,53,false
read,0.83,key_12,41,false
read,0.76,key_7,37,false
read,0.99,key_17,42,false
read,0.98,key_0,42,false
read,3.03,key_13,47,false
read,1.40,key_11,43,false
read,1.42,key_19,49,false
read,1.42,key_18,44,false
read,0.44,key_15,41,false
read,0.55,key_7,37,false
read,0.62,key_18,44,false
read,0.45,key_5,44,false
read,0.38,key_2,54,false
read,0.27,key_3,48,false
read,0.35,key_13,47,false
read,0.47,key_9,47,false
read,0.39,key_13,47,false
read,0.34,key_9,47,false
read,0.41,key_13,47,false
read,0.28,key_2,53,false
read,0.23,key_17,42,false
read,0.37,key_14,42,false
read,0.38,key_11,43,false
read,0.45,key_3,48,false
read,0.57,key_7,37,false
read,0.39,key_0,42,false
read,0.30,key_19,49,false
write,307.57,key_1,53,false
read,0.36,key_19,49,false
read,0.44,key_14,42,false
read,0.59,key_13,47,false
read,0.38,key_12,41,false
read,0.52,key_17,42,false
read,0.44,key_15,41,false
read,0.42,key_9,47,false
read,0.38,key_13,47,false
read,0.36,key_17,42,false
read,1.36,key_9,47,false
read,1.73,key_15,41,false
read,0.31,key_10,38,false
read,0.35,key_7,37,false
read,0.32,key_15,41,false
read,0.39,key_19,50,false
read,0.40,key_8,46,false
read,0.44,key_18,44,false
read,0.24,key_16,57,false
read,0.28,key_11,43,false
read,0.33,key_9,47,false
read,0.28,key_18,44,false
read,0.34,key_5,45,false
read,0.44,key_12,41,false
read,0.33,key_10,38,false
read,0.33,key_8,46,false
write,306.43,key_5,45,false
write,304.57,key_2,54,false
read,0.62,key_8,46,false
read,0.62,key_0,43,false
read,0.72,key_3,48,false
write,306.80,key_0,43,false
read,0.63,key_17,42,false
read,0.63,key_4,43,false
read,0.39,key_11,43,false
read,0.41,key_2,54,false
read,0.35,key_3,48,false
read,0.33,key_2,54,false
read,0.34,key_5,45,false
read,0.33,key_8,46,false
read,0.28,key_19,49,false
read,0.39,key_9,47,false
read,0.32,key_14,42,false
read,0.39,key_8,46,false
read,0.27,key_14,43,false
read,0.29,key_2,54,false
read,0.28,key_4,43,false
read,0.30,key_3,48,false
read,0.52,key_2,54,false
read,0.83,key_1,53,false
write,304.19,key_9,47,false
read,0.56,key_14,42,false
read,0.59,key_2,54,false
read,0.78,key_18,44,false
read,0.39,key_12,41,false
read,0.39,key_15,41,false
read,0.53,key_7,37,false
read,0.98,key_11,43,false
read,0.39,key_7,37,false
read,0.50,key_16,57,false
read,0.38,key_2,54,false
read,0.68,key_8,46,false
read,0.54,key_2,54,false
read,0.29,key_6,37,false
read,0.34,key_13,47,false
read,0.25,key_6,37,false
read,0.34,key_0,43,false
read,0.36,key_9,47,false
read,0.36,key_0,43,false
read,0.31,key_16,57,false
read,0.32,key_2,54,false
read,0.47,key_1,53,false
read,0.30,key_1,53,false
read,0.29,key_7,38,false
read,0.31,key_13,47,false
read,0.30,key_1,53,false
read,0.30,key_18,44,false
read,0.36,key_15,41,false
read,0.39,key_3,48,false
read,0.26,key_9,47,false
read,0.23,key_15,41,false
read,0.28,key_15,41,false
read,0.29,key_13,47,false
read,0.38,key_5,45,false
read,0.40,key_14,43,false
read,0.40,key_18,44,false
read,0.44,key_2,54,false
read,0.44,key_17,42,false
read,0.50,key_14,43,false
read,0.38,key_9,47,false
read,0.40,key_17,42,false
read,0.41,key_16,57,false
read,0.30,key_13,47,false
read,0.44,key_9,47,false
read,0.34,key_9,47,false
read,0.37,key_13,47,false
read,0.31,key_5,45,false
read,0.32,key_3,48,false
read,0.40,key_11,43,false
read,0.29,key_6,37,false
read,0.30,key_7,38,false
read,0.29,key_18,44,false
read,0.26,key_10,39,false
read,0.33,key_3,48,false
read,0.38,key_0,43,false
read,0.35,key_19,49,false
read,0.40,key_8,46,false
read,0.38,key_2,54,false
write,313.38,key_10,39,false
write,314.58,key_5,45,false
read,1.05,key_9,47,false
read,1.22,key_9,47,false
read,0.48,key_12,41,false
read,0.51,key_5,45,false
read,0.40,key_4,43,false
read,0.34,key_6,37,false
read,0.35,key_0,43,false
read,0.43,key_8,46,false
read,0.31,key_7,38,false
read,0.28,key_10,39,false
read,0.28,key_15,41,false
read,0.43,key_2,54,false
read,0.32,key_9,47,false
read,0.41,key_14,43,false
write,313.82,key_2,54,false
read,2.40,key_7,38,false
write,307.60,key_7,38,false
write,312.25,key_19,50,false
write,308.89,key_0,43,false
read,1.58,key_5,45,false
read,2.39,key_13,47,false
read,2.07,key_4,43,false
read,0.42,key_18,44,false
read,0.55,key_4,43,false
read,0.32,key_19,51,false
read,1.67,key_18,44,false
read,0.38,key_3,48,false
read,0.33,key_0,43,false
read,0.39,key_10,39,false
read,0.31,key_15,41,false
read,0.28,key_13,47,false
read,0.36,key_12,41,false
read,0.45,key_15,41,false
read,0.34,key_17,42,false
read,0.35,key_8,46,false
read,0.39,key_0,43,false
read,0.28,key_6,37,false
read,0.33,key_8,46,false
read,0.29,key_4,43,false
read,0.36,key_7,38,false
read,0.34,key_18,44,false
read,0.48,key_1,53,false
read,0.33,key_14,43,false
write,304.96,key_14,43,false
write,303.36,key_7,38,false
read,0.42,key_17,42,false
read,0.41,key_9,47,false
read,0.34,key_19,50,false
read,1.64,key_6,37,false
read,1.69,key_0,44,false
read,0.41,key_14,43,false
read,0.33,key_10,39,false
write,303.97,key_5,46,false
read,0.38,key_10,39,false
read,0.35,key_10,39,false
read,0.29,key_19,50,false
read,0.30,key_11,43,false
read,0.58,key_14,43,false
read,0.32,key_9,47,false
read,0.33,key_12,41,false
read,0.31,key_4,43,false
read,0.42,key_5,46,false
read,1.61,key_8,46,false
read,0.34,key_18,44,false
read,0.36,key_16,57,false
read,0.50,key_6,37,false
read,0.40,key_6,37,false
read,0.27,key_14,43,false
read,0.29,key_16,57,false
read,0.46,key_10,39,false
write,310.80,key_2,55,false
read,0.70,key_17,42,false
read,0.49,key_18,44,false
read,1.75,key_7,38,false
read,0.33,key_8,46,false
read,0.26,key_1,53,false
read,0.35,key_6,37,false
read,0.27,key_19,50,false
read,0.24,key_4,43,false
read,0.30,key_16,57,false
read,0.28,key_10,39,false
read,0.28,key_1,53,false
read,0.40,key_11,43,false
read,0.53,key_6,37,false
read,0.35,key_18,44,false
read,0.37,key_15,41,false
read,0.55,key_1,53,false
read,0.32,key_0,43,false
read,0.30,key_18,44,false
read,0.33,key_15,41,false
read,0.40,key_0,43,false
read,0.37,key_3,48,false
read,0.25,key_1,53,false
read,0.38,key_14,43,false
read,0.45,key_2,55,false
read,0.33,key_18,44,false
read,0.38,key_11,43,false
read,0.29,key_6,37,false
read,0.29,key_14,43,false
read,0.35,key_0,43,false
write,307.28,key_2,55,false
write,310.96,key_19,50,false
read,1.00,key_17,42,false
read,1.04,key_2,55,false
read,0.66,key_11,43,false
read,0.72,key_18,44,false
read,1.07,key_13,47,false
read,1.12,key_14,43,false
read,1.08,key_3,48,false
read,0.55,key_13,47,false
read,0.34,key_2,55,false
read,0.34,key_11,44,false
read,2.16,key_5,46,false
read,0.37,key_6,37,false
read,0.29,key_7,38,false
read,0.36,key_15,41,false
read,0.40,key_11,44,false
read,0.44,key_4,43,false
read,0.33,key_0,43,false
read,0.37,key_10,39,false
read,0.43,key_1,53,false
write,306.14,key_19,51,false
write,317.00,key_7,39,false
write,318.20,key_19,51,false
write,315.81,key_8,47,false
read,1.25,key_8,47,false
write,303.95,key_0,44,false
read,1.31,key_2,55,false
read,1.44,key_7,39,false
read,0.80,key_10,39,false
read,0.96,key_4,43,false
read,0.74,key_16,58,false
read,1.57,key_8,47,false
read,0.59,key_17,42,false
read,0.65,key_0,44,false
read,0.55,key_12,41,false
read,1.90,key_19,51,false
read,0.77,key_18,44,false
read,0.68,key_0,44,false
read,0.86,key_14,43,false
read,0.92,key_12,41,false
write,304.93,key_16,58,false
read,1.03,key_7,39,false
read,1.36,key_11,43,false
read,0.61,key_8,47,false
read,0.62,key_6,37,false
read,0.35,key_8,47,false
read,0.27,key_0,44,false
read,0.40,key_18,44,false
read,0.69,key_9,47,false
read,0.57,key_12,41,false
read,0.51,key_18,44,false
read,0.33,key_17,42,false
read,0.31,key_8,48,false
read,0.53,key_16,58,false
read,0.50,key_0,44,false
read,0.37,key_10,40,false
read,0.34,key_17,42,false
read,0.28,key_2,55,false
read,0.30,key_13,47,false
read,0.40,key_13,47,false
read,0.38,key_0,44,false
read,0.86,key_4,43,false
read,0.99,key_8,47,false
read,0.34,key_1,53,false
read,0.73,key_0,44,false
read,2.77,key_17,42,false
read,1.53,key_18,44,false
read,0.49,key_14,43,false
read,0.58,key_4,43,false
read,0.40,key_2,55,false
read,0.36,key_10,39,false
read,0.79,key_4,43,false
read,0.38,key_0,44,false
write,305.37,key_11,44,false
read,0.78,key_14,43,false
read,0.78,key_10,39,false
read,0.44,key_1,53,false
read,0.60,key_2,55,false
read,0.66,key_18,44,false
read,0.76,key_14,43,false
read,3.89,key_12,41,false
read,0.81,key_7,39,false
read,1.19,key_10,39,false
read,0.82,key_11,44,false
write,308.34,key_9,48,false
read,1.93,key_1,53,false
read,0.59,key_17,42,false
read,1.24,key_4,43,false
read,3.12,key_19,51,false
read,1.36,key_19,51,false
read,0.53,key_15,41,false
read,1.28,key_5,46,false
read,0.48,key_6,37,false
read,0.39,key_17,42,false
read,0.48,key_7,39,false
read,0.47,key_18,44,false
read,0.30,key_8,48,false
read,0.60,key_18,44,false
read,1.21,key_10,39,false
read,1.32,key_7,39,false
read,0.50,key_9,48,false
read,0.48,key_5,46,false
read,0.46,key_18,44,false
read,0.68,key_1,53,false
write,306.54,key_0,44,false
write,314.45,key_7,39,false
read,3.59,key_14,43,false
read,0.33,key_1,53,false
read,0.45,key_12,41,false
read,0.30,key_9,48,false
write,306.76,key_11,45,false
write,309.46,key_8,48,false
write,313.21,key_10,40,false
write,314.70,key_0,45,false
read,1.48,key_1,53,false
read,1.37,key_9,48,false
read,1.43,key_9,48,false
read,1.37,key_6,37,false
read,2.04,key_8,48,false
read,2.19,key_0,45,false
read,2.18,key_0,45,false
write,305.17,key_8,48,false
read,0.95,key_18,44,false
read,1.14,key_11,45,false
read,0.42,key_9,48,false
read,2.29,key_8,48,false
read,1.17,key_19,51,false
write,304.84,key_7,40,false
read,0.57,key_3,48,false
read,2.34,key_12,41,false
read,0.67,key_5,45,true
read,0.75,key_8,48,false
read,0.38,key_0,45,false
read,0.49,key_18,44,false
read,0.31,key_9,48,false
read,1.64,key_18,44,false
read,0.50,key_7,39,true
read,0.36,key_14,43,false
read,1.29,key_19,51,false
read,0.81,key_14,43,false
write,306.65,key_7,40,false
read,0.56,key_6,37,false
write,306.11,key_13,48,false
read,0.66,key_0,46,false
read,1.09,key_15,41,false
read,0.55,key_10,40,false
read,0.37,key_18,44,false
read,0.30,key_14,43,false
read,0.35,key_15,41,false
read,0.33,key_11,45,false
read,0.23,key_9,48,false
read,0.38,key_6,37,false
read,0.37,key_4,44,false
read,0.30,key_3,48,false
read,0.33,key_1,53,false
read,0.34,key_7,40,false
write,312.69,key_1,54,false
write,317.64,key_4,44,false
read,1.46,key_3,48,false
read,1.78,key_19,51,false
read,0.40,key_9,49,false
read,0.43,key_6,37,false
read,0.36,key_13,48,false
read,0.46,key_13,48,false
read,0.43,key_6,37,false
read,0.32,key_2,55,false
read,0.28,key_18,44,false
read,0.29,key_5,46,false
read,0.35,key_17,42,false
read,0.29,key_18,44,false
write,310.27,key_11,46,false
read,1.29,key_5,46,false
read,1.17,key_17,42,false
write,306.12,key_1,54,false
write,310.01,key_15,42,false
write,310.05,key_0,46,false
write,307.39,key_9,49,false
read,1.69,key_11,46,false
read,1.77,key_13,48,false
read,1.76,key_15,42,false
write,304.73,key_18,45,false
read,1.85,key_6,37,false
read,2.06,key_13,48,false
read,2.19,key_9,49,false
read,1.83,key_16,58,false
read,1.99,key_11,46,false
read,4.27,key_19,52,false
read,2.27,key_12,41,false
read,0.53,key_18,45,false
read,0.35,key_0,46,false
read,0.90,key_11,46,false
read,0.36,key_12,41,false
read,0.31,key_0,46,false
read,0.35,key_4,44,false
read,0.88,key_15,42,false
read,0.66,key_14,43,false
read,0.65,key_17,42,false
read,0.38,key_10,40,false
read,0.38,key_10,40,false
read,0.52,key_8,48,false
read,0.69,key_13,48,false
read,2.39,key_0,46,false
read,0.91,key_18,45,false
read,0.75,key_11,46,false
read,0.71,key_1,54,false
read,0.43,key_18,45,false
read,0.69,key_15,42,false
read,0.71,key_18,45,false
read,0.73,key_19,51,false
read,0.82,key_4,44,false
read,0.78,key_3,48,false
read,1.50,key_14,45,false
read,0.77,key_7,40,false
read,0.84,key_7,40,false
read,0.94,key_19,51,false
read,0.93,key_8,48,false
read,0.96,key_11,46,false
read,0.81,key_18,45,false
read,0.81,key_4,44,false
read,0.34,key_18,45,false
read,0.86,key_19,52,false
read,1.10,key_12,41,false
read,0.67,key_9,49,false
read,0.83,key_19,51,false
read,0.76,key_12,41,false
write,304.39,key_18,45,false
read,0.39,key_5,46,false
read,0.41,key_0,46,false
read,0.58,key_8,48,false
read,0.95,key_11,46,false
read,0.63,key_4,44,false
read,0.39,key_10,41,false
read,0.65,key_13,48,false
read,0.63,key_16,58,false
read,0.34,key_8,48,false
read,0.30,key_17,42,false
read,0.56,key_17,42,false
read,0.41,key_19,52,false
read,0.34,key_18,45,false
read,0.42,key_4,44,false
read,0.36,key_8,48,false
read,0.33,key_5,46,false
read,0.46,key_5,46,false
read,0.55,key_9,49,false
read,0.49,key_0,46,false
read,0.49,key_15,42,false
read,0.35,key_2,55,false
read,0.36,key_1,54,false
read,0.43,key_16,58,false
read,0.40,key_18,45,false
read,0.39,key_15,42,false
read,0.42,key_6,37,false
read,0.42,key_17,42,false
read,0.43,key_18,45,false
read,0.32,key_2,55,false
read,0.35,key_8,48,false
read,0.32,key_18,45,false
read,0.31,key_9,49,false
read,0.40,key_9,49,false
write,304.76,key_16,59,false
read,0.33,key_17,42,false
read,0.28,key_6,37,false
read,0.27,key_2,55,false
read,0.27,key_16,59,false
read,0.25,key_1,54,false
read,0.28,key_17,42,false
read,0.23,key_17,42,false
read,0.26,key_19,51,false
read,0.23,key_9,49,false
write,310.60,key_10,41,false
write,309.18,key_14,44,false
read,0.93,key_10,41,false
read,0.96,key_6,38,false
read,0.80,key_9,49,false
read,1.05,key_2,55,false
read,2.17,key_9,49,false
read,2.39,key_9,49,false
read,0.52,key_14,44,false
read,0.51,key_2,55,false
read,0.65,key_4,44,false
read,0.70,key_4,44,false
read,0.33,key_14,45,false
read,0.50,key_13,48,false
read,0.42,key_11,46,false
read,0.39,key_2,55,false
read,10.38,key_1,54,false
read,1.23,key_11,46,false
read,11.61,key_9,49,false
read,0.65,key_18,45,false
read,0.83,key_16,59,false
read,0.62,key_0,46,false
read,0.51,key_18,45,false
read,0.33,key_0,46,false
read,0.40,key_1,54,false
read,0.28,key_1,54,false
read,0.28,key_14,44,false
read,0.26,key_5,46,false
read,0.34,key_19,51,false
read,0.33,key_17,42,false
read,0.30,key_14,45,false
read,0.24,key_17,42,false
read,0.31,key_18,45,false
read,0.24,key_17,42,false
read,0.26,key_14,44,false
read,0.24,key_1,54,false
read,0.27,key_14,44,false
read,0.21,key_3,48,false
read,0.23,key_2,55,false
read,0.23,key_15,42,false
read,0.25,key_6,37,false
read,0.26,key_12,41,false
read,0.24,key_11,46,false
read,0.24,key_12,42,false
read,0.24,key_10,41,false
write,308.89,key_7,41,false
write,319.44,key_19,52,false
write,314.46,key_14,45,false
write,320.52,key_12,42,false
read,6.13,key_18,45,false
write,307.88,key_6,38,false
read,6.56,key_0,46,false
read,6.36,key_12,42,false
read,0.51,key_11,46,false
read,0.79,key_1,54,false
read,0.80,key_19,52,false
read,0.94,key_9,49,false
read,0.73,key_1,54,false
read,0.48,key_5,46,false
read,1.22,key_7,41,false
read,1.55,key_0,46,false
read,1.27,key_1,54,false
write,308.02,key_5,46,false
write,308.85,key_0,47,false
read,6.06,key_13,48,false
read,5.96,key_15,42,false
read,6.00,key_4,44,false
read,1.43,key_9,49,false
read,6.02,key_18,45,false
read,1.54,key_11,46,false
read,5.99,key_2,55,false
read,1.40,key_4,44,false
read,0.97,key_7,41,false
read,0.90,key_4,44,false
read,0.89,key_12,42,false
read,0.48,key_3,48,false
read,0.87,key_19,52,false
read,0.73,key_1,54,false
read,0.75,key_17,43,false
read,0.76,key_0,47,false
read,1.15,key_11,46,false
read,0.87,key_16,59,false
read,1.39,key_0,47,false
read,0.44,key_4,44,false
write,306.45,key_8,49,false
read,0.41,key_9,49,false
write,316.15,key_13,49,false
write,312.98,key_19,52,false
read,0.52,key_12,42,false
read,0.61,key_18,45,false
read,0.42,key_15,42,false
read,0.56,key_1,54,false
read,0.34,key_7,41,false
read,0.47,key_4,44,false
read,0.32,key_18,45,false
read,0.40,key_14,45,false
read,0.47,key_4,44,false
read,0.32,key_2,55,false
read,0.28,key_12,42,false
write,316.64,key_8,49,false
write,322.65,key_8,49,false
read,1.13,key_17,42,false
read,1.17,key_6,38,false
read,0.85,key_10,41,false
write,307.61,key_10,42,false
write,308.67,key_15,43,false
write,312.97,key_3,49,false
read,3.77,key_2,55,false
write,312.07,key_17,43,false
write,313.22,key_16,60,false
read,1.90,key_15,43,false
read,6.39,key_11,47,false
read,1.94,key_4,44,false
read,2.24,key_13,49,false
read,2.43,key_17,43,false
read,0.83,key_14,45,false
read,1.55,key_7,41,false
read,1.14,key_3,49,false
read,1.72,key_9,49,false
read,1.22,key_1,54,false
read,1.48,key_18,45,false
read,1.47,key_3,49,false
read,3.06,key_11,46,false
read,4.96,key_3,49,false
read,1.24,key_11,46,false
read,1.03,key_2,56,false
read,1.34,key_5,46,false
read,1.61,key_0,47,false
read,1.61,key_12,42,false
read,1.59,key_19,52,false
read,1.87,key_6,38,false
read,2.50,key_4,44,false
read,2.41,key_13,49,false
read,2.74,key_8,49,false
read,2.68,key_7,41,false
read,2.57,key_11,46,false
read,1.48,key_4,44,false
read,1.77,key_6,38,false
read,1.80,key_17,43,false
read,1.81,key_6,38,false
read,2.11,key_4,44,false
write,304.17,key_4,45,false
read,2.71,key_7,41,false
read,3.04,key_15,43,false
read,3.00,key_18,45,false
read,3.08,key_15,43,false
read,7.89,key_6,38,false
read,0.81,key_1,54,false
read,0.48,key_3,49,false
read,0.52,key_14,45,false
read,0.52,key_13,49,false
read,0.56,key_15,43,false
read,0.70,key_18,45,false
read,0.35,key_17,43,false
read,0.49,key_0,47,false
read,1.07,key_3,49,false
read,0.51,key_11,46,false
read,1.21,key_1,54,false
read,0.64,key_0,47,false
read,0.65,key_4,45,false
read,1.32,key_0,47,false
read,0.74,key_10,42,false
read,1.74,key_16,60,false
read,2.03,key_4,45,false
read,0.90,key_18,45,false
read,0.99,key_8,49,false
read,1.07,key_15,43,false
read,0.97,key_15,43,false
read,1.02,key_12,42,false
read,0.76,key_1,54,false
read,0.85,key_17,43,false
read,0.74,key_17,43,false
read,0.65,key_16,60,false
read,0.72,key_4,45,false
read,0.36,key_14,45,false
read,0.36,key_11,46,false
read,0.50,key_13,49,false
read,0.51,key_8,49,false
read,0.60,key_19,52,false
read,0.51,key_15,43,false
read,0.69,key_10,42,false
read,0.49,key_7,41,false
read,0.53,key_6,38,false
read,0.72,key_4,45,false
read,0.41,key_8,49,false
read,0.63,key_0,47,false
read,0.50,key_15,43,false
read,0.40,key_19,52,false
read,0.50,key_2,56,false
read,0.50,key_9,49,false
read,0.44,key_13,49,false
read,0.52,key_15,43,false
read,0.47,key_8,49,false
read,0.55,key_8,49,false
read,0.45,key_12,42,false
read,0.48,key_9,49,false
read,0.65,key_15,43,false
read,0.89,key_3,49,false
read,0.72,key_17,43,false
read,0.50,key_3,49,false
read,0.59,key_1,54,false
read,0.63,key_12,42,false
read,0.52,key_9,49,false
read,0.57,key_12,42,false
read,0.66,key_2,56,false
read,0.94,key_14,45,false
read,0.31,key_6,38,false
read,0.56,key_4,45,false
read,0.64,key_1,54,false
read,0.66,key_9,49,false
read,0.54,key_2,56,false
read,0.50,key_14,45,false
read,0.48,key_17,43,false
read,0.41,key_11,46,false
read,0.44,key_3,49,false
read,0.36,key_5,46,false
read,0.42,key_6,38,false
read,0.81,key_9,49,false
read,0.52,key_5,46,false
read,0.51,key_5,46,false
read,0.59,key_9,49,false
read,0.26,key_19,52,false
read,0.60,key_14,45,false
read,0.55,key_15,43,false
read,0.55,key_6,38,false
read,0.66,key_17,43,false
read,0.53,key_17,43,false
read,0.60,key_0,47,false
read,0.65,key_8,49,false
read,0.56,key_17,43,false
read,0.61,key_3,49,false
read,0.59,key_15,43,false
read,0.31,key_14,45,false
read,0.56,key_17,43,false
read,0.57,key_17,43,false
read,0.67,key_2,56,false
read,0.70,key_6,38,false
read,0.52,key_7,42,false
read,0.46,key_12,42,false
read,0.49,key_0,47,false
read,0.49,key_5,46,false
read,0.40,key_19,52,false
read,0.44,key_5,46,false
read,0.39,key_5,46,false
read,0.34,key_2,55,false
read,0.57,key_3,49,false
read,0.72,key_4,45,false
read,0.52,key_19,52,false
read,0.54,key_3,49,false
read,0.45,key_15,43,false
read,0.44,key_10,42,false
read,0.77,key_4,45,false
read,0.70,key_13,49,false
read,0.64,key_0,47,false
read,0.79,key_6,38,false
read,0.86,key_6,38,false
read,0.93,key_1,54,false
read,1.58,key_1,54,false
read,0.50,key_11,46,false
read,0.60,key_7,41,false
read,0.72,key_8,49,false
read,0.50,key_0,47,false
read,0.68,key_8,49,false
read,1.13,key_9,49,false
read,0.49,key_12,42,false
read,0.55,key_3,49,false
read,0.52,key_19,52,false
read,1.07,key_9,49,false
read,0.73,key_3,49,false
read,0.64,key_13,49,false
read,0.65,key_7,42,false
read,0.74,key_2,55,false
read,1.27,key_11,46,false
read,0.61,key_4,45,false
read,0.79,key_19,52,false
read,0.28,key_0,47,false
read,0.37,key_9,49,false
read,0.61,key_18,45,false
read,0.47,key_10,42,false
read,0.48,key_12,42,false
read,0.41,key_9,49,false
read,0.41,key_9,49,false
read,0.60,key_3,49,false
read,0.41,key_4,45,false
read,0.44,key_10,42,false
read,0.48,key_19,52,false
read,0.44,key_12,42,false
read,0.40,key_13,49,false
read,0.58,key_2,55,false
read,0.41,key_17,43,false
read,0.43,key_10,42,false
read,0.37,key_0,47,false
read,0.43,key_18,45,false
read,0.72,key_0,47,false
read,0.41,key_10,42,false
read,0.36,key_10,42,false
read,0.85,key_0,49,false
read,0.36,key_6,38,false
read,0.33,key_6,38,false
read,0.34,key_17,43,false
read,0.52,key_1,54,false
read,0.50,key_16,60,false
read,0.38,key_10,42,false
read,0.44,key_0,47,false
read,0.38,key_6,38,false
read,0.27,key_7,41,false
read,0.41,key_6,38,false
read,0.32,key_8,49,false
read,0.46,key_13,49,false
read,0.43,key_2,55,false
read,0.35,key_4,45,false
read,0.25,key_16,60,false
read,0.29,key_0,47,false
read,0.23,key_1,54,false
read,0.26,key_12,42,false
read,0.31,key_17,43,false
write,312.53,key_0,48,false
write,312.28,key_11,47,false
read,0.96,key_10,42,false
read,0.61,key_4,45,false
write,308.21,key_2,56,false
read,0.52,key_16,60,false
write,309.19,key_2,56,false
read,0.95,key_4,45,false
read,0.63,key_3,49,false
read,2.51,key_5,46,false
write,311.80,key_7,42,false
read,1.20,key_17,43,false
read,0.69,key_3,49,false
read,0.56,key_4,45,false
read,1.84,key_2,56,false
write,309.33,key_0,49,false
read,15.44,key_14,45,false
write,315.88,key_4,46,false
write,308.64,key_7,42,false
write,312.22,key_18,46,false
write,307.26,key_0,48,false
read,4.20,key_8,49,false
read,4.30,key_4,46,false
read,15.89,key_2,56,false
read,5.50,key_0,49,false
read,1.43,key_7,42,false
read,2.79,key_19,52,false
read,6.98,key_1,54,false
read,4.04,key_3,49,false
read,1.37,key_12,43,false
read,1.32,key_16,60,false
read,2.57,key_17,43,false
read,2.61,key_13,49,false
read,2.62,key_10,42,false
read,1.50,key_3,49,false
read,1.54,key_2,56,false
read,1.50,key_7,42,false
read,0.43,key_5,46,false
read,0.50,key_14,45,false
read,0.44,key_13,49,false
read,3.26,key_9,49,false
read,3.23,key_1,54,false
read,2.62,key_11,47,false
read,2.65,key_8,49,false
read,0.80,key_16,60,false
read,0.58,key_8,49,false
read,0.52,key_6,38,false
read,0.93,key_1,54,false
read,4.69,key_4,46,false
read,0.95,key_14,45,false
read,1.33,key_14,45,false
read,0.69,key_8,49,false
read,0.88,key_17,43,false
read,0.94,key_17,43,false
read,0.75,key_1,54,false
read,0.34,key_13,49,false
read,0.47,key_7,42,false
read,3.66,key_13,49,false
write,315.12,key_15,44,false
write,316.83,key_11,48,false
read,0.74,key_2,56,false
read,1.03,key_15,44,false
read,0.91,key_15,44,false
read,4.53,key_2,56,false
read,1.99,key_10,42,false
read,1.45,key_13,49,false
write,308.59,key_10,43,false
read,0.94,key_6,38,false
read,0.79,key_9,49,false
read,1.45,key_16,60,false
read,0.93,key_2,56,false
read,1.46,key_14,45,false
read,1.23,key_18,46,false
read,0.42,key_6,38,false
read,0.24,key_11,48,false
read,0.25,key_19,54,false
read,0.47,key_3,49,false
read,0.61,key_0,49,false
read,0.28,key_13,49,false
read,0.23,key_5,46,false
read,0.31,key_12,42,false
read,0.43,key_8,49,false
read,0.23,key_8,49,false
read,0.47,key_19,52,false
read,0.47,key_3,49,false
read,1.16,key_17,43,false
write,306.33,key_11,48,false
read,0.52,key_9,49,false
read,0.71,key_5,46,false
read,0.49,key_2,56,false
read,0.56,key_16,60,false
read,0.66,key_6,38,false
read,0.72,key_18,47,false
read,0.64,key_5,46,false
read,0.64,key_13,49,false
read,0.64,key_14,45,false
read,0.89,key_0,49,false
read,0.83,key_6,38,false
read,1.44,key_5,46,false
read,1.97,key_3,49,false
read,1.95,key_18,47,false
read,0.85,key_17,43,false
read,0.87,key_10,43,false
read,0.76,key_6,38,false
read,0.82,key_12,42,false
read,0.34,key_13,49,false
read,0.38,key_13,49,false
read,0.25,key_1,54,false
read,0.29,key_16,60,false
read,0.35,key_3,49,false
read,1.01,key_19,52,false
read,1.21,key_12,43,false
read,1.09,key_6,38,false
write,307.29,key_18,47,false
read,0.37,key_18,47,false
read,1.72,key_0,48,true
read,0.40,key_14,45,false
write,306.36,key_12,43,false
write,303.68,key_2,57,false
read,0.39,key_5,46,false
read,0.29,key_11,48,false
read,0.46,key_13,49,false
read,0.29,key_14,45,false
read,1.45,key_16,60,false
read,1.52,key_4,46,false
read,0.28,key_1,54,false
read,0.35,key_17,43,false
read,0.23,key_10,43,false
read,0.25,key_14,45,false
read,0.25,key_18,47,false
read,0.26,key_10,43,false
read,0.39,key_14,45,false
read,0.74,key_8,49,false
read,0.57,key_15,44,false
read,0.59,key_3,49,false
read,0.76,key_2,57,false
read,0.57,key_10,43,false
read,0.36,key_14,45,false
read,0.32,key_8,49,false
read,0.50,key_19,52,false
read,0.55,key_8,49,false
read,0.60,key_18,47,false
read,0.39,key_6,38,false
read,0.48,key_18,47,false
read,0.55,key_19,54,false
read,0.38,key_12,43,false
read,0.40,key_9,49,false
read,0.31,key_4,46,false
read,0.31,key_17,43,false
read,0.32,key_17,43,false
read,0.29,key_8,49,false
read,0.27,key_2,57,false
read,0.26,key_7,42,false
read,0.24,key_17,43,false
read,0.33,key_15,44,false
write,307.50,key_8,50,false
read,0.50,key_14,45,false
read,0.45,key_17,43,false
read,0.30,key_3,49,false
read,0.25,key_14,45,false
read,0.27,key_7,42,false
read,0.44,key_7,42,false
read,0.33,key_11,48,false
read,0.23,key_14,45,false
read,0.34,key_3,49,false
write,304.47,key_19,53,false
read,0.47,key_1,54,false
read,0.38,key_16,60,false
read,0.38,key_2,57,false
read,0.43,key_15,44,false
read,0.28,key_18,47,false
read,0.24,key_4,46,false
read,0.28,key_11,48,false
read,0.22,key_16,60,false
read,0.23,key_3,49,false
read,0.21,key_3,49,false
read,0.21,key_17,43,false
read,0.30,key_4,46,false
read,0.23,key_6,38,false
read,0.25,key_0,48,true
read,0.24,key_15,44,false
read,0.20,key_8,50,false
read,0.17,key_4,46,false
read,0.21,key_3,49,false
read,0.22,key_12,43,false
read,0.25,key_15,44,false
read,0.24,key_16,60,false
read,0.22,key_5,46,false
read,0.25,key_13,49,false
read,0.23,key_10,43,false
write,306.05,key_19,54,false
read,0.51,key_6,38,false
read,0.60,key_18,47,false
read,0.74,key_19,54,false
read,0.43,key_18,47,false
read,0.45,key_4,46,false
read,0.74,key_16,60,false
read,0.58,key_16,60,false
read,0.52,key_8,50,false
read,1.76,key_17,43,false
read,0.77,key_19,54,false
read,0.54,key_13,49,false
read,0.28,key_6,38,false
read,0.27,key_4,46,false
read,0.67,key_16,60,false
read,0.47,key_19,54,false
read,0.70,key_6,38,false
read,0.37,key_14,45,false
read,0.26,key_1,54,false
read,0.30,key_18,47,false
read,0.25,key_7,42,false
read,0.57,key_14,45,false
read,0.77,key_18,47,false
read,3.52,key_0,48,true
read,0.46,key_8,50,false
read,0.72,key_6,38,false
write,308.77,key_8,51,false
read,0.64,key_0,48,true
read,0.58,key_9,49,false
read,1.80,key_12,43,false
read,0.38,key_6,38,false
write,306.63,key_18,47,false
read,1.34,key_9,49,false
read,0.97,key_13,49,false
read,0.99,key_15,44,false
read,0.93,key_1,54,false
read,0.92,key_18,47,false
read,0.48,key_14,45,false
read,0.51,key_8,51,false
read,0.48,key_18,47,false
read,0.88,key_0,48,true
read,0.62,key_11,48,false
read,0.34,key_1,54,false
read,0.35,key_5,46,false
read,0.32,key_11,48,false
read,0.30,key_14,45,false
read,0.42,key_5,46,false
read,0.33,key_10,43,false
read,0.27,key_10,43,false
read,0.36,key_19,54,false
read,0.29,key_13,49,false
write,305.32,key_8,50,false
read,0.80,key_0,48,true
read,0.65,key_7,43,false
read,0.54,key_7,42,false
read,0.46,key_15,44,false
write,304.18,key_18,47,false
read,0.40,key_19,54,false
read,0.42,key_13,49,false
read,0.33,key_19,54,false
read,0.45,key_0,49,false
read,0.45,key_3,49,false
read,0.48,key_7,43,false
read,0.36,key_7,42,false
read,0.38,key_16,60,false
read,0.49,key_14,45,false
read,0.49,key_15,44,false
read,0.31,key_16,60,false
read,0.36,key_2,57,false
read,0.37,key_6,38,false
read,0.43,key_1,54,false
read,0.41,key_5,46,false
read,0.41,key_6,38,false
read,0.35,key_14,45,false
read,0.40,key_4,46,false
read,0.42,key_3,49,false
read,0.50,key_2,57,false
read,0.63,key_9,49,false
read,1.18,key_3,49,false
read,0.66,key_0,49,false
read,0.46,key_11,48,false
read,0.63,key_13,49,false
read,0.54,key_8,50,true
read,0.50,key_8,50,true
read,0.48,key_9,49,false
write,303.56,key_5,47,false
read,1.54,key_4,46,false
read,0.37,key_10,43,false
write,303.33,key_2,58,false
read,0.47,key_9,49,false
read,0.34,key_12,43,false
read,0.37,key_2,58,false
read,0.35,key_12,43,false
read,0.41,key_6,38,false
read,0.34,key_19,54,false
read,0.36,key_17,44,false
write,304.00,key_0,49,false
read,0.32,key_18,47,false
read,0.41,key_10,43,false
read,0.63,key_0,49,false
read,0.52,key_1,54,false
read,0.93,key_1,54,false
read,0.63,key_6,38,false
read,1.35,key_10,43,false
read,0.59,key_13,49,false
read,0.50,key_2,58,false
read,0.61,key_3,49,false
write,304.34,key_7,43,false
read,0.62,key_14,45,false
read,0.52,key_15,44,false
read,0.45,key_14,45,false
read,0.47,key_15,44,false
read,0.45,key_1,54,false
read,0.43,key_6,38,false
read,0.57,key_3,49,false
read,0.45,key_2,58,false
read,0.42,key_18,47,false
read,0.52,key_19,54,false
read,0.59,key_2,58,false
read,0.62,key_14,45,false
read,0.56,key_17,44,false
read,0.64,key_8,50,true
write,304.52,key_2,58,false
read,0.52,key_16,60,false
read,0.49,key_12,43,false
read,0.46,key_6,38,false
read,0.47,key_4,46,false
read,0.48,key_10,43,false
read,0.56,key_8,50,true
read,0.46,key_9,49,false
read,0.51,key_9,49,false
read,0.46,key_1,55,false
read,0.48,key_7,43,false
read,0.42,key_5,47,false
read,0.57,key_2,58,false
read,0.43,key_18,47,false
write,304.05,key_17,44,false
read,0.55,key_9,49,false
read,0.43,key_19,54,false
read,0.46,key_17,44,false
read,0.51,key_16,60,false
read,0.45,key_3,49,false
read,0.47,key_6,38,false
read,0.44,key_16,60,false
write,306.87,key_8,52,false
write,311.12,key_2,59,false
read,1.35,key_6,38,false
read,1.29,key_14,45,false
read,0.76,key_19,54,false
read,0.77,key_11,48,false
read,0.63,key_1,54,false
read,0.67,key_0,49,false
read,0.61,key_9,49,false
read,0.39,key_8,50,true
read,0.35,key_6,38,false
read,0.46,key_5,47,false
read,0.33,key_18,47,false
read,0.53,key_13,49,false
read,1.02,key_5,47,false
read,0.67,key_19,54,false
read,0.55,key_6,38,false
read,0.39,key_7,43,false
read,0.52,key_8,52,false
read,0.37,key_0,49,false
read,0.72,key_1,54,false
read,0.68,key_6,38,false
read,0.34,key_9,49,false
read,0.54,key_5,47,false
read,0.63,key_1,54,false
read,0.44,key_10,43,false
read,0.35,key_10,43,false
read,1.99,key_16,60,false
read,0.40,key_10,43,false
read,0.35,key_16,60,false
write,308.94,key_15,45,false
write,309.44,key_10,44,false
read,0.82,key_2,58,true
read,0.68,key_12,43,false
read,10.22,key_1,54,false
write,311.73,key_1,55,false
read,1.12,key_14,45,false
read,0.99,key_8,52,false
read,2.17,key_7,43,false
read,0.92,key_6,38,false
read,0.93,key_3,49,false
read,0.79,key_11,48,false
read,0.80,key_9,49,false
read,1.10,key_7,43,false
read,1.11,key_9,50,false
write,306.07,key_13,50,false
read,0.84,key_6,38,false
read,0.46,key_14,45,false
read,0.43,key_5,47,false
read,0.51,key_12,43,false
read,0.39,key_14,45,false
read,0.39,key_0,49,false
read,0.63,key_13,50,false
read,0.71,key_14,45,false
read,0.45,key_16,60,false
read,0.39,key_0,49,false
write,306.05,key_8,52,false
read,0.45,key_0,49,false
read,0.30,key_7,43,false
read,0.38,key_6,38,false
read,0.30,key_7,43,false
read,0.27,key_0,49,false
read,0.35,key_7,43,false
read,0.36,key_0,49,false
read,0.29,key_18,48,false
read,0.37,key_8,52,false
read,0.25,key_1,55,false
read,0.41,key_11,48,false
read,0.50,key_13,50,false
read,0.40,key_6,38,false
read,0.32,key_16,60,false
read,0.31,key_6,38,false
read,0.42,key_16,60,false
read,0.46,key_7,43,false
write,304.63,key_5,48,false
read,1.70,key_0,49,false
write,308.89,key_11,49,false
read,7.79,key_4,46,false
read,3.11,key_7,43,false
read,10.25,key_6,38,false
read,3.31,key_2,59,false
read,1.26,key_12,43,false
read,3.75,key_10,44,false
read,2.42,key_0,49,false
read,0.87,key_19,54,false
read,1.05,key_6,38,false
read,0.90,key_4,46,false
read,1.31,key_11,49,false
read,0.99,key_6,38,false
read,2.23,key_1,56,false
read,2.14,key_6,38,false
read,2.27,key_19,54,false
read,0.57,key_5,48,false
read,0.58,key_5,48,false
read,0.45,key_1,56,false
read,0.44,key_11,49,false
read,0.33,key_5,48,false
read,0.33,key_4,46,false
read,0.32,key_13,50,false
read,0.33,key_6,38,false
read,0.39,key_17,44,false
read,0.43,key_15,45,false
read,0.29,key_1,55,false
read,0.24,key_14,45,false
read,0.23,key_4,46,false
read,0.24,key_11,49,false
read,0.25,key_10,44,false
read,0.22,key_14,45,false
read,1.73,key_8,53,false
read,0.22,key_9,50,false
read,0.34,key_1,56,false
write,305.06,key_9,50,false
read,0.36,key_5,48,false
read,0.29,key_3,49,false
read,0.27,key_9,50,false
write,310.57,key_9,50,false
read,0.69,key_0,49,false
read,0.43,key_11,49,false
read,2.71,key_9,50,false
write,305.75,key_1,56,false
read,0.66,key_5,48,false
read,0.99,key_16,60,false
read,0.69,key_8,52,false
read,0.37,key_6,39,false
write,308.52,key_18,48,false
write,304.09,key_8,53,false
read,3.22,key_5,48,false
write,304.83,key_2,60,false
read,0.95,key_4,46,false
read,0.63,key_13,51,false
read,0.78,key_2,60,false
read,0.88,key_4,46,false
read,0.66,key_4,46,false
read,0.71,key_9,50,false
read,0.44,key_11,49,false
read,0.33,key_18,49,false
read,0.34,key_15,45,false
read,0.47,key_14,45,false
read,1.99,key_0,50,false
read,0.31,key_12,43,false
read,0.34,key_10,44,false
read,0.34,key_1,56,false
read,0.58,key_0,49,false
read,0.62,key_18,48,false
read,0.78,key_17,44,false
read,0.35,key_13,50,false
read,0.27,key_3,49,false
read,0.23,key_10,44,false
read,0.26,key_17,44,false
read,0.53,key_11,49,false
read,0.28,key_19,54,false
write,304.49,key_6,39,false
read,0.53,key_11,49,false
read,0.36,key_0,50,false
read,0.26,key_13,50,false
read,0.31,key_11,49,false
read,0.26,key_17,44,false
read,0.25,key_13,50,false
read,0.51,key_0,49,false
read,0.41,key_0,49,false
read,0.45,key_11,49,false
write,305.56,key_18,49,false
write,307.72,key_8,53,false
read,0.55,key_9,50,false
read,1.23,key_2,60,false
read,0.39,key_8,53,false
read,0.45,key_4,46,false
read,0.41,key_19,54,false
read,0.36,key_9,50,false
read,0.35,key_6,39,false
read,0.30,key_16,60,false
read,0.26,key_14,45,false
read,0.51,key_8,53,false
read,0.28,key_18,49,false
read,0.36,key_15,45,false
read,0.29,key_19,54,false
read,0.24,key_19,54,false
read,0.27,key_2,60,false
read,0.28,key_9,50,false
read,0.31,key_19,54,false
read,0.34,key_7,43,false
read,0.24,key_18,49,false
read,0.25,key_14,45,false
read,0.24,key_2,60,false
read,0.23,key_5,48,false
read,0.24,key_5,49,false
read,0.31,key_6,39,false
read,0.22,key_12,44,false
read,0.28,key_19,54,false
write,311.15,key_12,44,false
read,0.38,key_1,56,false
read,0.27,key_12,44,false
read,0.54,key_17,44,false
read,0.40,key_4,46,false
read,0.27,key_1,56,false
read,0.26,key_10,44,false
read,0.29,key_13,51,false
read,0.38,key_7,43,false
read,0.28,key_13,50,false
read,0.26,key_0,49,false
read,0.24,key_8,53,false
read,0.29,key_3,49,false
read,0.24,key_5,50,false
read,0.21,key_0,49,false
read,0.23,key_1,56,false
read,0.25,key_16,60,false
read,0.24,key_2,60,false
read,0.24,key_9,50,false
read,0.24,key_13,50,false
read,0.46,key_5,48,false
read,0.27,key_15,45,false
read,0.23,key_11,49,false
read,0.36,key_7,43,false
write,304.62,key_6,39,false
read,0.72,key_18,49,false
read,0.64,key_11,49,false
read,0.54,key_10,44,false
read,0.55,key_15,45,false
read,0.33,key_7,43,false
read,0.33,key_4,46,false
read,0.31,key_1,56,false
read,0.43,key_3,49,false
read,0.27,key_19,54,false
read,0.29,key_11,49,false
read,0.25,key_1,56,false
read,0.27,key_16,60,false
read,0.34,key_11,49,false
read,0.33,key_19,54,false
read,0.26,key_18,49,false
read,0.26,key_9,50,false
read,0.31,key_12,44,false
read,0.27,key_0,49,false
read,0.30,key_6,39,false
read,0.27,key_17,44,false
read,0.21,key_19,54,false
read,0.21,key_12,44,false
read,0.21,key_1,56,false
read,0.20,key_13,50,false
read,0.26,key_14,45,false
write,307.29,key_0,50,false
read,0.76,key_7,43,false
write,304.61,key_13,51,false
read,0.67,key_19,54,false
read,0.81,key_14,45,false
read,0.52,key_7,43,false
read,2.96,key_3,49,false
read,0.98,key_17,44,false
read,0.64,key_8,53,false
read,0.42,key_5,50,false
read,0.56,key_10,44,false
read,0.49,key_8,53,false
read,0.41,key_1,56,false
read,0.39,key_8,53,false
read,0.39,key_0,50,false
read,0.31,key_5,50,false
read,0.29,key_15,45,false
write,315.72,key_2,59,false
read,0.97,key_19,54,false
read,0.68,key_18,49,false
read,0.55,key_9,50,false
read,0.84,key_5,48,false
read,1.04,key_9,50,false
read,0.77,key_15,45,false
read,0.59,key_9,50,false
read,0.60,key_3,49,false
write,305.47,key_10,45,false
read,0.44,key_19,54,false
read,0.32,key_14,45,false
read,0.26,key_2,59,true
read,0.28,key_15,45,false
read,0.27,key_0,51,false
read,0.29,key_10,45,false
read,0.27,key_12,44,false
read,0.36,key_8,53,false
read,0.25,key_14,45,false
read,0.28,key_9,50,false
read,1.97,key_19,54,false
read,0.37,key_2,59,true
write,303.87,key_5,49,false
read,1.88,key_7,44,false
read,0.46,key_0,51,false
read,0.35,key_8,53,false
read,0.61,key_15,45,false
read,0.42,key_1,56,false
read,0.42,key_19,54,false
read,0.50,key_15,45,false
read,0.42,key_12,44,false
read,0.49,key_0,50,false
read,0.44,key_17,44,false
read,0.46,key_14,45,false
read,0.34,key_4,46,false
read,0.34,key_5,49,false
read,0.33,key_9,50,false
read,0.33,key_9,50,false
write,305.61,key_18,49,false
read,0.34,key_15,45,false
write,305.38,key_5,49,false
read,0.41,key_2,61,false
read,0.35,key_0,51,false
read,0.42,key_5,49,false
read,0.29,key_5,49,false
read,0.36,key_14,45,false
read,0.30,key_17,44,false
read,0.30,key_7,43,false
read,0.32,key_0,50,false
read,0.36,key_13,51,false
read,0.29,key_16,60,false
read,0.30,key_4,46,false
read,0.32,key_4,46,false
read,0.28,key_16,60,false
write,303.17,key_5,50,false
read,0.33,key_3,49,false
read,0.30,key_14,45,false
read,0.29,key_12,44,false
read,0.29,key_11,49,false
read,1.60,key_12,44,false
read,0.29,key_8,53,false
read,0.32,key_17,44,false
read,0.29,key_15,45,false
read,0.26,key_8,53,false
write,304.92,key_6,40,false
write,302.75,key_17,45,false
read,0.41,key_19,54,false
read,0.45,key_3,49,false
read,0.45,key_1,56,false
read,0.32,key_2,59,true
read,0.41,key_4,46,false
read,1.45,key_9,50,false
read,0.30,key_13,52,false
read,0.35,key_7,43,false
read,0.32,key_5,50,false
read,0.34,key_6,40,false
read,0.33,key_4,46,false
read,0.31,key_15,45,false
read,0.30,key_4,46,false
read,0.37,key_2,59,true
read,0.34,key_0,51,false
read,0.32,key_11,49,false
read,0.33,key_6,40,false
read,0.31,key_17,45,false
read,0.30,key_11,49,false
read,0.32,key_4,46,false
read,0.34,key_0,50,false
read,0.31,key_16,60,false
read,0.31,key_19,54,false
write,306.52,key_0,51,false
read,0.71,key_2,59,true
write,305.57,key_2,61,false
read,1.26,key_19,54,false
read,1.21,key_1,56,false
read,2.04,key_12,44,false
read,3.13,key_19,54,false
read,0.96,key_13,51,false
read,0.64,key_17,45,false
read,0.51,key_5,50,false
read,0.63,key_3,49,false
read,0.53,key_4,46,false
read,3.12,key_13,51,false
read,0.77,key_6,40,false
read,0.63,key_4,46,false
read,0.79,key_14,45,false
read,2.94,key_13,52,false
write,310.35,key_7,44,false
read,1.04,key_13,51,false
write,308.60,key_0,51,false
write,308.07,key_7,44,false
read,1.86,key_4,46,false
read,0.85,key_9,50,false
read,0.70,key_10,45,false
read,0.63,key_15,45,false
read,0.84,key_10,45,false
read,0.89,key_1,56,false
read,0.81,key_19,54,false
write,307.67,key_15,46,false
read,0.80,key_17,45,false
read,0.74,key_19,54,false
read,0.69,key_18,49,false
read,0.62,key_8,53,false
read,0.55,key_17,45,false
read,0.62,key_11,49,false
read,0.67,key_14,45,false
read,0.65,key_19,54,false
read,0.65,key_7,44,false
read,0.74,key_8,53,false
write,304.01,key_7,45,false
read,0.79,key_15,46,false
read,0.83,key_15,46,false
read,0.66,key_6,40,false
read,1.06,key_19,54,false
read,0.64,key_9,50,false
read,0.72,key_4,46,false
read,0.68,key_14,45,false
read,0.60,key_6,40,false
read,0.59,key_18,49,false
read,0.80,key_15,46,false
read,0.64,key_14,45,false
read,0.52,key_6,40,false
read,0.55,key_17,45,false
read,0.55,key_19,54,false
read,0.54,key_8,53,false
read,0.54,key_12,44,false
read,0.55,key_4,46,false
read,0.51,key_15,46,false
read,0.52,key_14,45,false
read,0.47,key_8,53,false
read,0.54,key_9,50,false
read,0.68,key_15,46,false
write,307.96,key_13,52,false
read,0.53,key_0,51,false
read,0.55,key_9,50,false
read,0.54,key_18,50,false
read,0.52,key_9,50,false
read,0.47,key_4,46,false
read,0.59,key_8,53,false
write,304.95,key_18,50,false
read,0.59,key_12,44,false
read,0.45,key_13,52,false
read,0.59,key_3,49,false
read,0.51,key_16,60,false
read,0.44,key_11,49,false
read,1.93,key_18,50,false
read,0.44,key_9,50,false
read,0.46,key_16,60,false
read,0.46,key_3,49,false
read,0.59,key_3,49,false
read,0.49,key_16,60,false
write,304.18,key_15,46,false
read,0.63,key_4,46,false
read,0.59,key_1,56,false
read,0.47,key_3,49,false
read,0.43,key_5,49,true
read,0.42,key_10,45,false
read,0.37,key_15,46,false
read,0.50,key_11,49,false
read,0.49,key_7,45,false
read,0.37,key_2,61,false
read,0.41,key_11,49,false
read,0.42,key_10,45,false
read,0.42,key_12,44,false
read,0.45,key_11,49,false
write,307.56,key_19,55,false
read,1.25,key_3,49,false
read,0.80,key_5,50,false
write,309.89,key_2,62,false
read,3.30,key_13,52,false
read,0.78,key_7,44,true
read,1.04,key_19,55,false
read,1.09,key_11,49,false
write,311.61,key_4,47,false
read,0.98,key_3,49,false
write,306.13,key_13,52,false
read,0.80,key_9,51,false
read,0.61,key_13,52,false
read,0.85,key_17,45,false
read,0.71,key_15,46,false
read,0.65,key_19,55,false
read,0.60,key_3,49,false
read,0.52,key_0,51,false
read,0.71,key_14,45,false
read,0.60,key_13,52,false
read,0.59,key_3,49,false
read,0.61,key_9,50,false
read,0.56,key_19,55,false
read,0.62,key_7,45,false
read,0.55,key_19,56,false
read,0.55,key_6,40,false
write,308.76,key_1,57,false
write,307.45,key_18,50,false
read,0.59,key_15,46,false
read,0.59,key_12,44,false
read,0.60,key_6,40,false
read,2.93,key_17,45,false
read,0.56,key_15,46,false
write,307.29,key_19,55,false
read,0.70,key_17,45,false
read,0.77,key_15,46,false
write,311.35,key_13,53,false
read,0.50,key_1,57,false
read,0.74,key_5,49,true
read,0.71,key_7,44,true
read,0.69,key_2,62,false
read,0.58,key_11,49,false
read,1.15,key_0,51,false
read,0.67,key_7,45,false
read,0.53,key_8,54,false
read,2.05,key_0,51,false
read,0.70,key_6,40,false
read,0.53,key_18,50,false
write,303.75,key_14,46,false
read,0.68,key_4,47,false
read,0.75,key_11,49,false
read,0.52,key_17,45,false
read,0.71,key_7,45,false
read,0.45,key_16,60,false
read,0.96,key_19,55,false
read,0.50,key_10,45,false
read,0.50,key_8,53,false
read,0.54,key_0,51,false
read,0.58,key_1,57,false
read,0.43,key_2,62,false
read,0.59,key_9,50,false
read,0.43,key_0,52,false
write,304.31,key_5,51,false
read,0.52,key_9,51,false
read,0.44,key_2,62,false
read,0.42,key_7,44,true
read,0.51,key_2,62,false
read,0.39,key_8,53,false
read,0.42,key_17,45,false
read,0.44,key_6,40,false
read,0.42,key_9,51,false
read,0.41,key_7,45,false
read,0.44,key_15,46,false
read,0.43,key_6,40,false
read,0.45,key_4,47,false
read,0.46,key_10,45,false
write,307.46,key_9,51,false
read,1.40,key_2,62,false
read,4.90,key_19,55,false
read,0.86,key_10,45,false
read,0.77,key_11,49,false
read,0.69,key_13,53,false
read,0.73,key_14,46,false
read,0.54,key_17,45,false
read,1.49,key_17,45,false
read,1.29,key_0,51,false
read,0.69,key_11,49,false
read,0.64,key_14,46,false
read,0.57,key_3,50,false
read,0.58,key_0,51,false
read,0.52,key_10,45,false
write,309.31,key_8,54,false
write,308.11,key_19,56,false
read,4.03,key_9,51,false
read,0.78,key_10,45,false
read,0.71,key_6,40,false
read,0.63,key_15,46,false
read,0.58,key_12,44,false
read,0.77,key_10,45,false
read,0.67,key_8,54,false
read,0.81,key_18,50,false
read,0.63,key_15,46,false
write,305.96,key_12,45,false
read,0.72,key_12,45,false
read,0.82,key_7,45,false
read,0.65,key_6,40,false
write,304.24,key_11,50,false
read,0.55,key_15,46,false
read,0.81,key_1,57,false
read,0.52,key_2,62,false
read,0.60,key_1,57,false
read,0.69,key_5,51,false
write,303.15,key_12,45,false
read,3.04,key_18,50,false
read,0.74,key_7,45,false
read,0.58,key_11,50,false
read,0.57,key_18,50,false
read,0.48,key_2,63,false
read,0.49,key_6,40,false
read,0.56,key_11,50,false
read,0.64,key_13,53,false
read,0.54,key_14,46,false
read,0.63,key_19,56,false
read,0.69,key_19,56,false
read,0.58,key_2,63,false
read,0.56,key_7,45,false
read,0.58,key_15,46,false
read,0.50,key_13,53,false
read,0.48,key_0,51,false
read,0.53,key_6,40,false
read,0.51,key_3,49,false
read,2.30,key_6,40,false
read,0.46,key_15,46,false
read,0.46,key_18,50,false
read,2.05,key_10,45,false
read,0.83,key_19,56,false
write,306.46,key_0,52,false
read,1.25,key_18,50,false
write,305.14,key_9,51,false
read,0.73,key_2,62,false
read,0.75,key_12,45,false
read,0.78,key_4,47,false
read,0.63,key_9,51,false
read,0.69,key_5,51,false
read,0.63,key_10,45,false
read,0.52,key_14,46,false
read,0.47,key_4,47,false
read,0.57,key_3,49,false
read,0.66,key_17,45,false
write,303.87,key_16,61,false
read,1.51,key_1,57,false
read,0.65,key_14,46,false
read,0.75,key_4,47,false
read,0.79,key_11,50,false
read,0.84,key_13,53,false
read,0.60,key_10,45,false
read,0.70,key_4,47,false
read,0.69,key_9,51,false
read,0.61,key_10,45,false
read,0.58,key_5,51,false
read,0.55,key_6,40,false
read,0.61,key_10,45,false
read,0.58,key_11,51,false
read,0.60,key_15,46,false
read,0.60,key_18,50,false
read,0.62,key_1,57,false
read,0.44,key_9,51,false
read,0.47,key_16,61,false
read,0.56,key_9,51,false
read,0.55,key_12,45,false
read,0.56,key_2,63,false
read,0.54,key_16,61,false
read,0.54,key_16,61,false
read,0.52,key_0,52,false
read,0.51,key_17,45,false
read,0.39,key_9,51,false
read,0.41,key_10,45,false
read,0.59,key_1,57,false
read,0.60,key_19,56,false
read,0.51,key_18,50,false
read,0.45,key_17,45,false
read,0.51,key_4,47,false
read,0.52,key_12,45,false
read,0.42,key_4,47,false
read,0.40,key_9,51,false
write,305.16,key_3,50,false
read,0.60,key_5,51,false
read,1.30,key_1,57,false
read,1.51,key_13,53,false
read,1.77,key_19,56,false
read,0.58,key_0,52,false
read,0.64,key_9,51,false
read,0.43,key_8,54,false
read,0.66,key_7,45,false
read,0.54,key_17,45,false
read,0.47,key_1,57,false
read,0.64,key_8,55,false
read,0.45,key_14,46,false
read,2.96,key_9,51,false
read,0.78,key_8,55,false
read,0.68,key_2,62,false
read,0.73,key_19,56,false
read,0.83,key_3,50,false
read,0.40,key_12,45,false
read,0.35,key_15,46,false
read,0.40,key_7,45,false
read,0.46,key_8,54,false
read,1.47,key_1,57,false
read,0.43,key_19,56,false
read,0.34,key_5,52,false
read,0.40,key_5,51,false
read,0.35,key_13,53,false
read,0.32,key_7,45,false
read,0.36,key_15,46,false
read,0.37,key_13,53,false
write,308.71,key_5,52,false
write,306.52,key_7,46,false
read,1.01,key_3,51,false
read,0.94,key_6,40,false
read,0.88,key_10,45,false
read,2.69,key_15,47,false
read,0.53,key_5,52,false
read,0.58,key_1,57,false
read,1.98,key_15,46,false
read,0.49,key_0,52,false
read,0.52,key_7,46,false
read,0.50,key_11,51,false
read,0.66,key_11,50,false
read,0.77,key_6,40,false
read,0.79,key_3,51,false
read,0.56,key_11,50,false
read,0.80,key_6,40,false
read,0.46,key_19,56,false
read,0.42,key_4,47,false
read,0.39,key_18,50,false
read,0.48,key_3,50,false
read,0.39,key_9,51,false
read,0.43,key_18,50,false
read,0.33,key_10,45,false
read,0.34,key_3,50,false
read,0.41,key_18,50,false
read,0.62,key_11,50,false
read,0.67,key_16,61,false
read,0.55,key_14,46,false
read,0.41,key_9,51,false
read,0.43,key_16,61,false
read,0.41,key_10,45,false
read,0.39,key_7,46,false
read,0.45,key_1,57,false
read,0.30,key_16,61,false
read,0.27,key_5,52,false
read,0.37,key_5,52,false
read,0.34,key_15,46,false
read,0.32,key_17,45,false
read,0.29,key_16,61,false
read,0.38,key_7,46,false
read,0.28,key_11,50,false
read,0.37,key_15,47,false
read,0.47,key_6,40,false
read,0.53,key_10,45,false
read,0.36,key_2,62,false
write,307.76,key_2,63,false
write,304.78,key_8,55,false
read,0.87,key_1,57,false
read,0.99,key_13,53,false
read,0.66,key_0,52,false
read,0.53,key_1,57,false
read,0.77,key_11,50,false
read,0.61,key_8,55,false
read,0.61,key_14,46,false
read,0.60,key_4,47,false
read,0.55,key_0,52,false
read,0.55,key_0,52,false
read,0.57,key_0,52,false
write,306.55,key_11,51,false
read,2.00,key_18,51,false
read,0.61,key_6,40,false
read,1.22,key_4,48,false
read,0.62,key_19,56,false
read,0.68,key_12,45,false
read,0.69,key_3,51,false
read,0.74,key_10,45,false
read,0.60,key_0,52,false
read,0.65,key_14,47,false
read,0.62,key_14,46,false
read,0.70,key_7,46,false
read,0.73,key_10,45,false
read,0.53,key_13,53,false
read,0.51,key_16,61,false
read,0.49,key_1,57,false
read,0.46,key_19,56,false
read,0.45,key_6,40,false
read,0.40,key_19,56,false
read,0.43,key_1,57,false
read,0.52,key_1,57,false
read,0.45,key_5,52,false
read,0.48,key_18,50,false
write,303.21,key_5,52,false
read,0.57,key_14,46,false
read,0.44,key_4,47,false
read,0.46,key_13,53,false
read,0.42,key_10,45,false
write,304.06,key_8,55,false
read,0.59,key_8,55,false
read,0.48,key_15,46,false
write,304.21,key_3,51,false
read,0.47,key_5,52,false
read,0.48,key_1,57,false
read,0.55,key_11,51,false
read,0.43,key_18,50,false
read,0.45,key_1,57,false
read,0.44,key_9,51,false
read,0.48,key_7,46,false
read,0.44,key_0,52,false
read,0.44,key_3,51,false
write,304.54,key_14,47,false
write,303.64,key_15,47,false
read,0.49,key_17,45,false
write,322.68,key_18,51,false
read,2.33,key_2,63,false
read,1.73,key_18,51,false
read,2.70,key_11,51,false
read,1.06,key_12,45,false
read,2.63,key_9,51,false
read,0.91,key_17,45,false
read,0.89,key_9,51,false
read,0.83,key_1,57,false
read,0.47,key_13,53,false
write,309.17,key_3,51,false
write,314.76,key_4,48,false
write,309.64,key_4,48,false
read,1.81,key_4,48,false
write,306.39,key_14,47,false
read,0.89,key_15,47,false
read,0.77,key_6,40,false
write,305.14,key_19,57,false
read,3.43,key_10,45,false
read,3.48,key_11,51,false
read,0.83,key_18,51,false
read,0.79,key_5,52,false
read,0.93,key_4,48,false
read,0.97,key_12,45,false
read,0.89,key_2,63,false
read,0.94,key_9,51,false
read,1.32,key_19,57,false
read,0.76,key_11,52,false
write,305.57,key_6,41,false
read,0.72,key_17,45,false
read,0.74,key_9,51,false
read,0.65,key_18,51,false
read,0.68,key_18,51,false
write,303.39,key_18,51,false
read,0.94,key_9,51,false
read,2.15,key_7,46,false
read,0.65,key_2,63,false
write,303.35,key_11,52,false
read,0.66,key_5,52,false
read,0.60,key_2,64,false
read,0.77,key_5,52,false
read,1.26,key_16,61,false
read,0.75,key_7,46,false
read,0.74,key_11,52,false
read,0.96,key_9,51,false
read,0.68,key_1,57,false
read,0.67,key_3,51,false
read,1.28,key_5,52,false
read,0.50,key_17,45,false
read,0.81,key_16,61,false
read,0.56,key_3,51,false
read,0.58,key_13,53,false
read,0.44,key_12,45,false
read,0.46,key_17,45,false
read,0.64,key_19,57,false
read,0.54,key_7,46,false
read,0.50,key_9,51,false
write,304.93,key_2,64,false
read,0.57,key_18,51,false
read,1.86,key_8,55,false
read,0.46,key_4,48,false
read,0.47,key_3,51,false
read,0.46,key_18,51,false
read,0.45,key_14,47,false
read,0.47,key_9,51,false
read,0.42,key_9,51,false
read,0.50,key_1,57,false
read,0.44,key_5,52,false
read,0.54,key_3,51,false
read,0.44,key_3,51,false
read,0.50,key_1,57,false
read,0.45,key_2,64,false
read,0.48,key_1,57,false
read,0.47,key_8,55,false
read,0.51,key_19,57,false
read,0.49,key_15,47,false
read,0.44,key_4,48,false
read,0.41,key_7,46,false
read,0.46,key_15,47,false
read,0.38,key_13,53,false
read,0.40,key_19,57,false
read,0.41,key_15,47,false
read,0.38,key_3,51,false
read,0.40,key_14,47,false
read,0.45,key_13,53,false
read,0.47,key_8,55,false
read,0.39,key_6,41,false
read,0.47,key_5,52,false
read,0.37,key_10,46,false
write,311.62,key_7,47,false
write,305.86,key_11,52,false
read,0.51,key_16,61,false
read,0.34,key_15,47,false
read,0.35,key_15,47,false
read,0.32,key_12,45,false
read,0.30,key_5,52,false
read,0.35,key_18,51,false
read,0.29,key_9,51,false
read,0.32,key_14,47,false
read,0.35,key_2,64,false
read,0.29,key_9,51,false
read,0.27,key_19,57,false
read,0.28,key_13,52,true
read,0.28,key_9,51,false
read,0.28,key_17,45,false
read,0.82,key_13,52,true
write,310.52,key_2,64,false
write,323.91,key_16,62,false
write,305.64,key_10,46,false
write,305.65,key_0,53,false
write,309.65,key_0,53,false
read,1.30,key_19,57,false
read,1.26,key_9,51,false
read,1.33,key_0,53,false
read,1.33,key_14,47,false
read,1.29,key_8,55,false
read,1.60,key_16,62,false
read,1.61,key_18,51,false
read,0.70,key_0,53,false
read,0.64,key_1,58,false
read,2.98,key_15,47,false
read,0.42,key_9,51,false
read,0.45,key_14,47,false
read,0.34,key_6,41,false
read,0.25,key_1,58,false
read,0.43,key_11,52,false
read,0.39,key_5,52,false
write,304.01,key_17,46,false
read,0.31,key_14,47,false
read,0.63,key_2,64,false
write,304.79,key_13,54,false
read,0.38,key_2,64,false
read,0.50,key_10,46,false
read,1.96,key_12,46,false
read,0.28,key_12,46,false
read,0.30,key_4,48,false
read,0.23,key_4,48,false
read,0.34,key_1,58,false
read,0.25,key_6,42,false
read,0.23,key_2,64,false
read,0.49,key_4,48,false
read,0.29,key_6,41,false
read,0.27,key_19,57,false
read,0.39,key_6,41,false
read,0.28,key_4,48,false
read,0.22,key_13,54,false
read,0.27,key_8,55,false
read,0.24,key_18,51,false
read,0.23,key_0,53,false
read,0.34,key_3,51,false
read,0.24,key_7,47,false
read,0.23,key_9,51,false
read,0.24,key_7,47,false
read,0.24,key_5,53,false
read,0.33,key_0,53,false
read,0.38,key_6,41,false
read,0.23,key_3,51,false
read,0.36,key_4,48,false
read,0.32,key_1,57,false
read,0.27,key_17,46,false
read,0.32,key_14,47,false
read,0.24,key_10,46,false
read,0.24,key_16,62,false
write,309.32,key_18,52,false
read,0.32,key_1,57,false
read,0.30,key_19,57,false
read,1.49,key_2,64,false
read,0.30,key_13,54,false
read,0.28,key_17,46,false
read,0.27,key_3,52,false
read,0.27,key_14,47,false
read,0.23,key_0,53,false
read,0.26,key_11,52,false
read,0.23,key_4,48,false
read,0.30,key_12,45,false
read,0.23,key_8,55,false
read,0.22,key_17,46,false
read,0.23,key_11,52,false
read,0.25,key_8,55,false
read,0.22,key_10,47,false
read,0.21,key_0,53,false
read,0.22,key_19,57,false
read,0.26,key_3,51,false
read,0.21,key_1,57,false
read,0.24,key_15,47,false
read,0.22,key_5,52,false
read,0.40,key_13,54,false
read,0.24,key_0,53,false
read,0.23,key_5,52,false
read,0.21,key_2,64,false
read,0.31,key_11,52,false
read,0.23,key_4,48,false
read,0.22,key_4,48,false
read,0.24,key_3,51,false
read,0.31,key_3,52,false
read,0.22,key_8,55,false
read,0.23,key_14,47,false
read,0.22,key_4,48,false
read,0.24,key_9,51,false
read,0.22,key_2,64,false
read,0.22,key_14,47,false
read,0.23,key_15,47,false
write,313.41,key_6,42,false
read,3.02,key_1,58,false
read,0.79,key_3,51,false
read,0.34,key_1,58,false
read,1.92,key_4,48,false
read,0.37,key_12,45,false
read,0.27,key_13,54,false
read,0.26,key_1,57,false
read,0.31,key_4,48,false
read,0.49,key_4,48,false
read,1.04,key_19,57,false
read,0.43,key_15,47,false
read,0.48,key_5,52,false
read,0.28,key_13,54,false
read,0.44,key_2,64,false
write,305.93,key_5,53,false
read,1.67,key_13,55,false
write,322.88,key_3,52,false
write,321.44,key_10,47,false
write,326.30,key_1,58,false
write,326.48,key_17,46,false
write,324.76,key_1,58,false
write,308.54,key_15,48,false
write,319.36,key_12,46,false
read,0.57,key_9,51,false
read,0.53,key_4,48,false
read,0.55,key_11,52,false
read,0.64,key_19,57,false
read,0.73,key_2,64,false
read,0.59,key_4,48,false
read,0.60,key_1,58,false
read,0.45,key_13,54,false
read,0.69,key_18,52,false
read,0.73,key_17,46,false
read,0.24,key_6,42,false
read,0.35,key_7,47,false
read,0.34,key_3,52,false
read,0.41,key_7,47,false
read,0.29,key_0,53,false
read,0.39,key_16,62,false
read,0.37,key_8,55,false
read,0.28,key_4,48,false
read,0.28,key_0,53,false
read,0.28,key_16,62,false
read,0.28,key_7,47,false
read,0.26,key_2,64,false
read,0.29,key_17,46,false
read,0.24,key_17,46,false
read,0.30,key_14,48,false
read,0.34,key_11,52,false
read,1.76,key_6,42,false
read,1.78,key_9,51,false
read,0.27,key_5,53,false
read,0.30,key_7,47,false
read,0.32,key_12,46,false
read,0.21,key_0,53,false
read,0.38,key_16,62,false
read,0.33,key_2,64,false
read,1.42,key_18,52,false
read,0.33,key_15,48,false
read,0.28,key_16,62,false
read,0.37,key_15,48,false
read,0.39,key_8,55,false
read,0.30,key_2,64,false
read,0.33,key_9,51,false
read,0.33,key_16,62,false
read,0.41,key_0,53,false
read,0.51,key_2,64,false
read,0.34,key_14,48,false
read,0.36,key_8,55,false
read,0.37,key_14,48,false
read,0.64,key_14,47,false
read,0.31,key_8,55,false
read,0.31,key_13,54,false
read,0.36,key_18,52,false
read,0.51,key_12,46,false
read,0.24,key_0,53,false
read,0.27,key_3,52,false
read,0.37,key_11,53,false
read,0.27,key_11,52,false
read,0.28,key_2,64,false
read,0.30,key_5,53,false
read,0.27,key_2,64,false
read,0.28,key_2,64,false
read,0.45,key_5,53,false
read,0.28,key_8,55,false
read,0.29,key_3,53,false
read,0.31,key_5,53,false
read,0.26,key_5,53,false
read,0.26,key_14,48,false
read,0.26,key_10,47,false
read,0.26,key_15,48,false
read,0.25,key_14,47,false
write,304.52,key_14,48,false
read,0.31,key_5,53,false
read,0.32,key_5,53,false
read,0.32,key_11,52,false
read,0.25,key_13,54,false
read,0.31,key_16,62,false
read,0.27,key_0,53,false
write,327.07,key_3,53,false
write,330.13,key_13,55,false
read,1.16,key_14,48,false
read,1.18,key_16,62,false
read,1.03,key_17,46,false
read,1.04,key_7,47,false
read,0.84,key_0,53,false
read,0.56,key_12,46,false
write,310.57,key_8,56,false
write,304.62,key_6,43,false
write,318.47,key_12,47,false
write,318.67,key_11,53,false
write,319.86,key_17,47,false
write,317.32,key_3,53,false
write,319.98,key_1,59,false
read,1.80,key_9,51,false
read,1.90,key_19,57,false
read,1.87,key_6,43,false
read,1.94,key_8,56,false
read,1.92,key_0,53,false
read,1.08,key_8,56,false
read,1.14,key_2,64,false
read,3.77,key_8,56,false
read,3.77,key_8,56,false
read,0.89,key_10,47,false
read,0.85,key_7,47,false
read,3.15,key_12,47,false
read,3.18,key_2,64,false
read,1.49,key_9,51,false
read,1.45,key_17,47,false
read,0.48,key_14,48,false
read,2.10,key_6,43,false
read,2.17,key_7,47,false
read,1.61,key_12,47,false
write,303.82,key_12,47,false
read,1.06,key_19,57,false
read,1.12,key_14,48,false
read,3.29,key_0,53,false
read,0.53,key_16,62,false
read,0.56,key_2,64,false
write,313.01,key_8,57,false
write,314.74,key_4,49,false
read,1.20,key_18,52,false
read,1.39,key_3,53,false
read,1.02,key_12,47,false
read,1.07,key_11,53,false
read,0.73,key_14,48,false
read,0.67,key_19,57,false
read,0.72,key_0,53,false
read,0.84,key_14,48,false
read,0.85,key_15,48,false
read,1.15,key_7,47,false
read,0.68,key_11,53,false
read,0.80,key_2,64,false
read,0.65,key_7,47,false
read,0.66,key_16,62,false
read,0.85,key_9,51,false
read,0.72,key_11,53,false
read,0.62,key_14,48,false
write,316.51,key_19,58,false
write,323.82,key_7,48,false
write,321.76,key_1,60,false
write,320.15,key_4,49,false
write,322.03,key_9,52,false
write,318.34,key_13,56,false
read,2.93,key_14,49,false
read,3.16,key_16,62,false
read,2.93,key_10,47,false
read,3.02,key_12,47,false
read,3.76,key_7,48,false
write,313.91,key_17,48,false
read,1.26,key_7,48,false
read,1.27,key_1,60,false
write,324.85,key_1,60,false
read,4.90,key_4,49,false
read,1.79,key_1,60,false
read,1.24,key_19,58,false
read,1.28,key_2,64,false
read,0.66,key_13,56,false
read,0.61,key_17,48,false
read,3.19,key_19,58,false
read,0.83,key_18,52,false
read,2.76,key_15,48,false
read,0.89,key_6,43,false
read,0.97,key_4,49,false
read,2.34,key_16,62,false
read,0.57,key_0,53,false
read,0.58,key_0,53,false
read,1.14,key_8,57,false
read,1.45,key_19,58,false
read,1.15,key_9,53,false
read,1.06,key_12,47,false
read,1.45,key_8,57,false
read,0.89,key_0,53,false
read,1.01,key_2,64,false
read,0.95,key_15,48,false
read,0.81,key_12,47,false
read,1.05,key_13,56,false
read,0.82,key_8,57,false
read,2.46,key_13,56,false
read,1.02,key_3,53,false
read,0.72,key_7,48,false
read,1.06,key_2,64,false
read,0.55,key_7,49,false
read,1.06,key_18,52,false
read,0.86,key_2,64,false
read,0.46,key_12,47,false
read,0.98,key_7,49,false
read,0.64,key_17,48,false
read,1.67,key_7,48,false
read,0.48,key_12,48,false
read,0.50,key_5,53,false
read,0.54,key_18,52,false
read,0.44,key_15,48,false
read,0.34,key_19,58,false
read,0.50,key_5,53,false
read,0.75,key_9,52,false
read,0.82,key_4,49,false
read,0.38,key_16,62,false
read,0.55,key_10,47,false
read,0.34,key_17,48,false
read,0.46,key_17,48,false
read,0.41,key_7,48,false
read,0.49,key_19,58,false
read,0.42,key_8,57,false
read,0.47,key_3,53,false
read,0.40,key_9,52,false
read,0.33,key_2,64,false
read,0.51,key_14,49,false
read,0.38,key_0,53,false
read,0.41,key_6,43,false
read,0.36,key_9,53,false
read,0.38,key_5,53,false
read,0.39,key_17,49,false
read,0.38,key_4,49,false
read,0.55,key_4,49,false
read,0.38,key_9,52,false
read,0.30,key_9,52,false
read,0.32,key_12,47,false
read,0.35,key_9,53,false
read,0.32,key_14,49,false
read,0.34,key_8,58,false
read,0.31,key_10,47,false
write,314.45,key_12,48,false
read,3.57,key_7,48,false
write,309.41,key_14,49,false
read,6.02,key_14,49,false
read,5.30,key_10,47,false
read,2.71,key_9,53,false
read,3.00,key_16,62,false
read,0.68,key_3,53,false
read,0.81,key_8,57,false
read,0.58,key_5,53,false
read,0.73,key_7,49,false
read,4.19,key_10,47,false
read,3.79,key_17,48,false
read,1.72,key_5,53,false
read,1.71,key_17,48,false
read,1.45,key_1,60,false
read,1.70,key_10,47,false
read,2.20,key_16,62,false
read,1.63,key_18,52,false
read,1.54,key_3,53,false
read,1.17,key_9,52,false
read,1.04,key_18,52,false
read,5.72,key_8,57,false
read,1.76,key_5,53,false
read,1.31,key_8,58,false
read,1.36,key_1,60,false
write,311.79,key_17,49,false
write,304.94,key_14,49,false
read,1.26,key_2,65,false
read,1.26,key_5,53,false
write,310.05,key_9,53,false
read,3.05,key_5,53,false
read,2.92,key_17,49,false
read,3.24,key_12,48,false
read,2.10,key_8,57,false
read,2.27,key_2,64,false
read,2.42,key_0,53,false
write,312.96,key_8,58,false
write,313.86,key_7,49,false
read,6.07,key_18,52,false
read,6.46,key_14,49,false
read,6.13,key_7,49,false
write,315.48,key_2,65,false
read,6.92,key_14,49,false
read,2.83,key_3,53,false
read,7.26,key_0,53,false
read,2.71,key_1,60,false
read,2.75,key_8,58,false
read,2.90,key_6,43,false
read,4.46,key_12,48,false
read,4.37,key_1,60,false
read,4.33,key_7,49,false
read,4.47,key_19,59,false
read,4.71,key_17,49,false
write,317.39,key_19,59,false
read,7.07,key_16,62,false
read,2.75,key_5,53,false
read,3.12,key_18,52,false
write,320.99,key_15,49,false
read,3.15,key_8,58,false
read,3.43,key_3,53,false
read,3.27,key_8,58,false
read,3.39,key_2,65,false
read,3.03,key_4,49,false
read,2.85,key_18,52,false
read,2.87,key_5,53,false
read,3.62,key_0,53,false
read,3.96,key_4,49,false
read,0.84,key_1,60,false
read,5.54,key_9,53,false
read,1.08,key_9,53,false
read,1.13,key_7,49,false
read,1.17,key_1,60,false
read,1.60,key_7,49,false
read,2.06,key_9,53,false
read,1.84,key_14,49,false
read,2.06,key_19,59,false
read,2.00,key_13,56,false
read,2.99,key_19,59,false
read,4.21,key_18,52,false
read,2.16,key_18,52,false
read,3.70,key_17,49,false
read,6.09,key_15,49,false
read,7.99,key_2,65,false
read,3.97,key_11,53,false
read,5.75,key_14,49,false
read,9.52,key_10,47,false
read,10.05,key_15,49,false
read,16.49,key_3,53,false
read,1.50,key_6,43,false
read,2.17,key_6,43,false
read,2.69,key_10,47,false
read,20.59,key_14,49,false
read,2.29,key_0,53,false
read,1.58,key_3,54,false
read,2.22,key_11,54,false
read,1.29,key_14,49,false
read,2.51,key_12,48,false
read,0.57,key_17,49,false
read,0.59,key_11,54,false
read,0.27,key_4,49,false
write,310.58,key_7,49,false
write,304.47,key_17,49,false
read,0.71,key_17,49,false
read,0.47,key_13,56,false
read,0.44,key_7,49,false
read,0.47,key_5,53,false
read,0.52,key_9,53,false
read,0.49,key_13,56,false
read,2.63,key_0,53,false
write,311.74,key_16,63,false
write,308.46,key_4,50,false
read,1.02,key_13,56,false
read,1.26,key_7,49,false
read,0.96,key_4,50,false
read,0.99,key_17,49,false
read,0.90,key_7,49,false
read,0.93,key_6,43,false
write,307.23,key_0,54,false
read,0.77,key_9,53,false
read,0.76,key_19,59,false
read,0.81,key_5,53,false
read,0.51,key_19,59,false
read,0.54,key_1,60,false
read,0.53,key_18,53,false
read,0.73,key_7,49,false
read,0.74,key_10,47,false
read,0.66,key_17,49,false
read,1.01,key_15,49,false
read,0.66,key_7,49,false
read,0.48,key_19,59,false
write,307.38,key_3,54,false
read,1.21,key_3,54,false
read,0.64,key_12,48,false
read,0.56,key_5,53,false
read,0.42,key_6,43,false
read,0.55,key_16,63,false
write,310.12,key_11,54,false
read,0.54,key_6,43,false
read,0.67,key_14,50,false
read,0.48,key_19,59,false
read,2.13,key_6,43,false
read,1.07,key_10,47,false
read,0.44,key_12,48,false
read,0.73,key_7,49,false
read,0.39,key_12,48,false
read,0.42,key_12,48,false
read,0.56,key_16,63,false
read,0.34,key_6,43,false
read,0.82,key_2,65,false
read,0.50,key_6,43,false
read,0.32,key_16,63,false
read,0.53,key_14,49,false
read,0.36,key_11,54,false
read,0.39,key_11,54,false
read,0.44,key_1,60,false
read,0.33,key_15,49,false
read,0.40,key_16,63,false
read,0.35,key_4,50,false
write,319.83,key_3,54,false
read,0.59,key_15,49,false
read,0.50,key_0,54,false
read,0.48,key_16,63,false
read,0.47,key_1,60,false
read,0.46,key_2,65,false
read,0.53,key_16,63,false
write,305.10,key_7,50,false
read,1.00,key_0,54,false
read,0.61,key_8,58,false
write,303.92,key_4,50,false
read,0.69,key_18,52,false
read,0.61,key_12,48,false
read,0.60,key_17,49,false
read,0.58,key_9,53,false
read,0.53,key_7,50,false
read,0.51,key_17,49,false
read,0.45,key_4,50,false
read,0.51,key_0,54,false
read,0.45,key_8,58,false
read,0.56,key_14,49,false
read,0.49,key_12,48,false
read,0.44,key_9,53,false
read,0.47,key_6,43,false
write,310.36,key_18,53,false
read,0.71,key_7,50,false
read,0.69,key_5,53,false
read,1.20,key_12,48,false
read,1.87,key_7,50,false
read,2.76,key_12,48,false
read,1.42,key_19,60,false
write,305.33,key_4,50,false
read,1.29,key_10,47,false
read,0.99,key_3,54,false
read,0.76,key_4,50,false
read,0.60,key_16,63,false
read,0.73,key_11,54,false
read,1.05,key_12,48,false
read,0.76,key_7,50,false
read,0.61,key_19,59,false
read,0.65,key_5,53,false
write,308.19,key_7,50,false
write,307.08,key_14,50,false
write,311.01,key_15,50,false
read,1.41,key_1,60,false
read,1.07,key_3,54,false
read,1.04,key_17,49,false
read,1.04,key_2,66,false
read,1.08,key_4,50,false
read,1.20,key_1,60,false
read,2.18,key_17,49,false
read,1.02,key_18,53,false
read,1.32,key_1,60,false
read,0.87,key_16,63,false
read,0.77,key_5,53,false
read,0.64,key_3,54,false
read,0.84,key_12,48,false
read,0.58,key_2,65,false
write,304.64,key_2,66,false
read,1.05,key_14,50,false
write,307.13,key_8,59,false
read,1.39,key_2,66,false
read,1.75,key_0,54,false
read,1.14,key_7,50,false
read,1.68,key_14,50,false
read,1.05,key_8,59,false
read,0.77,key_1,60,false
read,1.60,key_0,54,false
read,0.56,key_5,53,false
read,2.87,key_0,54,false
read,0.51,key_1,60,false
read,0.93,key_4,50,false
read,1.06,key_3,54,false
read,0.89,key_14,50,false
read,0.91,key_14,50,false
read,0.91,key_19,60,false
read,0.67,key_4,50,false
read,0.71,key_14,50,false
read,0.59,key_6,43,false
read,0.65,key_16,64,false
read,0.53,key_7,50,false
read,0.54,key_1,60,false
read,0.64,key_3,54,false
read,0.65,key_0,54,false
read,0.52,key_5,53,false
read,0.58,key_12,48,false
read,0.45,key_8,59,false
read,0.64,key_3,54,false
read,0.43,key_17,49,false
read,0.58,key_19,59,false
read,0.47,key_4,50,false
read,0.79,key_17,49,false
read,0.91,key_18,53,false
write,304.30,key_19,60,false
read,1.60,key_15,50,false
read,0.98,key_1,60,false
read,0.95,key_5,53,false
read,0.76,key_3,54,false
read,0.82,key_19,60,false
read,0.58,key_7,50,false
read,0.76,key_16,64,false
read,1.27,key_9,53,false
read,0.93,key_19,60,false
read,1.21,key_13,56,false
read,1.94,key_11,54,false
read,1.20,key_19,60,false
read,0.68,key_0,54,false
read,0.54,key_0,54,false
read,0.38,key_0,54,false
read,0.50,key_3,54,false
read,0.34,key_10,47,false
write,305.03,key_16,64,false
read,0.34,key_11,54,false
write,304.51,key_15,50,false
write,310.33,key_7,50,false
read,1.61,key_11,54,false
read,0.56,key_18,53,false
read,0.92,key_4,51,false
read,2.50,key_14,50,false
read,1.84,key_9,53,false
read,0.83,key_4,50,false
read,0.67,key_5,54,false
read,0.68,key_2,66,false
write,305.36,key_14,50,false
read,0.65,key_3,54,false
read,0.72,key_2,66,false
read,0.72,key_2,66,false
read,0.75,key_11,54,false
read,1.56,key_9,53,false
read,1.25,key_1,60,false
read,1.44,key_17,49,false
read,4.61,key_1,60,false
read,0.87,key_10,47,false
read,0.90,key_7,50,false
read,0.81,key_15,50,false
read,0.50,key_9,54,false
read,0.45,key_16,64,false
read,0.39,key_0,54,false
read,0.54,key_12,48,false
read,0.50,key_18,53,false
read,0.45,key_11,54,false
write,307.69,key_4,51,false
write,314.99,key_13,57,false
write,307.38,key_6,44,false
read,1.84,key_17,49,false
read,1.22,key_14,50,false
read,0.97,key_5,53,false
read,1.03,key_15,50,false
read,1.16,key_16,64,false
read,0.81,key_16,64,false
read,0.65,key_2,66,false
read,0.64,key_3,54,false
read,0.78,key_14,50,false
read,0.63,key_9,53,false
read,0.67,key_11,54,false
read,0.95,key_0,54,false
write,305.97,key_5,54,false
write,306.17,key_12,49,false
read,1.23,key_13,57,false
write,303.93,key_18,54,false
read,2.23,key_13,57,false
read,1.37,key_8,59,false
read,1.15,key_1,60,false
read,1.22,key_18,54,false
read,1.09,key_3,54,false
read,0.89,key_7,50,false
read,0.95,key_12,49,false
read,3.06,key_5,54,false
read,0.92,key_18,54,false
read,0.88,key_17,49,false
write,304.96,key_9,54,false
read,0.65,key_19,60,false
read,0.64,key_11,54,false
read,0.55,key_0,54,false
read,0.89,key_18,54,false
read,0.68,key_16,65,false
read,0.62,key_15,50,false
read,0.69,key_11,54,false
read,0.71,key_4,51,false
read,0.59,key_13,57,false
read,0.74,key_1,60,false
read,0.77,key_3,54,false
read,0.64,key_10,47,false
read,0.55,key_11,54,false
read,0.88,key_12,49,false
read,0.52,key_2,66,false
read,0.57,key_15,51,false
read,0.55,key_7,50,false
read,0.62,key_19,60,false
read,1.13,key_10,47,false
read,1.18,key_9,54,false
write,303.86,key_15,51,false
read,0.56,key_9,54,false
read,0.45,key_15,51,false
read,1.10,key_12,49,false
read,1.09,key_8,59,false
read,0.57,key_8,59,false
read,0.53,key_1,60,false
read,0.56,key_1,60,false
read,1.45,key_16,64,false
read,0.56,key_2,66,false
read,0.57,key_5,54,false
read,0.53,key_0,54,false
read,0.44,key_17,49,false
read,0.45,key_12,49,false
read,0.43,key_13,57,false
read,0.43,key_9,54,false
read,0.39,key_10,47,false
write,307.88,key_11,55,false
write,304.84,key_9,54,false
read,2.46,key_0,54,false
read,1.72,key_0,54,false
read,3.75,key_15,51,false
read,0.75,key_9,54,false
read,2.80,key_17,49,false
read,0.67,key_2,66,false
read,0.76,key_12,49,false
read,0.57,key_19,60,false
read,0.61,key_19,60,false
read,0.72,key_8,59,false
read,0.66,key_18,54,false
read,0.65,key_11,55,false
read,0.61,key_1,60,false
read,0.68,key_5,55,false
read,0.75,key_9,54,false
read,0.55,key_6,44,false
read,0.51,key_19,60,false
read,0.48,key_14,50,false
read,0.51,key_18,54,false
read,0.52,key_10,47,false
read,0.56,key_14,50,false
read,0.47,key_18,54,false
read,0.52,key_13,57,false
read,0.55,key_15,51,false
read,0.85,key_14,50,false
read,0.93,key_7,51,false
read,0.91,key_17,49,false
read,0.56,key_1,61,false
read,0.53,key_11,55,false
read,0.47,key_13,57,false
read,0.45,key_5,54,false
read,0.75,key_10,47,false
read,0.81,key_19,60,false
read,0.52,key_0,54,false
read,0.51,key_0,54,false
read,0.44,key_9,54,false
read,0.50,key_4,51,false
read,0.45,key_8,60,false
read,0.47,key_6,44,false
read,0.46,key_6,44,false
read,0.57,key_10,47,false
read,0.55,key_2,66,false
read,0.44,key_18,54,false
read,0.41,key_16,64,false
read,0.48,key_13,57,false
write,315.70,key_16,65,false
read,0.94,key_1,60,false
write,314.05,key_16,65,false
read,0.80,key_13,57,false
read,0.96,key_18,54,false
write,310.55,key_4,52,false
write,308.02,key_8,60,false
write,306.51,key_9,54,false
read,0.94,key_0,54,false
read,0.96,key_5,54,false
read,0.84,key_9,54,false
read,0.89,key_14,50,false
read,0.89,key_9,54,false
read,0.58,key_16,65,false
read,1.15,key_5,54,false
read,0.73,key_13,57,false
read,0.88,key_19,60,false
read,2.22,key_14,50,false
read,0.69,key_9,54,false
write,303.52,key_5,55,false
write,304.07,key_1,61,false
read,0.68,key_8,60,false
read,0.51,key_18,54,false
read,0.63,key_13,57,false
read,2.44,key_12,49,false
read,0.64,key_10,47,false
read,0.78,key_9,54,false
read,0.86,key_7,50,false
read,0.67,key_13,57,false
read,0.89,key_16,65,false
write,305.06,key_11,55,false
read,0.61,key_8,60,false
read,0.78,key_11,55,false
read,0.69,key_13,57,false
read,0.69,key_8,60,false
read,0.65,key_15,52,false
read,0.75,key_11,55,false
read,0.79,key_17,49,false
read,0.63,key_9,54,false
read,0.56,key_19,60,false
write,310.02,key_7,51,false
read,0.81,key_17,49,false
read,0.72,key_17,49,false
write,304.49,key_13,58,false
read,0.75,key_18,54,false
read,0.60,key_17,49,false
read,0.50,key_11,55,false
read,0.61,key_11,55,false
read,0.56,key_0,54,false
read,0.54,key_18,54,false
read,0.68,key_0,54,false
read,0.60,key_19,60,false
read,0.53,key_3,54,false
read,2.81,key_15,51,false
read,0.59,key_1,61,false
read,0.72,key_7,51,false
read,0.65,key_13,58,false
read,0.52,key_7,51,false
read,0.55,key_19,60,false
read,0.48,key_17,49,false
read,0.51,key_13,58,false
read,0.50,key_19,60,false
read,0.44,key_6,45,false
read,0.47,key_18,54,false
read,0.49,key_12,49,false
read,0.51,key_9,54,false
read,0.42,key_7,51,false
write,308.77,key_6,45,false
write,317.94,key_15,52,false
write,315.95,key_6,45,false
write,308.01,key_13,58,false
write,312.45,key_13,58,false
read,1.39,key_2,66,false
read,1.46,key_18,54,false
read,1.44,key_0,54,false
read,1.32,key_6,45,false
read,1.47,key_15,52,false
write,304.19,key_14,51,false
read,1.10,key_5,55,false
read,4.61,key_15,52,false
read,3.05,key_3,54,false
read,0.84,key_12,49,false
read,4.64,key_14,51,false
read,1.07,key_8,61,false
read,1.09,key_19,60,false
read,1.21,key_12,49,false
read,1.21,key_6,45,false
read,1.04,key_2,66,false
write,305.32,key_13,58,false
read,1.14,key_16,65,false
read,1.16,key_19,60,false
read,1.04,key_1,61,false
write,304.83,key_18,55,false
read,1.07,key_4,52,false
read,1.15,key_11,55,false
read,1.14,key_6,45,false
read,1.20,key_19,60,false
read,1.23,key_5,55,false
read,1.93,key_19,60,false
read,2.03,key_2,66,false
read,4.68,key_9,54,false
read,4.88,key_17,49,false
read,6.08,key_11,55,false
read,5.16,key_14,51,false
read,2.05,key_5,56,false
read,2.41,key_0,54,false
read,2.90,key_10,47,false
read,0.71,key_16,65,false
read,9.57,key_3,54,false
read,9.75,key_13,58,false
read,15.13,key_4,52,false
read,12.07,key_8,61,false
read,0.97,key_1,61,false
read,2.10,key_2,66,false
read,2.18,key_9,54,false
read,2.45,key_15,52,false
read,0.77,key_7,51,false
read,0.99,key_4,52,false
read,1.00,key_1,61,false
read,0.60,key_12,49,false
read,0.88,key_18,55,false
read,1.08,key_2,66,false
read,0.94,key_5,55,false
read,0.69,key_11,56,false
read,0.62,key_18,55,false
read,0.74,key_18,55,false
read,0.98,key_17,49,false
read,0.42,key_3,54,false
read,0.73,key_14,51,false
read,0.92,key_17,49,false
read,0.67,key_6,45,false
read,0.71,key_18,55,false
read,0.85,key_13,58,false
read,0.68,key_7,52,false
read,0.88,key_3,54,false
read,1.04,key_3,54,false
read,0.98,key_0,54,false
read,1.04,key_0,54,false
read,1.40,key_7,51,false
read,0.69,key_1,61,false
read,0.66,key_12,49,false
read,0.73,key_9,54,false
read,0.65,key_16,65,false
read,0.68,key_13,58,false
read,0.72,key_11,56,false
read,0.63,key_11,56,false
read,0.65,key_18,55,false
read,0.64,key_16,65,false
read,0.52,key_15,52,false
read,0.53,key_13,58,false
read,0.57,key_16,65,false
read,0.49,key_7,52,false
read,0.72,key_2,66,false
read,0.91,key_3,54,false
read,0.70,key_6,45,false
read,0.63,key_11,56,false
read,0.60,key_19,60,false
read,0.48,key_0,54,false
read,0.65,key_2,66,false
read,0.66,key_17,49,false
read,0.56,key_9,54,false
read,0.40,key_14,51,false
read,0.86,key_2,66,false
read,0.76,key_5,55,false
read,0.57,key_13,58,false
read,0.62,key_17,49,false
read,0.49,key_0,54,false
read,0.57,key_17,49,false
read,0.60,key_13,59,false
read,0.58,key_13,59,false
read,0.54,key_7,51,false
read,0.55,key_17,49,false
read,0.70,key_8,60,false
read,0.52,key_8,61,false
read,0.49,key_12,49,false
read,0.46,key_16,65,false
read,0.45,key_4,52,false
read,0.40,key_7,51,false
read,0.63,key_9,54,false
read,0.48,key_17,49,false
read,0.40,key_0,54,false
read,0.47,key_12,49,false
read,0.40,key_1,61,false
read,0.63,key_5,56,false
read,3.52,key_0,54,false
read,0.49,key_1,61,false
read,0.43,key_1,61,false
read,0.46,key_3,54,false
read,0.42,key_17,49,false
read,0.41,key_3,54,false
read,0.41,key_15,52,false
read,0.39,key_7,51,false
read,0.38,key_10,47,false
read,0.35,key_2,66,false
read,0.45,key_7,51,false
read,0.50,key_5,55,false
read,0.39,key_15,52,false
read,0.37,key_19,60,false
read,0.36,key_11,56,false
read,0.37,key_4,52,false
read,0.33,key_10,47,false
read,0.35,key_13,59,false
read,0.34,key_11,56,false
read,0.36,key_19,60,false
read,0.39,key_18,55,false
read,0.35,key_6,45,false
read,0.37,key_11,55,false
read,0.37,key_17,49,false
write,306.02,key_8,61,false
write,306.23,key_5,56,false
read,0.91,key_19,60,false
read,1.62,key_13,59,false
read,0.78,key_9,54,false
read,1.46,key_19,60,false
read,0.68,key_3,54,false
read,0.53,key_2,66,false
write,309.09,key_7,52,false
write,308.35,key_11,56,false
read,1.49,key_6,45,false
read,1.19,key_4,52,false
read,0.69,key_19,60,false
read,1.44,key_16,65,false
read,0.94,key_0,54,false
read,2.07,key_4,53,false
read,0.78,key_8,61,false
read,0.90,key_2,66,false
read,0.67,key_9,54,false
read,2.41,key_5,56,false
read,0.66,key_0,54,false
read,0.67,key_17,49,false
read,0.60,key_11,56,false
write,305.82,key_11,56,false
read,0.68,key_16,65,false
read,0.74,key_2,66,false
read,0.77,key_3,54,false
read,0.61,key_3,54,false
read,0.67,key_5,56,false
read,0.62,key_18,55,false
read,0.60,key_4,52,false
read,0.64,key_19,60,false
read,0.56,key_19,60,false
read,0.54,key_11,56,false
read,0.48,key_0,54,false
read,0.61,key_6,45,false
read,0.61,key_9,54,false
read,0.55,key_4,52,false
read,0.57,key_11,56,false
read,0.56,key_12,49,false
read,0.53,key_19,60,false
read,0.49,key_3,55,false
read,0.46,key_17,49,false
read,0.46,key_16,65,false
read,0.52,key_19,60,false
read,0.56,key_13,58,false
read,0.54,key_10,47,false
read,0.46,key_17,49,false
read,0.44,key_10,47,false
read,0.49,key_14,51,false
read,0.63,key_13,58,false
read,0.50,key_4,52,false
write,316.63,key_8,61,false
read,0.53,key_6,45,false
read,0.45,key_18,57,false
read,0.82,key_14,51,false
read,0.74,key_15,52,false
read,0.51,key_5,56,false
read,0.63,key_15,52,false
write,308.38,key_13,59,false
read,0.54,key_12,49,false
read,0.57,key_10,47,false
read,0.70,key_0,54,false
read,0.53,key_19,60,false
read,0.57,key_6,45,false
read,0.69,key_17,49,false
read,0.49,key_9,54,false
read,2.67,key_17,49,false
read,0.47,key_17,49,false
read,0.63,key_11,56,false
write,303.02,key_18,56,false
read,0.64,key_17,49,false
read,0.55,key_15,52,false
read,0.51,key_13,59,false
read,0.37,key_18,56,false
read,0.40,key_1,61,false
read,0.56,key_14,51,false
read,0.53,key_1,61,false
read,0.53,key_4,52,false
read,0.43,key_19,60,false
read,0.47,key_18,56,false
read,0.46,key_18,56,false
read,0.42,key_7,52,false
read,0.54,key_17,49,false
read,0.55,key_10,47,false
read,0.58,key_3,54,false
read,0.40,key_13,59,false
read,0.39,key_5,57,false
read,0.43,key_17,49,false
read,0.48,key_16,65,false
write,305.56,key_10,48,false
read,0.46,key_14,51,false
read,0.36,key_19,60,false
read,2.28,key_12,49,false
read,0.36,key_17,49,false
read,0.45,key_19,60,false
read,0.41,key_19,60,false
read,0.45,key_8,61,false
read,0.45,key_6,45,false
read,0.40,key_6,45,false
read,0.38,key_6,45,false
read,0.45,key_16,65,false
read,0.44,key_16,65,false
read,0.45,key_5,57,false
read,0.40,key_19,60,false
read,0.48,key_17,49,false
read,0.40,key_7,52,false
read,0.40,key_2,66,false
read,0.43,key_7,52,false
read,0.42,key_17,49,false
read,0.44,key_16,66,false
read,0.41,key_7,52,false
read,0.47,key_17,49,false
read,0.40,key_12,49,false
read,0.34,key_6,45,false
read,0.35,key_1,61,false
read,0.35,key_12,49,false
read,0.35,key_5,56,false
read,0.34,key_4,53,false
read,0.36,key_10,48,false
read,0.40,key_10,48,false
write,305.06,key_1,62,false
write,317.33,key_4,53,false
read,0.72,key_19,60,false
write,308.75,key_16,66,false
read,0.60,key_0,55,false
read,2.71,key_2,66,false
read,0.40,key_15,52,false
read,0.83,key_13,59,false
read,0.35,key_19,60,false
write,311.73,key_18,57,false
write,319.75,key_3,55,false
read,1.57,key_6,45,false
read,1.37,key_15,52,false
write,305.10,key_9,55,false
write,305.03,key_5,57,false
write,309.12,key_0,55,false
write,307.34,key_16,66,false
read,1.34,key_6,45,false
read,1.33,key_12,49,false
read,1.09,key_12,49,false
read,1.14,key_12,49,false
read,0.74,key_5,57,false
read,3.90,key_1,62,false
read,0.92,key_8,61,false
read,0.73,key_19,60,false
read,0.85,key_5,57,false
read,0.77,key_19,60,false
read,0.84,key_19,60,false
read,0.77,key_9,55,false
read,0.79,key_13,59,false
read,0.61,key_7,52,false
read,0.67,key_5,57,false
read,0.63,key_2,66,false
read,0.65,key_12,49,false
read,0.67,key_12,49,false
read,0.66,key_8,61,false
read,0.58,key_12,49,false
read,0.60,key_16,66,false
read,0.74,key_9,55,false
read,0.72,key_17,50,false
read,0.70,key_18,57,false
read,0.68,key_0,55,false
read,0.95,key_14,51,false
read,1.05,key_2,66,false
read,0.54,key_10,48,false
read,0.68,key_1,62,false
read,0.97,key_7,53,false
read,1.02,key_2,66,false
write,305.11,key_4,53,false
read,0.65,key_12,49,false
read,0.59,key_8,61,false
read,0.57,key_6,45,false
read,0.49,key_15,52,false
read,0.83,key_10,48,false
write,303.89,key_7,53,false
read,0.44,key_1,62,false
read,1.12,key_16,66,false
read,0.61,key_1,62,false
read,0.61,key_5,57,false
read,0.56,key_10,48,false
read,0.67,key_6,45,false
read,0.64,key_12,49,false
read,0.58,key_11,56,false
read,0.58,key_17,49,false
read,0.67,key_9,55,false
read,0.54,key_4,53,false
read,0.57,key_6,46,false
read,1.09,key_7,53,false
read,0.53,key_13,59,false
read,0.50,key_1,62,false
read,3.00,key_4,53,false
read,0.56,key_14,51,false
read,0.49,key_18,57,false
write,312.51,key_9,55,false
read,0.78,key_4,53,false
read,0.74,key_17,49,false
read,0.95,key_17,49,false
read,2.00,key_9,55,false
read,1.50,key_18,57,false
read,0.98,key_11,56,false
read,0.69,key_1,62,false
read,0.72,key_5,58,false
read,0.68,key_17,50,false
read,0.58,key_12,49,false
read,0.61,key_7,53,false
read,0.58,key_10,48,false
read,0.61,key_4,53,false
read,0.61,key_6,46,false
read,0.52,key_2,66,false
write,306.25,key_9,55,false
read,0.62,key_18,57,false
read,0.62,key_9,55,false
read,0.52,key_0,55,false
read,0.51,key_14,51,false
read,0.53,key_15,52,false
read,0.59,key_16,66,false
read,0.50,key_15,53,false
read,0.47,key_9,55,false
read,0.52,key_17,49,false
read,0.48,key_4,53,false
read,0.43,key_12,49,false
read,0.55,key_5,57,false
read,0.46,key_3,55,false
read,0.56,key_5,57,false
read,0.47,key_7,53,false
read,0.43,key_8,61,false
read,0.49,key_10,48,false
write,310.32,key_6,46,false
write,307.29,key_9,56,false
read,0.89,key_19,60,false
read,1.02,key_5,57,false
read,1.97,key_3,55,false
read,0.51,key_13,59,false
read,0.77,key_8,61,false
write,307.00,key_4,54,false
write,307.94,key_17,50,false
write,309.29,key_19,61,false
write,316.40,key_5,58,false
write,317.43,key_10,49,false
read,2.75,key_19,61,false
write,307.13,key_4,54,false
read,2.90,key_18,57,false
read,0.85,key_1,62,false
read,0.96,key_2,67,false
read,0.67,key_2,66,false
read,0.68,key_0,55,false
read,1.61,key_4,54,false
read,0.41,key_15,52,false
read,0.50,key_6,46,false
read,0.51,key_4,54,false
read,0.47,key_2,66,false
read,0.44,key_9,56,false
read,0.43,key_14,51,false
read,0.35,key_14,51,false
read,0.38,key_10,49,false
read,0.39,key_9,56,false
read,0.39,key_5,58,false
read,0.49,key_9,56,false
read,0.26,key_19,61,false
read,0.41,key_0,55,false
read,0.38,key_0,55,false
read,0.32,key_16,66,false
read,0.39,key_10,49,false
read,0.45,key_11,56,false
read,0.49,key_2,66,false
read,0.45,key_13,59,false
read,0.36,key_14,51,false
read,0.45,key_10,49,false
read,0.40,key_5,58,false
read,0.50,key_12,50,false
read,0.45,key_12,49,false
read,0.54,key_0,55,false
read,0.42,key_12,49,false
read,0.47,key_16,66,false
read,0.52,key_18,57,false
read,0.69,key_3,55,false
read,0.66,key_9,56,false
read,0.97,key_2,66,false
read,0.59,key_3,55,false
read,0.57,key_8,61,false
read,0.48,key_18,57,false
read,0.50,key_19,61,false
read,2.92,key_7,54,false
read,0.46,key_9,56,false
read,0.39,key_5,58,false
read,0.34,key_6,46,false
read,0.51,key_19,61,false
read,0.43,key_18,57,false
read,0.88,key_18,57,false
read,0.45,key_17,50,false
write,305.50,key_15,53,false
read,1.17,key_19,61,false
read,0.66,key_5,58,false
read,0.61,key_3,55,false
read,0.53,key_7,53,false
write,305.66,key_7,54,false
read,0.57,key_13,59,false
read,0.47,key_4,54,false
write,312.61,key_7,54,false
write,313.84,key_7,54,false
write,311.70,key_2,67,false
write,315.11,key_17,50,false
read,1.42,key_9,56,false
read,1.50,key_3,55,false
read,1.58,key_14,51,false
read,0.94,key_7,54,false
read,0.90,key_2,67,false
read,0.93,key_9,56,false
read,0.86,key_8,62,false
read,0.84,key_6,47,false
read,0.84,key_0,56,false
read,0.97,key_3,56,false
read,0.99,key_16,66,false
read,0.84,key_3,55,false
read,0.51,key_11,56,false
read,0.63,key_15,53,false
read,0.53,key_4,54,false
read,0.44,key_17,50,false
read,0.52,key_9,56,false
read,0.41,key_2,67,false
read,0.47,key_10,49,false
read,0.46,key_17,50,false
read,0.51,key_10,49,false
read,0.40,key_18,57,false
read,0.42,key_15,53,false
read,0.46,key_16,66,false
read,0.39,key_6,47,false
read,0.41,key_14,51,false
read,0.39,key_14,51,false
read,0.45,key_12,50,false
read,0.38,key_4,54,false
read,0.39,key_17,50,false
read,0.43,key_13,59,false
read,0.37,key_19,61,false
read,0.54,key_9,56,false
read,0.42,key_17,50,false
read,0.63,key_11,56,false
write,306.63,key_6,47,false
read,0.51,key_19,61,false
read,0.63,key_1,62,false
read,0.48,key_13,59,false
read,0.48,key_19,61,false
read,0.50,key_2,67,false
read,0.77,key_7,54,false
read,0.51,key_15,54,false
write,305.23,key_12,50,false
write,305.87,key_15,54,false
read,0.70,key_10,49,false
read,1.80,key_19,61,false
read,1.66,key_1,62,false
read,1.87,key_9,56,false
read,1.92,key_10,49,false
read,1.95,key_0,55,false
read,1.58,key_10,49,false
read,1.64,key_12,50,false
read,1.07,key_19,61,false
read,1.58,key_2,67,false
read,10.50,key_0,55,false
read,11.37,key_3,55,false
write,305.64,key_8,62,false
read,0.74,key_10,49,false
read,2.33,key_18,57,false
read,0.61,key_13,59,false
read,4.93,key_5,58,false
read,8.39,key_5,58,false
read,30.91,key_15,54,false
read,22.59,key_17,50,false
read,0.68,key_14,51,false
read,0.67,key_7,55,false
read,0.48,key_16,66,false
read,0.49,key_5,58,false
read,0.37,key_13,59,false
read,0.40,key_9,56,false
read,0.45,key_11,56,false
read,0.49,key_16,66,false
read,0.35,key_17,50,false
read,0.34,key_1,62,false
read,0.31,key_12,50,false
read,0.27,key_6,47,false
read,0.25,key_16,66,false
read,0.32,key_0,55,false
read,0.28,key_12,50,false
read,0.26,key_9,55,true
read,0.26,key_13,59,false
read,0.28,key_1,62,false
read,0.24,key_1,62,false
read,0.27,key_12,50,false
read,0.28,key_5,58,false
read,0.32,key_2,67,false
read,0.80,key_11,56,false
write,307.43,key_0,56,false
write,305.24,key_3,56,false
read,0.91,key_2,67,false
read,1.21,key_2,67,false
write,308.40,key_6,47,false
write,304.56,key_7,55,false
read,0.41,key_1,63,false
read,0.32,key_9,56,false
read,0.31,key_3,56,false
read,1.76,key_9,56,false
write,307.58,key_12,50,false
read,0.34,key_0,56,false
read,1.33,key_17,50,false
read,0.48,key_2,67,false
read,0.34,key_6,47,false
read,0.30,key_1,62,false
read,0.29,key_8,62,false
write,303.85,key_1,63,false
read,1.38,key_0,56,false
read,0.38,key_6,47,false
read,0.33,key_8,62,false
read,1.71,key_0,56,false
read,0.34,key_1,63,false
read,0.32,key_4,54,false
read,0.30,key_13,60,false
read,0.30,key_4,54,false
read,0.29,key_14,51,false
read,0.30,key_13,59,false
read,0.29,key_13,59,false
read,0.26,key_12,50,false
read,0.32,key_16,66,false
read,0.32,key_9,55,true
read,0.36,key_5,58,false
read,0.50,key_1,63,false
read,0.38,key_11,57,false
read,0.33,key_10,49,false
write,310.82,key_17,51,false
read,0.61,key_11,56,false
read,0.37,key_9,56,false
read,0.29,key_18,57,false
read,0.31,key_15,54,false
read,0.35,key_10,49,false
read,0.30,key_6,47,false
read,0.31,key_5,58,false
read,0.27,key_5,58,false
write,309.53,key_14,52,false
read,2.40,key_12,50,false
read,1.40,key_1,63,false
read,0.46,key_8,62,false
read,0.66,key_3,56,false
read,0.39,key_7,55,false
read,0.31,key_14,52,false
read,0.25,key_9,56,false
write,306.81,key_11,57,false
read,0.83,key_11,57,false
write,307.49,key_11,57,false
read,2.44,key_15,54,false
read,0.79,key_2,67,false
read,0.57,key_5,58,false
read,0.78,key_14,52,false
read,0.35,key_2,67,false
write,310.49,key_14,52,false
read,2.21,key_3,56,false
read,0.52,key_18,57,false
read,0.40,key_3,56,false
read,0.39,key_8,63,false
read,0.73,key_17,51,false
read,0.80,key_18,57,false
write,309.43,key_7,56,false
read,0.40,key_3,56,false
read,0.32,key_16,66,false
read,0.35,key_7,56,false
read,0.64,key_13,59,false
read,0.57,key_14,52,false
read,0.30,key_11,57,false
read,0.30,key_19,61,false
read,0.35,key_11,58,false
read,0.31,key_14,52,false
read,0.28,key_12,50,false
read,0.28,key_6,47,false
write,308.70,key_13,60,false
write,309.58,key_6,48,false
write,308.99,key_8,63,false
read,0.81,key_7,56,false
read,0.91,key_19,61,false
read,0.96,key_11,57,false
read,0.75,key_19,61,false
read,2.13,key_17,51,false
read,0.45,key_7,56,false
read,0.33,key_10,50,false
read,0.31,key_18,57,false
write,303.89,key_10,50,false
write,303.81,key_5,59,false
read,2.04,key_1,63,false
read,0.37,key_0,56,false
write,309.12,key_6,48,false
read,0.79,key_8,63,false
write,308.62,key_16,67,false
read,0.65,key_17,52,false
read,0.53,key_9,56,false
read,0.53,key_15,54,false
read,0.51,key_6,48,false
read,0.54,key_0,56,false
read,0.50,key_10,50,false
read,4.75,key_2,67,false
write,307.14,key_4,55,false
read,0.83,key_4,55,false
read,1.04,key_17,51,false
read,0.95,key_18,57,false
read,1.06,key_17,51,false
read,0.67,key_12,50,false
read,0.82,key_9,56,false
write,305.70,key_11,58,false
read,0.98,key_18,58,false
read,0.80,key_0,56,false
read,0.57,key_0,56,false
read,0.53,key_17,51,false
read,0.74,key_10,51,false
read,2.19,key_5,59,false
read,0.90,key_8,64,false
write,304.45,key_9,56,false
read,0.84,key_8,63,false
read,0.44,key_6,48,false
read,1.37,key_5,59,false
read,0.54,key_6,48,false
write,308.45,key_12,51,false
read,0.58,key_3,57,false
read,0.51,key_0,56,false
write,306.95,key_18,58,false
read,1.33,key_14,52,false
write,307.26,key_11,58,false
read,0.67,key_5,59,false
read,0.48,key_8,63,false
read,0.36,key_14,52,false
read,0.43,key_12,51,false
read,0.68,key_5,59,false
read,0.38,key_9,56,false
read,0.36,key_6,48,false
read,0.39,key_1,63,false
read,0.42,key_0,56,false
read,0.45,key_6,48,false
read,0.33,key_19,61,false
read,0.37,key_1,63,false
read,0.35,key_13,60,false
read,0.39,key_3,57,false
read,0.34,key_15,54,false
read,0.37,key_10,50,false
read,0.59,key_19,61,false
read,0.45,key_6,48,false
read,0.50,key_12,51,false
write,304.63,key_4,55,false
read,0.38,key_7,57,false
read,0.33,key_13,60,false
read,0.53,key_14,52,false
read,0.43,key_16,67,false
read,0.30,key_9,56,false
read,0.38,key_19,61,false
read,0.39,key_8,64,false
read,0.41,key_9,56,false
read,0.27,key_9,56,false
read,0.63,key_10,51,false
read,0.79,key_4,55,false
read,0.70,key_15,54,false
read,0.55,key_19,61,false
read,0.27,key_3,56,false
read,0.38,key_6,48,false
read,0.34,key_2,67,false
read,0.39,key_7,56,false
read,0.37,key_4,55,false
read,0.40,key_13,60,false
read,0.66,key_11,58,false
read,0.55,key_16,67,false
read,0.34,key_8,64,false
read,0.41,key_14,52,false
read,0.34,key_19,61,false
read,0.33,key_18,58,false
read,0.40,key_13,60,false
read,0.41,key_10,50,false
read,0.28,key_16,67,false
read,0.25,key_8,64,false
read,0.29,key_0,56,false
read,0.32,key_16,67,false
read,0.30,key_17,52,false
read,0.26,key_16,67,false
read,1.60,key_16,68,false
read,0.29,key_4,55,false
read,0.34,key_15,54,false
read,0.34,key_7,56,false
read,0.29,key_2,67,false
read,0.31,key_2,67,false
read,0.31,key_1,63,false
read,0.30,key_10,50,false
read,0.32,key_3,56,false
read,0.30,key_2,67,false
read,0.29,key_0,56,false
write,305.33,key_10,51,false
read,0.40,key_0,56,false
read,1.84,key_1,63,false
read,0.36,key_4,55,false
read,0.37,key_17,51,false
read,0.36,key_2,67,false
read,0.38,key_15,54,false
read,0.52,key_10,51,false
read,0.57,key_6,48,false
read,0.30,key_4,55,false
read,0.32,key_14,52,false
read,0.35,key_2,67,false
read,0.31,key_12,51,false
read,0.32,key_17,51,false
read,0.31,key_17,51,false
read,0.32,key_19,61,false
read,0.33,key_6,48,false
read,0.56,key_8,63,false
read,0.47,key_6,48,false
read,0.55,key_11,58,false
read,0.38,key_7,56,false
read,0.32,key_2,67,false
read,0.29,key_11,58,false
read,0.32,key_12,51,false
read,0.36,key_14,52,false
read,0.26,key_0,56,false
read,0.35,key_18,58,false
read,0.37,key_2,67,false
read,0.30,key_17,51,false
read,0.32,key_15,54,false
read,0.34,key_9,56,false
read,0.36,key_12,51,false
read,0.31,key_3,56,false
read,0.34,key_17,52,false
read,0.30,key_7,56,false
read,0.37,key_0,56,false
read,0.31,key_2,67,false
read,0.30,key_19,62,false
read,0.35,key_4,55,false
read,0.34,key_9,56,false
read,0.33,key_2,67,false
read,0.31,key_8,63,false
read,0.33,key_12,51,false
read,0.32,key_17,52,false
read,0.36,key_19,62,false
read,0.31,key_3,56,false
read,0.35,key_8,63,false
read,0.34,key_17,51,false
read,0.33,key_9,56,false
read,0.32,key_18,58,false
read,0.52,key_11,58,false
read,0.33,key_19,62,false
write,303.32,key_17,52,false
read,0.41,key_10,51,false
write,307.67,key_7,57,false
write,307.68,key_8,64,false
read,0.47,key_3,56,false
read,0.55,key_1,63,false
read,0.52,key_4,55,false
read,0.66,key_17,52,false
read,0.46,key_8,64,false
read,0.45,key_12,51,false
read,0.52,key_1,63,false
read,0.49,key_12,51,false
read,0.38,key_7,57,false
read,0.64,key_0,56,false
read,1.10,key_17,52,false
read,0.46,key_19,62,false
read,0.64,key_7,57,false
read,0.47,key_7,57,false
read,0.37,key_10,51,false
read,0.40,key_6,48,false
read,0.38,key_11,58,false
read,0.37,key_14,53,false
read,0.52,key_12,51,false
read,0.39,key_9,56,false
read,0.52,key_1,63,false
write,308.60,key_3,57,false
write,305.56,key_16,68,false
read,0.93,key_17,52,false
read,2.02,key_7,57,false
read,0.38,key_3,57,false
read,0.34,key_1,63,false
read,0.34,key_9,56,false
read,0.28,key_14,52,false
write,306.75,key_19,62,false
read,0.73,key_17,52,false
read,0.53,key_14,52,false
read,0.54,key_0,56,false
read,0.55,key_1,63,false
read,1.05,key_15,54,false
read,0.88,key_5,60,false
read,0.60,key_17,52,false
read,0.43,key_4,56,false
read,0.36,key_6,48,false
read,0.38,key_19,62,false
read,0.35,key_17,52,false
read,0.28,key_7,57,false
read,0.31,key_7,57,false
read,0.44,key_4,55,false
write,305.13,key_5,60,false
read,0.41,key_9,56,false
read,0.49,key_19,62,false
read,0.35,key_14,53,false
read,0.45,key_2,67,false
read,0.31,key_5,60,false
read,0.29,key_16,68,false
read,0.30,key_15,54,false
read,1.54,key_18,58,false
read,0.43,key_19,62,false
write,304.08,key_16,68,false
read,0.32,key_12,51,false
read,0.34,key_5,60,false
read,0.33,key_18,58,false
read,0.36,key_8,64,false
read,0.44,key_8,64,false
read,0.47,key_16,68,false
read,0.45,key_11,58,false
read,0.31,key_4,55,false
read,0.28,key_14,52,false
read,0.29,key_15,54,false
read,0.30,key_1,63,false
read,0.30,key_13,60,false
write,304.97,key_19,62,false
read,0.38,key_10,51,false
read,0.34,key_19,62,false
read,0.28,key_16,68,false
read,0.39,key_7,57,false
read,0.27,key_5,60,false
read,0.26,key_3,57,false
read,0.25,key_10,51,false
write,307.64,key_16,68,false
write,307.75,key_14,53,false
read,0.98,key_11,58,false
read,0.39,key_2,67,false
read,0.27,key_6,48,false
read,0.23,key_3,57,false
read,0.24,key_14,53,false
read,0.22,key_1,63,false
read,0.28,key_3,57,false
read,0.20,key_7,58,false
write,308.16,key_11,59,false
read,4.05,key_0,56,false
read,1.03,key_5,60,false
write,305.52,key_10,52,false
read,1.00,key_0,56,false
read,1.24,key_10,52,false
read,0.92,key_11,59,false
read,2.54,key_5,60,false
read,1.65,key_16,68,false
read,2.35,key_13,60,false
read,0.60,key_14,53,false
read,0.89,key_9,56,false
read,2.10,key_15,54,false
read,1.15,key_7,57,false
read,0.39,key_17,52,false
write,310.17,key_4,56,false
write,306.41,key_3,58,false
read,1.09,key_18,58,false
read,0.58,key_17,52,false
read,0.72,key_2,67,false
read,0.62,key_14,53,false
read,0.51,key_11,59,false
read,0.32,key_12,51,false
read,0.33,key_0,56,false
read,0.29,key_0,56,false
read,0.26,key_10,53,false
read,0.25,key_18,58,false
read,0.33,key_12,51,false
write,312.35,key_16,69,false
write,318.91,key_10,53,false
write,315.80,key_0,57,false
write,307.30,key_1,64,false
read,4.02,key_2,67,false
read,3.71,key_3,58,false
read,4.04,key_17,52,false
read,1.38,key_15,55,false
read,4.14,key_13,61,false
read,1.40,key_14,53,false
read,0.60,key_16,69,false
read,1.25,key_9,56,false
read,1.26,key_10,53,false
read,1.32,key_8,64,false
read,0.33,key_13,60,false
read,0.87,key_14,53,false
read,0.45,key_18,58,false
read,0.38,key_13,61,false
read,0.65,key_3,58,false
read,0.59,key_0,57,false
read,0.33,key_11,59,false
read,0.28,key_17,52,false
read,0.33,key_0,57,false
read,1.33,key_3,58,false
read,2.78,key_11,59,false
read,0.27,key_8,64,false
read,0.30,key_7,58,false
read,0.47,key_13,60,false
read,0.55,key_9,56,false
read,0.33,key_6,48,false
read,0.34,key_18,59,false
read,0.42,key_16,69,false
read,0.32,key_0,57,false
read,0.29,key_12,51,false
read,0.32,key_11,59,false
read,0.23,key_6,48,false
read,0.27,key_17,52,false
read,0.21,key_8,64,false
read,0.23,key_10,53,false
read,0.23,key_0,57,false
read,0.22,key_4,56,false
read,0.24,key_19,62,false
read,0.23,key_2,67,false
read,0.30,key_14,53,false
read,0.22,key_0,57,false
read,0.24,key_11,59,false
read,0.24,key_8,65,false
read,0.27,key_7,57,false
write,309.45,key_7,58,false
write,306.51,key_13,61,false
read,0.42,key_1,64,false
read,0.44,key_17,52,false
read,0.41,key_1,64,false
read,0.41,key_5,60,false
read,0.34,key_17,52,false
read,0.35,key_1,64,false
read,0.32,key_0,57,false
read,0.33,key_12,51,false
read,0.36,key_12,51,false
read,0.34,key_10,53,false
read,0.28,key_0,57,false
read,0.38,key_1,64,false
read,0.27,key_9,56,false
read,0.23,key_17,52,false
read,0.37,key_7,58,false
read,0.32,key_11,59,false
read,0.42,key_5,60,false
read,0.41,key_18,58,false
read,0.53,key_15,54,false
read,0.47,key_8,64,false
read,1.62,key_2,67,false
write,319.88,key_13,61,false
write,315.17,key_10,53,false
read,0.56,key_13,61,false
read,0.42,key_16,68,true
read,0.35,key_4,56,false
read,0.40,key_12,51,false
write,310.79,key_15,55,false
write,306.35,key_18,59,false
read,0.98,key_2,67,false
read,0.98,key_6,48,false
read,2.01,key_11,59,false
read,1.67,key_10,53,false
read,1.93,key_19,62,false
read,0.77,key_2,67,false
read,0.57,key_4,56,false
read,0.75,key_2,67,false
read,0.73,key_15,55,false
read,1.06,key_19,62,false
read,1.88,key_17,52,false
read,0.58,key_0,57,false
read,0.52,key_4,56,false
read,0.66,key_19,62,false
write,307.64,key_8,65,false
write,311.24,key_12,52,false
write,308.65,key_8,65,false
read,3.75,key_17,52,false
read,1.06,key_1,64,false
read,4.65,key_12,52,false
write,308.66,key_13,61,false
read,1.88,key_18,59,false
read,1.76,key_5,60,false
read,0.87,key_12,52,false
read,2.14,key_10,53,false
read,1.14,key_17,52,false
read,1.42,key_15,55,false
read,1.42,key_14,53,false
read,0.66,key_2,67,false
read,0.84,key_3,58,false
write,306.48,key_3,59,false
read,0.99,key_8,65,false
read,0.74,key_6,48,false
write,304.98,key_3,59,false
read,0.69,key_6,48,false
read,1.05,key_15,55,false
read,0.95,key_0,57,false
read,4.08,key_14,53,false
read,2.13,key_15,55,false
read,0.58,key_3,59,false
read,0.56,key_1,64,false
read,0.62,key_5,60,false
read,0.56,key_0,57,false
read,0.65,key_10,53,false
read,0.65,key_3,59,false
write,312.30,key_3,59,false
write,315.27,key_16,70,false
read,0.98,key_4,56,false
read,1.01,key_6,49,false
read,0.91,key_0,57,false
write,313.36,key_17,53,false
read,1.28,key_16,70,false
read,0.83,key_2,67,false
read,0.82,key_4,56,false
write,305.45,key_6,49,false
read,0.65,key_5,60,false
read,1.21,key_5,60,false
read,1.75,key_10,53,false
read,1.38,key_4,56,false
read,0.94,key_13,61,false
read,0.70,key_17,53,false
read,1.22,key_18,59,false
read,0.56,key_9,56,false
read,0.58,key_8,65,false
write,310.91,key_8,66,false
write,311.29,key_12,53,false
write,308.35,key_18,60,false
write,310.02,key_0,58,false
read,1.94,key_8,66,false
read,1.89,key_7,58,false
read,2.09,key_18,60,false
read,1.08,key_18,60,false
read,1.02,key_1,64,false
read,0.64,key_15,55,false
read,1.23,key_1,64,false
read,0.56,key_2,67,false
read,0.75,key_11,59,false
read,0.57,key_10,54,false
read,2.36,key_1,64,false
read,0.84,key_19,62,false
read,0.62,key_3,59,false
write,307.56,key_3,60,false
read,0.82,key_18,60,false
write,304.66,key_6,49,false
read,0.76,key_18,60,false
read,0.64,key_18,60,false
read,0.79,key_10,54,false
read,0.71,key_14,53,false
read,0.58,key_10,53,false
read,0.53,key_0,58,false
read,0.65,key_13,61,false
read,0.71,key_7,58,false
read,0.83,key_13,61,false
read,0.61,key_4,56,false
read,2.10,key_15,55,false
write,315.87,key_17,53,false
write,317.06,key_7,59,false
read,1.51,key_10,53,false
read,1.77,key_13,61,false
read,1.00,key_18,60,false
read,1.07,key_10,53,false
read,0.65,key_16,70,false
read,0.95,key_0,58,false
write,310.03,key_11,60,false
write,308.39,key_16,71,false
read,3.26,key_18,60,false
read,0.74,key_18,60,false
read,0.71,key_18,60,false
read,0.94,key_15,55,false
read,0.59,key_11,60,false
read,0.54,key_15,55,false
read,0.61,key_5,60,false
write,311.68,key_10,54,false
write,313.96,key_6,50,false
write,310.30,key_13,62,false
write,306.18,key_16,71,false
read,2.75,key_7,59,false
read,2.96,key_17,53,false
read,0.82,key_4,56,false
read,1.30,key_15,55,false
read,4.11,key_4,56,false
read,1.61,key_1,64,false
read,0.78,key_17,53,false
read,2.02,key_0,58,false
read,0.76,key_6,50,false
read,0.56,key_9,56,false
read,0.61,key_7,59,false
read,0.74,key_11,60,false
read,0.60,key_17,53,false
read,0.50,key_2,67,false
read,0.58,key_18,60,false
read,0.68,key_10,54,false
read,0.88,key_9,56,false
read,0.67,key_12,53,false
read,1.21,key_13,62,false
read,0.96,key_13,62,false
read,0.99,key_11,60,false
read,0.67,key_12,53,false
read,0.71,key_16,71,false
read,0.67,key_18,60,false
read,0.83,key_8,66,false
read,0.67,key_0,58,false
read,1.20,key_7,59,false
read,0.52,key_9,56,false
read,0.47,key_9,56,false
read,0.47,key_7,59,false
read,0.60,key_5,60,false
write,309.67,key_16,72,false
read,0.59,key_19,62,false
read,0.58,key_2,67,false
write,305.71,key_8,67,false
read,0.70,key_19,62,false
read,0.82,key_14,53,false
read,0.93,key_4,56,false
read,1.77,key_16,72,false
read,0.53,key_19,63,false
read,0.51,key_0,58,false
read,0.54,key_2,67,false
read,0.48,key_11,60,false
read,0.43,key_2,67,false
write,314.86,key_12,54,false
write,313.35,key_13,62,false
read,1.05,key_15,56,false
read,1.09,key_5,60,false
read,0.95,key_3,60,false
read,0.95,key_0,58,false
read,0.86,key_8,67,false
read,0.88,key_2,67,false
read,0.71,key_16,72,false
read,0.82,key_5,60,false
read,0.65,key_13,62,false
read,0.80,key_15,55,false
read,0.86,key_3,60,false
read,1.02,key_13,62,false
read,0.81,key_5,60,false
read,0.86,key_5,60,false
read,0.78,key_17,53,false
read,0.81,key_11,60,false
read,0.54,key_7,59,false
read,0.46,key_1,64,false
read,0.51,key_5,60,false
read,0.48,key_15,55,false
read,0.50,key_10,54,false
read,0.59,key_13,62,false
read,0.53,key_5,60,false
read,0.56,key_3,60,false
read,0.51,key_9,56,false
read,0.51,key_13,62,false
read,0.62,key_2,67,false
read,0.51,key_2,67,false
write,313.22,key_19,63,false
read,1.66,key_1,64,false
read,0.70,key_11,60,false
read,0.71,key_9,56,false
write,308.22,key_13,62,false
read,4.63,key_16,72,false
read,0.62,key_7,59,false
read,0.85,key_19,63,false
read,1.91,key_19,63,false
read,0.74,key_1,64,false
read,0.67,key_5,60,false
read,0.57,key_12,54,false
read,0.52,key_9,56,false
read,0.59,key_8,67,false
read,0.51,key_15,55,false
read,0.54,key_18,60,false
read,0.66,key_17,53,false
read,0.63,key_10,54,false
read,0.51,key_0,58,false
read,0.60,key_6,50,false
read,0.67,key_16,72,false
read,0.56,key_12,54,false
write,321.11,key_4,57,false
write,310.99,key_14,54,false
write,310.53,key_18,61,false
write,320.96,key_6,51,false
read,0.50,key_9,56,false
read,0.59,key_13,62,false
read,0.60,key_18,61,false
read,0.29,key_10,54,false
read,0.45,key_4,57,false
read,0.43,key_14,54,false
read,0.34,key_18,61,false
read,0.44,key_12,54,false
read,0.30,key_3,60,false
read,0.40,key_12,54,false
read,0.45,key_17,53,false
read,0.35,key_17,53,false
read,0.50,key_12,54,false
read,0.87,key_12,54,false
read,0.35,key_6,51,false
read,0.30,key_10,54,false
read,0.29,key_4,57,false
read,1.90,key_0,58,false
read,0.37,key_2,67,false
read,0.36,key_1,64,false
read,0.43,key_5,60,false
read,0.37,key_2,67,false
read,0.43,key_4,57,false
read,0.31,key_4,57,false
read,0.38,key_1,64,false
write,304.63,key_13,63,false
read,0.32,key_10,54,false
read,0.47,key_15,55,false
read,0.35,key_19,63,false
read,0.41,key_12,54,false
write,304.51,key_15,56,false
read,0.37,key_16,72,false
read,0.38,key_15,56,false
read,0.38,key_13,63,false
read,1.82,key_4,57,false
read,0.34,key_1,64,false
read,1.78,key_8,67,false
read,0.38,key_13,63,false
read,0.41,key_17,53,false
read,0.49,key_9,56,false
read,0.69,key_17,53,false
read,0.65,key_14,54,false
read,0.41,key_12,54,false
read,0.36,key_15,56,false
read,0.34,key_13,63,false
read,0.45,key_19,64,false
read,0.35,key_2,67,false
read,0.35,key_19,63,false
read,0.45,key_7,59,false
read,0.39,key_9,56,false
read,0.44,key_3,59,true
read,0.42,key_16,71,true
read,0.51,key_18,61,false
read,0.38,key_9,56,false
read,0.43,key_9,56,false
write,309.52,key_15,56,false
write,316.21,key_0,59,false
read,1.16,key_8,67,false
read,1.04,key_7,59,false
read,0.84,key_17,53,false
read,3.51,key_14,54,false
read,2.22,key_15,56,false
read,0.49,key_16,72,false
read,0.60,key_13,62,true
read,0.62,key_13,63,false
read,0.53,key_8,67,false
read,0.68,key_6,51,false
read,0.58,key_13,63,false
read,0.49,key_6,51,false
read,0.50,key_18,61,false
read,0.56,key_14,54,false
read,0.35,key_16,72,false
read,0.46,key_0,59,false
read,0.42,key_7,59,false
read,0.36,key_11,60,false
read,0.40,key_3,60,false
read,0.43,key_16,71,true
read,0.42,key_15,56,false
write,315.28,key_6,51,false
read,1.06,key_16,72,false
read,2.63,key_3,61,false
read,2.83,key_2,67,false
read,0.54,key_13,63,false
read,0.47,key_8,67,false
read,0.49,key_3,60,false
read,0.35,key_19,64,false
read,0.46,key_0,59,false
read,1.40,key_10,54,false
read,0.67,key_16,72,false
read,1.20,key_4,57,false
read,0.93,key_2,67,false
read,0.38,key_6,51,false
read,0.40,key_1,65,false
read,0.48,key_2,67,false
read,0.75,key_16,71,true
write,305.62,key_17,54,false
read,0.49,key_7,59,false
read,0.57,key_19,63,false
read,0.41,key_10,54,false
read,0.58,key_14,54,false
read,0.58,key_8,67,false
read,0.47,key_6,51,false
read,0.38,key_14,54,false
read,0.42,key_10,54,false
read,0.41,key_8,67,false
read,0.41,key_7,59,false
read,0.34,key_2,67,false
read,0.39,key_10,54,false
read,0.35,key_8,67,false
read,0.34,key_19,63,false
read,0.40,key_14,55,false
read,0.38,key_13,63,false
read,0.78,key_0,59,false
read,0.62,key_6,51,false
read,0.89,key_14,54,false
read,0.93,key_9,56,false
read,0.83,key_18,61,false
read,0.84,key_12,54,false
read,0.46,key_15,56,false
read,0.51,key_13,63,false
read,0.36,key_14,54,false
read,0.34,key_10,54,false
read,0.36,key_6,51,false
read,0.35,key_9,56,false
read,0.36,key_5,61,false
read,0.34,key_8,67,false
read,0.30,key_9,56,false
read,0.30,key_6,51,false
read,0.42,key_4,57,false
read,0.36,key_3,60,false
read,0.46,key_17,54,false
read,0.41,key_11,60,false
read,0.54,key_11,60,false
write,311.91,key_2,68,false
write,311.34,key_19,64,false
write,309.27,key_17,54,false
read,3.69,key_3,61,false
write,305.85,key_5,61,false
write,305.86,key_3,61,false
read,3.94,key_17,54,false
read,3.93,key_11,60,false
read,1.84,key_11,60,false
read,2.20,key_13,63,false
read,2.25,key_18,61,false
read,2.43,key_2,68,false
read,2.48,key_13,63,false
read,1.11,key_1,64,false
read,1.18,key_16,72,false
read,1.38,key_7,59,false
read,1.30,key_3,61,false
read,0.92,key_9,56,false
read,0.97,key_19,64,false
read,1.77,key_6,52,false
read,0.96,key_12,54,false
read,0.96,key_9,56,false
read,1.00,key_18,61,false
read,2.33,key_8,67,false
read,0.73,key_13,62,true
read,0.69,key_1,64,false
read,0.76,key_9,56,false
read,0.73,key_14,54,false
read,0.49,key_9,56,false
read,0.95,key_7,59,false
read,0.99,key_4,57,false
read,0.70,key_11,60,false
read,0.58,key_6,52,false
read,0.54,key_7,59,false
read,0.69,key_14,54,false
read,0.66,key_3,61,false
read,0.63,key_6,51,false
read,0.59,key_6,51,false
read,1.19,key_14,54,false
read,0.73,key_13,63,false
read,0.58,key_19,64,false
read,0.64,key_1,64,false
read,0.70,key_13,63,false
read,2.04,key_10,54,false
read,0.58,key_10,54,false
read,0.74,key_15,56,false
read,2.01,key_19,64,false
read,0.90,key_1,64,false
read,1.51,key_18,61,false
read,0.65,key_6,51,false
read,0.89,key_0,59,false
write,305.00,key_15,57,false
read,0.85,key_5,61,false
read,0.73,key_1,64,false
read,0.74,key_7,59,false
read,0.69,key_13,63,false
read,0.70,key_9,56,false
read,0.55,key_5,61,false
read,0.70,key_12,54,false
read,0.91,key_11,60,false
read,0.53,key_19,64,false
read,0.60,key_13,62,true
read,0.61,key_8,67,false
read,0.64,key_3,61,false
read,0.54,key_4,57,false
read,0.54,key_14,54,false
read,0.67,key_4,57,false
read,0.64,key_12,54,false
read,0.68,key_2,68,false
read,0.58,key_16,72,false
read,0.65,key_18,61,false
read,0.61,key_18,61,false
read,0.59,key_13,63,false
read,0.61,key_19,64,false
read,0.67,key_12,54,false
read,0.55,key_4,57,false
read,0.53,key_1,65,false
read,0.60,key_5,61,false
read,0.60,key_1,64,false
read,0.54,key_13,63,false
read,0.54,key_3,61,false
read,0.56,key_10,54,false
read,0.60,key_7,59,false
read,0.65,key_19,64,false
read,0.63,key_15,57,false
read,0.45,key_5,61,false
read,0.95,key_8,67,false
read,1.15,key_4,57,false
read,0.99,key_16,72,false
read,1.68,key_1,65,false
read,0.44,key_1,64,false
read,0.42,key_15,57,false
read,0.45,key_12,54,false
read,0.40,key_2,68,false
read,0.39,key_2,68,false
read,0.41,key_4,57,false
read,0.38,key_9,56,false
read,0.45,key_1,64,false
read,0.43,key_13,63,false
read,0.42,key_0,59,false
read,0.38,key_5,61,false
read,0.40,key_14,55,false
read,0.43,key_19,64,false
read,0.45,key_15,57,false
write,307.62,key_1,65,false
read,1.90,key_3,61,false
write,306.89,key_14,55,false
read,2.52,key_11,60,false
write,311.54,key_6,52,false
write,318.41,key_1,65,false
read,1.18,key_15,57,false
read,0.76,key_18,61,false
read,0.70,key_19,64,false
read,3.28,key_0,59,false
read,0.68,key_9,56,false
read,0.55,key_9,56,false
read,0.79,key_19,64,false
read,0.71,key_14,55,false
read,0.54,key_18,61,false
read,0.72,key_3,61,false
read,0.91,key_10,54,false
read,0.94,key_15,57,false
read,0.94,key_15,56,true
read,0.64,key_13,63,false
read,0.89,key_19,64,false
read,0.62,key_11,60,false
read,0.61,key_5,61,false
read,0.59,key_6,52,false
read,0.58,key_14,55,false
read,0.54,key_5,61,false
read,0.67,key_15,57,false
read,0.65,key_19,64,false
read,2.45,key_7,59,false
read,0.72,key_12,54,false
read,1.02,key_16,72,false
write,314.83,key_11,61,false
write,309.85,key_11,61,false
write,307.60,key_16,73,false
read,1.13,key_19,64,false
read,1.28,key_19,64,false
read,0.89,key_5,61,false
read,1.67,key_9,56,false
read,0.64,key_13,63,false
read,0.67,key_19,64,false
read,0.90,key_0,59,false
write,304.23,key_6,52,false
read,0.66,key_12,54,false
read,0.58,key_6,52,false
read,0.61,key_4,57,false
read,0.56,key_18,61,false
read,0.65,key_17,54,false
read,0.76,key_7,59,false
read,0.70,key_8,67,false
write,304.21,key_0,60,false
read,2.62,key_12,54,false
write,304.22,key_13,63,false
read,0.60,key_4,57,false
read,0.66,key_6,52,false
write,312.05,key_5,62,false
write,309.01,key_11,61,false
read,1.11,key_4,57,false
write,308.02,key_8,68,false
read,0.68,key_9,56,false
read,2.33,key_3,62,false
write,306.70,key_11,61,false
read,0.37,key_9,56,false
read,0.39,key_12,54,false
read,0.57,key_15,56,true
read,0.48,key_10,54,false
read,0.40,key_3,62,false
read,0.52,key_2,68,false
read,0.36,key_18,61,false
read,0.43,key_16,73,false
read,0.31,key_7,59,false
read,0.38,key_9,56,false
read,0.47,key_12,54,false
read,0.37,key_1,65,false
read,0.38,key_0,60,false
read,0.32,key_4,57,false
read,0.66,key_19,64,false
read,0.34,key_17,54,false
read,0.32,key_7,59,false
read,0.32,key_13,63,false
read,0.40,key_6,52,false
write,310.48,key_16,74,false
write,308.62,key_19,65,false
read,1.20,key_14,55,false
read,1.32,key_17,54,false
read,1.06,key_3,61,false
read,1.08,key_16,74,false
read,0.94,key_13,64,false
read,1.00,key_18,61,false
read,0.94,key_19,65,false
read,0.65,key_4,58,false
read,1.59,key_18,61,false
write,308.38,key_10,55,false
write,309.25,key_13,64,false
read,1.02,key_10,55,false
read,1.01,key_14,55,false
read,0.81,key_8,68,false
read,0.67,key_8,68,false
read,0.62,key_6,52,false
read,0.90,key_7,59,false
read,0.66,key_15,56,true
read,0.62,key_14,55,false
read,0.60,key_0,60,false
read,0.74,key_15,57,false
write,303.27,key_16,75,false
read,0.96,key_12,54,false
read,2.13,key_16,75,false
read,1.60,key_11,61,false
read,2.10,key_8,68,false
read,1.10,key_8,68,false
read,0.70,key_4,57,false
read,0.91,key_7,59,false
read,1.33,key_0,60,false
read,1.01,key_13,64,false
write,303.81,key_3,62,false
read,0.84,key_2,68,false
read,0.82,key_8,68,false
read,0.96,key_18,61,false
read,0.62,key_14,55,false
read,0.67,key_15,57,false
read,0.64,key_10,55,false
read,0.59,key_9,56,false
read,0.61,key_8,68,false
read,0.65,key_9,56,false
read,0.66,key_13,64,false
read,0.69,key_12,54,false
read,0.68,key_7,59,false
read,0.75,key_13,64,false
read,0.80,key_1,65,false
read,0.80,key_3,62,false
read,0.46,key_0,60,false
read,0.53,key_3,62,false
read,0.56,key_14,55,false
read,0.60,key_7,59,false
read,1.19,key_10,55,false
read,0.87,key_2,68,false
read,1.04,key_11,61,false
read,0.92,key_18,61,false
read,0.80,key_13,64,false
read,0.61,key_5,62,false
read,1.19,key_2,69,false
read,0.61,key_3,62,false
read,1.17,key_13,64,false
read,0.78,key_4,57,false
read,0.79,key_17,54,false
read,0.76,key_10,55,false
read,0.53,key_12,54,false
read,0.69,key_2,68,false
read,0.46,key_4,58,false
read,1.07,key_15,56,true
read,0.49,key_17,54,false
read,0.59,key_7,59,false
read,0.46,key_10,56,false
write,314.13,key_10,55,false
write,313.01,key_4,58,false
read,0.94,key_15,57,false
read,0.98,key_19,65,false
read,0.80,key_12,54,false
read,0.86,key_0,60,false
read,1.03,key_9,56,false
read,1.14,key_7,59,false
read,1.26,key_4,58,false
read,1.35,key_4,58,false
read,0.85,key_4,58,false
read,1.86,key_15,57,false
read,1.16,key_10,55,false
read,0.72,key_8,68,false
write,305.10,key_16,76,false
read,0.76,key_17,54,false
read,3.02,key_13,64,false
write,303.93,key_19,65,false
read,0.73,key_1,65,false
read,0.85,key_6,52,false
read,0.82,key_8,68,false
read,1.43,key_13,64,false
write,308.98,key_3,62,false
write,315.75,key_2,69,false
read,6.31,key_17,54,false
write,305.05,key_10,56,false
write,306.35,key_14,56,false
read,2.37,key_7,60,false
write,306.14,key_7,60,false
read,1.29,key_9,56,false
read,0.85,key_7,60,false
read,1.11,key_16,76,false
read,0.98,key_7,60,false
read,1.46,key_15,57,false
write,305.02,key_13,65,false
read,0.99,key_5,62,false
read,1.13,key_10,56,false
read,1.01,key_18,61,false
read,3.16,key_7,60,false
read,1.02,key_3,62,false
read,0.77,key_15,57,false
read,0.79,key_9,56,false
read,0.75,key_13,65,false
read,0.55,key_13,65,false
read,0.72,key_9,56,false
read,0.55,key_7,60,false
read,0.61,key_17,54,false
read,2.25,key_1,66,false
read,0.57,key_4,59,false
read,0.52,key_11,61,false
read,0.52,key_7,60,false
read,0.54,key_1,66,false
read,0.55,key_12,54,false
read,0.52,key_2,69,false
read,0.51,key_10,56,false
read,0.54,key_14,56,false
read,0.48,key_8,68,false
read,0.41,key_16,76,false
write,315.21,key_17,55,false
read,0.92,key_5,63,false
write,319.25,key_5,63,false
read,0.66,key_12,54,false
read,0.62,key_7,60,false
read,1.15,key_15,57,false
read,1.85,key_10,56,false
read,0.71,key_2,69,false
read,0.87,key_14,56,false
read,1.00,key_0,60,false
read,0.89,key_17,55,false
read,1.00,key_11,61,false
read,0.82,key_3,62,false
read,0.66,key_17,56,false
write,319.50,key_4,59,false
write,314.30,key_13,65,false
read,0.94,key_7,60,false
read,0.74,key_16,76,false
write,309.36,key_0,61,false
write,308.79,key_6,53,false
write,315.79,key_1,66,false
write,310.52,key_15,58,false
write,309.47,key_19,66,false
read,5.18,key_19,65,true
read,1.86,key_10,55,true
read,1.82,key_16,76,false
read,2.06,key_16,76,false
read,2.39,key_7,60,false
read,2.15,key_5,63,false
read,1.29,key_4,59,false
read,1.55,key_3,62,false
read,1.40,key_19,66,false
read,1.55,key_1,66,false
read,1.64,key_2,69,false
read,0.64,key_14,56,false
read,0.74,key_4,59,false
read,1.38,key_10,56,false
read,1.92,key_0,61,false
read,1.30,key_9,56,false
write,304.65,key_12,55,false
read,1.70,key_8,68,false
read,1.55,key_15,58,false
read,0.95,key_13,65,false
read,0.83,key_11,61,false
read,1.25,key_1,66,false
read,0.74,key_19,66,false
read,0.93,key_18,61,false
read,0.91,key_11,61,false
read,1.69,key_13,65,false
read,1.11,key_5,63,false
read,1.06,key_4,59,false
read,1.12,key_6,53,false
read,1.07,key_18,62,false
read,1.16,key_5,63,false
read,0.78,key_5,63,false
read,0.76,key_4,59,false
read,0.82,key_13,65,false
read,0.81,key_18,61,false
read,0.71,key_10,56,false
read,0.76,key_5,63,false
read,0.81,key_13,65,false
read,0.81,key_9,56,false
read,0.76,key_14,56,false
read,0.89,key_4,59,false
read,0.93,key_3,62,false
read,1.06,key_13,65,false
read,1.39,key_6,53,false
read,1.47,key_10,56,false
read,2.22,key_8,68,false
read,0.85,key_8,68,false
read,1.27,key_12,55,false
read,1.21,key_2,69,false
read,1.71,key_19,66,false
read,1.23,key_0,61,false
read,1.65,key_16,76,false
read,0.86,key_7,60,false
read,0.47,key_2,69,false
read,0.48,key_19,66,false
read,0.57,key_18,62,false
read,0.63,key_6,53,false
read,0.48,key_18,61,false
read,0.52,key_16,76,false
read,0.61,key_8,68,false
read,0.60,key_10,56,false
read,0.51,key_12,55,false
read,0.59,key_11,61,false
read,0.62,key_15,58,false
read,0.45,key_9,56,false
read,0.70,key_12,55,false
read,1.78,key_0,61,false
read,0.51,key_12,55,false
read,0.73,key_14,56,false
read,0.54,key_16,76,false
read,0.45,key_3,63,false
read,0.46,key_6,53,false
read,0.60,key_4,59,false
read,0.46,key_16,76,false
read,0.58,key_15,58,false
write,311.91,key_17,56,false
write,310.40,key_14,57,false
read,0.96,key_18,61,false
read,1.07,key_3,63,false
read,0.79,key_14,57,false
read,1.02,key_13,65,false
read,0.86,key_7,60,false
read,0.77,key_14,57,false
read,0.97,key_2,69,false
read,1.64,key_3,62,false
read,1.06,key_8,68,false
read,1.16,key_16,76,false
read,1.67,key_2,69,false
read,0.90,key_12,55,false
read,0.78,key_19,66,false
write,312.38,key_18,62,false
write,314.12,key_11,62,false
read,0.70,key_16,76,false
read,1.11,key_16,76,false
read,2.14,key_1,66,false
read,1.19,key_17,57,false
read,0.49,key_14,57,false
read,0.43,key_0,61,false
write,309.61,key_2,70,false
read,0.42,key_17,57,false
read,0.27,key_10,56,false
read,0.39,key_14,57,false
read,0.27,key_8,68,false
read,0.27,key_19,66,false
read,0.31,key_10,56,false
read,0.31,key_12,55,false
read,0.30,key_4,59,false
read,0.50,key_17,56,false
read,0.28,key_12,55,false
read,0.34,key_19,66,false
read,0.38,key_11,63,false
write,304.38,key_3,63,false
read,0.40,key_3,63,false
read,0.41,key_3,63,false
read,0.56,key_0,61,false
write,305.42,key_2,70,false
read,0.64,key_1,66,false
write,305.70,key_4,60,false
read,0.50,key_5,63,false
read,0.42,key_18,62,false
read,0.31,key_5,63,false
read,0.41,key_2,70,false
write,304.04,key_10,57,false
read,0.72,key_0,61,false
read,0.64,key_3,63,false
read,4.41,key_17,56,false
read,0.54,key_18,62,false
read,0.70,key_16,76,false
read,0.29,key_12,55,false
read,0.39,key_13,65,false
read,0.66,key_8,68,false
read,0.39,key_15,58,false
read,0.32,key_6,53,false
read,0.38,key_1,66,false
read,0.26,key_2,70,false
read,0.33,key_17,57,false
read,0.34,key_2,70,false
write,304.53,key_11,63,false
read,0.25,key_11,63,false
read,0.34,key_9,56,false
read,0.50,key_15,58,false
read,0.38,key_14,57,false
read,0.28,key_7,60,false
read,0.28,key_11,63,false
read,0.32,key_0,61,false
read,0.30,key_15,58,false
read,0.24,key_13,65,false
read,1.37,key_16,76,false
write,307.38,key_17,57,false
read,0.68,key_7,60,false
read,0.34,key_14,57,false
read,0.32,key_18,62,false
read,0.34,key_12,55,false
read,0.32,key_15,58,false
write,305.50,key_6,54,false
read,0.48,key_11,63,false
read,0.31,key_1,66,false
read,0.32,key_15,58,false
read,0.32,key_13,65,false
read,0.31,key_14,57,false
read,0.28,key_5,63,false
write,304.20,key_1,67,false
read,0.53,key_3,63,false
read,0.46,key_5,63,false
read,0.42,key_11,63,false
read,0.44,key_18,62,false
read,0.47,key_5,63,false
read,0.86,key_3,63,false
read,1.06,key_17,57,false
write,304.00,key_17,57,false
read,1.72,key_8,68,false
read,0.59,key_19,66,false
read,0.68,key_17,57,false
read,0.39,key_4,60,false
read,0.49,key_2,70,false
read,0.56,key_9,56,false
read,0.54,key_17,57,false
read,0.41,key_17,57,false
read,0.52,key_2,70,false
read,0.39,key_16,76,false
read,0.43,key_7,60,false
read,0.70,key_5,63,false
read,0.41,key_13,65,false
read,0.44,key_10,57,false
read,0.61,key_16,76,false
read,0.61,key_17,57,false
read,0.61,key_10,57,false
read,0.39,key_0,61,false
read,0.64,key_0,61,false
read,0.38,key_15,58,false
read,0.35,key_6,54,false
read,0.38,key_2,70,false
read,0.42,key_2,70,false
write,307.99,key_17,58,false
write,308.13,key_17,57,false
write,307.53,key_9,57,false
read,1.82,key_6,54,false
read,3.06,key_5,63,false
read,1.14,key_7,60,false
write,304.35,key_2,71,false
read,0.82,key_13,65,false
read,1.01,key_17,58,false
read,1.09,key_11,63,false
read,1.15,key_16,76,false
read,1.01,key_0,61,false
read,1.55,key_5,63,false
read,0.76,key_18,62,false
read,0.76,key_16,76,false
write,306.24,key_18,63,false
read,0.74,key_13,65,false
read,0.76,key_18,63,false
read,0.52,key_12,55,false
read,1.03,key_9,57,false
write,303.79,key_7,61,false
read,2.16,key_9,57,false
read,1.08,key_9,57,false
read,1.85,key_13,65,false
read,1.03,key_13,65,false
read,1.01,key_0,61,false
read,1.01,key_17,58,false
read,1.01,key_3,63,false
read,0.53,key_15,59,false
read,0.56,key_15,58,false
read,0.37,key_4,60,false
read,0.53,key_12,55,false
read,0.85,key_18,63,false
read,0.72,key_7,61,false
read,1.92,key_4,60,false
read,0.56,key_18,63,false
read,1.66,key_5,63,false
read,0.80,key_5,63,false
read,0.53,key_17,58,false
read,0.42,key_2,71,false
read,0.65,key_3,63,false
read,0.60,key_11,63,false
read,0.61,key_11,63,false
read,0.66,key_1,67,false
read,0.39,key_18,63,false
read,0.52,key_10,57,false
read,0.35,key_6,54,false
read,0.47,key_5,63,false
read,0.41,key_10,57,false
read,0.73,key_17,57,true
read,0.39,key_2,71,false
read,0.36,key_13,65,false
read,0.38,key_17,58,false
read,0.41,key_0,61,false
read,0.35,key_5,63,false
read,0.49,key_9,57,false
read,0.71,key_7,61,false
read,0.72,key_4,60,false
read,0.59,key_9,57,false
read,0.60,key_15,59,false
read,0.47,key_11,63,false
read,0.46,key_15,59,false
read,0.42,key_8,68,false
write,313.27,key_6,54,false
write,303.31,key_13,66,false
read,0.35,key_12,56,false
read,0.35,key_11,63,false
read,0.76,key_13,66,false
read,0.79,key_18,63,false
read,2.57,key_17,58,false
read,0.37,key_12,55,false
read,0.40,key_11,63,false
read,0.34,key_4,61,false
write,304.84,key_19,67,false
read,0.61,key_5,63,false
write,304.31,key_15,59,false
write,306.77,key_3,64,false
read,0.48,key_19,67,false
write,303.41,key_9,58,false
read,0.76,key_10,57,false
read,0.42,key_1,68,false
read,0.36,key_15,59,false
read,0.37,key_18,63,false
read,0.31,key_3,64,false
read,0.30,key_2,71,false
read,1.95,key_10,57,false
read,0.35,key_16,76,false
read,0.31,key_7,61,false
read,0.44,key_17,58,false
write,305.64,key_12,56,false
write,305.56,key_15,59,false
read,0.40,key_13,66,false
read,0.42,key_19,67,false
read,0.47,key_10,57,false
read,0.39,key_19,67,false
read,0.57,key_6,54,false
read,0.27,key_13,66,false
read,0.37,key_2,71,false
read,0.35,key_18,63,false
write,304.38,key_10,58,false
write,303.97,key_3,64,false
read,0.51,key_1,67,false
read,0.55,key_15,59,false
read,0.64,key_11,64,false
read,0.61,key_16,76,false
read,0.47,key_9,58,false
read,0.49,key_11,63,false
read,0.41,key_0,61,false
read,0.39,key_14,57,false
read,0.36,key_0,61,false
read,0.38,key_8,68,false
read,0.31,key_3,64,false
read,0.37,key_17,58,false
read,0.42,key_8,68,false
read,0.47,key_15,59,false
read,0.28,key_8,68,false
read,0.41,key_10,58,false
read,0.35,key_3,64,false
read,0.30,key_1,68,false
read,0.28,key_5,63,false
read,0.43,key_7,61,false
write,307.92,key_4,61,false
write,307.56,key_11,64,false
read,5.11,key_6,54,false
write,310.04,key_4,62,false
write,307.96,key_2,72,false
read,1.03,key_0,62,false
read,1.14,key_8,68,false
read,5.27,key_6,54,false
read,5.23,key_1,67,false
read,0.98,key_8,68,false
read,0.42,key_8,68,false
read,7.19,key_8,68,false
read,1.40,key_4,62,false
read,0.59,key_6,54,false
read,1.95,key_3,64,false
write,304.58,key_1,68,false
read,0.69,key_10,58,false
read,0.53,key_8,68,false
read,0.61,key_14,57,false
read,0.46,key_7,61,false
read,0.60,key_7,61,false
read,0.86,key_9,58,false
read,1.55,key_17,58,false
read,1.43,key_19,67,false
read,0.44,key_1,68,false
read,0.70,key_4,62,false
write,304.77,key_0,62,false
read,0.36,key_3,64,false
read,1.22,key_15,59,false
write,305.81,key_2,72,false
read,0.56,key_3,64,false
read,0.50,key_18,63,false
read,0.39,key_17,58,false
read,0.51,key_18,63,false
read,0.60,key_7,61,false
write,307.52,key_2,72,false
read,1.14,key_18,63,false
read,0.59,key_9,58,false
read,0.45,key_18,63,false
read,0.65,key_12,56,false
read,0.25,key_10,58,false
write,314.43,key_12,57,false
write,312.21,key_14,58,false
read,0.51,key_4,62,false
read,0.72,key_14,58,false
read,0.70,key_15,59,false
read,0.55,key_7,61,false
read,0.41,key_1,68,false
read,0.36,key_16,76,false
read,0.29,key_11,64,false
read,0.35,key_11,64,false
read,1.70,key_0,62,false
read,0.61,key_6,54,false
read,0.37,key_19,67,false
read,0.49,key_4,62,false
read,0.54,key_12,57,false
read,0.49,key_8,68,false
read,0.55,key_17,57,true
read,0.49,key_5,64,false
read,0.53,key_16,76,false
read,0.46,key_4,62,false
read,0.42,key_12,57,false
read,0.32,key_4,64,false
read,0.33,key_2,72,false
read,0.38,key_18,63,false
read,0.29,key_9,58,false
write,305.06,key_4,62,false
read,0.54,key_7,61,false
read,0.39,key_1,68,false
read,0.52,key_2,72,false
read,0.34,key_14,58,false
read,0.38,key_19,67,false
read,0.44,key_8,68,false
read,0.58,key_2,72,false
read,0.83,key_12,57,false
write,305.70,key_2,73,false
read,1.86,key_5,63,false
read,0.64,key_13,67,false
read,0.91,key_13,66,false
read,0.48,key_9,58,false
read,0.47,key_18,63,false
read,0.53,key_13,67,false
read,0.58,key_7,61,false
read,0.52,key_9,58,false
read,1.67,key_18,63,false
read,0.38,key_18,63,false
read,0.33,key_2,73,false
read,0.41,key_6,54,false
read,0.46,key_16,76,false
read,0.31,key_17,57,true
read,0.27,key_14,58,false
read,0.78,key_8,68,false
read,0.47,key_2,73,false
read,0.32,key_12,57,false
read,0.29,key_18,63,false
read,0.39,key_1,68,false
read,0.47,key_7,61,false
read,0.38,key_18,63,false
read,0.38,key_2,73,false
write,311.19,key_6,55,false
read,2.69,key_4,64,false
write,308.03,key_13,67,false
read,0.69,key_18,63,false
write,310.04,key_15,60,false
write,312.22,key_4,63,false
write,316.25,key_3,65,false
write,311.27,key_5,64,false
read,2.67,key_16,76,false
read,3.36,key_2,73,false
read,3.36,key_5,64,false
read,2.53,key_10,58,false
read,3.53,key_14,58,false
read,0.64,key_16,76,false
read,0.75,key_9,58,false
read,0.77,key_4,63,false
read,0.50,key_14,58,false
read,0.55,key_0,62,false
read,1.20,key_16,76,false
read,0.78,key_8,69,false
read,0.81,key_5,64,false
read,1.71,key_9,58,false
read,1.21,key_0,62,false
read,0.43,key_12,57,false
read,0.39,key_11,64,false
read,0.40,key_15,60,false
read,0.86,key_15,60,false
read,0.28,key_17,58,false
read,0.28,key_5,64,false
read,0.71,key_11,64,false
read,0.57,key_17,58,false
read,0.66,key_2,72,true
read,0.68,key_16,76,false
read,0.94,key_7,61,false
read,0.93,key_18,63,false
read,1.59,key_13,67,false
read,0.83,key_4,64,false
read,0.83,key_3,65,false
read,0.43,key_15,60,false
read,0.34,key_16,76,false
read,0.45,key_2,73,false
read,0.39,key_14,58,false
read,0.83,key_16,76,false
read,0.60,key_9,58,false
read,0.44,key_2,73,false
read,0.41,key_7,61,false
read,0.30,key_6,55,false
read,0.37,key_13,67,false
read,0.30,key_9,58,false
read,0.29,key_10,58,false
read,0.33,key_1,68,false
read,0.41,key_4,63,false
write,302.28,key_4,64,false
read,0.33,key_10,58,false
read,0.48,key_17,58,false
read,0.34,key_12,57,false
read,0.33,key_3,65,false
read,0.44,key_11,64,false
read,0.36,key_5,64,false
read,0.33,key_6,55,false
write,305.14,key_6,56,false
read,0.34,key_10,58,false
read,0.67,key_5,64,false
read,0.39,key_17,58,false
read,0.30,key_7,61,false
read,0.43,key_17,59,false
read,0.38,key_1,68,false
read,0.36,key_1,68,false
read,0.32,key_12,57,false
read,0.47,key_6,56,false
read,0.34,key_6,56,false
read,0.35,key_6,56,false
read,1.75,key_10,58,false
read,0.27,key_11,64,false
read,0.29,key_12,57,false
write,309.35,key_6,55,false
read,1.99,key_6,55,true
read,1.13,key_1,68,false
write,307.26,key_19,68,false
write,305.49,key_8,69,false
read,0.57,key_18,63,false
read,3.35,key_11,64,false
read,2.39,key_2,73,false
read,0.71,key_8,69,false
read,1.14,key_16,76,false
read,0.36,key_19,68,false
read,0.34,key_5,64,false
read,0.33,key_16,76,false
read,0.30,key_15,60,false
read,0.33,key_10,58,false
read,0.27,key_11,64,false
read,0.66,key_13,67,false
read,0.28,key_4,64,false
read,0.29,key_19,68,false
read,0.69,key_2,73,false
read,0.61,key_0,62,false
write,305.35,key_8,69,false
read,0.85,key_14,58,false
read,0.50,key_14,58,false
read,0.60,key_18,63,false
read,0.94,key_0,62,false
read,0.81,key_18,63,false
read,0.84,key_6,55,true
read,0.67,key_3,65,false
read,0.80,key_1,68,false
read,1.06,key_6,56,false
read,1.42,key_18,63,false
read,0.65,key_18,63,false
read,0.76,key_13,67,false
read,0.49,key_18,63,false
read,0.53,key_14,58,false
read,0.37,key_11,64,false
read,0.28,key_7,61,false
read,0.30,key_9,58,false
read,0.30,key_1,68,false
write,306.01,key_10,59,false
write,307.76,key_13,68,false
read,1.12,key_0,62,false
write,306.78,key_17,59,false
write,303.41,key_12,58,false
read,1.05,key_12,58,false
read,0.97,key_17,60,false
read,0.84,key_1,68,false
read,0.86,key_17,59,false
read,0.73,key_8,69,false
write,302.40,key_15,61,false
read,0.48,key_10,59,false
read,0.48,key_4,64,false
read,2.13,key_10,59,false
read,0.46,key_9,58,false
write,306.18,key_8,69,false
read,0.39,key_16,76,false
read,0.43,key_18,63,false
read,0.34,key_11,64,false
read,0.39,key_16,76,false
read,0.37,key_12,58,false
read,0.33,key_19,68,false
read,0.38,key_8,69,false
read,0.28,key_15,61,false
read,0.35,key_13,68,false
read,0.35,key_14,58,false
read,0.36,key_2,73,false
read,0.36,key_10,60,false
read,0.37,key_4,64,false
read,1.82,key_6,55,true
read,0.34,key_10,59,false
read,0.44,key_5,64,false
read,0.37,key_16,76,false
read,0.33,key_12,58,false
read,0.25,key_13,68,false
read,0.29,key_18,63,false
read,0.25,key_0,62,false
read,0.45,key_11,64,false
read,0.39,key_9,58,false
read,0.28,key_5,64,false
write,309.56,key_10,60,false
write,312.19,key_19,68,false
read,1.02,key_13,68,false
read,1.33,key_5,64,false
read,0.65,key_1,68,false
read,0.65,key_1,68,false
read,0.70,key_4,64,false
read,0.73,key_19,68,false
read,0.55,key_8,69,false
read,0.57,key_5,64,false
read,0.65,key_19,68,false
read,0.65,key_17,59,false
read,0.57,key_12,58,false
read,0.59,key_0,62,false
read,0.56,key_9,58,false
read,0.58,key_4,64,false
read,0.72,key_13,68,false
read,1.73,key_15,61,false
read,0.65,key_4,65,false
read,1.72,key_6,55,true
write,302.32,key_17,60,false
write,304.65,key_4,65,false
read,0.60,key_6,56,false
read,0.65,key_7,61,false
read,0.62,key_11,64,false
read,0.68,key_6,55,true
read,0.77,key_15,61,false
read,0.63,key_5,65,false
write,316.41,key_12,59,false
write,319.23,key_16,77,false
write,313.06,key_4,65,false
write,314.38,key_10,60,false
write,310.73,key_5,65,false
read,1.80,key_2,73,false
read,1.84,key_16,77,false
read,1.80,key_9,58,false
read,1.09,key_14,58,false
read,1.11,key_7,61,false
read,1.18,key_12,59,false
read,2.33,key_14,59,false
read,1.23,key_8,69,false
read,0.91,key_2,72,true
read,1.18,key_1,68,false
read,0.95,key_13,68,false
read,0.84,key_7,61,false
read,0.92,key_15,61,false
read,1.02,key_4,65,false
read,0.78,key_18,63,false
read,0.85,key_19,68,false
read,1.33,key_13,68,false
read,1.06,key_11,64,false
read,0.76,key_0,62,false
read,0.75,key_14,58,false
read,0.67,key_12,59,false
read,0.72,key_8,69,false
read,0.55,key_16,77,false
read,0.73,key_9,58,false
read,0.51,key_11,65,false
read,0.74,key_15,61,false
read,0.58,key_10,60,false
read,0.75,key_18,63,false
read,0.66,key_6,55,true
read,0.87,key_0,62,false
read,0.49,key_9,58,false
read,0.51,key_19,68,false
write,305.76,key_13,69,false
read,0.76,key_6,55,true
read,2.52,key_6,55,true
write,314.38,key_2,74,false
write,314.40,key_3,66,false
read,3.00,key_12,59,false
read,3.44,key_12,59,false
read,0.56,key_3,66,false
read,1.05,key_0,62,false
read,0.84,key_15,61,false
read,0.51,key_19,68,false
read,1.78,key_18,63,false
read,0.90,key_9,58,false
read,0.59,key_6,56,false
read,1.21,key_1,69,false
read,0.34,key_10,60,false
read,0.44,key_12,59,false
read,0.31,key_7,61,false
read,0.30,key_15,61,false
read,0.30,key_6,56,false
read,0.33,key_6,55,true
read,0.34,key_19,68,false
read,0.34,key_16,77,false
read,0.28,key_10,60,false
read,0.29,key_14,59,false
read,0.30,key_3,66,false
read,0.31,key_14,58,false
read,0.28,key_14,58,false
read,0.41,key_6,55,true
read,0.20,key_16,78,false
read,0.26,key_6,55,true
read,0.21,key_9,58,false
read,0.26,key_6,55,true
read,0.26,key_7,61,false
read,0.26,key_9,58,false
read,0.22,key_19,68,false
read,0.29,key_8,69,false
read,0.23,key_19,68,false
read,0.22,key_6,55,true
read,0.28,key_4,65,false
read,0.32,key_4,65,false
read,0.28,key_2,74,false
read,0.33,key_8,69,false
read,0.39,key_13,69,false
read,0.31,key_6,56,false
read,0.31,key_12,59,false
read,0.36,key_9,58,false
read,0.28,key_0,62,false
read,0.29,key_17,60,false
write,316.65,key_14,59,false
write,316.40,key_11,65,false
read,2.58,key_13,69,false
read,1.39,key_0,62,false
read,13.04,key_11,65,false
read,13.02,key_16,77,false
read,1.27,key_18,63,false
read,1.28,key_12,59,false
read,0.50,key_19,68,false
read,0.52,key_12,59,false
read,0.51,key_13,69,false
read,0.53,key_17,60,false
read,0.33,key_7,61,false
read,0.59,key_12,59,false
read,0.59,key_16,77,false
read,0.89,key_8,70,false
read,1.34,key_1,68,false
read,0.51,key_10,60,false
read,0.31,key_12,59,false
read,0.41,key_3,66,false
read,0.27,key_11,65,false
read,0.92,key_11,65,false
write,309.77,key_5,66,false
write,315.72,key_16,78,false
write,316.10,key_1,69,false
read,2.77,key_6,56,false
read,2.87,key_10,60,false
write,307.53,key_13,69,false
read,3.96,key_9,58,false
write,305.57,key_8,70,false
read,2.29,key_17,60,false
read,2.21,key_9,58,false
read,6.02,key_18,63,false
write,306.80,key_2,74,false
read,1.41,key_13,69,false
read,2.17,key_3,66,false
read,1.41,key_12,59,false
read,0.58,key_2,74,false
read,0.46,key_10,60,false
read,0.52,key_4,65,false
read,0.81,key_3,66,false
read,0.40,key_17,60,false
read,0.53,key_15,61,false
read,0.51,key_18,63,false
read,0.40,key_19,68,false
read,0.51,key_1,70,false
read,0.57,key_9,59,false
read,0.55,key_5,66,false
read,0.96,key_7,61,false
read,0.46,key_15,61,false
read,0.47,key_15,61,false
read,0.80,key_3,66,false
read,1.80,key_17,60,false
read,0.50,key_0,62,false
read,0.37,key_14,59,false
read,0.39,key_15,61,false
read,0.39,key_16,78,false
read,0.40,key_5,66,false
read,0.43,key_2,74,false
read,0.41,key_4,65,false
read,0.38,key_7,61,false
write,313.59,key_19,69,false
read,1.66,key_5,66,false
write,307.66,key_6,56,false
read,0.51,key_0,62,false
read,0.63,key_2,74,false
write,312.41,key_13,70,false
write,316.26,key_4,66,false
read,0.48,key_5,66,false
read,0.38,key_9,59,false
read,0.33,key_5,66,false
read,0.38,key_7,61,false
read,2.12,key_16,78,false
read,0.48,key_5,66,false
read,0.33,key_16,78,false
read,0.29,key_12,59,false
read,0.30,key_18,63,false
read,0.29,key_9,58,false
read,0.29,key_13,69,true
read,0.23,key_2,74,false
read,0.24,key_1,69,false
read,0.26,key_9,59,false
read,0.26,key_11,65,false
read,0.23,key_3,66,false
read,0.25,key_4,66,false
read,0.24,key_13,69,true
read,0.26,key_12,59,false
write,319.11,key_1,70,false
write,315.64,key_8,71,false
write,315.95,key_16,79,false
write,313.52,key_7,62,false
write,326.55,key_9,59,false
write,316.55,key_6,57,false
read,2.04,key_10,60,false
read,2.10,key_7,62,false
read,1.15,key_4,66,false
read,2.44,key_6,57,false
read,2.32,key_14,59,false
read,2.43,key_16,79,false
read,1.57,key_13,69,true
read,1.95,key_18,64,false
read,1.69,key_7,62,false
read,3.52,key_19,69,false
read,2.42,key_11,65,false
read,0.55,key_13,70,false
read,0.74,key_5,67,false
read,0.60,key_1,70,false
read,0.62,key_3,66,false
read,1.24,key_6,56,true
read,1.99,key_15,61,false
read,2.25,key_9,59,false
read,1.73,key_4,66,false
read,1.82,key_5,66,false
write,318.14,key_6,57,false
read,0.40,key_12,59,false
write,319.05,key_8,71,false
read,0.42,key_12,59,false
read,0.32,key_19,69,false
read,0.37,key_9,59,false
read,0.41,key_7,62,false
read,2.04,key_9,59,false
read,0.61,key_19,69,false
read,1.09,key_6,57,false
read,1.64,key_3,66,false
read,1.36,key_9,59,false
read,0.53,key_0,62,false
read,0.29,key_5,66,false
read,0.34,key_1,70,false
read,0.25,key_4,67,false
read,0.28,key_7,62,false
read,0.34,key_8,71,false
read,0.63,key_1,70,false
read,0.39,key_12,59,false
read,0.39,key_7,62,false
read,0.26,key_13,70,false
read,0.23,key_10,60,false
read,0.29,key_14,59,false
read,0.22,key_9,59,false
read,0.23,key_8,71,false
read,0.29,key_9,59,false
read,0.21,key_6,57,false
write,307.70,key_5,67,false
write,311.41,key_19,70,false
read,2.16,key_2,74,false
read,1.43,key_0,62,false
read,1.37,key_16,79,false
read,1.32,key_10,60,false
read,0.66,key_6,57,false
read,0.92,key_10,61,false
read,0.80,key_10,60,false
read,0.80,key_0,62,false
read,1.08,key_17,60,false
read,1.27,key_9,59,false
read,0.52,key_13,70,false
read,0.72,key_6,57,false
read,0.61,key_4,66,false
read,0.66,key_6,57,false
read,0.51,key_10,60,false
read,0.37,key_5,67,false
read,0.40,key_4,66,false
read,0.36,key_15,61,false
read,0.36,key_6,57,false
write,315.42,key_18,64,false
write,314.10,key_4,67,false
write,316.07,key_5,67,false
write,309.83,key_2,75,false
read,1.16,key_11,65,false
read,3.30,key_4,67,false
write,309.23,key_10,61,false
write,308.62,key_8,72,false
read,0.84,key_6,57,false
read,0.50,key_1,70,false
read,2.05,key_2,75,false
read,0.58,key_16,79,false
read,0.35,key_6,57,false
read,0.50,key_1,70,false
read,1.06,key_19,71,false
read,0.71,key_0,62,false
read,0.48,key_13,70,false
read,0.79,key_10,61,false
read,0.59,key_18,64,false
read,0.49,key_6,57,false
read,0.73,key_13,71,false
read,0.79,key_9,59,false
read,0.53,key_9,59,false
read,0.57,key_1,70,false
read,0.84,key_14,59,false
read,0.29,key_6,57,false
read,0.35,key_16,79,false
read,0.38,key_19,71,false
read,0.43,key_17,60,false
read,0.49,key_16,79,false
read,0.52,key_18,64,false
read,0.44,key_12,59,false
read,0.60,key_6,57,false
read,0.59,key_0,62,false
read,0.34,key_2,75,false
read,0.33,key_15,61,false
read,0.34,key_12,59,false
read,0.40,key_15,61,false
read,0.40,key_14,59,false
read,0.40,key_16,80,false
read,0.28,key_13,70,false
read,0.31,key_5,67,false
read,0.33,key_3,66,false
read,0.35,key_19,70,false
read,0.42,key_5,67,false
read,0.40,key_11,65,false
read,0.51,key_15,61,false
read,0.54,key_16,79,false
read,0.55,key_6,57,false
read,0.28,key_18,64,false
read,0.78,key_6,57,false
read,0.46,key_19,71,false
read,0.74,key_12,59,false
read,0.41,key_9,59,false
read,0.45,key_19,70,false
read,0.47,key_12,59,false
read,0.28,key_2,75,false
read,0.47,key_10,61,false
read,0.64,key_3,66,false
read,0.36,key_0,62,false
read,0.32,key_12,59,false
read,0.34,key_12,59,false
read,0.52,key_2,75,false
read,0.35,key_6,57,false
read,0.33,key_14,59,false
read,0.42,key_7,62,false
read,0.55,key_13,71,false
read,0.56,key_14,59,false
read,0.33,key_5,67,false
read,0.36,key_8,72,false
read,0.38,key_4,67,false
read,0.43,key_1,70,false
read,0.54,key_12,59,false
read,0.59,key_4,68,false
read,0.59,key_17,60,false
read,0.52,key_6,57,false
read,0.66,key_6,57,false
read,0.65,key_10,61,false
read,0.63,key_4,67,false
read,0.77,key_9,59,false
read,0.34,key_15,61,false
read,0.38,key_11,65,false
read,0.51,key_16,79,false
read,0.27,key_0,62,false
read,0.45,key_19,70,false
read,0.29,key_15,61,false
read,0.32,key_11,65,false
read,0.37,key_10,61,false
read,0.46,key_15,61,false
read,0.49,key_13,71,false
read,0.42,key_0,62,false
read,0.32,key_18,64,false
read,0.26,key_18,64,false
read,0.30,key_4,67,false
read,0.29,key_2,75,false
read,0.31,key_5,67,false
read,0.28,key_5,67,false
read,0.32,key_11,65,false
read,0.37,key_2,75,false
read,0.30,key_10,61,false
read,0.32,key_11,65,false
read,0.30,key_17,60,false
read,0.30,key_3,66,false
read,0.44,key_6,57,false
read,0.48,key_17,60,false
read,0.44,key_18,64,false
read,0.30,key_1,70,false
read,0.30,key_7,62,false
read,0.28,key_7,62,false
write,309.40,key_3,67,false
read,0.78,key_14,59,false
write,305.49,key_4,68,false
read,0.73,key_1,70,false
read,0.60,key_13,69,true
read,0.60,key_6,57,false
read,0.59,key_11,65,false
read,4.05,key_9,59,false
read,1.26,key_13,70,false
read,1.06,key_1,70,false
read,0.62,key_5,67,false
read,0.55,key_16,80,false
write,308.74,key_19,71,false
write,307.33,key_4,67,false
read,0.88,key_9,59,false
read,0.79,key_4,68,false
read,0.57,key_12,59,false
read,0.75,key_0,62,false
read,0.56,key_18,64,false
read,0.74,key_8,72,false
read,0.72,key_12,59,false
read,0.84,key_5,67,false
read,0.67,key_6,57,false
read,0.59,key_18,64,false
read,0.63,key_15,61,false
read,0.63,key_6,57,false
write,313.34,key_13,71,false
write,306.46,key_16,80,false
write,311.33,key_13,71,false
write,306.26,key_18,65,false
read,1.01,key_18,65,false
write,306.55,key_19,72,false
read,1.02,key_3,68,false
read,1.14,key_4,67,true
read,0.71,key_15,61,false
read,0.56,key_18,65,false
read,0.61,key_12,59,false
read,0.65,key_16,80,false
read,0.58,key_0,62,false
write,304.77,key_3,67,false
read,0.67,key_2,75,false
read,0.55,key_5,67,false
read,0.73,key_12,59,false
read,0.76,key_6,57,false
read,0.79,key_1,70,false
read,0.57,key_6,57,false
read,0.61,key_12,59,false
read,0.87,key_17,61,false
read,0.80,key_15,61,false
read,0.94,key_1,70,false
read,0.56,key_4,67,true
read,0.77,key_1,70,false
read,0.72,key_17,61,false
read,0.75,key_0,62,false
read,0.70,key_6,57,false
read,0.57,key_16,80,false
read,0.59,key_5,67,false
read,0.47,key_10,61,false
read,0.50,key_11,65,false
write,312.62,key_17,61,false
read,4.29,key_1,70,false
write,307.54,key_3,68,false
read,0.73,key_19,72,false
read,0.62,key_4,67,true
read,0.90,key_4,67,true
read,0.76,key_17,61,false
read,0.81,key_6,57,false
write,310.82,key_17,61,false
write,304.81,key_17,61,false
read,2.97,key_4,67,true
read,0.79,key_1,70,false
read,1.27,key_14,59,false
read,0.84,key_5,67,false
read,0.95,key_2,75,false
read,0.78,key_0,62,false
read,2.02,key_4,68,false
read,2.96,key_6,57,false
read,1.67,key_18,65,false
read,1.08,key_19,72,false
read,0.98,key_17,61,false
read,0.58,key_7,62,false
read,0.47,key_9,59,false
read,0.50,key_13,71,false
read,0.58,key_12,59,false
write,319.29,key_13,72,false
write,313.88,key_11,66,false
write,309.16,key_4,68,false
write,319.73,key_14,60,false
read,0.85,key_18,65,false
read,0.91,key_4,68,false
read,0.99,key_4,68,false
read,0.59,key_16,80,false
read,2.27,key_17,61,false
read,3.13,key_9,59,false
read,2.09,key_4,68,false
read,0.81,key_9,59,false
read,0.84,key_5,67,false
read,0.78,key_8,72,false
read,1.05,key_15,61,false
read,0.72,key_13,72,false
read,1.10,key_13,72,false
read,0.69,key_10,61,false
read,0.74,key_13,72,false
read,0.77,key_7,62,false
read,0.62,key_4,68,false
read,0.54,key_7,62,false
read,0.62,key_10,61,false
read,0.54,key_13,72,false
read,0.53,key_11,66,false
write,309.15,key_19,73,false
read,0.85,key_11,66,false
read,0.82,key_14,60,false
read,0.58,key_7,62,false
read,0.62,key_4,68,false
read,0.65,key_10,61,false
read,0.66,key_17,61,false
read,0.57,key_14,60,false
read,0.93,key_18,65,false
read,0.70,key_17,61,false
read,0.71,key_19,73,false
write,310.18,key_16,81,false
read,0.47,key_0,62,false
read,1.08,key_8,72,false
read,0.66,key_1,70,false
read,0.80,key_7,62,false
read,0.97,key_10,61,false
read,1.06,key_16,81,false
read,1.23,key_3,68,false
read,0.75,key_9,59,false
read,1.02,key_14,60,false
read,0.90,key_18,65,false
read,0.63,key_5,67,false
read,0.64,key_6,57,false
read,0.59,key_7,62,false
read,0.54,key_0,62,false
read,0.45,key_2,75,false
read,0.63,key_13,72,false
read,0.88,key_7,62,false
read,0.68,key_14,60,false
read,0.74,key_10,61,false
read,0.50,key_18,65,false
read,1.05,key_16,81,false
read,0.57,key_3,68,false
read,0.53,key_11,66,false
read,0.49,key_19,73,false
read,0.46,key_12,59,false
read,0.45,key_11,66,false
read,0.42,key_14,60,false
read,0.50,key_5,67,false
read,0.41,key_4,68,false
read,0.36,key_17,61,false
read,0.39,key_13,72,false
write,310.16,key_17,62,false
read,0.73,key_3,68,false
read,0.76,key_1,70,false
read,0.60,key_19,73,false
read,0.42,key_8,72,false
read,0.41,key_16,81,false
read,0.39,key_5,68,false
write,304.89,key_12,60,false
read,1.99,key_14,60,false
read,0.53,key_12,60,false
read,0.48,key_7,62,false
read,0.59,key_3,68,false
write,310.52,key_2,76,false
write,318.25,key_13,72,false
read,13.31,key_16,81,false
read,13.78,key_0,62,false
read,0.64,key_7,62,false
read,1.18,key_13,72,false
write,319.63,key_13,73,false
write,319.66,key_18,66,false
write,323.44,key_0,63,false
read,0.44,key_19,73,false
read,0.65,key_8,72,false
read,0.39,key_16,81,false
read,0.36,key_9,59,false
read,0.31,key_4,68,false
read,2.51,key_14,60,false
read,0.49,key_17,62,false
read,0.42,key_17,62,false
read,0.40,key_11,66,false
read,0.88,key_1,70,false
read,0.58,key_13,73,false
read,0.63,key_0,63,false
read,0.41,key_5,67,false
read,0.46,key_14,60,false
read,0.31,key_3,68,false
read,0.51,key_9,60,false
read,1.09,key_8,72,false
read,1.60,key_14,60,false
write,319.35,key_9,60,false
write,315.32,key_5,68,false
write,323.62,key_17,62,false
read,3.40,key_0,63,false
read,0.87,key_6,57,false
read,8.29,key_6,57,false
read,10.40,key_3,68,false
write,313.93,key_2,76,false
write,306.23,key_14,61,false
read,0.86,key_12,60,false
read,0.88,key_15,61,false
read,0.70,key_0,63,false
read,0.70,key_16,81,false
read,0.64,key_3,67,true
read,0.68,key_16,81,false
read,1.39,key_8,72,false
read,1.31,key_15,61,false
read,0.72,key_7,62,false
read,0.73,key_19,73,false
read,1.87,key_14,61,false
read,0.56,key_14,61,false
write,316.10,key_8,73,false
write,317.59,key_9,60,false
read,3.65,key_9,60,false
read,1.66,key_19,73,false
read,4.01,key_19,73,false
read,0.47,key_7,62,false
read,0.48,key_16,81,false
read,0.34,key_16,81,false
read,0.34,key_7,62,false
read,1.07,key_5,69,false
read,0.51,key_17,62,false
read,0.76,key_1,70,false
read,0.72,key_5,68,false
read,2.32,key_8,73,false
read,1.21,key_19,73,false
read,0.41,key_3,68,false
read,0.34,key_0,63,false
read,0.59,key_10,61,false
read,0.35,key_4,68,false
read,0.36,key_3,68,false
read,0.60,key_10,61,false
read,0.40,key_6,57,false
read,0.41,key_12,60,false
read,0.39,key_9,60,false
read,0.58,key_3,68,false
read,0.46,key_5,68,false
read,0.37,key_19,73,false
read,0.41,key_1,71,false
read,0.58,key_1,70,false
read,0.59,key_4,68,false
read,0.43,key_8,73,false
read,0.37,key_0,63,false
read,0.43,key_0,63,false
read,0.46,key_9,60,false
read,0.36,key_7,62,false
write,312.27,key_8,73,false
write,313.54,key_9,61,false
read,1.40,key_6,58,false
read,1.43,key_12,60,false
read,1.09,key_3,67,true
read,1.19,key_8,73,false
read,0.74,key_4,68,false
read,0.92,key_13,73,false
read,1.01,key_4,68,false
write,320.27,key_6,58,false
write,321.55,key_1,71,false
write,310.93,key_1,71,false
read,1.58,key_10,61,false
write,311.79,key_12,61,false
read,1.04,key_19,74,false
read,1.62,key_3,68,false
read,1.33,key_3,68,false
read,1.29,key_18,66,false
read,0.86,key_3,68,false
read,2.44,key_16,81,false
read,2.94,key_7,62,false
read,2.21,key_1,71,false
read,3.78,key_16,81,false
read,4.45,key_6,58,false
read,1.39,key_7,62,false
read,8.32,key_11,67,false
read,7.99,key_4,68,false
read,0.64,key_16,81,false
read,0.68,key_9,62,false
read,0.42,key_13,73,false
read,0.67,key_4,68,false
read,0.56,key_19,73,false
read,0.61,key_4,68,false
read,0.36,key_2,76,false
read,0.75,key_0,63,false
read,0.36,key_16,81,false
read,0.63,key_17,62,false
read,0.66,key_8,73,false
read,0.48,key_17,62,false
read,0.50,key_16,81,false
read,0.81,key_9,62,false
read,0.56,key_7,62,false
read,1.16,key_12,62,false
read,1.14,key_10,61,false
read,0.91,key_19,73,false
read,1.08,key_18,66,false
read,0.47,key_13,73,false
read,0.77,key_9,61,false
read,0.60,key_6,58,false
read,1.86,key_13,73,false
read,0.58,key_17,62,false
read,0.32,key_11,67,false
read,0.45,key_16,82,false
read,0.53,key_16,81,false
read,0.36,key_15,61,false
read,0.34,key_19,73,false
read,0.59,key_6,58,false
write,308.91,key_1,71,false
write,306.50,key_5,69,false
read,0.57,key_10,61,false
read,0.70,key_8,73,false
read,0.59,key_19,73,false
read,0.64,key_2,76,false
read,0.38,key_15,61,false
read,0.58,key_3,68,false
read,0.73,key_1,71,false
read,0.74,key_16,81,false
read,0.78,key_8,73,false
read,0.80,key_18,66,false
read,0.60,key_9,61,false
read,0.64,key_14,61,false
read,0.86,key_11,67,false
read,0.53,key_13,73,false
read,0.59,key_10,61,false
write,318.80,key_11,67,false
read,0.45,key_5,69,false
read,0.32,key_19,74,false
read,0.35,key_0,63,false
read,0.72,key_19,73,false
read,1.48,key_16,82,false
read,0.58,key_3,67,true
write,314.73,key_19,74,false
read,9.03,key_0,63,false
read,1.34,key_3,68,false
read,1.08,key_16,81,false
read,1.46,key_2,76,false
write,309.20,key_9,62,false
read,0.68,key_9,62,false
write,309.16,key_9,62,false
read,0.37,key_4,68,false
read,0.42,key_8,73,false
read,0.64,key_0,63,false
read,0.56,key_1,71,false
read,0.28,key_3,67,true
read,0.39,key_1,71,false
read,0.46,key_18,66,false
read,0.45,key_6,58,false
read,0.31,key_6,58,false
read,0.27,key_9,62,false
read,0.27,key_12,61,false
read,0.21,key_14,61,false
read,0.31,key_14,61,false
read,0.25,key_2,76,false
read,0.26,key_3,68,false
read,0.25,key_14,61,false
read,0.30,key_6,58,false
read,0.62,key_12,61,false
read,0.98,key_10,61,false
read,0.69,key_13,73,false
write,308.58,key_12,62,false
write,306.28,key_11,67,false
read,0.41,key_13,73,false
read,0.43,key_7,62,false
read,0.35,key_9,62,false
read,0.28,key_5,69,false
read,0.30,key_16,81,false
read,0.32,key_12,62,false
read,0.26,key_15,61,false
read,1.75,key_8,73,false
read,0.38,key_18,66,false
read,0.36,key_7,62,false
read,0.30,key_8,73,false
read,0.57,key_12,62,false
read,0.41,key_17,62,false
read,0.32,key_5,69,false
write,303.19,key_16,82,false
read,0.42,key_2,76,false
read,0.28,key_11,67,false
read,0.32,key_12,62,false
read,0.35,key_1,71,false
read,0.31,key_17,62,false
read,0.40,key_7,62,false
read,0.38,key_16,82,false
read,0.34,key_13,73,false
read,0.36,key_10,61,false
read,0.60,key_4,68,false
read,0.43,key_9,63,false
read,0.29,key_1,71,false
read,0.34,key_5,69,false
write,310.40,key_19,74,false
read,0.48,key_11,67,false
read,0.36,key_18,66,false
read,0.34,key_10,61,false
read,0.27,key_11,67,false
read,0.46,key_1,71,false
read,0.33,key_14,61,false
read,0.36,key_4,68,false
read,0.50,key_2,76,false
read,0.50,key_17,62,false
read,0.34,key_1,71,false
write,309.15,key_11,67,false
write,307.06,key_5,70,false
read,0.42,key_14,61,false
read,1.83,key_3,68,false
read,2.47,key_11,67,false
read,0.43,key_15,61,false
read,0.44,key_10,61,false
read,0.28,key_15,61,false
read,0.34,key_10,61,false
read,0.33,key_0,63,false
read,0.23,key_14,62,false
read,0.20,key_6,58,false
read,0.19,key_11,67,false
read,0.29,key_8,73,false
write,306.78,key_19,75,false
read,1.47,key_11,67,false
read,0.41,key_8,73,false
read,0.36,key_12,62,false
read,0.33,key_7,62,false
read,0.32,key_13,73,false
read,0.31,key_7,62,false
write,306.85,key_9,63,false
write,304.08,key_17,63,false
write,309.91,key_15,62,false
read,0.83,key_8,73,false
read,0.92,key_13,73,false
read,0.45,key_2,76,false
read,0.51,key_2,77,false
read,1.61,key_14,62,false
read,3.09,key_3,68,false
read,1.47,key_2,76,false
read,0.92,key_13,73,false
read,0.94,key_17,63,false
read,0.45,key_1,71,false
read,0.45,key_13,73,false
read,0.47,key_1,71,false
read,0.28,key_17,63,false
read,0.29,key_15,62,false
read,0.33,key_18,66,false
read,0.26,key_4,68,false
read,0.24,key_16,82,false
read,0.34,key_7,63,false
read,0.27,key_8,73,false
read,0.37,key_17,63,false
write,305.88,key_14,62,false
read,0.38,key_0,63,false
read,0.28,key_12,62,false
read,0.25,key_9,63,false
read,0.40,key_13,73,false
read,0.30,key_1,71,false
read,0.38,key_14,62,false
read,0.23,key_1,71,false
read,0.22,key_8,73,false
read,0.26,key_10,61,false
read,0.29,key_16,82,false
read,0.26,key_15,62,false
read,0.26,key_1,71,false
read,0.35,key_10,61,false
read,0.47,key_12,62,false
write,304.70,key_9,63,false
read,0.25,key_10,61,false
read,0.75,key_0,63,false
read,0.36,key_4,68,false
read,0.54,key_19,75,false
read,0.48,key_5,70,false
read,0.36,key_0,63,false
read,0.37,key_13,73,false
read,0.48,key_6,58,false
write,304.67,key_14,62,false
read,0.36,key_4,68,false
write,307.55,key_9,63,false
read,0.54,key_18,66,false
read,0.51,key_13,73,false
write,314.32,key_16,83,false
write,315.57,key_14,62,false
read,1.57,key_5,70,false
read,1.59,key_5,71,false
read,0.79,key_8,73,false
read,0.40,key_3,68,false
read,0.33,key_1,71,false
write,307.89,key_2,77,false
read,0.48,key_16,83,false
write,305.59,key_7,63,false
read,0.34,key_11,67,false
write,313.88,key_2,77,false
write,311.18,key_5,71,false
read,2.37,key_8,73,false
read,0.73,key_7,63,false
read,2.94,key_1,72,false
read,0.47,key_3,68,false
read,0.49,key_2,77,false
read,0.31,key_4,69,false
read,0.40,key_18,67,false
read,0.44,key_18,66,false
read,0.75,key_6,58,false
read,0.85,key_9,63,false
read,1.10,key_8,73,false
read,0.62,key_13,73,false
read,0.97,key_4,68,false
write,305.07,key_6,59,false
read,0.61,key_7,63,false
read,0.68,key_18,66,false
read,0.46,key_14,62,false
read,0.47,key_4,68,false
read,0.38,key_3,68,false
read,0.47,key_4,68,false
read,0.31,key_14,62,false
read,0.35,key_11,67,false
read,0.36,key_4,68,false
read,0.52,key_16,83,false
read,0.30,key_9,63,false
read,0.40,key_15,62,false
write,307.58,key_15,63,false
write,303.87,key_1,72,false
read,0.74,key_19,76,false
read,0.88,key_1,72,false
read,0.63,key_5,71,false
read,3.05,key_1,72,false
read,2.49,key_4,68,false
read,0.50,key_4,68,false
read,0.51,key_1,72,false
read,0.43,key_7,63,false
read,0.44,key_4,68,false
read,0.34,key_11,67,false
read,0.40,key_3,68,false
read,0.40,key_5,71,false
read,0.32,key_0,63,false
read,0.42,key_5,71,false
read,0.36,key_19,76,false
read,0.29,key_14,62,false
read,0.37,key_10,62,false
write,305.32,key_18,67,false
read,1.87,key_4,68,false
read,0.35,key_8,73,false
read,0.35,key_6,59,false
read,0.36,key_11,67,false
read,0.40,key_18,67,false
read,0.37,key_6,59,false
read,0.40,key_19,76,false
read,0.38,key_4,68,false
read,0.40,key_10,62,false
read,0.39,key_11,67,false
read,0.36,key_15,63,false
read,0.40,key_18,67,false
read,0.38,key_12,62,false
read,0.40,key_16,83,false
read,0.38,key_18,67,false
write,312.67,key_13,74,false
write,314.60,key_19,76,false
read,1.92,key_11,67,false
read,2.12,key_13,74,false
read,1.08,key_6,59,false
read,1.12,key_2,77,false
read,0.73,key_2,77,false
read,0.62,key_13,74,false
read,0.59,key_14,62,false
read,0.58,key_4,68,false
read,0.49,key_17,63,false
write,306.55,key_14,63,false
read,0.67,key_5,71,false
read,0.61,key_19,76,false
read,0.66,key_6,59,false
read,0.61,key_18,67,false
read,0.62,key_19,76,false
read,0.76,key_2,77,false
read,0.56,key_12,62,false
write,303.44,key_4,69,false
read,0.67,key_5,71,false
read,0.63,key_5,71,false
read,0.66,key_7,63,false
read,0.65,key_9,63,false
write,306.16,key_10,62,false
read,0.70,key_9,63,false
read,1.08,key_8,73,false
read,1.17,key_11,67,false
write,305.67,key_8,74,false
read,0.81,key_6,59,false
write,306.54,key_10,62,false
read,0.79,key_7,63,false
read,0.81,key_19,76,false
read,0.93,key_10,62,false
read,0.84,key_16,83,false
read,1.16,key_9,64,false
read,0.94,key_7,64,false
read,0.64,key_2,77,false
read,0.72,key_2,77,false
read,0.93,key_13,74,false
read,0.72,key_1,73,false
read,0.76,key_9,63,false
read,0.74,key_0,63,false
read,0.60,key_7,64,false
read,0.80,key_14,63,false
read,0.83,key_6,59,false
read,0.62,key_6,59,false
read,0.72,key_15,64,false
read,0.93,key_12,62,false
read,0.90,key_11,67,false
read,0.69,key_16,83,false
write,304.58,key_8,74,false
read,1.02,key_15,64,false
read,0.75,key_13,74,false
read,0.84,key_19,76,false
read,0.60,key_3,68,false
read,0.51,key_1,72,false
write,304.24,key_10,62,false
read,0.62,key_19,76,false
read,0.59,key_16,83,false
read,0.56,key_8,74,false
read,0.57,key_2,77,false
read,0.54,key_14,63,false
read,0.58,key_3,67,true
read,0.56,key_1,72,false
read,0.54,key_19,76,false
read,0.56,key_17,63,false
read,0.59,key_15,63,false
read,0.51,key_13,74,false
read,0.60,key_19,76,false
read,0.48,key_2,78,false
read,0.47,key_12,62,false
read,0.49,key_14,63,false
read,0.40,key_4,69,false
read,0.54,key_9,63,false
read,0.53,key_7,64,false
read,0.48,key_16,83,false
read,0.50,key_2,77,false
read,0.56,key_11,67,false
read,0.49,key_8,74,false
read,0.71,key_11,67,false
read,0.49,key_14,63,false
read,0.52,key_5,71,false
read,0.46,key_4,69,false
read,0.42,key_4,69,false
read,0.49,key_13,74,false
write,305.89,key_10,63,false
read,0.73,key_18,67,false
read,0.50,key_17,63,false
read,0.66,key_10,63,false
read,0.69,key_1,72,false
read,0.55,key_19,77,false
read,0.51,key_4,69,false
read,0.45,key_12,62,false
read,0.64,key_13,74,false
read,6.04,key_6,59,false
read,3.09,key_15,63,false
read,5.53,key_8,74,false
read,1.01,key_3,68,false
read,0.99,key_9,63,false
read,0.63,key_15,64,false
read,0.47,key_17,63,false
read,0.44,key_10,63,false
read,0.36,key_11,67,false
read,0.37,key_13,74,false
read,0.31,key_7,63,false
read,0.31,key_4,69,false
read,0.55,key_17,63,false
read,0.39,key_16,83,false
read,0.29,key_1,73,false
read,0.36,key_19,76,false
read,0.33,key_12,62,false
read,0.27,key_17,63,false
read,0.26,key_17,63,false
read,0.31,key_15,64,false
read,0.27,key_14,63,false
read,0.26,key_14,63,false
read,0.26,key_3,69,false
read,0.32,key_12,62,false
read,0.28,key_9,63,false
read,0.32,key_10,63,false
read,0.32,key_10,63,false
read,0.26,key_11,67,false
write,315.00,key_3,69,false
write,312.00,key_9,64,false
read,0.62,key_6,59,false
read,0.69,key_7,63,false
read,0.53,key_16,83,false
read,0.41,key_5,71,false
read,0.48,key_15,63,false
read,0.50,key_17,63,false
read,0.45,key_15,63,false
read,0.43,key_1,72,false
read,0.42,key_7,63,false
read,0.41,key_15,63,false
read,0.67,key_3,69,false
read,0.44,key_2,77,false
read,0.65,key_14,63,false
read,2.72,key_18,67,false
read,0.49,key_16,83,false
read,0.50,key_14,63,false
read,0.37,key_4,69,false
read,0.44,key_2,77,false
read,0.37,key_2,77,false
read,0.36,key_6,59,false
read,0.35,key_18,67,false
read,0.37,key_19,76,false
read,0.43,key_1,72,false
read,0.34,key_6,59,false
read,0.34,key_2,78,false
read,0.42,key_17,63,false
read,0.39,key_9,65,false
write,306.17,key_1,73,false
read,0.84,key_7,63,false
read,0.73,key_6,59,false
read,0.61,key_7,63,false
read,0.82,key_15,63,false
read,2.42,key_14,64,false
read,0.44,key_15,63,false
read,0.51,key_17,63,false
read,0.48,key_6,59,false
read,0.46,key_2,78,false
read,0.45,key_10,62,true
read,0.46,key_14,63,false
read,0.50,key_7,63,false
read,0.63,key_0,63,false
read,0.49,key_16,83,false
write,306.40,key_7,64,false
read,0.47,key_4,69,false
read,0.47,key_12,62,false
read,0.80,key_0,63,false
read,0.45,key_5,71,false
read,0.55,key_0,63,false
read,0.57,key_4,69,false
read,0.53,key_2,77,false
read,0.65,key_4,69,false
read,0.48,key_13,74,false
read,0.49,key_1,73,false
read,0.45,key_5,71,false
read,0.43,key_2,77,false
read,0.34,key_14,63,false
read,0.49,key_19,76,false
read,0.44,key_0,63,false
read,0.45,key_15,63,false
read,0.40,key_0,63,false
read,0.41,key_6,59,false
read,0.42,key_15,63,false
write,306.80,key_15,64,false
read,0.69,key_2,77,false
read,0.70,key_14,63,false
write,305.73,key_19,77,false
read,0.66,key_5,71,false
read,0.55,key_13,74,false
read,0.60,key_8,74,false
read,0.60,key_19,77,false
read,0.54,key_3,69,false
read,1.03,key_7,64,false
read,1.69,key_10,63,false
read,0.80,key_18,67,false
read,0.55,key_7,64,false
read,0.67,key_18,67,false
write,308.92,key_2,78,false
read,0.63,key_10,62,true
read,0.73,key_11,67,false
read,0.68,key_17,63,false
read,0.84,key_8,74,false
read,0.82,key_6,59,false
read,0.58,key_8,74,false
read,0.75,key_2,78,false
read,0.79,key_7,64,false
read,0.87,key_0,63,false
read,1.19,key_11,67,false
write,308.60,key_19,77,false
read,0.64,key_17,63,false
read,1.06,key_3,69,false
read,0.88,key_6,59,false
read,0.77,key_5,71,false
read,0.55,key_5,71,false
read,5.73,key_13,74,false
write,308.17,key_10,63,false
read,5.88,key_7,64,false
read,1.83,key_15,64,false
read,1.75,key_8,74,false
read,7.99,key_6,59,false
read,9.87,key_4,69,false
read,8.17,key_4,69,false
read,1.09,key_12,62,false
read,1.04,key_10,63,false
read,1.06,key_5,71,false
read,0.76,key_10,64,false
read,0.77,key_14,63,false
read,0.85,key_12,62,false
read,0.57,key_16,84,false
read,0.84,key_12,62,false
read,0.94,key_13,74,false
read,0.86,key_3,69,false
read,1.09,key_16,84,false
read,0.71,key_17,63,false
read,0.76,key_9,64,false
read,0.88,key_18,67,false
read,0.54,key_1,73,false
write,310.05,key_9,65,false
read,0.55,key_2,78,false
read,0.45,key_0,63,false
read,0.55,key_16,84,false
read,0.50,key_6,59,false
read,0.44,key_10,63,false
read,0.37,key_10,63,false
read,0.40,key_11,67,false
read,0.43,key_17,63,false
read,0.44,key_16,84,false
read,0.41,key_12,62,false
read,0.47,key_14,63,false
read,0.45,key_2,78,false
read,0.47,key_18,67,false
read,0.71,key_12,62,false
read,0.63,key_13,74,false
read,0.68,key_15,64,false
read,3.37,key_18,67,false
read,0.50,key_19,77,false
read,0.50,key_7,64,false
read,0.39,key_3,69,false
read,0.37,key_13,74,false
read,0.41,key_13,74,false
read,0.40,key_9,65,false
write,305.82,key_14,64,false
read,0.78,key_17,63,false
read,0.63,key_16,83,false
read,0.54,key_15,64,false
read,0.60,key_17,63,false
write,305.44,key_10,64,false
read,0.60,key_10,65,false
read,0.55,key_1,73,false
read,0.50,key_16,83,false
read,0.48,key_10,64,false
read,2.63,key_5,71,false
read,0.60,key_10,64,false
write,306.19,key_16,84,false
read,0.68,key_11,67,false
read,0.63,key_5,71,false
read,0.50,key_10,64,false
read,0.52,key_19,77,false
read,1.04,key_4,69,false
read,0.90,key_18,67,false
read,0.60,key_13,74,false
read,0.57,key_4,70,false
read,0.59,key_6,59,false
read,0.55,key_12,62,false
write,305.95,key_16,84,false
read,0.79,key_5,71,false
read,0.71,key_11,67,false
read,0.95,key_18,67,false
read,0.74,key_14,64,false
read,0.83,key_2,79,false
read,0.87,key_1,73,false
read,0.68,key_17,63,false
read,0.51,key_0,63,false
read,0.64,key_0,63,false
read,0.49,key_11,67,false
read,0.51,key_2,78,false
read,0.50,key_12,62,false
read,0.44,key_3,69,false
read,0.52,key_5,71,false
read,0.48,key_19,77,false
write,311.72,key_0,64,false
write,307.28,key_8,75,false
read,0.84,key_10,64,false
read,0.80,key_17,63,false
read,1.13,key_7,65,false
read,0.88,key_4,69,false
read,1.04,key_6,59,false
read,1.70,key_13,74,false
read,1.15,key_14,64,false
read,0.93,key_9,65,false
read,0.98,key_19,77,false
read,0.84,key_6,59,false
read,0.91,key_0,64,false
read,1.22,key_11,67,false
read,0.85,key_6,59,false
read,0.57,key_5,71,false
read,0.67,key_11,67,false
write,304.93,key_4,70,false
write,307.27,key_10,65,false
write,304.19,key_4,70,false
read,1.04,key_18,67,false
read,1.09,key_8,75,false
read,1.25,key_13,74,false
read,0.84,key_3,69,false
read,0.82,key_2,78,false
read,0.75,key_13,74,false
read,0.70,key_17,63,false
read,0.57,key_10,65,false
read,2.22,key_0,64,false
read,0.55,key_16,84,false
read,0.46,key_13,74,false
read,0.48,key_18,67,false
read,0.47,key_4,70,false
read,0.53,key_0,64,false
read,0.53,key_19,77,false
read,0.55,key_19,77,false
read,0.47,key_11,67,false
read,0.53,key_18,67,false
read,0.45,key_13,74,false
write,305.92,key_2,79,false
write,307.63,key_16,85,false
read,2.29,key_10,65,false
write,306.26,key_16,86,false
read,0.70,key_13,74,false
read,0.63,key_9,65,false
read,0.51,key_4,70,false
read,0.69,key_6,59,false
write,307.82,key_7,65,false
read,0.73,key_10,65,false
read,0.59,key_17,63,false
read,1.79,key_5,71,false
read,0.73,key_11,67,false
read,2.44,key_1,73,false
write,305.05,key_6,60,false
read,2.29,key_6,60,false
read,0.46,key_16,86,false
read,0.35,key_5,71,false
read,0.41,key_17,63,false
read,1.11,key_3,69,false
read,0.90,key_7,65,false
read,0.61,key_6,60,false
read,0.62,key_18,68,false
read,0.43,key_6,60,false
read,0.46,key_19,78,false
read,0.32,key_6,60,false
read,0.49,key_16,84,true
read,0.45,key_4,70,false
read,0.55,key_0,64,false
read,0.41,key_19,77,false
read,0.35,key_8,75,false
read,0.41,key_4,70,false
read,0.40,key_1,73,false
read,0.61,key_19,78,false
read,0.39,key_2,79,false
write,310.53,key_9,66,false
write,307.82,key_2,79,false
read,0.50,key_6,60,false
read,0.53,key_13,74,false
read,0.42,key_8,75,false
read,1.17,key_14,64,false
read,1.69,key_12,63,false
read,0.93,key_11,67,false
read,1.87,key_18,67,false
read,1.11,key_5,71,false
read,1.79,key_16,86,false
read,0.42,key_9,66,false
read,0.36,key_3,69,false
read,0.29,key_17,63,false
read,0.30,key_14,64,false
read,0.30,key_8,75,false
read,0.34,key_16,86,false
read,0.44,key_18,68,false
read,0.32,key_4,70,false
read,1.12,key_15,65,false
read,0.40,key_9,66,false
write,305.22,key_3,70,false
read,0.66,key_17,63,false
write,304.89,key_11,68,false
read,0.51,key_16,86,false
read,0.53,key_19,77,false
read,0.64,key_14,64,false
read,0.64,key_0,64,false
read,0.73,key_7,65,false
read,0.68,key_5,71,false
read,0.55,key_16,84,true
read,0.55,key_2,79,false
read,0.38,key_13,74,false
read,0.39,key_1,73,false
read,0.35,key_11,68,false
read,0.33,key_19,77,false
read,0.73,key_4,70,false
read,0.42,key_15,64,false
read,0.40,key_3,70,false
read,0.39,key_15,64,false
read,0.48,key_17,63,false
read,0.30,key_5,71,false
read,0.28,key_7,65,false
read,0.27,key_10,66,false
read,0.34,key_5,71,false
read,0.24,key_5,71,false
read,0.60,key_9,66,false
read,0.29,key_19,78,false
read,0.75,key_12,64,false
write,303.74,key_19,78,false
read,0.41,key_12,64,false
read,0.40,key_19,78,false
read,0.38,key_1,73,false
read,0.55,key_13,74,false
read,0.78,key_16,86,false
read,0.62,key_7,65,false
read,0.51,key_15,64,false
read,0.35,key_7,65,false
read,0.40,key_11,68,false
read,0.34,key_19,78,false
read,0.28,key_2,79,false
read,0.30,key_9,66,false
read,0.29,key_15,64,false
read,0.35,key_18,68,false
read,0.33,key_3,70,false
read,0.33,key_13,74,false
read,0.30,key_12,62,false
read,0.30,key_12,62,false
read,0.33,key_19,78,false
read,0.29,key_3,70,false
write,308.78,key_18,68,false
read,0.40,key_10,65,false
read,0.27,key_15,65,false
write,303.31,key_18,68,false
read,1.00,key_7,65,false
read,0.64,key_7,65,false
read,0.54,key_14,64,false
read,0.39,key_7,65,false
read,0.48,key_6,60,false
write,310.26,key_3,71,false
read,0.41,key_16,86,false
write,304.51,key_10,66,false
read,1.10,key_17,63,false
read,0.88,key_19,78,false
read,3.84,key_0,64,false
write,304.94,key_12,63,false
read,0.51,key_17,63,false
read,0.33,key_10,66,false
read,0.38,key_10,66,false
read,0.27,key_19,78,false
read,0.30,key_3,72,false
read,0.52,key_13,74,false
read,0.22,key_15,65,false
read,1.41,key_0,64,false
write,306.96,key_15,65,false
read,1.16,key_8,75,false
read,2.41,key_1,73,false
read,0.85,key_9,66,false
write,303.70,key_17,64,false
read,0.36,key_6,60,false
read,0.76,key_17,64,false
read,0.56,key_13,74,false
read,0.35,key_9,66,false
read,0.42,key_12,63,false
read,0.34,key_19,78,false
read,0.47,key_3,71,false
read,0.86,key_6,60,false
read,0.38,key_8,76,false
read,0.47,key_10,66,false
read,0.65,key_8,75,false
write,304.43,key_12,64,false
read,0.35,key_5,71,false
read,0.75,key_6,60,false
read,0.68,key_13,74,false
read,0.65,key_4,70,false
read,0.36,key_12,64,false
read,0.28,key_1,73,false
write,304.56,key_8,76,false
read,0.36,key_17,64,false
read,0.26,key_8,76,false
read,0.28,key_12,64,false
read,0.23,key_17,64,false
read,0.27,key_2,79,false
read,0.28,key_1,73,false
read,0.32,key_8,76,false
read,0.29,key_17,64,false
read,0.28,key_4,70,false
read,0.23,key_10,66,false
read,0.26,key_11,68,false
read,1.17,key_7,65,false
read,0.22,key_18,68,false
read,0.21,key_1,73,false
read,0.26,key_8,76,false
write,306.38,key_3,71,false
write,305.08,key_14,65,false
read,0.49,key_0,64,false
read,0.44,key_13,75,false
read,2.77,key_15,65,false
write,308.61,key_15,65,false
read,0.36,key_1,73,false
read,0.30,key_3,71,false
read,0.22,key_12,64,false
read,0.28,key_10,66,false
write,305.23,key_3,72,false
read,0.41,key_14,65,false
write,305.57,key_5,72,false
read,1.90,key_15,65,false
write,305.23,key_16,85,false
read,0.55,key_1,73,false
read,0.55,key_10,66,false
read,0.52,key_13,74,false
read,1.86,key_13,74,false
read,0.35,key_19,78,false
read,0.32,key_4,70,false
read,0.37,key_14,66,false
read,0.34,key_5,72,false
read,0.28,key_6,60,false
read,0.36,key_10,66,false
read,0.38,key_4,70,false
read,0.34,key_18,69,false
write,305.62,key_2,80,false
write,306.40,key_12,65,false
write,304.17,key_18,69,false
write,306.03,key_18,69,false
write,304.52,key_13,75,false
write,306.14,key_14,66,false
write,306.69,key_16,87,false
write,304.44,key_16,87,false
write,313.44,key_1,74,false
write,305.57,key_7,66,false
