type,latency_ms,key,version,stale
write,18.62,key_6,2,false
write,18.66,key_9,1,false
read,71.32,key_15,3,false
read,71.51,key_7,2,false
read,71.49,key_13,2,false
read,71.48,key_1,3,false
read,71.65,key_9,1,false
read,71.73,key_7,2,false
read,71.76,key_0,1,false
read,73.40,key_0,1,false
read,55.27,key_14,4,false
read,55.44,key_12,4,false
write,0.93,key_6,3,false
read,56.98,key_8,2,false
read,56.95,key_6,3,false
read,56.91,key_16,4,false
read,57.13,key_2,1,false
read,57.33,key_1,3,false
read,54.72,key_0,1,false
read,57.11,key_7,2,false
read,57.42,key_5,0,false
read,55.43,key_9,1,false
read,56.43,key_6,3,false
write,3.22,key_10,5,false
write,9.33,key_10,6,false
read,54.25,key_18,2,false
read,54.48,key_11,4,false
read,54.59,key_8,2,false
read,54.65,key_1,3,false
read,54.49,key_14,4,false
read,58.87,key_10,5,true
read,63.34,key_2,1,false
read,66.51,key_1,3,false
read,63.80,key_1,3,false
read,62.46,key_14,4,false
write,0.75,key_5,1,false
read,51.58,key_3,7,false
read,51.62,key_6,3,false
read,51.67,key_14,4,false
read,51.66,key_14,4,false
read,51.76,key_17,5,false
read,52.16,key_1,3,false
read,51.15,key_1,3,false
read,51.16,key_3,7,false
read,51.92,key_12,4,false
read,53.68,key_0,1,false
read,53.91,key_18,2,false
read,53.90,key_7,2,false
read,53.93,key_5,1,false
read,53.98,key_2,1,false
read,54.02,key_12,4,false
read,53.30,key_10,6,false
read,52.24,key_2,1,false
read,51.53,key_14,4,false
read,53.85,key_4,3,false
read,51.93,key_17,5,false
read,52.81,key_17,5,false
read,52.78,key_12,4,false
read,52.73,key_7,2,false
read,52.74,key_10,6,false
read,52.70,key_12,4,false
read,53.19,key_0,1,false
read,52.48,key_12,4,false
read,52.48,key_15,3,false
write,0.94,key_9,2,false
read,53.02,key_9,2,false
read,53.88,key_10,6,false
read,53.27,key_0,1,false
read,53.26,key_16,4,false
write,1.21,key_7,3,false
read,56.57,key_7,3,false
read,56.74,key_17,5,false
read,56.76,key_13,2,false
read,52.44,key_4,3,false
read,52.08,key_5,1,false
read,52.25,key_6,3,false
read,54.21,key_4,3,false
read,52.19,key_14,4,false
read,51.90,key_0,1,false
read,52.23,key_1,3,false
read,54.64,key_19,2,false
read,56.53,key_19,2,false
read,57.79,key_12,4,false
read,57.75,key_18,2,false
read,53.15,key_19,2,false
write,1.61,key_3,8,false
read,54.66,key_11,4,false
read,51.70,key_1,3,false
write,0.97,key_14,5,false
read,53.35,key_11,4,false
read,52.29,key_13,2,false
read,52.31,key_5,1,false
read,52.18,key_3,8,false
read,52.63,key_6,3,false
read,52.47,key_19,2,false
read,53.94,key_14,5,false
read,51.72,key_3,8,false
read,56.54,key_16,4,false
read,53.34,key_11,4,false
read,53.35,key_1,3,false
read,53.32,key_8,2,false
read,52.31,key_10,6,false
read,53.84,key_17,5,false
read,53.95,key_17,5,false
write,1.39,key_12,5,false
read,53.14,key_12,5,false
read,53.46,key_11,4,false
read,51.91,key_3,8,false
read,52.56,key_19,2,false
read,52.56,key_9,2,false
write,0.65,key_12,6,false
read,54.46,key_16,4,false
read,52.65,key_4,3,false
read,53.11,key_17,5,false
read,56.47,key_13,2,false
read,54.49,key_3,8,false
read,52.03,key_6,3,false
read,52.10,key_3,8,false
read,52.11,key_16,4,false
read,56.54,key_1,3,false
read,55.62,key_19,2,false
read,52.51,key_13,2,false
read,53.14,key_15,3,false
read,53.18,key_11,4,false
read,51.96,key_11,4,false
read,52.38,key_5,1,false
write,2.89,key_8,3,false
read,52.54,key_17,5,false
read,53.84,key_14,5,false
read,54.39,key_16,4,false
read,53.10,key_6,3,false
read,52.33,key_14,5,false
read,52.59,key_11,4,false
read,52.51,key_17,5,false
write,1.39,key_16,5,false
read,54.31,key_16,4,true
read,52.32,key_3,8,false
write,1.80,key_11,5,false
read,52.99,key_3,8,false
read,52.82,key_8,3,false
read,55.77,key_15,3,false
read,53.15,key_16,5,false
read,55.45,key_5,1,false
read,53.70,key_0,1,false
read,53.73,key_0,1,false
read,53.81,key_1,3,false
read,54.15,key_19,2,false
read,55.68,key_12,6,false
read,53.79,key_2,1,false
read,54.01,key_19,2,false
read,53.14,key_3,8,false
read,53.51,key_5,1,false
read,53.32,key_19,2,false
read,53.14,key_3,8,false
write,0.61,key_8,4,false
read,51.97,key_18,2,false
read,54.65,key_18,2,false
read,52.24,key_7,3,false
read,52.24,key_19,2,false
read,56.53,key_4,3,false
read,52.51,key_12,6,false
write,0.87,key_3,9,false
read,53.03,key_3,9,false
read,52.09,key_0,1,false
write,0.79,key_10,7,false
read,56.33,key_12,6,false
read,56.58,key_7,3,false
read,53.02,key_2,1,false
read,52.40,key_11,5,false
read,52.22,key_15,3,false
read,52.24,key_1,3,false
read,55.39,key_0,1,false
read,53.97,key_6,3,false
read,51.79,key_11,5,false
read,51.20,key_19,2,false
read,51.91,key_11,5,false
read,51.96,key_2,1,false
read,52.16,key_16,5,false
read,52.30,key_13,2,false
read,54.59,key_18,2,false
read,51.95,key_7,3,false
read,54.64,key_4,3,false
read,73.87,key_1,3,false
read,77.66,key_14,5,false
read,72.31,key_10,7,false
read,80.55,key_13,2,false
read,79.53,key_16,5,false
read,74.03,key_0,1,false
read,52.86,key_5,1,false
read,52.95,key_7,3,false
read,52.96,key_1,3,false
read,54.48,key_6,3,false
read,53.43,key_18,2,false
read,53.36,key_0,1,false
read,53.39,key_11,5,false
read,53.47,key_3,9,false
read,53.53,key_15,3,false
read,55.98,key_1,3,false
read,55.16,key_14,5,false
read,52.33,key_16,5,false
read,53.09,key_14,5,false
read,51.56,key_3,9,false
read,54.68,key_9,2,false
read,54.79,key_15,3,false
read,54.74,key_13,2,false
read,54.69,key_17,5,false
read,52.86,key_5,1,false
read,57.20,key_5,1,false
write,1.63,key_7,4,false
write,4.25,key_16,6,false
write,4.41,key_6,4,false
write,1.13,key_1,4,false
read,54.24,key_18,2,false
read,52.43,key_6,3,true
read,54.07,key_5,1,false
read,55.19,key_16,6,false
read,53.55,key_13,2,false
read,54.38,key_5,1,false
read,54.59,key_14,5,false
read,52.04,key_0,1,false
read,52.23,key_10,7,false
read,52.38,key_8,4,false
read,54.03,key_6,4,false
read,53.96,key_8,4,false
read,52.37,key_16,6,false
read,52.01,key_1,4,false
read,52.23,key_7,4,false
read,52.43,key_10,7,false
read,52.49,key_7,4,false
read,52.25,key_8,4,false
read,53.81,key_1,4,false
read,54.04,key_7,4,false
read,52.50,key_11,5,false
read,52.55,key_3,9,false
read,52.55,key_10,7,false
read,54.26,key_6,4,false
read,53.74,key_0,1,false
read,53.74,key_11,5,false
read,53.74,key_10,7,false
read,54.02,key_8,4,false
read,52.55,key_2,1,false
read,54.89,key_1,4,false
write,2.98,key_17,6,false
read,53.07,key_17,6,false
read,53.10,key_18,2,false
read,53.09,key_13,2,false
read,52.48,key_11,5,false
read,53.88,key_13,2,false
read,53.88,key_15,3,false
read,55.25,key_16,6,false
read,52.35,key_19,2,false
read,52.18,key_18,2,false
read,51.92,key_4,3,false
read,52.02,key_2,1,false
read,52.12,key_9,2,false
read,52.68,key_1,4,false
read,51.76,key_10,7,false
write,0.85,key_9,3,false
write,0.56,key_6,5,false
read,52.62,key_0,1,false
read,52.43,key_2,1,false
read,52.86,key_8,4,false
read,56.27,key_6,5,false
read,56.27,key_10,7,false
read,55.91,key_12,6,false
write,2.21,key_4,4,false
read,52.72,key_3,9,false
read,52.72,key_4,3,true
read,52.80,key_18,2,false
read,51.76,key_1,4,false
read,52.42,key_8,4,false
read,52.66,key_5,1,false
read,52.61,key_8,4,false
read,56.45,key_18,2,false
write,0.71,key_19,3,false
read,56.96,key_9,3,false
read,52.68,key_2,1,false
read,51.64,key_10,7,false
read,52.60,key_17,6,false
read,51.87,key_5,1,false
read,54.95,key_2,1,false
read,51.93,key_4,4,false
read,52.23,key_15,3,false
read,52.77,key_13,2,false
read,52.48,key_16,6,false
write,0.94,key_8,5,false
read,52.47,key_9,3,false
read,55.71,key_13,2,false
read,52.69,key_11,5,false
read,52.95,key_4,4,false
read,53.98,key_2,1,false
write,2.57,key_2,2,false
read,55.14,key_15,3,false
read,52.85,key_1,4,false
read,53.30,key_12,6,false
read,52.49,key_10,7,false
read,52.94,key_3,9,false
read,52.69,key_4,4,false
read,52.07,key_18,2,false
read,51.93,key_16,6,false
read,64.67,key_19,3,false
read,52.75,key_18,2,false
read,52.63,key_10,7,false
read,53.13,key_17,6,false
read,52.51,key_8,5,false
read,55.77,key_19,3,false
read,52.40,key_16,6,false
read,56.11,key_11,5,false
read,53.22,key_6,5,false
read,54.45,key_3,9,false
read,55.12,key_12,6,false
read,52.05,key_18,2,false
read,54.56,key_3,9,false
read,52.78,key_8,5,false
read,54.23,key_7,4,false
read,52.60,key_13,2,false
read,52.98,key_13,2,false
read,53.16,key_12,6,false
read,51.80,key_8,5,false
read,52.27,key_12,6,false
read,53.26,key_4,4,false
read,53.00,key_15,3,false
write,2.77,key_1,5,false
read,56.34,key_19,3,false
read,53.04,key_8,5,false
read,56.31,key_12,6,false
read,52.19,key_10,7,false
read,52.60,key_11,5,false
read,52.82,key_13,2,false
read,53.47,key_7,4,false
write,0.70,key_1,6,false
read,52.78,key_2,2,false
read,54.04,key_16,6,false
write,0.63,key_2,3,false
read,54.47,key_14,5,false
write,0.52,key_7,5,false
read,53.79,key_13,2,false
read,53.21,key_0,1,false
read,51.68,key_17,6,false
read,52.38,key_15,3,false
read,52.86,key_2,3,false
read,52.98,key_10,7,false
read,52.09,key_13,2,false
read,53.06,key_6,5,false
write,2.90,key_14,6,false
read,53.06,key_15,3,false
read,56.55,key_8,5,false
read,52.98,key_2,3,false
write,0.73,key_13,3,false
read,52.70,key_17,6,false
read,52.55,key_3,9,false
read,53.25,key_18,2,false
read,51.83,key_7,5,false
read,53.07,key_7,5,false
read,51.75,key_19,3,false
read,52.16,key_8,5,false
read,55.42,key_14,6,false
read,53.10,key_1,6,false
read,56.31,key_18,2,false
read,52.88,key_7,5,false
write,0.63,key_13,4,false
read,55.26,key_3,9,false
read,52.11,key_6,5,false
read,51.56,key_17,6,false
read,52.90,key_18,2,false
read,51.52,key_17,6,false
read,52.81,key_15,3,false
read,52.52,key_9,3,false
read,56.07,key_16,6,false
read,51.83,key_8,5,false
read,52.69,key_11,5,false
read,54.84,key_8,5,false
read,51.76,key_0,1,false
read,55.64,key_7,5,false
read,53.04,key_0,1,false
write,0.92,key_17,7,false
read,55.14,key_12,6,false
read,51.97,key_15,3,false
read,52.95,key_1,6,false
read,53.26,key_15,3,false
read,54.12,key_18,2,false
read,57.14,key_9,3,false
read,53.83,key_12,6,false
read,52.47,key_1,6,false
read,52.52,key_6,5,false
write,1.91,key_3,10,false
read,52.02,key_1,6,false
write,1.14,key_10,8,false
read,53.48,key_14,6,false
read,54.43,key_10,7,true
read,54.61,key_17,7,false
read,52.06,key_14,6,false
read,53.17,key_18,2,false
read,52.77,key_8,5,false
read,56.75,key_7,5,false
read,54.25,key_13,4,false
read,52.39,key_10,8,false
read,53.77,key_7,5,false
read,52.42,key_15,3,false
read,52.55,key_4,4,false
read,59.71,key_17,7,false
read,53.39,key_17,7,false
read,51.65,key_11,5,false
write,0.75,key_18,3,false
read,52.64,key_8,5,false
read,57.85,key_10,8,false
read,57.83,key_5,1,false
read,58.19,key_2,3,false
read,60.52,key_10,8,false
read,51.97,key_10,8,false
read,55.86,key_1,6,false
read,52.78,key_9,3,false
read,52.94,key_18,3,false
read,53.01,key_6,5,false
read,52.58,key_3,10,false
read,51.38,key_1,6,false
read,54.19,key_3,10,false
read,51.70,key_16,6,false
read,54.48,key_17,7,false
read,54.07,key_16,6,false
read,51.50,key_12,6,false
read,52.95,key_8,5,false
read,54.85,key_8,5,false
read,52.00,key_18,3,false
read,55.20,key_18,3,false
read,52.98,key_0,1,false
read,52.69,key_12,6,false
read,52.98,key_6,5,false
read,52.99,key_13,4,false
read,52.10,key_10,8,false
read,52.61,key_12,6,false
read,53.00,key_1,6,false
read,51.97,key_11,5,false
read,55.08,key_8,5,false
read,53.92,key_17,7,false
read,54.01,key_8,5,false
read,53.94,key_0,1,false
read,54.11,key_4,4,false
read,55.29,key_12,6,false
read,52.18,key_11,5,false
read,51.95,key_2,3,false
write,2.83,key_13,5,false
read,51.84,key_11,5,false
read,51.98,key_5,1,false
write,0.71,key_4,5,false
read,54.84,key_14,6,false
read,54.61,key_11,5,false
read,52.91,key_6,5,false
read,54.16,key_7,5,false
read,54.28,key_12,6,false
write,1.19,key_12,7,false
read,56.11,key_11,5,false
write,0.67,key_11,6,false
read,51.40,key_13,5,false
read,53.15,key_17,7,false
read,51.73,key_9,3,false
read,51.83,key_15,3,false
read,52.62,key_16,6,false
read,54.18,key_10,8,false
read,60.34,key_19,3,false
read,57.09,key_2,3,false
read,57.19,key_8,5,false
read,56.03,key_13,5,false
read,53.68,key_5,1,false
read,55.43,key_15,3,false
read,53.45,key_9,3,false
read,53.45,key_12,7,false
read,53.46,key_14,6,false
read,53.56,key_18,3,false
read,53.45,key_19,3,false
read,53.35,key_18,3,false
read,54.07,key_13,5,false
read,53.61,key_8,5,false
read,55.58,key_11,6,false
read,52.87,key_15,3,false
read,53.11,key_2,3,false
read,53.12,key_7,5,false
read,54.62,key_10,8,false
read,54.00,key_14,6,false
read,53.97,key_2,3,false
read,52.52,key_5,1,false
read,54.08,key_19,3,false
read,53.97,key_13,5,false
read,53.94,key_4,5,false
write,3.48,key_19,4,false
read,53.10,key_14,6,false
read,51.39,key_1,6,false
read,53.00,key_15,3,false
read,53.00,key_9,3,false
read,55.98,key_0,1,false
read,59.36,key_4,5,false
read,55.83,key_9,3,false
read,59.47,key_12,7,false
read,59.53,key_0,1,false
read,59.41,key_16,6,false
read,59.26,key_6,5,false
write,1.84,key_2,4,false
read,53.41,key_16,6,false
read,54.19,key_6,5,false
read,54.45,key_8,5,false
write,1.00,key_17,8,false
read,55.81,key_17,8,false
read,56.03,key_17,8,false
read,56.11,key_16,6,false
read,56.31,key_14,6,false
read,57.25,key_17,7,true
read,57.29,key_10,8,false
read,55.50,key_10,8,false
read,54.53,key_17,8,false
read,53.90,key_1,6,false
read,56.20,key_4,5,false
read,56.51,key_0,1,false
read,55.30,key_10,8,false
read,56.60,key_0,1,false
read,56.35,key_7,5,false
read,54.33,key_3,10,false
read,54.63,key_18,3,false
read,56.64,key_7,5,false
write,4.51,key_6,6,false
read,60.00,key_6,5,true
read,59.88,key_13,5,false
read,60.92,key_0,1,false
read,55.67,key_2,4,false
read,55.64,key_7,5,false
read,55.58,key_7,5,false
read,67.51,key_4,5,false
read,67.76,key_7,5,false
read,62.41,key_8,5,false
read,67.85,key_1,6,false
read,63.42,key_17,8,false
read,62.42,key_7,5,false
read,62.57,key_19,4,false
read,57.00,key_3,10,false
read,57.00,key_5,1,false
read,53.72,key_13,5,false
read,53.67,key_2,4,false
read,53.60,key_13,5,false
read,55.27,key_11,6,false
read,55.96,key_11,6,false
read,55.65,key_15,3,false
read,68.47,key_12,7,false
read,56.17,key_3,10,false
write,1.00,key_5,2,false
write,1.04,key_6,7,false
read,52.82,key_19,4,false
read,57.34,key_12,7,false
read,53.71,key_8,5,false
read,53.71,key_7,5,false
read,54.20,key_3,10,false
read,52.57,key_2,4,false
read,53.43,key_7,5,false
read,52.92,key_12,7,false
read,52.78,key_18,3,false
read,56.52,key_17,8,false
read,53.37,key_17,8,false
read,52.82,key_12,7,false
read,52.64,key_14,6,false
read,54.18,key_14,6,false
read,54.11,key_0,1,false
read,54.65,key_2,4,false
read,52.43,key_6,7,false
read,52.79,key_4,5,false
read,53.53,key_2,4,false
read,51.82,key_13,5,false
read,53.60,key_4,5,false
read,57.53,key_14,6,false
read,54.19,key_7,5,false
read,53.35,key_6,7,false
read,53.91,key_3,10,false
read,53.81,key_13,5,false
read,53.86,key_9,3,false
read,53.95,key_3,10,false
read,54.71,key_6,7,false
read,53.28,key_17,8,false
write,3.46,key_12,8,false
read,57.73,key_18,3,false
read,57.78,key_6,7,false
read,53.71,key_15,3,false
read,53.75,key_13,5,false
read,54.03,key_19,4,false
read,54.05,key_18,3,false
read,55.17,key_5,2,false
read,55.41,key_8,5,false
read,52.54,key_17,8,false
read,54.28,key_1,6,false
read,53.74,key_3,10,false
read,54.82,key_16,6,false
read,58.20,key_15,3,false
read,56.78,key_17,8,false
read,58.04,key_0,1,false
read,56.49,key_4,5,false
read,58.80,key_0,1,false
read,57.30,key_19,4,false
read,58.72,key_17,8,false
read,55.76,key_16,6,false
write,1.40,key_9,4,false
read,58.67,key_2,4,false
read,59.81,key_5,2,false
read,53.79,key_3,10,false
read,55.71,key_4,5,false
read,56.03,key_4,5,false
read,56.14,key_17,8,false
read,54.68,key_8,5,false
read,56.88,key_1,6,false
read,56.46,key_15,3,false
read,57.20,key_7,5,false
read,55.57,key_0,1,false
read,55.64,key_12,8,false
read,55.38,key_10,8,false
read,55.98,key_9,4,false
read,55.30,key_14,6,false
read,55.28,key_17,8,false
read,59.10,key_8,5,false
read,61.08,key_15,3,false
read,58.17,key_11,6,false
read,55.94,key_11,6,false
write,1.74,key_16,7,false
read,54.16,key_10,8,false
read,54.20,key_13,5,false
read,54.22,key_13,5,false
read,54.29,key_4,5,false
read,54.22,key_12,8,false
read,54.32,key_15,3,false
read,54.42,key_5,2,false
read,54.68,key_0,1,false
read,53.57,key_15,3,false
read,55.22,key_12,8,false
write,2.23,key_5,3,false
read,57.37,key_17,8,false
read,57.65,key_9,4,false
read,57.54,key_1,6,false
read,56.62,key_8,5,false
read,56.69,key_5,3,false
read,57.68,key_7,5,false
read,57.66,key_0,1,false
read,57.90,key_17,8,false
read,57.51,key_4,5,false
read,56.00,key_1,6,false
read,57.78,key_1,6,false
read,57.77,key_2,4,false
read,57.79,key_13,5,false
read,57.81,key_3,10,false
read,57.95,key_6,7,false
read,57.83,key_19,4,false
read,57.96,key_11,6,false
read,57.51,key_15,3,false
read,58.27,key_7,5,false
read,58.41,key_10,8,false
read,56.01,key_4,5,false
read,56.20,key_11,6,false
read,56.26,key_15,3,false
read,55.76,key_8,5,false
read,56.03,key_15,3,false
read,56.20,key_4,5,false
read,56.26,key_4,5,false
read,56.43,key_4,5,false
read,57.54,key_9,4,false
read,58.85,key_4,5,false
write,0.85,key_11,7,false
write,3.94,key_11,8,false
read,53.84,key_19,4,false
read,55.29,key_4,5,false
read,55.33,key_18,3,false
read,55.42,key_17,8,false
read,56.08,key_15,3,false
read,55.85,key_11,8,false
read,56.23,key_8,5,false
read,56.20,key_8,5,false
read,55.09,key_16,7,false
read,55.60,key_2,4,false
read,54.92,key_0,1,false
read,54.12,key_6,7,false
read,54.97,key_9,4,false
read,54.23,key_5,3,false
read,54.96,key_19,4,false
read,54.88,key_11,8,false
read,53.85,key_1,6,false
read,57.22,key_8,5,false
read,53.87,key_17,8,false
read,57.15,key_15,3,false
read,53.68,key_16,7,false
read,56.77,key_11,8,false
read,56.77,key_11,8,false
read,56.82,key_6,7,false
read,56.93,key_8,5,false
read,53.97,key_18,3,false
read,56.93,key_10,8,false
read,56.94,key_10,8,false
write,2.38,key_13,6,false
read,56.41,key_14,6,false
write,2.56,key_19,5,false
read,57.06,key_7,5,false
read,54.34,key_7,5,false
read,54.12,key_8,5,false
read,55.20,key_14,6,false
read,55.15,key_12,8,false
read,53.20,key_10,8,false
read,53.19,key_2,4,false
read,53.17,key_0,1,false
read,62.25,key_17,8,false
read,59.19,key_3,10,false
read,62.37,key_0,1,false
read,52.58,key_15,3,false
read,54.02,key_6,7,false
read,53.49,key_14,6,false
read,53.52,key_14,6,false
read,54.16,key_14,6,false
read,57.20,key_1,6,false
read,56.87,key_16,7,false
read,52.11,key_3,10,false
read,52.04,key_4,5,false
read,52.54,key_18,3,false
read,53.63,key_18,3,false
read,53.76,key_19,5,false
read,53.89,key_16,7,false
read,53.92,key_9,4,false
read,53.91,key_8,5,false
write,1.83,key_6,8,false
read,53.51,key_12,8,false
read,54.92,key_5,3,false
read,52.10,key_5,3,false
read,52.20,key_0,1,false
write,1.17,key_4,6,false
read,55.11,key_6,8,false
read,54.18,key_8,5,false
read,53.11,key_15,3,false
read,53.24,key_9,4,false
read,53.77,key_0,1,false
read,56.76,key_3,10,false
read,53.25,key_19,5,false
read,53.81,key_1,6,false
read,53.93,key_0,1,false
read,52.99,key_14,6,false
read,52.76,key_18,3,false
read,53.54,key_1,6,false
read,54.60,key_8,5,false
read,54.73,key_18,3,false
read,54.15,key_12,8,false
read,56.61,key_3,10,false
read,55.83,key_2,4,false
read,55.68,key_7,5,false
read,55.94,key_5,3,false
read,53.64,key_1,6,false
read,57.84,key_8,5,false
read,53.44,key_11,8,false
read,53.62,key_10,8,false
read,54.52,key_8,5,false
read,53.55,key_11,8,false
read,52.84,key_0,1,false
read,53.07,key_6,8,false
read,54.13,key_14,6,false
read,53.03,key_13,6,false
read,54.96,key_11,8,false
read,55.88,key_14,6,false
read,57.51,key_13,6,false
read,53.88,key_19,5,false
read,55.93,key_3,10,false
read,53.37,key_9,4,false
read,52.19,key_5,3,false
read,53.22,key_4,6,false
read,51.73,key_1,6,false
read,51.76,key_11,8,false
read,53.78,key_2,4,false
read,52.54,key_12,8,false
read,53.78,key_3,10,false
read,52.44,key_10,8,false
read,54.01,key_1,6,false
read,52.98,key_9,4,false
read,53.44,key_17,8,false
read,52.95,key_9,4,false
read,53.60,key_11,8,false
read,53.80,key_16,7,false
read,51.88,key_14,6,false
read,53.14,key_13,6,false
read,54.92,key_3,10,false
read,54.14,key_19,5,false
read,54.22,key_1,6,false
read,55.29,key_4,6,false
read,55.24,key_4,6,false
read,55.18,key_13,6,false
read,54.51,key_5,3,false
read,55.02,key_14,6,false
read,53.97,key_6,8,false
read,56.02,key_17,8,false
read,53.50,key_18,3,false
read,53.62,key_18,3,false
read,56.25,key_16,7,false
read,56.88,key_4,6,false
read,55.80,key_19,5,false
read,60.24,key_17,8,false
read,56.83,key_13,6,false
read,60.16,key_16,7,false
read,60.28,key_15,3,false
read,60.79,key_18,3,false
read,56.08,key_3,10,false
read,54.58,key_8,5,false
read,59.06,key_15,3,false
read,59.19,key_12,8,false
read,58.65,key_14,6,false
read,55.51,key_17,8,false
read,55.53,key_6,8,false
read,57.45,key_8,5,false
read,59.10,key_3,10,false
read,63.08,key_13,6,false
write,3.97,key_19,6,false
write,1.23,key_19,7,false
write,3.30,key_2,5,false
read,53.05,key_2,5,false
read,57.09,key_15,3,false
read,57.19,key_12,8,false
read,57.60,key_17,8,false
read,57.25,key_13,6,false
read,53.53,key_13,6,false
read,58.33,key_7,5,false
read,58.36,key_17,8,false
read,56.14,key_4,6,false
read,56.27,key_12,8,false
write,3.58,key_19,8,false
read,56.63,key_16,7,false
read,56.63,key_8,5,false
read,56.78,key_9,4,false
read,57.14,key_14,6,false
read,57.18,key_0,1,false
read,56.73,key_12,8,false
read,52.24,key_7,5,false
read,56.42,key_9,4,false
read,60.07,key_0,1,false
read,56.44,key_1,6,false
read,55.26,key_3,10,false
read,55.34,key_8,5,false
read,55.44,key_10,8,false
read,55.34,key_19,8,false
read,55.37,key_5,3,false
read,53.57,key_19,8,false
read,53.98,key_15,3,false
read,59.45,key_1,6,false
read,59.48,key_4,6,false
read,56.14,key_18,3,false
read,53.84,key_4,6,false
read,53.76,key_4,6,false
read,53.78,key_12,8,false
read,53.75,key_11,8,false
read,53.98,key_19,8,false
read,53.85,key_10,8,false
read,55.81,key_1,6,false
read,55.59,key_6,8,false
read,54.47,key_18,3,false
read,55.97,key_9,4,false
read,54.88,key_15,3,false
read,54.88,key_4,6,false
read,55.21,key_7,5,false
read,52.76,key_0,1,false
read,52.95,key_10,8,false
read,53.25,key_15,3,false
write,1.45,key_18,4,false
read,53.96,key_6,8,false
read,59.03,key_0,1,false
read,59.03,key_2,5,false
read,55.43,key_1,6,false
read,56.09,key_15,3,false
read,56.08,key_2,5,false
read,53.83,key_4,6,false
read,55.96,key_17,8,false
read,53.58,key_18,4,false
read,53.27,key_10,8,false
read,53.33,key_17,8,false
read,54.08,key_10,8,false
read,52.05,key_14,6,false
read,56.60,key_0,1,false
write,1.40,key_6,9,false
read,58.29,key_5,3,false
read,58.24,key_18,4,false
read,58.52,key_2,5,false
read,55.51,key_19,8,false
read,57.42,key_0,1,false
read,58.74,key_11,8,false
read,57.63,key_19,8,false
read,57.61,key_2,5,false
read,55.87,key_17,8,false
read,57.31,key_15,3,false
read,58.67,key_15,3,false
read,58.62,key_6,9,false
read,59.26,key_4,6,false
read,58.86,key_1,6,false
read,59.34,key_15,3,false
read,59.20,key_10,8,false
read,58.79,key_17,8,false
read,58.85,key_2,5,false
read,59.40,key_15,3,false
read,62.05,key_13,6,false
write,3.71,key_1,7,false
write,3.70,key_2,6,false
write,1.76,key_19,9,false
write,2.23,key_18,5,false
write,1.26,key_0,2,false
write,1.43,key_5,4,false
read,56.66,key_14,6,false
read,55.32,key_1,7,false
read,53.47,key_1,7,false
read,58.99,key_0,2,false
read,60.38,key_7,5,false
read,53.59,key_12,8,false
read,60.46,key_12,8,false
read,53.78,key_5,4,false
read,61.76,key_10,8,false
read,62.44,key_0,2,false
write,2.84,key_13,7,false
read,59.19,key_5,4,false
read,54.44,key_13,6,true
read,55.58,key_13,7,false
read,55.54,key_5,4,false
read,53.62,key_8,5,false
read,58.71,key_10,8,false
read,59.97,key_19,9,false
read,55.72,key_9,4,false
read,62.09,key_5,4,false
read,59.66,key_1,7,false
read,55.52,key_4,6,false
read,55.37,key_5,4,false
read,55.31,key_11,8,false
read,55.45,key_13,7,false
read,55.50,key_6,9,false
read,55.49,key_2,6,false
read,53.15,key_16,7,false
read,54.98,key_19,9,false
read,53.88,key_17,8,false
read,56.59,key_11,8,false
write,2.42,key_2,7,false
read,55.90,key_0,2,false
read,56.06,key_18,5,false
read,56.08,key_6,9,false
read,56.06,key_7,5,false
read,55.48,key_12,8,false
read,56.13,key_11,8,false
read,56.17,key_19,9,false
read,56.12,key_4,6,false
read,58.66,key_8,5,false
read,57.38,key_19,9,false
write,1.24,key_3,11,false
read,58.54,key_4,6,false
read,65.24,key_4,6,false
read,66.32,key_3,11,false
read,66.18,key_17,8,false
read,66.31,key_3,10,true
read,66.37,key_7,5,false
read,66.31,key_9,4,false
read,66.43,key_12,8,false
read,61.57,key_12,8,false
read,61.93,key_10,8,false
write,2.42,key_1,8,false
read,54.62,key_2,7,false
read,54.37,key_19,9,false
read,54.29,key_10,8,false
read,53.38,key_7,5,false
read,55.49,key_11,8,false
read,54.29,key_2,7,false
read,54.24,key_1,8,false
read,54.48,key_9,4,false
read,55.88,key_7,5,false
read,54.57,key_1,8,false
write,2.52,key_9,5,false
write,4.56,key_18,6,false
write,2.57,key_4,7,false
read,54.36,key_3,11,false
read,54.27,key_16,7,false
read,55.09,key_2,7,false
read,55.20,key_3,11,false
write,1.21,key_17,9,false
read,55.68,key_17,8,true
read,56.26,key_12,8,false
read,56.38,key_1,8,false
read,53.33,key_6,9,false
read,53.42,key_5,4,false
write,1.85,key_11,9,false
read,54.27,key_1,8,false
write,0.62,key_8,6,false
read,66.11,key_12,8,false
read,62.36,key_0,2,false
read,60.31,key_5,4,false
read,62.54,key_2,7,false
read,65.37,key_12,8,false
read,66.30,key_16,7,false
read,65.02,key_2,7,false
read,64.36,key_16,7,false
read,65.11,key_9,5,false
read,62.57,key_10,8,false
write,1.52,key_7,6,false
write,1.57,key_5,5,false
write,3.65,key_3,12,false
read,53.26,key_5,5,false
read,53.31,key_16,7,false
read,53.31,key_17,9,false
read,53.20,key_15,3,false
read,53.47,key_19,9,false
read,53.48,key_14,6,false
read,53.37,key_10,8,false
read,53.82,key_9,5,false
read,52.09,key_18,6,false
read,56.05,key_7,6,false
write,1.36,key_17,10,false
read,54.33,key_8,6,false
read,54.44,key_3,12,false
read,54.31,key_0,2,false
read,54.51,key_13,7,false
read,55.71,key_15,3,false
read,54.11,key_13,7,false
read,53.66,key_2,7,false
read,57.08,key_12,8,false
write,2.60,key_8,7,false
read,52.83,key_10,8,false
write,2.77,key_19,10,false
read,54.64,key_5,5,false
read,53.49,key_16,7,false
read,54.93,key_3,12,false
read,54.98,key_12,8,false
read,56.42,key_3,12,false
read,56.45,key_8,7,false
read,55.15,key_1,8,false
read,54.49,key_6,9,false
read,56.44,key_9,5,false
read,56.40,key_8,7,false
read,57.52,key_5,5,false
write,4.95,key_8,8,false
write,1.33,key_9,6,false
read,57.31,key_1,8,false
read,54.78,key_11,9,false
read,56.59,key_7,6,false
read,57.59,key_15,3,false
read,57.60,key_0,2,false
read,52.38,key_9,6,false
read,54.84,key_19,10,false
read,57.47,key_1,8,false
read,57.60,key_13,7,false
read,52.58,key_16,7,false
write,4.30,key_10,9,false
read,54.57,key_8,8,false
read,54.83,key_12,8,false
read,54.93,key_11,9,false
read,54.98,key_18,6,false
read,55.04,key_13,7,false
read,54.88,key_19,10,false
read,54.93,key_18,6,false
read,55.66,key_10,8,true
read,57.59,key_18,6,false
write,3.86,key_19,11,false
read,54.72,key_7,6,false
read,55.49,key_7,6,false
read,55.43,key_14,6,false
read,55.55,key_12,8,false
read,56.56,key_9,6,false
read,56.58,key_12,8,false
read,54.19,key_15,3,false
read,60.45,key_16,7,false
read,57.06,key_12,8,false
read,60.30,key_18,6,false
read,56.86,key_15,3,false
read,54.03,key_6,9,false
read,53.90,key_12,8,false
read,54.03,key_2,7,false
read,54.84,key_11,9,false
read,55.08,key_8,8,false
read,54.93,key_18,6,false
read,52.55,key_18,6,false
read,52.64,key_3,12,false
read,56.54,key_2,7,false
read,57.88,key_16,7,false
read,53.55,key_18,6,false
read,52.47,key_0,2,false
read,54.47,key_16,7,false
read,54.54,key_16,7,false
read,53.68,key_11,9,false
read,51.80,key_4,7,false
read,52.16,key_15,3,false
read,55.84,key_19,11,false
read,51.77,key_13,7,false
read,54.62,key_8,8,false
read,53.56,key_11,9,false
read,52.65,key_14,6,false
read,53.11,key_4,7,false
read,55.88,key_5,5,false
read,55.93,key_10,9,false
read,52.93,key_2,7,false
read,57.57,key_11,9,false
read,56.23,key_7,6,false
write,0.95,key_5,6,false
read,53.08,key_4,7,false
write,1.01,key_6,10,false
read,51.97,key_8,8,false
write,2.27,key_19,12,false
read,52.53,key_19,12,false
read,52.86,key_3,12,false
read,52.83,key_3,12,false
read,53.55,key_2,7,false
read,53.55,key_3,12,false
read,53.08,key_17,10,false
read,52.64,key_4,7,false
read,54.90,key_19,12,false
read,52.27,key_19,11,true
read,51.80,key_15,3,false
read,53.34,key_10,9,false
read,53.26,key_7,6,false
read,52.94,key_3,12,false
read,52.27,key_14,6,false
read,55.85,key_1,8,false
read,52.89,key_2,7,false
read,51.93,key_9,6,false
read,55.33,key_18,6,false
read,54.28,key_16,7,false
read,52.02,key_10,9,false
write,2.29,key_8,9,false
read,53.77,key_10,9,false
read,51.97,key_3,12,false
read,52.99,key_11,9,false
read,52.16,key_2,7,false
read,53.51,key_14,6,false
read,52.13,key_15,3,false
read,52.72,key_18,6,false
read,52.21,key_4,7,false
read,53.32,key_1,8,false
write,2.21,key_13,8,false
read,52.59,key_12,8,false
read,53.08,key_1,8,false
read,52.07,key_1,8,false
read,52.10,key_9,6,false
read,54.90,key_3,12,false
read,52.26,key_16,7,false
read,52.22,key_18,6,false
write,1.81,key_0,3,false
read,51.66,key_13,8,false
read,52.22,key_15,3,false
read,54.64,key_0,3,false
read,52.36,key_13,8,false
read,54.06,key_6,10,false
read,52.38,key_18,6,false
read,52.57,key_13,8,false
read,53.24,key_9,6,false
read,52.83,key_0,3,false
read,53.27,key_14,6,false
read,52.54,key_10,9,false
read,56.62,key_10,9,false
read,55.03,key_10,9,false
read,55.58,key_9,6,false
read,54.91,key_9,6,false
read,54.95,key_19,12,false
read,53.34,key_19,12,false
read,56.17,key_9,6,false
read,54.18,key_11,9,false
read,54.40,key_7,6,false
write,2.60,key_3,13,false
read,53.05,key_0,3,false
read,54.37,key_9,6,false
read,53.24,key_11,9,false
write,0.84,key_18,7,false
read,51.85,key_17,10,false
read,53.84,key_4,7,false
read,53.24,key_16,7,false
read,54.98,key_13,8,false
write,1.91,key_13,9,false
read,55.08,key_12,8,false
read,54.96,key_18,7,false
read,52.44,key_5,6,false
read,53.57,key_18,7,false
read,53.47,key_18,7,false
read,51.94,key_10,9,false
read,54.47,key_18,7,false
read,53.89,key_7,6,false
read,52.32,key_12,8,false
read,53.31,key_5,6,false
read,54.17,key_17,10,false
read,55.10,key_18,7,false
read,54.40,key_16,7,false
read,54.04,key_17,10,false
read,54.93,key_17,10,false
read,54.03,key_16,7,false
read,55.84,key_8,9,false
write,3.72,key_0,4,false
write,5.21,key_3,14,false
read,54.69,key_19,12,false
read,56.77,key_10,9,false
read,54.57,key_0,4,false
read,54.70,key_9,6,false
read,53.18,key_7,6,false
read,52.85,key_0,4,false
read,52.60,key_19,12,false
read,54.44,key_16,7,false
read,57.59,key_14,6,false
read,57.70,key_8,9,false
write,0.79,key_10,10,false
write,0.60,key_7,7,false
read,54.15,key_11,9,false
read,54.15,key_14,6,false
read,54.16,key_11,9,false
write,1.43,key_13,10,false
read,52.83,key_10,10,false
read,53.88,key_7,7,false
read,53.81,key_0,4,false
read,53.76,key_15,3,false
read,54.91,key_13,9,true
read,55.10,key_3,14,false
read,56.20,key_9,6,false
read,54.69,key_4,7,false
read,54.69,key_7,7,false
read,52.25,key_0,4,false
read,53.23,key_9,6,false
read,52.24,key_15,3,false
read,53.52,key_14,6,false
read,52.46,key_19,12,false
read,52.98,key_17,10,false
read,54.46,key_14,6,false
write,2.43,key_10,11,false
read,54.78,key_7,7,false
read,55.19,key_10,11,false
read,55.05,key_5,6,false
read,55.33,key_7,7,false
read,55.40,key_1,8,false
read,55.19,key_15,3,false
read,55.29,key_5,6,false
read,55.21,key_12,8,false
read,56.03,key_1,8,false
write,1.42,key_18,8,false
read,53.52,key_8,9,false
read,55.17,key_7,7,false
write,0.77,key_13,11,false
read,55.91,key_4,7,false
read,56.16,key_14,6,false
read,56.17,key_12,8,false
read,56.21,key_17,10,false
read,53.62,key_12,8,false
read,53.78,key_9,6,false
read,57.37,key_4,7,false
write,1.81,key_19,13,false
read,59.41,key_8,9,false
read,59.50,key_15,3,false
read,51.93,key_12,8,false
read,53.77,key_11,9,false
read,55.04,key_4,7,false
read,53.11,key_13,11,false
read,54.96,key_7,7,false
read,55.12,key_18,8,false
read,53.96,key_13,11,false
read,54.12,key_10,11,false
read,54.50,key_10,11,false
read,55.75,key_13,11,false
write,4.21,key_5,7,false
read,54.35,key_18,8,false
read,54.23,key_0,4,false
read,55.32,key_16,7,false
read,55.50,key_2,7,false
read,55.33,key_10,11,false
read,55.51,key_6,10,false
read,57.38,key_0,4,false
read,54.54,key_10,11,false
read,53.25,key_10,11,false
read,53.72,key_12,8,false
read,52.60,key_16,7,false
write,3.87,key_7,8,false
write,2.02,key_6,11,false
read,56.75,key_16,7,false
read,56.78,key_2,7,false
read,54.87,key_13,11,false
read,58.15,key_15,3,false
read,56.96,key_12,8,false
read,55.50,key_16,7,false
read,56.11,key_11,9,false
read,54.04,key_18,8,false
read,55.11,key_13,11,false
read,58.44,key_3,14,false
read,56.92,key_16,7,false
read,57.08,key_17,10,false
read,57.01,key_11,9,false
read,56.99,key_18,8,false
read,58.73,key_7,8,false
read,54.73,key_15,3,false
read,57.70,key_8,9,false
read,57.41,key_19,13,false
read,61.16,key_15,3,false
read,60.12,key_17,10,false
read,56.57,key_15,3,false
read,56.68,key_1,8,false
read,56.70,key_5,7,false
read,54.98,key_14,6,false
read,54.87,key_10,11,false
read,52.51,key_11,9,false
read,55.62,key_6,11,false
read,52.62,key_18,8,false
read,57.81,key_17,10,false
read,57.04,key_10,11,false
read,54.68,key_2,7,false
read,54.77,key_0,4,false
read,54.77,key_10,11,false
read,54.64,key_7,8,false
read,54.81,key_10,11,false
read,55.88,key_18,8,false
read,54.68,key_19,13,false
read,56.53,key_17,10,false
read,59.75,key_18,8,false
read,59.86,key_11,9,false
read,57.31,key_1,8,false
read,56.68,key_1,8,false
read,58.36,key_0,4,false
read,59.25,key_6,11,false
read,56.57,key_10,11,false
read,59.31,key_12,8,false
read,54.81,key_17,10,false
read,61.06,key_0,4,false
read,55.99,key_17,10,false
read,56.30,key_10,11,false
write,4.25,key_7,9,false
write,3.93,key_0,5,false
read,53.47,key_6,11,false
read,54.38,key_19,13,false
read,52.48,key_6,11,false
read,54.39,key_10,11,false
read,54.71,key_15,3,false
read,55.71,key_1,8,false
read,52.97,key_17,10,false
read,54.00,key_1,8,false
read,54.57,key_17,10,false
write,2.79,key_6,12,false
read,55.22,key_12,8,false
write,0.93,key_6,13,false
read,55.87,key_9,6,false
read,52.92,key_13,11,false
read,55.03,key_2,7,false
read,56.63,key_19,13,false
read,56.76,key_18,8,false
read,56.32,key_12,8,false
read,56.78,key_10,11,false
read,56.93,key_5,7,false
read,54.21,key_15,3,false
read,53.61,key_8,9,false
write,4.99,key_3,15,false
write,4.90,key_16,8,false
write,0.95,key_18,9,false
read,56.34,key_9,6,false
read,56.78,key_6,13,false
read,56.58,key_5,7,false
read,56.51,key_16,8,false
read,56.67,key_19,13,false
read,56.49,key_13,11,false
read,54.61,key_4,7,false
read,60.66,key_7,9,false
read,59.64,key_8,9,false
read,55.25,key_9,6,false
write,3.03,key_14,7,false
read,55.59,key_6,13,false
read,55.70,key_6,13,false
read,55.70,key_15,3,false
read,55.75,key_18,9,false
read,55.79,key_0,5,false
read,52.62,key_13,11,false
read,58.06,key_10,11,false
read,56.74,key_18,9,false
read,55.69,key_3,15,false
read,55.82,key_3,15,false
read,54.25,key_7,9,false
read,54.15,key_1,8,false
read,54.28,key_0,5,false
read,54.24,key_7,9,false
read,54.30,key_8,9,false
read,53.72,key_13,11,false
read,54.42,key_19,13,false
read,52.21,key_8,9,false
write,0.78,key_15,4,false
read,54.41,key_12,8,false
read,53.77,key_11,9,false
read,54.56,key_12,8,false
read,55.34,key_10,11,false
read,53.55,key_13,11,false
read,53.63,key_13,11,false
read,56.22,key_14,7,false
read,56.17,key_5,7,false
read,56.17,key_15,3,true
read,53.98,key_16,8,false
read,51.21,key_13,11,false
read,56.77,key_14,7,false
read,53.63,key_12,8,false
read,54.51,key_10,11,false
read,54.44,key_0,5,false
read,54.36,key_18,9,false
read,55.41,key_3,15,false
read,56.21,key_10,11,false
read,57.04,key_13,11,false
read,57.06,key_6,13,false
write,3.40,key_16,9,false
read,52.40,key_8,9,false
read,55.47,key_18,9,false
read,53.95,key_7,9,false
read,53.93,key_13,11,false
read,54.01,key_19,13,false
write,1.87,key_16,10,false
read,53.16,key_0,5,false
read,53.31,key_15,4,false
read,53.23,key_6,13,false
read,53.13,key_10,11,false
read,53.03,key_16,9,true
read,57.79,key_0,5,false
read,54.58,key_11,9,false
write,0.69,key_0,6,false
read,55.73,key_6,13,false
read,55.82,key_0,6,false
read,53.42,key_7,9,false
read,53.35,key_9,6,false
read,53.15,key_5,7,false
read,53.43,key_5,7,false
read,54.13,key_14,7,false
read,53.50,key_0,6,false
read,53.33,key_18,9,false
read,57.27,key_6,13,false
write,4.32,key_2,8,false
read,54.23,key_19,13,false
read,58.52,key_19,13,false
read,58.35,key_5,7,false
read,58.39,key_9,6,false
read,54.38,key_2,8,false
read,58.62,key_17,10,false
read,58.57,key_5,7,false
read,56.72,key_17,10,false
read,58.89,key_8,9,false
read,57.43,key_6,13,false
read,54.57,key_6,13,false
read,54.70,key_12,8,false
read,54.17,key_14,7,false
read,54.79,key_12,8,false
read,54.71,key_15,4,false
read,54.45,key_8,9,false
read,54.82,key_1,8,false
read,54.76,key_13,11,false
read,55.89,key_14,7,false
read,56.34,key_10,11,false
write,1.65,key_7,10,false
read,54.27,key_19,13,false
read,54.26,key_15,4,false
read,54.28,key_0,6,false
read,54.33,key_7,9,true
read,52.60,key_6,13,false
read,54.24,key_13,11,false
read,54.98,key_4,7,false
read,53.38,key_15,4,false
read,55.06,key_15,4,false
read,56.57,key_9,6,false
read,56.25,key_4,7,false
read,55.47,key_10,11,false
read,56.68,key_19,13,false
read,56.79,key_17,10,false
read,56.96,key_0,6,false
read,57.19,key_7,10,false
read,57.23,key_18,9,false
read,55.64,key_1,8,false
read,59.40,key_10,11,false
write,4.04,key_3,16,false
write,4.02,key_12,9,false
read,59.65,key_4,7,false
write,3.64,key_11,10,false
read,55.58,key_18,9,false
read,55.16,key_5,7,false
read,55.24,key_7,10,false
read,55.78,key_10,11,false
read,58.19,key_5,7,false
read,54.94,key_16,10,false
read,55.90,key_9,6,false
read,56.59,key_8,9,false
read,56.10,key_3,16,false
read,52.98,key_0,6,false
read,54.08,key_1,8,false
read,54.19,key_15,4,false
read,54.77,key_1,8,false
read,54.91,key_14,7,false
write,3.05,key_3,17,false
read,55.18,key_3,17,false
read,55.53,key_15,4,false
read,53.77,key_0,6,false
read,53.80,key_5,7,false
read,54.40,key_1,8,false
read,57.06,key_3,16,true
read,54.62,key_15,4,false
read,54.67,key_2,8,false
read,53.24,key_14,7,false
read,54.79,key_14,7,false
read,55.74,key_14,7,false
read,54.82,key_4,7,false
read,58.31,key_13,11,false
read,61.23,key_0,6,false
read,62.04,key_4,7,false
read,57.31,key_13,11,false
write,2.77,key_18,10,false
read,54.83,key_14,7,false
read,54.66,key_1,8,false
read,54.83,key_10,11,false
read,54.69,key_16,10,false
read,54.67,key_3,17,false
write,2.50,key_18,11,false
read,59.02,key_4,7,false
write,1.72,key_14,8,false
read,55.89,key_14,7,true
read,55.99,key_8,9,false
read,59.15,key_8,9,false
read,53.19,key_5,7,false
write,1.70,key_13,12,false
read,57.48,key_10,11,false
read,54.53,key_19,13,false
read,58.85,key_6,13,false
write,1.02,key_8,10,false
read,56.35,key_7,10,false
read,60.92,key_5,7,false
write,1.16,key_18,12,false
read,56.83,key_4,7,false
read,61.19,key_6,13,false
read,56.74,key_4,7,false
read,56.87,key_6,13,false
write,1.10,key_9,7,false
read,56.54,key_4,7,false
read,53.50,key_11,10,false
read,54.18,key_12,9,false
read,54.13,key_4,7,false
write,3.00,key_8,11,false
read,54.38,key_19,13,false
read,54.38,key_12,9,false
read,57.95,key_7,10,false
read,53.51,key_1,8,false
read,55.54,key_2,8,false
read,55.27,key_9,7,false
read,53.67,key_5,7,false
read,59.31,key_9,7,false
read,59.45,key_8,11,false
read,59.50,key_12,9,false
read,59.33,key_3,17,false
read,58.62,key_0,6,false
read,58.91,key_11,10,false
read,59.75,key_14,8,false
read,58.74,key_11,10,false
read,59.60,key_4,7,false
read,59.51,key_9,7,false
read,56.38,key_12,9,false
read,56.20,key_14,8,false
read,56.39,key_1,8,false
read,56.60,key_10,11,false
read,56.45,key_12,9,false
read,56.48,key_10,11,false
read,56.48,key_16,10,false
read,56.49,key_2,8,false
read,56.64,key_13,12,false
read,57.22,key_15,4,false
write,4.36,key_3,18,false
read,56.81,key_17,10,false
read,56.85,key_16,10,false
read,56.85,key_11,10,false
read,56.74,key_5,7,false
read,57.05,key_3,18,false
read,57.12,key_12,9,false
read,56.30,key_5,7,false
read,56.93,key_13,12,false
read,56.94,key_18,12,false
write,2.20,key_14,9,false
read,54.97,key_11,10,false
read,55.30,key_12,9,false
read,55.41,key_6,13,false
read,55.62,key_15,4,false
read,55.67,key_2,8,false
read,55.77,key_7,10,false
read,55.72,key_0,6,false
read,53.64,key_4,7,false
read,55.99,key_2,8,false
read,55.89,key_6,13,false
read,57.69,key_7,10,false
write,4.32,key_13,13,false
read,54.50,key_2,8,false
read,54.62,key_4,7,false
read,54.84,key_7,10,false
read,54.65,key_3,18,false
read,54.60,key_9,7,false
read,55.07,key_10,11,false
read,54.84,key_2,8,false
write,1.52,key_10,12,false
read,52.23,key_9,7,false
read,58.26,key_10,12,false
read,53.81,key_8,11,false
read,56.17,key_11,10,false
read,52.54,key_17,10,false
read,56.31,key_11,10,false
read,54.45,key_18,12,false
read,56.31,key_0,6,false
read,56.18,key_12,9,false
read,56.53,key_0,6,false
read,56.58,key_2,8,false
read,54.36,key_7,10,false
write,1.75,key_0,7,false
read,54.61,key_18,12,false
write,1.00,key_19,14,false
write,4.12,key_8,12,false
write,4.56,key_10,13,false
read,53.09,key_0,7,false
read,54.80,key_4,7,false
read,54.66,key_3,18,false
read,54.84,key_5,7,false
read,53.58,key_10,13,false
read,57.46,key_13,13,false
read,57.44,key_4,7,false
read,53.19,key_7,10,false
read,57.96,key_17,10,false
read,55.13,key_8,12,false
write,0.89,key_0,8,false
read,54.45,key_10,13,false
read,57.11,key_11,10,false
read,54.54,key_3,18,false
read,54.01,key_12,9,false
read,57.26,key_11,10,false
read,57.29,key_18,12,false
read,57.19,key_8,12,false
read,54.59,key_19,14,false
read,53.40,key_15,4,false
read,59.09,key_6,13,false
write,4.95,key_8,13,false
read,56.91,key_19,14,false
read,56.92,key_14,9,false
read,54.77,key_5,7,false
read,56.86,key_5,7,false
read,53.29,key_8,13,false
read,57.01,key_18,12,false
read,56.97,key_5,7,false
read,57.20,key_15,4,false
read,57.32,key_5,7,false
read,53.57,key_2,8,false
read,55.57,key_2,8,false
read,55.58,key_12,9,false
read,55.72,key_2,8,false
read,55.65,key_2,8,false
read,55.36,key_7,10,false
read,55.90,key_0,8,false
read,55.76,key_15,4,false
read,55.26,key_16,10,false
read,55.54,key_17,10,false
read,56.66,key_10,13,false
write,2.58,key_15,5,false
write,2.70,key_18,13,false
read,56.13,key_11,10,false
read,56.32,key_5,7,false
read,56.28,key_1,8,false
read,56.29,key_17,10,false
read,56.41,key_19,14,false
read,56.46,key_0,8,false
read,56.29,key_16,10,false
read,53.51,key_10,13,false
read,55.92,key_19,14,false
read,56.40,key_0,8,false
read,56.14,key_0,8,false
read,56.12,key_17,10,false
read,56.26,key_1,8,false
read,56.30,key_2,8,false
read,56.13,key_10,13,false
read,56.79,key_18,13,false
read,60.76,key_12,9,false
read,58.68,key_6,13,false
read,61.12,key_14,9,false
read,61.67,key_1,8,false
write,3.39,key_5,8,false
read,53.67,key_9,7,false
read,53.76,key_13,13,false
read,57.30,key_19,14,false
read,57.88,key_18,13,false
read,57.97,key_0,8,false
read,53.03,key_14,9,false
read,53.87,key_0,8,false
read,53.77,key_1,8,false
read,56.44,key_16,10,false
read,54.35,key_1,8,false
read,55.35,key_17,10,false
read,55.41,key_1,8,false
read,54.82,key_9,7,false
read,55.32,key_1,8,false
read,54.77,key_16,10,false
read,56.01,key_10,13,false
read,54.84,key_10,13,false
read,53.05,key_3,18,false
read,61.78,key_4,7,false
write,2.24,key_6,14,false
read,54.37,key_15,5,false
read,54.41,key_0,8,false
read,53.40,key_2,8,false
read,53.39,key_2,8,false
read,53.47,key_11,10,false
read,53.57,key_9,7,false
read,53.46,key_7,10,false
read,55.44,key_13,13,false
read,54.40,key_5,8,false
read,54.80,key_2,8,false
read,55.66,key_14,9,false
read,52.87,key_12,9,false
read,53.91,key_1,8,false
read,54.03,key_2,8,false
read,53.95,key_11,10,false
read,54.59,key_5,8,false
read,55.64,key_10,13,false
read,56.17,key_11,10,false
read,56.07,key_5,8,false
read,55.83,key_4,7,false
read,55.11,key_8,13,false
read,52.55,key_12,9,false
read,56.79,key_12,9,false
read,52.57,key_3,18,false
read,52.58,key_11,10,false
read,53.26,key_7,10,false
read,53.25,key_3,18,false
read,56.78,key_15,5,false
read,54.97,key_4,7,false
read,55.76,key_3,18,false
read,56.00,key_5,8,false
read,51.77,key_13,13,false
read,51.78,key_2,8,false
read,51.99,key_6,14,false
read,53.30,key_1,8,false
read,55.73,key_9,7,false
write,2.69,key_13,14,false
read,52.38,key_15,5,false
read,53.46,key_18,13,false
read,52.28,key_13,14,false
read,52.25,key_7,10,false
read,55.41,key_3,18,false
write,0.92,key_6,15,false
read,52.47,key_9,7,false
read,52.45,key_7,10,false
read,52.87,key_0,8,false
write,0.95,key_10,14,false
write,0.72,key_14,10,false
read,57.09,key_11,10,false
read,59.95,key_19,14,false
read,52.67,key_9,7,false
read,52.76,key_16,10,false
read,55.44,key_7,10,false
read,53.14,key_0,8,false
read,53.31,key_12,9,false
read,55.92,key_12,9,false
read,58.12,key_7,10,false
read,55.05,key_0,8,false
read,52.94,key_11,10,false
read,52.66,key_19,14,false
read,52.46,key_19,14,false
read,53.52,key_16,10,false
read,53.16,key_18,13,false
read,51.84,key_15,5,false
read,53.79,key_0,8,false
read,54.62,key_15,5,false
write,1.86,key_7,11,false
read,54.41,key_12,9,false
read,53.61,key_10,14,false
read,53.59,key_7,11,false
read,53.23,key_18,13,false
read,53.88,key_11,10,false
read,52.22,key_11,10,false
read,53.46,key_5,8,false
read,54.19,key_7,10,true
read,54.99,key_2,8,false
read,54.63,key_1,8,false
read,57.44,key_4,7,false
read,54.99,key_4,7,false
read,54.74,key_11,10,false
read,57.62,key_1,8,false
read,53.51,key_3,18,false
read,55.70,key_19,14,false
read,53.75,key_9,7,false
read,56.08,key_5,8,false
write,1.69,key_11,11,false
read,55.38,key_3,18,false
read,53.58,key_3,18,false
read,56.83,key_11,11,false
read,55.79,key_6,15,false
read,55.98,key_3,18,false
read,53.43,key_9,7,false
read,56.65,key_16,10,false
read,56.71,key_6,15,false
read,56.74,key_7,11,false
read,56.66,key_16,10,false
read,56.91,key_3,18,false
write,2.24,key_5,9,false
write,4.12,key_16,11,false
write,4.13,key_2,9,false
write,4.33,key_3,19,false
read,54.89,key_9,7,false
read,54.62,key_16,11,false
read,54.74,key_9,7,false
read,54.92,key_16,11,false
read,54.94,key_8,13,false
read,55.03,key_5,9,false
read,53.19,key_13,14,false
read,53.08,key_3,19,false
write,0.84,key_2,10,false
read,55.06,key_6,15,false
read,55.26,key_15,5,false
read,63.02,key_18,13,false
read,63.09,key_6,15,false
read,63.14,key_14,10,false
read,58.60,key_18,13,false
read,58.48,key_2,10,false
read,59.88,key_0,8,false
read,62.99,key_5,9,false
read,63.05,key_10,14,false
read,63.31,key_9,7,false
read,62.87,key_0,8,false
write,3.97,key_7,12,false
read,56.87,key_11,11,false
read,57.13,key_1,8,false
read,56.99,key_13,14,false
read,56.98,key_11,11,false
read,56.95,key_9,7,false
read,57.04,key_7,12,false
read,57.02,key_3,19,false
read,57.12,key_4,7,false
read,57.43,key_10,14,false
read,53.49,key_4,7,false
write,3.83,key_10,15,false
write,4.09,key_19,15,false
read,55.66,key_12,9,false
read,56.45,key_17,10,false
read,58.97,key_11,11,false
read,59.01,key_19,14,true
read,59.10,key_15,5,false
read,54.18,key_2,10,false
read,59.06,key_19,15,false
read,59.23,key_17,10,false
read,59.22,key_7,12,false
read,55.14,key_15,5,false
write,2.40,key_7,13,false
write,4.42,key_11,12,false
read,56.73,key_1,8,false
read,53.74,key_11,11,true
read,55.11,key_11,12,false
read,55.22,key_14,10,false
read,60.23,key_12,9,false
read,57.71,key_11,12,false
read,58.12,key_8,13,false
read,58.16,key_16,11,false
read,53.76,key_5,9,false
read,56.04,key_2,10,false
read,56.94,key_6,15,false
read,53.67,key_15,5,false
read,56.57,key_14,10,false
read,57.88,key_15,5,false
read,57.78,key_15,5,false
read,55.18,key_12,9,false
read,54.91,key_5,9,false
read,54.70,key_4,7,false
read,54.84,key_19,15,false
read,55.71,key_4,7,false
write,1.14,key_6,16,false
write,2.07,key_3,20,false
read,56.67,key_10,15,false
read,58.05,key_15,5,false
read,59.10,key_12,9,false
read,56.84,key_10,15,false
read,56.86,key_11,12,false
read,54.87,key_18,13,false
read,54.86,key_14,10,false
read,56.91,key_8,13,false
read,58.30,key_2,10,false
read,58.65,key_16,11,false
write,1.90,key_7,14,false
write,2.03,key_1,9,false
read,54.79,key_3,20,false
read,54.88,key_11,12,false
read,54.78,key_18,13,false
read,54.88,key_10,15,false
read,53.00,key_5,9,false
read,56.47,key_6,16,false
read,55.76,key_17,10,false
read,57.74,key_16,11,false
read,58.13,key_9,7,false
read,58.69,key_15,5,false
write,2.83,key_14,11,false
write,2.46,key_11,13,false
read,53.85,key_14,11,false
read,53.86,key_0,8,false
read,53.72,key_4,7,false
read,53.85,key_7,14,false
read,53.85,key_12,9,false
read,54.29,key_19,15,false
read,53.34,key_19,15,false
read,56.16,key_12,9,false
read,54.15,key_18,13,false
read,54.28,key_3,20,false
read,55.01,key_9,7,false
read,55.07,key_16,11,false
read,55.14,key_1,9,false
read,57.14,key_14,11,false
read,53.88,key_12,9,false
read,52.22,key_18,13,false
read,52.23,key_9,7,false
read,58.47,key_15,5,false
read,55.24,key_17,10,false
read,55.57,key_14,11,false
write,0.95,key_19,16,false
read,53.86,key_17,10,false
read,53.90,key_3,20,false
read,54.91,key_18,13,false
read,53.24,key_19,16,false
read,52.18,key_2,10,false
write,1.08,key_6,17,false
read,53.12,key_4,7,false
read,53.06,key_15,5,false
read,56.30,key_10,15,false
write,2.12,key_14,12,false
read,56.26,key_3,20,false
read,57.04,key_17,10,false
read,53.87,key_3,20,false
read,53.95,key_3,20,false
read,55.02,key_8,13,false
read,56.53,key_10,15,false
read,54.02,key_9,7,false
read,52.73,key_1,9,false
read,54.05,key_5,9,false
read,53.84,key_2,10,false
read,56.03,key_1,9,false
read,51.97,key_11,13,false
write,2.89,key_13,15,false
read,52.88,key_13,15,false
read,54.48,key_19,16,false
read,53.66,key_15,5,false
read,53.90,key_3,20,false
read,53.72,key_16,11,false
read,54.83,key_18,13,false
read,56.33,key_15,5,false
read,56.29,key_0,8,false
read,53.69,key_18,13,false
read,59.39,key_0,8,false
read,52.42,key_18,13,false
read,53.99,key_4,7,false
read,53.40,key_3,20,false
read,53.44,key_9,7,false
read,53.44,key_15,5,false
read,53.16,key_15,5,false
read,52.68,key_7,14,false
read,52.98,key_10,15,false
read,54.26,key_12,9,false
read,56.12,key_3,20,false
write,2.58,key_2,11,false
write,1.55,key_15,6,false
read,52.37,key_14,12,false
read,54.91,key_15,6,false
read,53.15,key_10,15,false
read,53.35,key_6,17,false
read,53.46,key_3,20,false
read,53.54,key_15,5,true
read,53.45,key_13,15,false
read,53.76,key_2,10,true
read,52.12,key_10,15,false
read,51.87,key_17,10,false
write,0.66,key_12,10,false
read,53.22,key_6,17,false
read,52.48,key_19,16,false
read,52.74,key_6,17,false
read,52.86,key_11,13,false
read,52.70,key_9,7,false
read,52.77,key_7,14,false
write,1.24,key_1,10,false
read,52.03,key_16,11,false
read,52.19,key_13,15,false
read,52.77,key_3,20,false
read,53.58,key_17,10,false
read,54.64,key_4,7,false
read,55.36,key_17,10,false
read,54.07,key_5,9,false
read,54.14,key_5,9,false
read,52.83,key_19,16,false
read,54.16,key_16,11,false
read,53.00,key_4,7,false
read,54.49,key_10,15,false
read,52.20,key_3,20,false
read,55.92,key_10,15,false
read,52.86,key_11,13,false
read,52.99,key_3,20,false
read,53.09,key_0,8,false
read,53.86,key_16,11,false
read,56.40,key_15,6,false
read,54.37,key_9,7,false
read,59.82,key_1,10,false
read,53.41,key_2,11,false
read,55.71,key_3,20,false
read,55.92,key_18,13,false
read,54.27,key_11,13,false
read,53.52,key_9,7,false
read,54.49,key_6,17,false
read,53.71,key_17,10,false
read,52.59,key_19,16,false
read,54.72,key_12,10,false
read,53.39,key_13,15,false
read,54.82,key_11,13,false
write,4.25,key_0,9,false
read,55.01,key_6,17,false
read,55.91,key_0,9,false
read,53.68,key_4,7,false
read,53.78,key_19,16,false
read,53.50,key_7,14,false
read,53.76,key_19,16,false
read,53.56,key_18,13,false
read,53.94,key_1,10,false
read,53.12,key_12,10,false
read,57.31,key_19,16,false
read,66.67,key_17,10,false
read,63.95,key_15,6,false
write,0.76,key_18,14,false
read,54.37,key_0,9,false
read,54.40,key_2,11,false
read,54.40,key_1,10,false
read,54.45,key_10,15,false
read,54.88,key_5,9,false
read,53.87,key_5,9,false
read,53.88,key_9,7,false
read,54.96,key_17,10,false
read,52.27,key_7,14,false
read,54.55,key_13,15,false
read,55.44,key_3,20,false
read,55.38,key_6,17,false
read,55.48,key_0,9,false
read,55.09,key_17,10,false
read,55.44,key_4,7,false
read,54.64,key_19,16,false
read,54.70,key_7,14,false
write,2.49,key_13,16,false
read,55.10,key_4,7,false
read,51.98,key_8,13,false
read,52.05,key_0,9,false
read,53.34,key_13,16,false
read,55.84,key_16,11,false
read,55.73,key_15,6,false
read,55.73,key_3,20,false
write,1.38,key_18,15,false
read,55.51,key_12,10,false
read,55.45,key_18,15,false
read,55.27,key_11,13,false
read,58.27,key_1,10,false
write,1.33,key_4,8,false
read,52.93,key_2,11,false
read,52.42,key_8,13,false
read,56.71,key_4,8,false
read,56.70,key_17,10,false
read,54.88,key_16,11,false
read,55.06,key_13,16,false
read,55.19,key_1,10,false
read,56.07,key_6,17,false
read,57.77,key_4,8,false
read,54.86,key_16,11,false
write,1.47,key_13,17,false
read,53.55,key_9,7,false
read,52.64,key_8,13,false
read,53.07,key_9,7,false
read,52.13,key_12,10,false
read,53.77,key_2,11,false
read,53.81,key_1,10,false
read,53.41,key_1,10,false
read,52.95,key_11,13,false
read,53.29,key_9,7,false
read,53.88,key_14,12,false
read,53.31,key_6,17,false
read,55.40,key_14,12,false
write,2.60,key_2,12,false
read,54.18,key_16,11,false
read,54.32,key_16,11,false
read,54.39,key_7,14,false
read,54.24,key_10,15,false
read,54.45,key_9,7,false
read,54.47,key_2,11,true
write,1.97,key_10,16,false
read,54.32,key_0,9,false
read,56.77,key_19,16,false
read,52.06,key_19,16,false
read,54.58,key_13,17,false
read,54.36,key_4,8,false
read,54.38,key_5,9,false
read,54.46,key_11,13,false
read,54.57,key_18,15,false
read,58.64,key_1,10,false
read,56.54,key_3,20,false
read,56.96,key_7,14,false
read,57.53,key_4,8,false
read,52.78,key_7,14,false
read,52.23,key_19,16,false
read,53.45,key_18,15,false
read,53.48,key_18,15,false
read,55.13,key_19,16,false
read,56.48,key_5,9,false
read,52.44,key_17,10,false
read,55.95,key_12,10,false
read,56.51,key_14,12,false
read,56.65,key_16,11,false
read,52.22,key_6,17,false
read,57.82,key_19,16,false
read,52.68,key_16,11,false
read,52.81,key_7,14,false
read,52.36,key_14,12,false
read,52.41,key_10,16,false
write,0.68,key_6,18,false
read,54.62,key_11,13,false
read,51.68,key_0,9,false
read,52.53,key_14,12,false
read,51.64,key_19,16,false
read,52.54,key_16,11,false
read,56.18,key_13,17,false
read,53.10,key_13,17,false
read,53.04,key_19,16,false
read,51.21,key_3,20,false
read,54.95,key_18,15,false
read,54.48,key_3,20,false
read,51.41,key_2,12,false
read,52.55,key_16,11,false
read,52.11,key_5,9,false
read,52.20,key_10,16,false
read,52.87,key_8,13,false
read,52.86,key_3,20,false
read,56.93,key_0,9,false
read,53.89,key_2,12,false
read,52.83,key_2,12,false
write,1.28,key_1,11,false
read,56.05,key_9,7,false
read,51.56,key_6,18,false
read,51.87,key_17,10,false
write,0.84,key_14,13,false
read,55.21,key_3,20,false
write,0.77,key_7,15,false
read,58.08,key_11,13,false
read,52.92,key_8,13,false
read,52.41,key_2,12,false
read,53.43,key_6,18,false
read,53.24,key_8,13,false
read,52.67,key_19,16,false
read,53.63,key_8,13,false
read,52.55,key_9,7,false
write,1.53,key_3,21,false
read,55.70,key_18,15,false
read,53.04,key_17,10,false
read,54.55,key_4,8,false
write,0.75,key_17,11,false
read,52.85,key_16,11,false
read,57.27,key_12,10,false
read,53.80,key_13,17,false
read,54.30,key_8,13,false
read,54.10,key_11,13,false
read,54.08,key_11,13,false
read,52.57,key_17,11,false
read,52.92,key_13,17,false
read,56.69,key_18,15,false
read,51.73,key_8,13,false
write,1.26,key_10,17,false
write,4.03,key_6,19,false
read,52.11,key_15,6,false
read,54.06,key_4,8,false
read,53.98,key_3,21,false
read,54.06,key_1,11,false
read,58.99,key_6,19,false
read,53.09,key_5,9,false
write,0.79,key_18,16,false
read,53.24,key_18,15,true
read,54.85,key_1,11,false
read,55.16,key_19,16,false
read,54.80,key_3,21,false
read,51.19,key_15,6,false
read,53.72,key_12,10,false
read,54.09,key_10,17,false
read,54.17,key_16,11,false
read,52.81,key_2,12,false
read,52.74,key_6,19,false
read,52.16,key_9,7,false
read,53.41,key_2,12,false
read,52.76,key_7,15,false
read,54.45,key_10,17,false
read,54.53,key_11,13,false
read,53.11,key_3,21,false
read,53.44,key_13,17,false
read,54.12,key_0,9,false
read,55.25,key_13,17,false
read,53.09,key_10,17,false
read,53.77,key_11,13,false
read,53.76,key_6,19,false
read,53.93,key_8,13,false
read,51.96,key_0,9,false
read,52.20,key_10,17,false
read,53.16,key_0,9,false
read,53.17,key_11,13,false
write,1.46,key_1,12,false
read,53.19,key_8,13,false
read,54.76,key_2,12,false
read,54.24,key_14,13,false
read,53.91,key_18,16,false
read,54.29,key_2,12,false
read,52.25,key_16,11,false
write,1.08,key_0,10,false
read,56.74,key_14,13,false
read,55.26,key_1,11,true
write,0.61,key_4,9,false
read,52.89,key_18,16,false
read,53.19,key_5,9,false
read,53.28,key_5,9,false
read,53.32,key_7,15,false
read,53.91,key_13,17,false
read,53.62,key_0,10,false
read,52.05,key_12,10,false
read,53.56,key_18,16,false
read,53.36,key_18,16,false
read,53.28,key_10,17,false
read,57.19,key_17,11,false
read,55.44,key_11,13,false
read,53.63,key_8,13,false
read,53.95,key_11,13,false
read,54.04,key_0,10,false
read,55.68,key_12,10,false
read,55.93,key_9,7,false
read,53.88,key_6,19,false
read,53.36,key_14,13,false
read,56.77,key_12,10,false
read,53.62,key_4,9,false
read,54.12,key_12,10,false
read,54.21,key_8,13,false
read,53.87,key_3,21,false
read,53.49,key_16,11,false
read,55.06,key_4,9,false
read,55.31,key_18,16,false
read,56.25,key_2,12,false
read,56.36,key_2,12,false
read,58.39,key_9,7,false
read,54.82,key_8,13,false
read,54.29,key_2,12,false
read,52.70,key_2,12,false
read,56.87,key_7,15,false
read,52.55,key_19,16,false
read,57.00,key_8,13,false
read,53.03,key_6,19,false
read,57.57,key_5,9,false
write,1.72,key_14,14,false
read,56.15,key_3,21,false
read,56.56,key_6,19,false
write,1.16,key_13,18,false
read,53.91,key_16,11,false
read,54.00,key_3,21,false
read,53.63,key_13,18,false
read,54.16,key_8,13,false
read,54.23,key_16,11,false
read,54.31,key_8,13,false
read,55.95,key_1,12,false
write,2.42,key_12,11,false
read,54.76,key_10,17,false
read,52.45,key_4,9,false
read,53.55,key_0,10,false
write,3.88,key_7,16,false
write,2.21,key_3,22,false
read,55.09,key_14,14,false
read,53.44,key_1,12,false
read,53.76,key_14,14,false
read,53.75,key_6,19,false
read,52.30,key_18,16,false
read,52.79,key_16,11,false
read,52.46,key_5,9,false
read,54.42,key_13,18,false
read,52.91,key_11,13,false
read,54.98,key_18,16,false
write,0.77,key_13,19,false
read,52.63,key_10,17,false
read,53.37,key_6,19,false
read,52.80,key_6,19,false
read,53.32,key_13,18,true
read,53.09,key_4,9,false
read,52.42,key_11,13,false
read,52.30,key_1,12,false
read,55.47,key_16,11,false
read,56.27,key_15,6,false
read,52.35,key_10,17,false
read,54.67,key_5,9,false
read,54.62,key_0,10,false
read,54.67,key_12,11,false
read,54.31,key_8,13,false
read,52.07,key_0,10,false
read,55.31,key_2,12,false
read,52.84,key_4,9,false
write,2.33,key_19,17,false
read,54.40,key_4,9,false
read,51.78,key_6,19,false
write,1.50,key_17,12,false
read,54.25,key_19,17,false
write,0.88,key_1,13,false
read,53.84,key_6,19,false
read,53.85,key_12,11,false
read,53.85,key_3,22,false
read,53.50,key_17,12,false
read,53.54,key_16,11,false
read,53.45,key_11,13,false
read,52.82,key_0,10,false
read,54.27,key_16,11,false
write,3.66,key_15,7,false
read,55.05,key_6,19,false
write,2.46,key_3,23,false
read,54.55,key_16,11,false
read,53.26,key_7,16,false
read,57.12,key_18,16,false
read,57.19,key_2,12,false
read,54.26,key_14,14,false
read,52.72,key_17,12,false
read,54.40,key_0,10,false
read,53.51,key_3,23,false
read,55.33,key_14,14,false
read,55.48,key_17,12,false
write,1.89,key_16,12,false
read,54.64,key_12,11,false
write,0.74,key_14,15,false
read,55.38,key_12,11,false
read,55.47,key_3,23,false
read,55.39,key_7,16,false
read,55.50,key_18,16,false
read,55.69,key_7,16,false
read,55.59,key_12,11,false
read,57.30,key_3,23,false
read,55.41,key_15,7,false
read,57.17,key_12,11,false
read,53.62,key_11,13,false
read,54.70,key_9,7,false
read,54.71,key_15,7,false
read,52.81,key_3,23,false
read,52.27,key_14,15,false
read,54.65,key_0,10,false
read,52.78,key_15,7,false
read,52.86,key_3,23,false
read,56.26,key_4,9,false
read,56.77,key_6,19,false
read,56.56,key_0,10,false
write,0.78,key_16,13,false
write,3.89,key_1,14,false
read,53.63,key_4,9,false
read,53.63,key_14,15,false
read,53.73,key_12,11,false
read,53.67,key_3,23,false
read,52.26,key_12,11,false
read,53.72,key_17,12,false
read,53.99,key_7,16,false
read,53.25,key_18,16,false
read,55.16,key_16,13,false
write,3.69,key_14,16,false
read,57.41,key_14,15,true
read,55.41,key_1,14,false
read,55.42,key_19,17,false
read,55.47,key_0,10,false
read,53.82,key_5,9,false
read,54.57,key_5,9,false
read,55.21,key_12,11,false
write,3.79,key_6,20,false
write,0.86,key_7,17,false
write,0.81,key_15,8,false
read,57.30,key_19,17,false
read,60.88,key_4,9,false
read,61.12,key_15,7,true
read,57.60,key_5,9,false
write,1.23,key_12,12,false
read,56.46,key_2,12,false
read,58.01,key_13,19,false
read,56.59,key_4,9,false
read,55.35,key_6,20,false
read,53.98,key_11,13,false
read,53.60,key_4,9,false
read,55.40,key_7,17,false
read,56.21,key_7,17,false
read,56.12,key_15,8,false
read,55.40,key_17,12,false
write,1.00,key_4,10,false
read,57.58,key_9,7,false
read,54.50,key_8,13,false
read,60.05,key_12,12,false
read,58.41,key_11,13,false
read,58.55,key_15,8,false
read,57.76,key_3,23,false
read,57.26,key_16,13,false
read,53.67,key_14,16,false
read,58.65,key_0,10,false
read,56.91,key_7,17,false
read,56.13,key_11,13,false
read,56.23,key_11,13,false
read,56.23,key_11,13,false
read,56.20,key_4,10,false
read,56.32,key_1,14,false
read,56.14,key_3,23,false
read,56.12,key_2,12,false
read,56.21,key_9,7,false
read,53.73,key_14,16,false
read,56.13,key_13,19,false
write,2.45,key_4,11,false
read,54.73,key_3,23,false
read,54.99,key_16,13,false
read,54.87,key_14,16,false
read,54.99,key_18,16,false
read,54.99,key_6,20,false
read,55.17,key_2,12,false
read,55.01,key_8,13,false
read,55.09,key_13,19,false
read,56.56,key_17,12,false
read,59.07,key_10,17,false
write,1.05,key_15,9,false
read,54.56,key_11,13,false
read,54.76,key_8,13,false
read,54.57,key_7,17,false
read,54.74,key_7,17,false
read,54.78,key_8,13,false
read,54.78,key_13,19,false
read,56.78,key_10,17,false
read,57.54,key_15,9,false
read,53.55,key_19,17,false
read,52.98,key_19,17,false
read,52.60,key_12,12,false
read,52.58,key_14,16,false
read,52.59,key_13,19,false
read,52.66,key_1,14,false
read,52.65,key_5,9,false
read,52.60,key_18,16,false
write,1.52,key_4,12,false
read,52.18,key_10,17,false
read,54.14,key_9,7,false
write,0.55,key_0,11,false
read,55.91,key_13,19,false
read,55.91,key_9,7,false
write,0.79,key_0,12,false
read,53.66,key_10,17,false
read,53.54,key_7,17,false
read,53.64,key_17,12,false
read,53.63,key_3,23,false
read,53.64,key_7,17,false
read,52.44,key_8,13,false
write,1.28,key_9,8,false
read,55.00,key_14,16,false
read,52.13,key_8,13,false
write,0.96,key_0,13,false
read,55.55,key_10,17,false
read,67.31,key_4,12,false
read,54.00,key_11,13,false
read,54.00,key_15,9,false
read,54.00,key_3,23,false
read,54.11,key_0,13,false
read,55.52,key_3,23,false
read,53.49,key_2,12,false
read,55.45,key_15,9,false
write,0.79,key_19,18,false
read,52.73,key_11,13,false
write,0.56,key_18,17,false
read,54.26,key_8,13,false
read,52.80,key_12,12,false
read,52.95,key_5,9,false
read,52.98,key_14,16,false
read,53.05,key_12,12,false
read,53.77,key_15,9,false
read,54.55,key_15,9,false
read,53.44,key_14,16,false
read,56.46,key_14,16,false
read,52.57,key_4,12,false
read,52.97,key_5,9,false
read,53.23,key_11,13,false
read,55.02,key_10,17,false
read,56.70,key_16,13,false
read,53.58,key_1,14,false
read,57.17,key_3,23,false
read,53.69,key_2,12,false
read,54.27,key_0,13,false
read,54.95,key_0,13,false
read,55.23,key_18,17,false
write,2.20,key_5,10,false
read,52.87,key_3,23,false
read,51.97,key_14,16,false
read,53.70,key_6,20,false
read,53.47,key_13,19,false
read,53.00,key_14,16,false
read,51.85,key_12,12,false
read,52.65,key_7,17,false
read,57.24,key_8,13,false
read,55.20,key_18,17,false
read,58.58,key_7,17,false
read,59.01,key_16,13,false
read,52.72,key_14,16,false
read,54.40,key_17,12,false
read,55.78,key_4,12,false
read,53.11,key_9,8,false
read,53.87,key_9,8,false
read,54.87,key_12,12,false
read,54.97,key_5,10,false
read,58.67,key_6,20,false
read,62.40,key_1,14,false
read,57.16,key_12,12,false
write,10.85,key_18,18,false
read,58.31,key_7,17,false
read,53.96,key_2,12,false
read,52.32,key_9,8,false
read,59.14,key_14,16,false
read,59.23,key_16,13,false
read,53.86,key_4,12,false
write,0.91,key_14,17,false
read,56.19,key_2,12,false
read,57.26,key_13,19,false
read,63.60,key_3,23,false
read,54.89,key_17,12,false
read,55.54,key_4,12,false
read,54.11,key_17,12,false
read,52.11,key_6,20,false
read,52.18,key_19,18,false
read,51.91,key_6,20,false
read,53.87,key_7,17,false
read,51.08,key_2,12,false
read,51.86,key_13,19,false
read,55.39,key_19,18,false
read,51.95,key_10,17,false
read,52.03,key_5,10,false
write,0.45,key_4,13,false
read,51.80,key_12,12,false
read,51.28,key_10,17,false
read,51.31,key_14,17,false
read,54.66,key_10,17,false
read,52.06,key_4,13,false
read,51.97,key_1,14,false
read,53.99,key_13,19,false
read,53.30,key_17,12,false
read,53.34,key_13,19,false
read,53.92,key_5,10,false
read,52.70,key_11,13,false
read,52.11,key_18,18,false
read,52.03,key_15,9,false
read,51.07,key_6,20,false
read,53.79,key_14,17,false
read,54.18,key_2,12,false
read,53.28,key_18,18,false
write,0.62,key_8,14,false
read,52.41,key_12,12,false
read,52.49,key_5,10,false
read,52.08,key_18,18,false
write,1.94,key_0,14,false
read,51.18,key_7,17,false
read,51.98,key_5,10,false
read,53.12,key_12,12,false
read,51.57,key_5,10,false
read,52.07,key_3,23,false
read,51.67,key_0,13,true
write,0.40,key_5,11,false
read,53.07,key_10,17,false
read,51.99,key_10,17,false
read,51.32,key_8,14,false
read,53.19,key_0,14,false
write,0.57,key_7,18,false
read,52.79,key_18,18,false
read,53.09,key_7,18,false
read,51.97,key_4,13,false
read,54.04,key_13,19,false
read,51.12,key_13,19,false
read,51.45,key_1,14,false
read,51.91,key_1,14,false
read,52.09,key_9,8,false
read,51.20,key_10,17,false
read,55.11,key_9,8,false
read,53.05,key_1,14,false
read,51.38,key_6,20,false
read,53.75,key_18,18,false
read,51.86,key_19,18,false
read,54.64,key_11,13,false
read,52.22,key_17,12,false
read,52.20,key_14,17,false
read,52.77,key_13,19,false
read,51.34,key_7,18,false
read,54.74,key_12,12,false
read,53.20,key_17,12,false
read,52.51,key_16,13,false
read,51.71,key_10,17,false
read,53.01,key_12,12,false
read,51.18,key_19,18,false
read,52.24,key_18,18,false
write,0.61,key_11,14,false
read,52.10,key_14,17,false
read,52.10,key_3,23,false
read,53.59,key_13,19,false
read,54.94,key_18,18,false
read,55.45,key_15,9,false
read,52.93,key_11,14,false
read,56.71,key_14,17,false
read,53.12,key_4,13,false
write,2.52,key_11,15,false
write,2.12,key_17,13,false
read,52.46,key_0,14,false
read,51.94,key_13,19,false
read,52.10,key_5,11,false
read,52.87,key_8,14,false
read,51.64,key_13,19,false
read,52.88,key_5,11,false
read,52.95,key_12,12,false
read,52.85,key_2,12,false
read,53.35,key_13,19,false
read,56.23,key_8,14,false
write,0.75,key_19,19,false
read,57.37,key_1,14,false
read,58.00,key_11,15,false
read,55.85,key_17,13,false
read,51.98,key_8,14,false
read,52.34,key_6,20,false
read,51.12,key_0,14,false
write,0.56,key_12,13,false
read,54.63,key_12,12,true
read,52.25,key_8,14,false
read,51.75,key_11,15,false
read,52.53,key_14,17,false
read,53.42,key_5,11,false
read,53.44,key_19,19,false
read,52.47,key_9,8,false
read,52.35,key_14,17,false
read,56.02,key_15,9,false
read,51.57,key_1,14,false
read,52.37,key_6,20,false
read,52.66,key_10,17,false
read,52.61,key_0,14,false
read,52.62,key_17,13,false
read,52.52,key_12,13,false
read,52.54,key_17,13,false
read,55.59,key_13,19,false
read,52.22,key_13,19,false
read,51.95,key_13,19,false
read,52.76,key_3,23,false
read,52.34,key_16,13,false
read,52.34,key_14,17,false
read,53.94,key_4,13,false
read,57.81,key_5,11,false
read,64.27,key_16,13,false
read,57.84,key_4,13,false
read,53.74,key_11,15,false
read,53.82,key_7,18,false
read,52.43,key_8,14,false
read,52.90,key_15,9,false
read,53.03,key_19,19,false
read,52.98,key_16,13,false
read,54.91,key_10,17,false
write,3.90,key_18,19,false
read,53.00,key_10,17,false
read,53.01,key_15,9,false
read,53.01,key_2,12,false
read,53.13,key_0,14,false
read,52.81,key_7,18,false
read,55.80,key_2,12,false
read,51.69,key_19,19,false
read,52.88,key_18,19,false
read,57.74,key_10,17,false
read,53.82,key_12,13,false
write,1.28,key_13,20,false
read,52.97,key_7,18,false
read,52.86,key_15,9,false
read,52.90,key_9,8,false
read,52.50,key_0,14,false
write,0.99,key_4,14,false
read,54.65,key_7,18,false
read,55.66,key_16,13,false
read,55.41,key_13,20,false
read,54.18,key_5,11,false
read,52.83,key_7,18,false
read,57.24,key_9,8,false
read,53.22,key_3,23,false
read,53.25,key_0,14,false
read,51.67,key_1,14,false
read,52.30,key_19,19,false
read,52.65,key_14,17,false
write,1.27,key_7,19,false
write,1.25,key_1,15,false
read,53.38,key_7,19,false
read,53.38,key_19,19,false
write,0.62,key_15,10,false
read,54.12,key_6,20,false
read,54.12,key_14,17,false
read,56.60,key_2,12,false
read,52.48,key_2,12,false
read,52.64,key_4,14,false
read,51.35,key_14,17,false
read,52.66,key_7,19,false
read,54.01,key_17,13,false
read,52.17,key_7,19,false
read,55.54,key_18,19,false
read,54.99,key_13,20,false
read,53.02,key_16,13,false
read,55.54,key_16,13,false
read,53.02,key_4,14,false
read,53.00,key_7,19,false
read,53.04,key_19,19,false
read,53.32,key_10,17,false
read,52.22,key_0,14,false
write,3.33,key_18,20,false
read,51.70,key_3,23,false
read,52.81,key_10,17,false
read,53.96,key_5,11,false
read,53.58,key_13,20,false
read,54.68,key_17,13,false
read,54.35,key_15,10,false
read,52.47,key_11,15,false
read,54.50,key_9,8,false
read,55.31,key_13,20,false
write,1.76,key_6,21,false
read,53.84,key_8,14,false
read,54.87,key_18,20,false
read,52.19,key_18,20,false
read,53.10,key_13,20,false
read,54.54,key_1,15,false
read,54.55,key_11,15,false
read,53.37,key_7,19,false
read,54.64,key_1,15,false
read,53.29,key_15,10,false
write,1.16,key_3,24,false
read,53.41,key_1,15,false
read,56.63,key_8,14,false
read,53.13,key_12,13,false
read,52.67,key_7,19,false
read,52.84,key_1,15,false
read,53.39,key_14,17,false
read,54.49,key_1,15,false
read,53.42,key_17,13,false
read,52.49,key_16,13,false
read,53.53,key_18,20,false
read,52.65,key_11,15,false
write,2.38,key_1,16,false
read,53.35,key_16,13,false
write,1.26,key_14,18,false
read,56.06,key_5,11,false
read,56.17,key_19,19,false
read,53.39,key_8,14,false
read,53.41,key_14,18,false
read,53.59,key_12,13,false
read,54.75,key_9,8,false
read,52.86,key_0,14,false
read,52.77,key_1,16,false
read,52.78,key_6,21,false
read,56.98,key_15,10,false
read,52.38,key_18,20,false
read,54.79,key_11,15,false
read,51.95,key_9,8,false
read,52.92,key_4,14,false
read,54.32,key_11,15,false
read,54.31,key_13,20,false
read,52.67,key_5,11,false
write,1.20,key_14,19,false
read,56.09,key_6,21,false
read,52.48,key_3,24,false
read,51.70,key_16,13,false
read,55.74,key_7,19,false
read,52.60,key_0,14,false
read,56.00,key_10,17,false
read,53.89,key_6,21,false
read,53.89,key_19,19,false
read,54.08,key_17,13,false
read,53.49,key_5,11,false
write,2.05,key_18,21,false
write,2.07,key_10,18,false
read,52.69,key_19,19,false
read,51.82,key_9,8,false
read,53.16,key_14,19,false
write,1.80,key_17,14,false
read,54.78,key_9,8,false
read,52.82,key_2,12,false
write,3.50,key_2,13,false
read,53.81,key_10,18,false
read,53.86,key_5,11,false
read,54.17,key_8,14,false
read,53.52,key_13,20,false
read,53.48,key_1,16,false
read,57.34,key_12,13,false
read,55.83,key_1,16,false
read,55.93,key_8,14,false
read,53.90,key_11,15,false
read,52.49,key_5,11,false
read,53.63,key_18,21,false
read,55.02,key_9,8,false
read,52.85,key_11,15,false
read,52.93,key_5,11,false
write,0.63,key_6,22,false
read,51.98,key_2,13,false
read,52.05,key_15,10,false
read,52.83,key_18,21,false
write,0.72,key_3,25,false
read,55.23,key_7,19,false
read,51.77,key_7,19,false
read,52.76,key_13,20,false
read,53.95,key_8,14,false
read,52.63,key_11,15,false
read,52.20,key_3,25,false
read,52.83,key_4,14,false
read,53.56,key_17,14,false
read,54.02,key_14,19,false
read,52.42,key_14,19,false
read,54.61,key_17,14,false
read,51.83,key_15,10,false
read,54.27,key_17,14,false
read,54.22,key_14,19,false
read,53.83,key_7,19,false
read,55.52,key_6,22,false
read,52.64,key_6,22,false
read,54.58,key_4,14,false
read,55.07,key_13,20,false
read,55.13,key_12,13,false
read,58.34,key_18,21,false
read,55.20,key_4,14,false
read,52.40,key_10,18,false
write,1.24,key_0,15,false
write,2.21,key_10,19,false
write,0.81,key_9,9,false
read,53.91,key_13,20,false
read,54.32,key_17,14,false
read,52.89,key_8,14,false
read,53.34,key_11,15,false
read,52.72,key_3,25,false
read,53.36,key_19,19,false
read,53.19,key_6,22,false
read,52.70,key_6,22,false
write,0.72,key_10,20,false
read,53.96,key_10,19,true
read,53.63,key_5,11,false
read,53.85,key_5,11,false
read,53.21,key_10,20,false
read,53.47,key_1,16,false
read,52.32,key_1,16,false
read,54.33,key_15,10,false
read,52.10,key_9,9,false
read,51.87,key_4,14,false
read,52.66,key_10,20,false
read,53.91,key_3,25,false
read,52.06,key_17,14,false
read,52.73,key_4,14,false
read,52.84,key_2,13,false
read,52.85,key_3,25,false
write,0.85,key_8,15,false
read,52.67,key_0,15,false
read,53.75,key_13,20,false
read,52.92,key_4,14,false
read,54.60,key_1,16,false
read,52.95,key_18,21,false
read,52.81,key_17,14,false
read,54.84,key_9,9,false
read,52.58,key_3,25,false
read,52.59,key_6,22,false
read,51.78,key_19,19,false
read,52.35,key_15,10,false
read,52.21,key_7,19,false
read,52.39,key_19,19,false
read,54.99,key_19,19,false
read,54.14,key_12,13,false
read,56.17,key_11,15,false
read,54.65,key_9,9,false
write,2.73,key_2,14,false
write,3.05,key_8,16,false
read,52.55,key_8,16,false
read,52.55,key_5,11,false
read,52.55,key_9,9,false
write,1.69,key_19,20,false
write,2.07,key_7,20,false
read,51.75,key_4,14,false
read,52.07,key_2,14,false
read,54.77,key_16,13,false
read,52.24,key_17,14,false
write,1.41,key_10,21,false
write,1.28,key_6,23,false
write,0.92,key_1,17,false
write,0.98,key_3,26,false
read,52.83,key_4,14,false
read,53.27,key_17,14,false
read,52.98,key_14,19,false
read,54.76,key_9,9,false
read,53.00,key_13,20,false
read,52.67,key_2,14,false
write,2.29,key_10,22,false
read,53.30,key_0,15,false
read,55.39,key_1,17,false
read,51.98,key_18,21,false
read,55.19,key_5,11,false
read,51.76,key_18,21,false
write,1.02,key_13,21,false
read,52.87,key_0,15,false
read,53.67,key_6,23,false
write,2.69,key_2,15,false
write,0.61,key_12,14,false
read,52.96,key_10,22,false
read,53.03,key_1,17,false
read,53.02,key_9,9,false
read,52.72,key_5,11,false
read,52.75,key_10,22,false
read,57.37,key_4,14,false
read,54.45,key_4,14,false
read,53.74,key_16,13,false
read,52.69,key_3,26,false
read,53.11,key_16,13,false
read,56.18,key_11,15,false
read,53.80,key_3,26,false
read,53.79,key_1,17,false
read,52.50,key_5,11,false
read,54.41,key_11,15,false
read,54.97,key_15,10,false
read,55.89,key_3,26,false
read,57.52,key_2,15,false
read,51.56,key_0,15,false
read,55.01,key_0,15,false
write,1.26,key_8,17,false
read,54.06,key_0,15,false
read,54.08,key_2,15,false
read,54.02,key_8,17,false
read,52.52,key_19,20,false
read,53.50,key_14,19,false
read,57.16,key_3,26,false
read,54.75,key_5,11,false
read,51.55,key_15,10,false
read,51.73,key_11,15,false
read,55.27,key_8,17,false
read,54.24,key_18,21,false
read,54.20,key_14,19,false
read,52.74,key_4,14,false
read,55.39,key_16,13,false
read,52.70,key_7,20,false
read,56.20,key_8,17,false
read,52.07,key_8,17,false
read,56.27,key_17,14,false
write,0.79,key_15,11,false
read,56.42,key_10,22,false
read,57.35,key_9,9,false
read,52.15,key_17,14,false
read,52.15,key_18,21,false
read,52.18,key_6,23,false
read,53.25,key_3,26,false
read,58.20,key_7,20,false
read,54.53,key_5,11,false
read,60.35,key_14,19,false
read,60.28,key_5,11,false
read,54.56,key_8,17,false
read,59.99,key_12,14,false
write,2.71,key_4,15,false
read,52.54,key_16,13,false
read,54.10,key_13,21,false
read,52.60,key_11,15,false
write,0.76,key_1,18,false
read,52.59,key_0,15,false
read,52.66,key_17,14,false
read,52.90,key_17,14,false
read,52.75,key_17,14,false
read,56.72,key_4,14,true
read,53.22,key_0,15,false
read,57.01,key_16,13,false
read,52.53,key_19,20,false
read,54.06,key_14,19,false
read,52.86,key_10,22,false
read,53.42,key_13,21,false
read,52.72,key_8,17,false
read,52.74,key_2,15,false
read,52.89,key_10,22,false
write,0.95,key_12,15,false
read,52.95,key_19,20,false
read,52.54,key_9,9,false
read,51.66,key_18,21,false
read,52.74,key_5,11,false
read,54.46,key_15,11,false
read,52.74,key_0,15,false
read,54.40,key_4,15,false
write,1.15,key_9,10,false
read,52.44,key_19,20,false
read,53.36,key_19,20,false
read,53.49,key_2,15,false
write,2.29,key_5,12,false
read,52.00,key_11,15,false
write,0.71,key_17,15,false
read,52.27,key_5,11,true
read,53.45,key_9,10,false
read,53.59,key_10,22,false
read,53.59,key_14,19,false
read,53.82,key_19,20,false
read,55.53,key_2,15,false
read,52.45,key_7,20,false
read,52.54,key_15,11,false
read,52.77,key_14,19,false
read,53.11,key_13,21,false
write,0.73,key_8,18,false
read,53.68,key_13,21,false
read,53.04,key_1,18,false
read,53.44,key_13,21,false
read,53.44,key_16,13,false
read,52.50,key_0,15,false
write,1.19,key_11,16,false
write,1.24,key_9,11,false
write,0.68,key_14,20,false
read,55.33,key_2,15,false
read,52.36,key_17,15,false
read,52.57,key_1,18,false
read,52.16,key_10,22,false
read,52.20,key_4,15,false
read,57.02,key_14,20,false
read,52.75,key_6,23,false
read,52.56,key_5,12,false
read,53.34,key_3,26,false
read,52.12,key_14,20,false
write,1.00,key_11,17,false
read,52.91,key_11,17,false
read,54.10,key_19,20,false
read,56.09,key_3,26,false
read,52.22,key_13,21,false
read,51.93,key_16,13,false
read,52.03,key_4,15,false
read,52.14,key_3,26,false
read,53.33,key_1,18,false
read,52.89,key_16,13,false
read,52.70,key_13,21,false
read,52.91,key_19,20,false
read,51.30,key_12,15,false
read,52.80,key_12,15,false
read,52.86,key_17,15,false
read,53.16,key_9,11,false
read,53.82,key_1,18,false
read,53.16,key_0,15,false
read,52.48,key_5,12,false
read,54.90,key_6,23,false
read,55.60,key_13,21,false
read,51.80,key_8,18,false
read,52.21,key_10,22,false
read,52.03,key_7,20,false
read,52.58,key_7,20,false
read,52.12,key_12,15,false
read,51.68,key_7,20,false
read,51.87,key_1,18,false
read,52.85,key_8,18,false
read,52.83,key_1,18,false
read,52.22,key_9,11,false
read,52.48,key_9,11,false
read,53.93,key_7,20,false
read,51.92,key_4,15,false
read,55.19,key_5,12,false
write,1.16,key_9,12,false
write,0.79,key_12,16,false
read,52.49,key_2,15,false
write,0.72,key_6,24,false
read,55.10,key_10,22,false
read,54.38,key_2,15,false
read,53.49,key_3,26,false
read,53.90,key_17,15,false
read,52.21,key_12,16,false
write,0.98,key_15,12,false
read,58.25,key_7,20,false
read,58.30,key_6,24,false
read,52.95,key_12,16,false
write,2.54,key_13,22,false
read,52.30,key_0,15,false
read,60.35,key_18,21,false
read,52.12,key_7,20,false
read,53.50,key_13,22,false
read,53.07,key_18,21,false
read,53.06,key_4,15,false
read,53.25,key_11,17,false
read,55.08,key_19,20,false
read,53.62,key_6,24,false
read,56.89,key_10,22,false
read,52.64,key_18,21,false
read,52.90,key_17,15,false
read,52.69,key_8,18,false
read,52.94,key_5,12,false
read,52.56,key_4,15,false
read,53.00,key_13,22,false
read,57.65,key_3,26,false
read,54.48,key_10,22,false
read,55.48,key_10,22,false
write,1.01,key_0,16,false
read,63.45,key_14,20,false
read,56.90,key_16,13,false
read,54.16,key_17,15,false
read,60.57,key_14,20,false
read,55.66,key_3,26,false
read,53.64,key_15,12,false
read,52.29,key_17,15,false
read,56.73,key_7,20,false
read,54.06,key_5,12,false
read,53.29,key_15,12,false
read,55.09,key_0,16,false
read,55.00,key_4,15,false
read,57.95,key_5,12,false
write,5.81,key_12,17,false
read,66.90,key_14,20,false
read,73.31,key_6,24,false
read,57.20,key_7,20,false
read,55.51,key_5,12,false
read,64.63,key_1,18,false
read,68.33,key_6,24,false
read,66.24,key_13,22,false
read,62.31,key_11,17,false
read,69.70,key_6,24,false
read,61.40,key_2,15,false
read,56.56,key_6,24,false
write,3.14,key_19,21,false
write,0.50,key_17,16,false
write,0.90,key_2,16,false
read,52.28,key_17,16,false
write,0.40,key_17,17,false
read,53.03,key_7,20,false
read,58.90,key_7,20,false
write,0.35,key_11,18,false
read,54.10,key_11,17,true
read,54.12,key_9,12,false
read,53.51,key_13,22,false
read,54.21,key_1,18,false
read,53.28,key_18,21,false
read,52.39,key_11,18,false
read,52.46,key_5,12,false
read,53.47,key_4,15,false
read,52.88,key_10,22,false
read,51.51,key_19,21,false
write,0.79,key_15,13,false
read,51.84,key_14,20,false
read,51.87,key_2,16,false
read,52.35,key_1,18,false
read,52.54,key_11,18,false
read,53.49,key_13,22,false
read,51.53,key_11,18,false
read,51.53,key_16,13,false
write,0.43,key_17,18,false
read,51.07,key_8,18,false
read,53.25,key_2,16,false
read,51.91,key_17,18,false
read,51.18,key_8,18,false
read,51.31,key_8,18,false
read,52.43,key_14,20,false
read,51.43,key_14,20,false
read,52.78,key_7,20,false
read,52.36,key_13,22,false
read,51.84,key_11,18,false
read,53.72,key_15,13,false
read,54.66,key_12,17,false
read,52.39,key_1,18,false
read,53.58,key_9,12,false
read,56.32,key_5,12,false
read,54.38,key_11,18,false
read,51.42,key_14,20,false
read,57.31,key_18,21,false
read,53.51,key_5,12,false
read,59.35,key_12,17,false
read,55.84,key_8,18,false
read,51.93,key_18,21,false
read,53.91,key_7,20,false
write,0.59,key_15,14,false
read,52.31,key_15,14,false
read,53.17,key_19,21,false
read,52.29,key_15,14,false
write,0.55,key_16,14,false
read,52.60,key_12,17,false
read,56.60,key_1,18,false
read,51.95,key_5,12,false
read,56.97,key_5,12,false
read,59.91,key_18,21,false
read,52.32,key_14,20,false
read,54.46,key_12,17,false
read,52.11,key_13,22,false
read,51.64,key_12,17,false
read,52.24,key_13,22,false
read,52.78,key_19,21,false
read,52.87,key_12,17,false
read,54.09,key_8,18,false
read,55.38,key_8,18,false
read,52.42,key_11,18,false
read,52.06,key_16,14,false
read,51.80,key_4,15,false
read,52.88,key_18,21,false
read,52.91,key_6,24,false
read,52.93,key_8,18,false
read,53.03,key_5,12,false
read,52.54,key_0,16,false
read,51.59,key_0,16,false
read,53.43,key_9,12,false
read,56.31,key_19,21,false
read,52.45,key_14,20,false
read,52.26,key_17,18,false
read,52.15,key_7,20,false
read,52.16,key_6,24,false
read,52.15,key_13,22,false
read,51.30,key_2,16,false
read,54.34,key_3,26,false
read,52.81,key_18,21,false
read,53.72,key_0,16,false
read,55.94,key_19,21,false
read,52.97,key_1,18,false
read,55.21,key_15,14,false
read,52.06,key_2,16,false
read,52.08,key_2,16,false
read,52.11,key_18,21,false
write,0.63,key_12,18,false
read,52.58,key_14,20,false
read,53.09,key_15,14,false
read,52.95,key_16,14,false
read,53.09,key_8,18,false
read,55.61,key_19,21,false
read,53.05,key_6,24,false
read,54.35,key_7,20,false
read,52.72,key_9,12,false
read,52.80,key_14,20,false
read,54.18,key_0,16,false
read,53.74,key_14,20,false
read,52.08,key_2,16,false
read,53.04,key_10,22,false
read,53.92,key_7,20,false
read,54.89,key_18,21,false
write,0.93,key_7,21,false
read,53.41,key_4,15,false
read,54.59,key_13,22,false
read,52.65,key_16,14,false
read,53.40,key_14,20,false
read,54.11,key_17,18,false
write,0.78,key_7,22,false
read,51.47,key_8,18,false
read,53.31,key_13,22,false
read,56.42,key_12,18,false
read,55.27,key_2,16,false
write,1.86,key_4,16,false
read,57.46,key_2,16,false
write,2.91,key_9,13,false
read,55.26,key_2,16,false
read,52.85,key_16,14,false
read,52.05,key_1,18,false
read,52.38,key_14,20,false
write,0.85,key_13,23,false
read,52.62,key_5,12,false
read,52.73,key_5,12,false
write,0.64,key_13,24,false
read,52.47,key_11,18,false
read,52.58,key_19,21,false
read,51.56,key_13,24,false
read,58.85,key_4,16,false
read,55.21,key_7,22,false
read,57.05,key_19,21,false
read,53.34,key_15,14,false
read,53.16,key_16,14,false
read,55.35,key_19,21,false
read,51.28,key_17,18,false
read,52.88,key_0,16,false
read,52.78,key_16,14,false
write,0.56,key_11,19,false
read,51.91,key_7,22,false
read,51.98,key_11,19,false
read,55.56,key_13,24,false
read,55.13,key_2,16,false
read,51.29,key_0,16,false
read,52.12,key_14,20,false
read,52.12,key_17,18,false
read,54.12,key_17,18,false
write,0.74,key_9,14,false
write,0.53,key_4,17,false
read,53.11,key_16,14,false
read,52.52,key_9,14,false
read,52.68,key_8,18,false
read,52.67,key_15,14,false
read,52.18,key_4,17,false
read,54.86,key_4,17,false
read,52.79,key_15,14,false
read,52.90,key_15,14,false
read,54.43,key_14,20,false
read,55.52,key_17,18,false
read,52.94,key_10,22,false
read,54.26,key_1,18,false
read,52.48,key_19,21,false
read,53.12,key_0,16,false
read,52.77,key_4,17,false
read,56.18,key_14,20,false
read,53.46,key_5,12,false
read,51.85,key_12,18,false
read,54.88,key_9,14,false
read,58.24,key_10,22,false
read,52.89,key_1,18,false
read,55.05,key_16,14,false
read,53.18,key_10,22,false
read,52.22,key_3,26,false
read,52.74,key_10,22,false
read,53.42,key_2,16,false
read,52.86,key_4,17,false
read,52.87,key_0,16,false
read,51.46,key_2,16,false
read,52.83,key_0,16,false
read,51.76,key_4,17,false
read,52.74,key_18,21,false
read,56.06,key_7,22,false
read,51.99,key_0,16,false
read,53.26,key_19,21,false
read,52.40,key_0,16,false
read,52.49,key_10,22,false
read,53.49,key_19,21,false
read,52.60,key_11,19,false
read,51.81,key_9,14,false
read,51.71,key_13,24,false
read,56.11,key_2,16,false
read,51.86,key_6,24,false
read,52.06,key_6,24,false
read,52.73,key_16,14,false
read,52.70,key_4,17,false
read,53.29,key_6,24,false
read,53.39,key_17,18,false
read,55.41,key_10,22,false
read,51.95,key_18,21,false
read,54.84,key_12,18,false
read,52.86,key_13,24,false
read,53.22,key_12,18,false
read,55.03,key_0,16,false
read,52.83,key_8,18,false
read,52.58,key_2,16,false
read,53.12,key_12,18,false
read,52.67,key_10,22,false
read,58.84,key_0,16,false
read,51.85,key_9,14,false
read,52.97,key_15,14,false
read,52.42,key_10,22,false
read,53.98,key_5,12,false
read,52.65,key_12,18,false
write,1.05,key_12,19,false
read,55.08,key_13,24,false
read,52.97,key_14,20,false
read,52.96,key_15,14,false
read,52.98,key_3,26,false
read,52.73,key_8,18,false
read,52.53,key_17,18,false
read,53.02,key_17,18,false
read,54.64,key_11,19,false
read,52.93,key_18,21,false
read,55.68,key_13,24,false
read,52.22,key_8,18,false
read,52.23,key_13,24,false
read,53.87,key_3,26,false
read,53.93,key_0,16,false
read,52.90,key_5,12,false
read,52.46,key_14,20,false
read,52.75,key_2,16,false
read,53.08,key_12,19,false
read,52.33,key_9,14,false
read,57.08,key_8,18,false
read,52.08,key_17,18,false
read,53.69,key_15,14,false
read,52.12,key_15,14,false
read,57.43,key_11,19,false
read,52.40,key_15,14,false
read,52.49,key_3,26,false
read,51.90,key_4,17,false
read,52.00,key_17,18,false
read,54.41,key_13,24,false
read,52.15,key_16,14,false
read,53.19,key_8,18,false
read,53.23,key_7,22,false
read,53.23,key_16,14,false
read,53.36,key_3,26,false
write,1.38,key_16,15,false
read,52.09,key_14,20,false
read,54.32,key_13,24,false
read,53.32,key_3,26,false
read,51.92,key_0,16,false
read,51.79,key_19,21,false
read,56.41,key_7,22,false
read,52.52,key_19,21,false
read,53.86,key_17,18,false
read,53.98,key_2,16,false
read,53.95,key_0,16,false
write,1.84,key_19,22,false
read,52.07,key_2,16,false
read,52.37,key_17,18,false
read,52.98,key_0,16,false
read,53.34,key_13,24,false
read,53.77,key_10,22,false
read,52.37,key_13,24,false
read,53.75,key_10,22,false
read,53.94,key_12,19,false
read,53.98,key_14,20,false
read,53.86,key_5,12,false
read,53.37,key_12,19,false
read,51.78,key_14,20,false
write,0.90,key_6,25,false
read,52.01,key_2,16,false
read,52.86,key_7,22,false
read,52.99,key_3,26,false
write,0.98,key_2,17,false
read,53.80,key_12,19,false
read,52.85,key_3,26,false
read,52.87,key_6,25,false
read,52.89,key_18,21,false
write,0.84,key_19,23,false
read,57.23,key_7,22,false
read,55.38,key_15,14,false
read,55.06,key_13,24,false
read,52.87,key_2,17,false
read,51.79,key_0,16,false
write,0.76,key_14,21,false
read,52.30,key_8,18,false
read,56.06,key_13,24,false
read,52.23,key_11,19,false
read,52.48,key_9,14,false
read,52.67,key_5,12,false
read,53.64,key_10,22,false
read,55.17,key_8,18,false
read,52.47,key_15,14,false
read,52.20,key_3,26,false
read,52.32,key_8,18,false
read,53.06,key_8,18,false
read,52.18,key_16,15,false
write,2.47,key_9,15,false
read,52.35,key_8,18,false
read,52.19,key_12,19,false
read,52.44,key_13,24,false
read,52.01,key_17,18,false
read,53.48,key_4,17,false
read,51.56,key_9,15,false
read,55.29,key_8,18,false
write,0.81,key_6,26,false
read,55.35,key_4,17,false
read,52.46,key_12,19,false
read,53.62,key_12,19,false
read,52.15,key_16,15,false
read,52.18,key_18,21,false
read,53.14,key_19,23,false
read,52.24,key_14,21,false
read,52.86,key_4,17,false
read,54.72,key_18,21,false
read,55.48,key_9,15,false
write,0.77,key_3,27,false
write,0.60,key_13,25,false
read,52.42,key_3,27,false
read,52.05,key_5,12,false
read,55.05,key_11,19,false
read,53.95,key_12,19,false
read,54.03,key_1,18,false
read,52.11,key_7,22,false
read,52.59,key_11,19,false
read,55.96,key_11,19,false
read,52.48,key_19,23,false
read,51.63,key_11,19,false
write,1.19,key_12,20,false
read,52.18,key_7,22,false
read,54.83,key_6,26,false
read,52.18,key_18,21,false
read,52.84,key_12,20,false
read,53.76,key_9,15,false
read,53.37,key_0,16,false
read,52.80,key_4,17,false
read,52.29,key_16,15,false
read,54.93,key_19,23,false
read,53.53,key_3,27,false
read,52.29,key_6,26,false
read,56.16,key_2,17,false
read,55.56,key_4,17,false
read,52.20,key_5,12,false
read,52.81,key_16,15,false
read,52.65,key_15,14,false
read,52.24,key_18,21,false
read,51.64,key_18,21,false
read,51.56,key_12,20,false
read,55.94,key_15,14,false
read,52.55,key_16,15,false
read,52.54,key_18,21,false
write,0.84,key_18,22,false
read,55.94,key_11,19,false
read,52.33,key_18,22,false
read,52.34,key_12,20,false
read,55.61,key_6,26,false
read,54.60,key_11,19,false
read,52.37,key_1,18,false
read,53.05,key_8,18,false
read,52.30,key_7,22,false
write,0.87,key_1,19,false
read,52.23,key_9,15,false
read,53.10,key_1,19,false
read,52.55,key_19,23,false
read,54.35,key_8,18,false
read,52.68,key_4,17,false
read,54.79,key_3,27,false
write,1.84,key_12,21,false
read,51.81,key_4,17,false
read,53.01,key_12,21,false
read,52.38,key_12,20,true
read,56.55,key_18,22,false
read,52.10,key_8,18,false
read,52.17,key_17,18,false
read,53.53,key_3,27,false
read,52.54,key_15,14,false
read,52.37,key_9,15,false
write,0.76,key_8,19,false
read,52.50,key_5,12,false
read,57.83,key_4,17,false
read,52.12,key_1,19,false
read,52.22,key_13,25,false
read,53.81,key_1,19,false
write,2.61,key_6,27,false
read,52.63,key_14,21,false
read,52.66,key_17,18,false
read,52.75,key_19,23,false
read,52.93,key_0,16,false
read,53.28,key_11,19,false
read,56.19,key_11,19,false
read,54.42,key_17,18,false
read,52.91,key_19,23,false
read,52.26,key_10,22,false
read,54.13,key_12,21,false
read,53.26,key_12,21,false
read,54.95,key_8,19,false
read,53.23,key_19,23,false
read,54.31,key_19,23,false
read,57.13,key_7,22,false
read,52.06,key_0,16,false
read,52.23,key_16,15,false
read,52.36,key_6,27,false
read,53.58,key_16,15,false
read,52.47,key_10,22,false
write,1.03,key_0,17,false
read,51.87,key_15,14,false
read,52.24,key_6,27,false
read,51.82,key_12,21,false
read,52.83,key_8,19,false
read,52.86,key_10,22,false
read,52.26,key_3,27,false
read,52.39,key_3,27,false
write,0.89,key_1,20,false
write,2.94,key_13,26,false
write,2.58,key_8,20,false
read,51.55,key_5,12,false
read,51.55,key_3,27,false
read,53.13,key_7,22,false
read,53.75,key_14,21,false
read,52.60,key_1,20,false
read,55.93,key_7,22,false
read,52.41,key_10,22,false
read,52.56,key_19,23,false
read,53.52,key_10,22,false
read,55.27,key_0,17,false
write,1.00,key_12,22,false
read,55.03,key_8,20,false
read,55.10,key_4,17,false
read,52.45,key_1,20,false
read,51.95,key_18,22,false
read,52.01,key_4,17,false
read,52.05,key_6,27,false
read,53.12,key_5,12,false
read,52.93,key_6,27,false
read,52.80,key_10,22,false
read,56.68,key_15,14,false
read,52.69,key_19,23,false
read,53.81,key_8,20,false
read,51.33,key_1,20,false
read,51.84,key_0,17,false
read,56.42,key_7,22,false
read,52.02,key_16,15,false
read,51.98,key_0,17,false
read,52.78,key_9,15,false
read,52.46,key_1,20,false
read,53.20,key_7,22,false
read,51.89,key_10,22,false
read,52.76,key_2,17,false
read,53.22,key_13,26,false
read,52.06,key_10,22,false
read,55.30,key_19,23,false
read,52.64,key_18,22,false
read,52.68,key_19,23,false
read,53.23,key_11,19,false
read,52.83,key_3,27,false
read,55.77,key_6,27,false
read,52.26,key_17,18,false
read,54.33,key_16,15,false
read,51.68,key_3,27,false
read,52.04,key_12,22,false
read,52.92,key_11,19,false
read,53.13,key_17,18,false
read,54.39,key_1,20,false
read,51.91,key_3,27,false
read,53.09,key_17,18,false
read,52.06,key_8,20,false
read,52.01,key_11,19,false
read,52.05,key_12,22,false
read,53.24,key_19,23,false
read,53.30,key_13,26,false
read,52.90,key_16,15,false
read,56.04,key_19,23,false
read,52.79,key_19,23,false
read,53.80,key_16,15,false
read,56.13,key_5,12,false
read,52.85,key_11,19,false
read,53.99,key_4,17,false
read,53.91,key_10,22,false
read,52.48,key_14,21,false
read,52.73,key_2,17,false
read,53.20,key_11,19,false
read,51.96,key_14,21,false
read,56.70,key_19,23,false
read,53.05,key_9,15,false
read,53.35,key_12,22,false
read,55.03,key_13,26,false
read,53.33,key_0,17,false
read,53.35,key_18,22,false
read,52.09,key_8,20,false
read,52.79,key_3,27,false
write,0.94,key_16,16,false
read,52.42,key_6,27,false
read,51.74,key_5,12,false
read,53.19,key_0,17,false
read,53.93,key_16,16,false
read,55.55,key_6,27,false
read,51.99,key_17,18,false
read,52.06,key_9,15,false
read,54.67,key_12,22,false
read,51.77,key_12,22,false
read,55.61,key_16,16,false
read,51.76,key_11,19,false
read,52.68,key_16,16,false
read,55.86,key_1,20,false
read,52.97,key_19,23,false
read,52.29,key_19,23,false
read,53.52,key_6,27,false
read,56.23,key_13,26,false
read,56.40,key_7,22,false
read,56.53,key_15,14,false
read,51.90,key_12,22,false
read,51.87,key_18,22,false
write,0.95,key_3,28,false
read,52.24,key_3,28,false
read,54.31,key_11,19,false
read,52.97,key_18,22,false
read,54.61,key_9,15,false
read,52.86,key_6,27,false
read,52.14,key_0,17,false
read,52.12,key_9,15,false
read,52.31,key_10,22,false
read,52.55,key_3,28,false
write,0.98,key_10,23,false
read,52.65,key_19,23,false
read,53.17,key_11,19,false
read,53.78,key_2,17,false
read,54.67,key_0,17,false
read,54.12,key_12,22,false
read,52.52,key_14,21,false
read,52.69,key_19,23,false
read,55.08,key_18,22,false
read,52.76,key_9,15,false
read,51.80,key_19,23,false
read,52.30,key_4,17,false
write,1.35,key_3,29,false
read,52.07,key_5,12,false
read,53.61,key_16,16,false
read,53.09,key_2,17,false
read,57.10,key_18,22,false
read,52.60,key_4,17,false
read,52.52,key_6,27,false
read,53.68,key_2,17,false
read,56.25,key_15,14,false
read,54.23,key_8,20,false
read,53.33,key_16,16,false
write,2.08,key_0,18,false
write,3.78,key_17,19,false
read,54.81,key_3,29,false
read,53.89,key_19,23,false
read,54.41,key_0,18,false
read,54.47,key_19,23,false
read,52.47,key_19,23,false
read,53.53,key_9,15,false
read,54.20,key_10,23,false
read,53.11,key_4,17,false
write,3.44,key_13,27,false
read,57.75,key_18,22,false
read,54.57,key_1,20,false
read,53.18,key_11,19,false
read,52.81,key_12,22,false
read,58.39,key_12,22,false
read,58.37,key_1,20,false
read,58.90,key_10,23,false
read,58.84,key_6,27,false
read,58.94,key_3,29,false
read,54.82,key_17,19,false
read,56.86,key_16,16,false
read,55.98,key_17,19,false
read,52.33,key_8,20,false
read,54.99,key_5,12,false
read,52.37,key_10,23,false
read,52.23,key_3,29,false
read,52.12,key_16,16,false
read,51.35,key_2,17,false
read,52.79,key_12,22,false
read,51.51,key_5,12,false
write,1.12,key_13,28,false
read,54.06,key_16,16,false
write,1.56,key_4,18,false
read,54.99,key_6,27,false
read,51.79,key_0,18,false
read,52.74,key_13,28,false
read,52.17,key_14,21,false
read,52.55,key_14,21,false
read,52.09,key_1,20,false
read,52.34,key_4,18,false
read,51.58,key_8,20,false
read,53.44,key_5,12,false
read,52.48,key_10,23,false
read,52.05,key_16,16,false
read,51.27,key_8,20,false
read,53.96,key_0,18,false
read,51.69,key_6,27,false
read,52.48,key_2,17,false
read,51.96,key_5,12,false
read,51.84,key_4,18,false
read,52.52,key_9,15,false
write,0.79,key_18,23,false
read,51.18,key_6,27,false
read,51.51,key_11,19,false
read,53.90,key_19,23,false
read,56.13,key_19,23,false
write,0.56,key_12,23,false
write,0.41,key_8,21,false
write,0.38,key_15,15,false
read,51.37,key_0,18,false
read,51.89,key_13,28,false
read,51.94,key_1,20,false
read,51.59,key_1,20,false
read,51.65,key_14,21,false
read,51.68,key_18,23,false
read,51.99,key_16,16,false
read,53.06,key_19,23,false
read,52.19,key_15,15,false
read,51.94,key_18,23,false
read,51.60,key_5,12,false
read,52.41,key_17,19,false
read,52.53,key_0,18,false
read,52.48,key_11,19,false
read,52.33,key_6,27,false
read,51.50,key_8,21,false
read,53.73,key_8,21,false
read,54.54,key_1,20,false
read,51.93,key_11,19,false
read,51.43,key_19,23,false
write,2.42,key_17,20,false
read,51.98,key_12,23,false
read,52.54,key_19,23,false
read,52.84,key_2,17,false
write,0.61,key_19,24,false
read,51.93,key_2,17,false
read,54.37,key_1,20,false
read,53.40,key_14,21,false
read,52.29,key_14,21,false
read,53.36,key_9,15,false
read,56.06,key_9,15,false
read,52.47,key_8,21,false
read,53.13,key_11,19,false
read,52.13,key_6,27,false
read,52.48,key_2,17,false
read,53.87,key_13,28,false
read,54.27,key_8,21,false
read,52.82,key_9,15,false
read,52.82,key_11,19,false
read,54.86,key_12,23,false
read,51.66,key_16,16,false
read,54.31,key_8,21,false
read,52.83,key_14,21,false
read,53.24,key_12,23,false
read,52.97,key_10,23,false
read,53.26,key_4,18,false
read,55.62,key_12,23,false
read,54.32,key_15,15,false
read,54.44,key_15,15,false
read,56.41,key_6,27,false
write,4.75,key_12,24,false
read,52.79,key_13,28,false
read,53.41,key_14,21,false
read,52.82,key_1,20,false
read,53.07,key_6,27,false
read,54.16,key_7,22,false
read,52.62,key_1,20,false
read,52.69,key_3,29,false
read,53.34,key_12,24,false
read,52.62,key_2,17,false
read,51.76,key_19,24,false
write,1.42,key_12,25,false
write,1.41,key_14,22,false
read,51.91,key_2,17,false
read,51.31,key_7,22,false
read,53.30,key_13,28,false
write,0.87,key_14,23,false
read,52.91,key_18,23,false
read,52.52,key_11,19,false
read,52.28,key_8,21,false
read,53.70,key_7,22,false
read,52.21,key_15,15,false
read,52.25,key_11,19,false
read,53.82,key_14,23,false
write,0.94,key_10,24,false
read,52.65,key_0,18,false
read,54.52,key_12,25,false
read,52.21,key_13,28,false
write,3.38,key_0,19,false
read,51.76,key_5,12,false
read,52.42,key_4,18,false
read,52.31,key_2,17,false
read,53.31,key_15,15,false
read,52.58,key_5,12,false
read,52.47,key_8,21,false
read,51.62,key_14,23,false
read,52.62,key_17,20,false
read,54.16,key_6,27,false
read,54.97,key_15,15,false
read,52.09,key_7,22,false
read,53.11,key_10,24,false
read,53.44,key_13,28,false
read,57.11,key_10,24,false
read,53.68,key_3,29,false
read,54.01,key_7,22,false
read,53.85,key_6,27,false
read,53.48,key_3,29,false
write,1.44,key_10,25,false
read,51.80,key_10,25,false
read,53.28,key_12,25,false
read,52.06,key_16,16,false
read,52.53,key_5,12,false
read,52.53,key_10,25,false
read,52.50,key_14,23,false
read,53.26,key_14,23,false
read,51.89,key_5,12,false
read,55.77,key_15,15,false
read,55.78,key_15,15,false
read,55.18,key_15,15,false
read,53.77,key_1,20,false
read,53.13,key_7,22,false
read,53.39,key_4,18,false
read,53.62,key_11,19,false
read,53.70,key_10,25,false
read,52.78,key_8,21,false
read,56.60,key_10,25,false
read,52.72,key_8,21,false
read,56.79,key_2,17,false
read,51.65,key_19,24,false
read,53.65,key_17,20,false
read,53.65,key_15,15,false
read,53.21,key_0,19,false
read,53.01,key_4,18,false
write,0.87,key_9,16,false
write,0.71,key_12,26,false
read,52.96,key_17,20,false
read,55.95,key_7,22,false
read,51.57,key_2,17,false
read,51.56,key_17,20,false
write,0.84,key_19,25,false
read,52.57,key_5,12,false
write,0.88,key_18,24,false
write,0.74,key_15,16,false
read,55.97,key_10,25,false
read,54.49,key_6,27,false
read,51.99,key_18,24,false
read,57.30,key_17,20,false
read,51.83,key_10,25,false
read,52.02,key_8,21,false
read,51.91,key_11,19,false
read,55.40,key_15,16,false
read,53.61,key_17,20,false
read,54.68,key_10,25,false
read,53.53,key_17,20,false
read,51.58,key_10,25,false
read,55.89,key_12,26,false
read,53.90,key_6,27,false
read,54.23,key_9,16,false
read,55.24,key_3,29,false
read,55.20,key_5,12,false
read,52.88,key_10,25,false
read,56.79,key_8,21,false
read,55.76,key_0,19,false
read,55.32,key_1,20,false
read,52.97,key_8,21,false
read,52.91,key_9,16,false
read,53.21,key_6,27,false
read,55.26,key_16,16,false
read,51.65,key_13,28,false
read,51.95,key_7,22,false
read,53.12,key_13,28,false
read,53.09,key_9,16,false
read,57.04,key_14,23,false
read,52.19,key_14,23,false
write,2.38,key_4,19,false
write,2.63,key_14,24,false
read,52.31,key_13,28,false
read,55.12,key_2,17,false
read,55.27,key_5,12,false
read,52.80,key_6,27,false
read,52.62,key_19,25,false
read,53.57,key_0,19,false
write,0.64,key_9,17,false
read,51.57,key_15,16,false
read,51.73,key_4,19,false
read,52.58,key_2,17,false
read,52.96,key_7,22,false
read,52.66,key_4,19,false
read,51.98,key_7,22,false
read,54.52,key_19,25,false
read,54.42,key_17,20,false
read,53.14,key_8,21,false
read,53.23,key_6,27,false
write,2.72,key_14,25,false
read,52.81,key_2,17,false
read,54.69,key_6,27,false
read,52.12,key_12,26,false
read,52.19,key_4,19,false
write,0.64,key_13,29,false
write,0.74,key_5,13,false
read,55.30,key_9,17,false
read,54.35,key_12,26,false
read,54.47,key_8,21,false
read,54.52,key_8,21,false
read,54.66,key_19,25,false
write,1.22,key_2,18,false
read,55.17,key_5,13,false
read,52.97,key_8,21,false
read,51.41,key_4,19,false
read,52.97,key_4,19,false
read,56.09,key_14,25,false
read,53.45,key_12,26,false
read,53.48,key_4,19,false
read,56.31,key_0,19,false
read,53.66,key_18,24,false
read,53.56,key_5,13,false
read,52.31,key_2,18,false
read,52.56,key_4,19,false
read,52.99,key_0,19,false
read,51.54,key_0,19,false
read,52.97,key_8,21,false
read,52.88,key_17,20,false
read,52.99,key_17,20,false
read,52.99,key_14,25,false
read,53.30,key_2,18,false
read,54.62,key_18,24,false
read,55.95,key_6,27,false
write,1.16,key_11,20,false
read,55.91,key_6,27,false
read,55.21,key_4,19,false
read,54.52,key_15,16,false
read,52.76,key_0,19,false
read,54.07,key_5,13,false
read,54.09,key_6,27,false
read,52.78,key_5,13,false
read,53.77,key_7,22,false
read,58.11,key_19,25,false
read,56.47,key_16,16,false
read,56.75,key_13,29,false
read,55.60,key_3,29,false
read,53.91,key_0,19,false
read,53.12,key_17,20,false
read,52.58,key_13,29,false
read,52.58,key_13,29,false
write,0.99,key_13,30,false
write,1.89,key_16,17,false
read,52.09,key_11,20,false
read,52.44,key_8,21,false
read,52.66,key_11,20,false
read,54.85,key_17,20,false
read,55.92,key_8,21,false
read,54.97,key_9,17,false
read,53.08,key_4,19,false
read,55.11,key_5,13,false
write,0.77,key_18,25,false
read,52.59,key_16,17,false
read,53.48,key_3,29,false
write,1.14,key_18,26,false
read,52.65,key_2,18,false
read,54.92,key_0,19,false
read,55.59,key_2,18,false
read,52.44,key_19,25,false
read,51.56,key_3,29,false
read,52.26,key_11,20,false
read,52.26,key_5,13,false
read,55.18,key_2,18,false
read,54.12,key_2,18,false
read,54.83,key_2,18,false
read,52.54,key_13,30,false
read,56.40,key_16,17,false
read,52.83,key_3,29,false
read,52.71,key_16,17,false
write,1.94,key_10,26,false
read,51.85,key_13,30,false
read,51.85,key_2,18,false
read,55.70,key_13,30,false
read,55.11,key_2,18,false
write,2.13,key_2,19,false
read,53.57,key_9,17,false
read,53.57,key_9,17,false
read,52.85,key_11,20,false
read,52.30,key_5,13,false
read,52.99,key_0,19,false
read,53.24,key_14,25,false
read,55.43,key_0,19,false
read,54.52,key_11,20,false
read,52.99,key_6,27,false
read,52.65,key_2,19,false
read,53.22,key_17,20,false
read,53.28,key_13,30,false
read,53.26,key_10,26,false
read,54.01,key_7,22,false
read,53.85,key_19,25,false
read,54.35,key_0,19,false
read,54.10,key_11,20,false
read,53.35,key_11,20,false
read,54.14,key_0,19,false
read,55.67,key_3,29,false
read,55.21,key_14,25,false
read,55.21,key_11,20,false
read,53.46,key_12,26,false
read,52.89,key_12,26,false
read,54.11,key_1,20,false
read,53.46,key_7,22,false
read,53.48,key_2,19,false
read,54.96,key_14,25,false
read,51.74,key_0,19,false
write,1.29,key_17,21,false
read,55.26,key_19,25,false
read,55.23,key_18,26,false
read,55.25,key_15,16,false
read,55.96,key_7,22,false
read,55.24,key_14,25,false
read,56.21,key_0,19,false
read,58.70,key_15,16,false
read,56.68,key_8,21,false
read,55.36,key_15,16,false
read,59.42,key_3,29,false
read,51.86,key_1,20,false
read,55.09,key_12,26,false
read,56.31,key_17,21,false
read,57.25,key_15,16,false
read,57.29,key_14,25,false
read,54.48,key_0,19,false
read,53.71,key_6,27,false
read,57.98,key_10,26,false
read,53.88,key_15,16,false
read,52.96,key_1,20,false
read,57.22,key_12,26,false
read,53.67,key_9,17,false
write,1.19,key_2,20,false
write,0.88,key_14,26,false
read,55.67,key_19,25,false
read,56.10,key_11,20,false
read,56.89,key_7,22,false
read,57.17,key_15,16,false
read,56.82,key_17,21,false
read,53.58,key_17,21,false
read,58.47,key_4,19,false
write,1.67,key_0,20,false
read,58.87,key_8,21,false
read,55.52,key_5,13,false
read,54.01,key_3,29,false
read,53.57,key_3,29,false
read,53.55,key_0,20,false
read,55.86,key_3,29,false
read,53.14,key_8,21,false
read,52.86,key_12,26,false
read,53.32,key_8,21,false
read,53.56,key_14,26,false
read,53.86,key_16,17,false
read,54.94,key_2,20,false
write,2.03,key_1,21,false
read,54.12,key_13,30,false
read,54.21,key_8,21,false
read,53.59,key_16,17,false
read,54.22,key_2,20,false
read,54.29,key_14,26,false
read,55.53,key_9,17,false
read,53.44,key_17,21,false
read,53.08,key_1,21,false
write,1.03,key_2,21,false
read,52.47,key_8,21,false
read,56.62,key_12,26,false
read,54.44,key_8,21,false
read,54.46,key_14,26,false
read,54.43,key_17,21,false
read,53.23,key_6,27,false
read,52.89,key_18,26,false
read,52.49,key_11,20,false
read,56.56,key_15,16,false
write,0.82,key_13,31,false
read,57.74,key_3,29,false
read,52.41,key_8,21,false
read,52.89,key_1,21,false
read,55.27,key_19,25,false
read,52.68,key_15,16,false
read,56.09,key_12,26,false
read,56.10,key_8,21,false
read,56.10,key_14,26,false
read,53.62,key_18,26,false
read,55.54,key_0,20,false
read,52.85,key_0,20,false
read,54.39,key_9,17,false
read,54.42,key_6,27,false
write,5.06,key_19,26,false
read,57.39,key_18,26,false
read,59.19,key_13,31,false
read,54.14,key_15,16,false
read,59.40,key_8,21,false
read,59.34,key_15,16,false
read,59.48,key_3,29,false
read,59.49,key_1,21,false
read,57.84,key_0,20,false
read,59.78,key_7,22,false
read,59.39,key_9,17,false
read,61.99,key_6,27,false
read,60.22,key_1,21,false
read,59.87,key_10,26,false
read,60.15,key_0,20,false
read,60.16,key_5,13,false
read,60.01,key_8,21,false
read,60.26,key_12,26,false
read,60.17,key_1,21,false
read,60.28,key_3,29,false
read,60.41,key_6,27,false
read,55.66,key_16,17,false
read,55.85,key_0,20,false
read,55.94,key_15,16,false
read,55.91,key_9,17,false
read,55.97,key_18,26,false
read,55.92,key_13,31,false
read,55.93,key_6,27,false
read,55.83,key_19,26,false
read,57.69,key_1,21,false
read,57.89,key_5,13,false
write,1.73,key_17,22,false
read,55.49,key_14,26,false
read,55.55,key_8,21,false
read,53.70,key_15,16,false
read,55.41,key_11,20,false
read,55.72,key_0,20,false
read,55.70,key_6,27,false
read,55.69,key_16,17,false
read,57.83,key_18,26,false
read,58.27,key_19,26,false
read,54.80,key_14,26,false
write,2.94,key_13,32,false
read,55.60,key_7,22,false
read,56.47,key_2,21,false
read,56.67,key_15,16,false
read,56.77,key_19,26,false
read,56.55,key_12,26,false
read,53.93,key_19,26,false
read,54.01,key_19,26,false
read,57.11,key_8,21,false
read,52.56,key_2,21,false
read,57.88,key_17,22,false
write,3.34,key_7,23,false
write,4.46,key_13,33,false
write,4.49,key_1,22,false
write,0.76,key_16,18,false
read,53.41,key_0,20,false
read,54.24,key_12,26,false
read,54.49,key_3,29,false
read,54.73,key_9,17,false
read,54.84,key_2,21,false
read,54.67,key_3,29,false
read,54.66,key_7,23,false
write,1.03,key_5,14,false
read,53.98,key_3,29,false
write,3.30,key_1,23,false
write,3.33,key_4,20,false
read,55.62,key_11,20,false
read,52.81,key_6,27,false
read,52.58,key_4,20,false
read,52.63,key_17,22,false
read,52.66,key_8,21,false
write,1.60,key_1,24,false
read,54.66,key_3,29,false
write,1.03,key_11,21,false
read,53.10,key_1,24,false
read,53.62,key_18,26,false
write,0.83,key_5,15,false
read,55.26,key_4,20,false
read,54.19,key_10,26,false
read,58.16,key_13,33,false
read,55.00,key_12,26,false
write,1.02,key_8,22,false
read,52.84,key_9,17,false
read,53.23,key_5,15,false
read,51.58,key_18,26,false
read,51.66,key_19,26,false
read,54.36,key_8,21,true
read,57.09,key_16,18,false
read,52.34,key_14,26,false
read,51.88,key_17,22,false
read,52.21,key_19,26,false
read,52.41,key_13,33,false
read,51.96,key_6,27,false
read,54.41,key_11,21,false
read,51.80,key_18,26,false
read,52.15,key_15,16,false
read,52.14,key_14,26,false
read,52.47,key_9,17,false
read,54.15,key_15,16,false
read,52.84,key_9,17,false
read,54.29,key_11,21,false
write,1.39,key_10,27,false
read,52.04,key_13,33,false
write,1.08,key_19,27,false
read,52.49,key_18,26,false
read,52.52,key_1,24,false
write,1.10,key_12,27,false
read,54.18,key_2,21,false
read,54.54,key_11,21,false
read,52.33,key_4,20,false
read,53.83,key_12,27,false
read,52.90,key_4,20,false
read,54.10,key_6,27,false
read,53.76,key_11,21,false
read,54.13,key_13,33,false
read,53.60,key_5,15,false
read,54.11,key_1,24,false
read,56.39,key_15,16,false
read,57.01,key_4,20,false
read,53.79,key_7,23,false
write,2.45,key_14,27,false
read,55.45,key_15,16,false
read,57.03,key_7,23,false
read,54.69,key_5,15,false
read,55.64,key_19,27,false
read,56.43,key_4,20,false
write,0.73,key_2,22,false
read,53.42,key_17,22,false
write,0.64,key_1,25,false
read,52.07,key_13,33,false
read,53.82,key_13,33,false
read,53.03,key_11,21,false
read,53.15,key_10,27,false
read,52.56,key_15,16,false
read,56.58,key_11,21,false
write,1.19,key_0,21,false
read,53.68,key_5,15,false
read,55.93,key_8,22,false
read,52.92,key_1,25,false
write,0.95,key_19,28,false
read,54.37,key_2,22,false
read,52.76,key_7,23,false
read,52.76,key_13,33,false
read,52.73,key_19,28,false
write,1.26,key_11,22,false
read,53.75,key_7,23,false
read,54.14,key_11,21,true
read,53.26,key_10,27,false
write,1.08,key_4,21,false
read,54.81,key_15,16,false
read,56.29,key_8,22,false
read,52.86,key_4,21,false
write,0.69,key_0,22,false
read,52.89,key_10,27,false
read,53.71,key_0,21,true
read,54.14,key_4,21,false
read,53.20,key_18,26,false
read,53.43,key_17,22,false
read,54.53,key_7,23,false
read,54.90,key_18,26,false
read,52.39,key_4,21,false
read,53.78,key_0,22,false
write,8.00,key_2,23,false
read,52.92,key_13,33,false
read,55.79,key_15,16,false
read,54.17,key_5,15,false
read,54.38,key_16,18,false
read,56.28,key_11,22,false
read,59.13,key_17,22,false
read,56.36,key_5,15,false
read,56.09,key_1,25,false
read,55.87,key_9,17,false
read,56.01,key_2,23,false
read,54.91,key_16,18,false
write,2.02,key_14,28,false
write,5.80,key_17,23,false
write,3.36,key_11,23,false
read,54.80,key_10,27,false
read,54.85,key_16,18,false
read,54.45,key_14,28,false
read,54.45,key_8,22,false
read,54.40,key_12,27,false
read,55.13,key_2,23,false
read,53.23,key_14,28,false
read,55.23,key_19,28,false
read,53.05,key_3,29,false
read,53.82,key_15,16,false
read,53.11,key_2,23,false
read,53.71,key_13,33,false
read,53.32,key_15,16,false
read,53.33,key_7,23,false
read,53.43,key_11,23,false
read,52.59,key_18,26,false
write,1.03,key_11,24,false
read,54.00,key_17,23,false
read,55.34,key_4,21,false
read,53.33,key_5,15,false
read,55.58,key_7,23,false
read,54.23,key_13,33,false
read,53.69,key_9,17,false
read,52.85,key_6,27,false
read,53.42,key_12,27,false
read,53.67,key_6,27,false
read,52.91,key_5,15,false
read,54.46,key_19,28,false
read,53.22,key_3,29,false
read,56.15,key_1,25,false
write,2.47,key_5,16,false
read,58.41,key_4,21,false
write,7.08,key_18,27,false
read,52.40,key_11,24,false
read,52.43,key_4,21,false
read,62.35,key_7,23,false
read,62.13,key_1,25,false
read,62.93,key_19,28,false
read,58.90,key_4,21,false
read,60.23,key_14,28,false
read,57.02,key_19,28,false
read,53.81,key_0,22,false
read,63.72,key_17,23,false
read,52.72,key_8,22,false
read,53.85,key_16,18,false
read,52.55,key_14,28,false
read,52.67,key_6,27,false
read,52.75,key_13,33,false
read,54.35,key_9,17,false
read,52.33,key_3,29,false
read,54.40,key_18,27,false
read,52.34,key_13,33,false
write,0.59,key_6,28,false
write,0.80,key_16,19,false
read,55.13,key_10,27,false
read,52.91,key_19,28,false
read,53.99,key_17,23,false
write,0.85,key_7,24,false
read,53.32,key_1,25,false
read,53.28,key_18,27,false
read,53.35,key_0,22,false
read,52.76,key_5,16,false
read,52.81,key_4,21,false
read,53.02,key_19,28,false
read,51.81,key_13,33,false
read,51.87,key_2,23,false
write,0.72,key_14,29,false
read,52.01,key_11,24,false
read,52.65,key_8,22,false
read,51.95,key_13,33,false
read,52.09,key_4,21,false
read,53.12,key_5,16,false
read,52.67,key_1,25,false
read,54.48,key_0,22,false
read,56.30,key_13,33,false
read,56.26,key_15,16,false
read,52.20,key_2,23,false
read,52.28,key_2,23,false
read,52.68,key_11,24,false
write,0.80,key_8,23,false
read,53.08,key_9,17,false
write,0.66,key_2,24,false
read,52.33,key_8,23,false
read,52.45,key_2,23,true
read,53.06,key_18,27,false
read,53.15,key_14,29,false
read,54.50,key_16,19,false
read,54.79,key_8,23,false
read,54.94,key_15,16,false
write,2.65,key_8,24,false
read,52.38,key_14,29,false
read,52.76,key_8,23,true
read,51.87,key_11,24,false
read,53.19,key_16,19,false
read,52.72,key_17,23,false
read,52.69,key_9,17,false
read,54.97,key_2,24,false
read,51.66,key_14,29,false
read,54.83,key_17,23,false
read,52.31,key_0,22,false
read,52.95,key_5,16,false
read,52.12,key_14,29,false
write,2.32,key_17,24,false
read,53.40,key_6,28,false
read,52.78,key_6,28,false
write,0.91,key_6,29,false
read,51.58,key_10,27,false
read,51.58,key_8,24,false
read,51.68,key_9,17,false
read,55.50,key_5,16,false
write,0.74,key_1,26,false
read,52.91,key_18,27,false
write,0.97,key_13,34,false
read,52.24,key_12,27,false
read,55.11,key_17,23,true
read,51.83,key_17,24,false
read,52.10,key_9,17,false
read,52.10,key_13,34,false
read,52.17,key_9,17,false
read,52.33,key_13,34,false
read,52.34,key_19,28,false
read,53.33,key_15,16,false
read,52.52,key_8,24,false
read,52.47,key_6,29,false
read,53.67,key_2,24,false
read,56.85,key_0,22,false
read,54.07,key_0,22,false
read,52.60,key_16,19,false
write,0.80,key_1,27,false
read,54.93,key_14,29,false
read,54.20,key_11,24,false
read,54.12,key_0,22,false
read,52.49,key_12,27,false
read,52.77,key_19,28,false
read,52.74,key_4,21,false
write,2.30,key_8,25,false
read,53.66,key_17,24,false
write,0.83,key_14,30,false
read,53.65,key_7,24,false
read,51.69,key_13,34,false
read,52.17,key_15,16,false
read,53.37,key_4,21,false
read,52.32,key_15,16,false
read,54.74,key_13,34,false
write,2.58,key_16,20,false
read,52.67,key_10,27,false
read,51.71,key_13,34,false
read,54.10,key_14,29,true
read,53.29,key_11,24,false
read,52.16,key_0,22,false
write,0.85,key_1,28,false
read,52.51,key_18,27,false
read,52.16,key_1,27,true
read,52.02,key_11,24,false
read,52.23,key_2,24,false
read,54.66,key_13,34,false
read,52.36,key_18,27,false
read,52.96,key_13,34,false
read,53.36,key_14,30,false
read,52.13,key_6,29,false
read,55.88,key_7,24,false
read,52.06,key_17,24,false
write,0.69,key_6,30,false
read,51.79,key_13,34,false
read,51.59,key_10,27,false
read,53.32,key_17,24,false
read,52.87,key_2,24,false
read,52.98,key_19,28,false
read,55.32,key_10,27,false
read,54.51,key_15,16,false
read,52.58,key_7,24,false
read,55.09,key_17,24,false
read,52.36,key_15,16,false
read,51.60,key_19,28,false
read,53.17,key_9,17,false
read,51.86,key_5,16,false
read,57.13,key_5,16,false
read,55.14,key_18,27,false
read,53.71,key_12,27,false
read,55.95,key_2,24,false
write,1.17,key_10,28,false
read,56.11,key_0,22,false
read,53.17,key_10,28,false
read,52.28,key_3,29,false
read,52.33,key_9,17,false
read,52.33,key_2,24,false
read,55.27,key_10,28,false
read,52.88,key_1,28,false
read,52.52,key_4,21,false
read,52.91,key_5,16,false
read,53.59,key_13,34,false
read,52.63,key_2,24,false
read,52.22,key_4,21,false
read,52.16,key_13,34,false
read,53.71,key_19,28,false
read,53.81,key_0,22,false
read,56.12,key_15,16,false
read,52.08,key_10,28,false
write,0.71,key_5,17,false
read,52.47,key_3,29,false
read,52.24,key_18,27,false
read,55.91,key_9,17,false
read,52.95,key_4,21,false
read,52.90,key_9,17,false
read,52.96,key_5,17,false
read,51.94,key_19,28,false
read,51.65,key_16,20,false
write,3.28,key_13,35,false
write,0.89,key_19,29,false
read,54.70,key_19,28,true
read,52.93,key_8,25,false
read,52.46,key_15,16,false
read,55.42,key_19,29,false
write,0.69,key_13,36,false
read,55.95,key_10,28,false
read,53.95,key_10,28,false
read,52.34,key_11,24,false
read,52.38,key_2,24,false
read,55.36,key_4,21,false
read,51.76,key_11,24,false
read,52.45,key_17,24,false
read,52.91,key_17,24,false
read,52.93,key_4,21,false
read,52.45,key_7,24,false
write,2.61,key_13,37,false
write,0.59,key_13,38,false
read,54.83,key_8,25,false
read,52.94,key_16,20,false
read,52.99,key_17,24,false
write,3.19,key_19,30,false
read,52.36,key_13,38,false
read,52.76,key_9,17,false
read,52.74,key_13,38,false
read,52.76,key_3,29,false
read,52.94,key_9,17,false
read,53.06,key_1,28,false
write,0.74,key_9,18,false
read,53.28,key_16,20,false
read,51.95,key_17,24,false
read,52.99,key_8,25,false
read,52.44,key_7,24,false
read,54.27,key_2,24,false
read,54.73,key_8,25,false
read,52.44,key_15,16,false
read,53.31,key_9,18,false
write,2.81,key_19,31,false
read,52.15,key_10,28,false
read,52.98,key_17,24,false
write,0.76,key_16,21,false
read,52.08,key_13,38,false
read,52.06,key_4,21,false
read,53.99,key_2,24,false
read,56.62,key_0,22,false
read,55.12,key_16,20,true
read,54.20,key_6,30,false
read,57.72,key_8,25,false
read,56.66,key_13,38,false
read,52.40,key_18,27,false
read,53.22,key_0,22,false
write,0.80,key_19,32,false
read,52.97,key_10,28,false
read,56.02,key_9,18,false
read,56.06,key_9,18,false
read,54.56,key_0,22,false
read,54.18,key_1,28,false
read,54.26,key_11,24,false
read,53.67,key_1,28,false
read,53.68,key_1,28,false
read,55.22,key_14,30,false
read,55.99,key_5,17,false
read,53.35,key_19,32,false
read,56.98,key_16,21,false
write,2.62,key_6,31,false
read,65.16,key_19,32,false
read,72.84,key_1,28,false
read,55.05,key_13,38,false
read,76.26,key_19,32,false
read,73.30,key_5,17,false
read,73.45,key_13,38,false
read,73.18,key_13,38,false
read,59.61,key_11,24,false
read,73.73,key_10,28,false
read,66.09,key_1,28,false
write,1.90,key_5,18,false
write,2.64,key_9,19,false
read,53.84,key_17,24,false
read,53.73,key_4,21,false
read,53.84,key_15,16,false
read,53.59,key_12,27,false
read,53.96,key_1,28,false
write,0.79,key_8,26,false
read,54.53,key_19,32,false
read,55.76,key_3,29,false
write,1.45,key_2,25,false
read,54.09,key_8,25,true
read,55.78,key_16,21,false
read,56.78,key_13,38,false
read,53.24,key_8,26,false
read,52.16,key_18,27,false
read,52.83,key_16,21,false
read,53.46,key_8,26,false
read,52.61,key_6,31,false
read,53.67,key_15,16,false
read,53.80,key_12,27,false
read,53.79,key_6,31,false
write,1.31,key_1,29,false
read,55.30,key_13,38,false
write,4.05,key_0,23,false
read,56.04,key_6,31,false
read,53.88,key_15,16,false
read,53.89,key_5,18,false
read,52.56,key_19,32,false
read,52.83,key_19,32,false
read,55.42,key_11,24,false
read,56.22,key_1,29,false
read,52.28,key_8,26,false
read,52.44,key_17,24,false
read,53.90,key_0,23,false
read,51.90,key_8,26,false
read,51.48,key_2,25,false
read,51.56,key_8,26,false
write,0.45,key_10,29,false
read,51.38,key_18,27,false
read,51.47,key_10,29,false
read,52.72,key_4,21,false
read,52.72,key_18,27,false
write,0.47,key_0,24,false
read,53.15,key_14,30,false
read,55.72,key_4,21,false
read,54.94,key_12,27,false
write,0.45,key_17,25,false
read,53.91,key_6,31,false
read,51.56,key_5,18,false
read,53.51,key_16,21,false
read,52.27,key_15,16,false
read,53.47,key_16,21,false
read,51.43,key_1,29,false
read,51.87,key_16,21,false
read,53.28,key_9,19,false
read,53.76,key_3,29,false
read,52.18,key_9,19,false
read,51.98,key_0,24,false
read,53.96,key_11,24,false
read,54.16,key_9,19,false
read,53.07,key_8,26,false
read,52.92,key_10,29,false
read,53.04,key_16,21,false
read,53.32,key_7,24,false
read,53.14,key_4,21,false
read,57.16,key_12,27,false
read,54.18,key_3,29,false
read,53.84,key_9,19,false
read,53.31,key_17,25,false
read,53.00,key_6,31,false
read,53.80,key_6,31,false
read,53.11,key_4,21,false
read,53.22,key_2,25,false
read,53.29,key_9,19,false
read,53.07,key_15,16,false
read,56.55,key_11,24,false
read,54.91,key_16,21,false
read,52.18,key_18,27,false
write,1.36,key_4,22,false
read,54.96,key_3,29,false
read,54.53,key_5,18,false
read,54.69,key_8,26,false
read,53.09,key_13,38,false
read,53.13,key_1,29,false
read,53.68,key_19,32,false
read,54.57,key_2,25,false
read,53.04,key_17,25,false
read,52.23,key_19,32,false
read,53.36,key_10,29,false
read,55.36,key_5,18,false
read,56.43,key_10,29,false
read,53.93,key_10,29,false
read,54.25,key_4,22,false
read,52.83,key_1,29,false
read,54.17,key_2,25,false
read,52.80,key_12,27,false
read,57.71,key_11,24,false
read,54.12,key_3,29,false
read,55.46,key_5,18,false
read,54.67,key_3,29,false
read,53.89,key_11,24,false
read,54.77,key_14,30,false
read,54.80,key_2,25,false
read,53.75,key_2,25,false
read,53.02,key_7,24,false
read,56.07,key_15,16,false
read,52.00,key_15,16,false
read,57.10,key_8,26,false
read,56.85,key_15,16,false
read,54.26,key_2,25,false
read,52.87,key_0,24,false
read,54.29,key_5,18,false
read,52.98,key_6,31,false
read,54.51,key_4,22,false
read,54.52,key_13,38,false
read,53.22,key_15,16,false
read,54.91,key_19,32,false
read,56.03,key_18,27,false
read,53.41,key_14,30,false
read,53.81,key_19,32,false
read,53.73,key_2,25,false
read,53.76,key_16,21,false
read,53.68,key_9,19,false
read,53.72,key_15,16,false
read,53.95,key_10,29,false
read,52.30,key_4,22,false
write,1.71,key_15,17,false
read,52.84,key_14,30,false
read,53.48,key_13,38,false
read,51.79,key_8,26,false
read,54.46,key_12,27,false
read,54.54,key_19,32,false
read,54.49,key_2,25,false
read,55.14,key_14,30,false
read,53.71,key_16,21,false
read,53.17,key_2,25,false
read,55.97,key_2,25,false
read,54.97,key_3,29,false
read,57.24,key_16,21,false
read,55.56,key_12,27,false
write,2.59,key_12,28,false
read,54.49,key_3,29,false
read,55.39,key_15,17,false
read,56.02,key_7,24,false
read,54.49,key_1,29,false
read,54.17,key_3,29,false
read,56.48,key_18,27,false
read,56.48,key_16,21,false
read,55.10,key_19,32,false
read,57.17,key_5,18,false
read,53.07,key_1,29,false
read,57.12,key_12,28,false
read,56.78,key_8,26,false
read,56.88,key_14,30,false
read,56.84,key_5,18,false
read,57.33,key_10,29,false
read,57.35,key_15,17,false
read,57.27,key_16,21,false
read,56.05,key_5,18,false
read,56.05,key_19,32,false
read,59.67,key_6,31,false
write,3.85,key_9,20,false
write,3.75,key_16,22,false
read,54.52,key_7,24,false
read,54.62,key_18,27,false
read,54.66,key_5,18,false
read,57.38,key_19,32,false
read,57.28,key_5,18,false
read,57.49,key_13,38,false
read,53.58,key_14,30,false
read,57.48,key_16,22,false
read,53.54,key_12,28,false
read,57.51,key_11,24,false
read,56.51,key_14,30,false
read,56.60,key_18,27,false
read,56.75,key_15,17,false
read,56.92,key_14,30,false
read,56.95,key_6,31,false
read,56.79,key_4,22,false
read,56.94,key_15,17,false
read,56.84,key_5,18,false
read,57.87,key_18,27,false
read,58.00,key_16,22,false
write,2.85,key_10,30,false
read,58.09,key_11,24,false
read,59.30,key_19,32,false
read,59.38,key_16,22,false
read,59.58,key_3,29,false
read,59.37,key_19,32,false
read,59.66,key_11,24,false
read,58.31,key_4,22,false
read,59.53,key_5,18,false
read,56.83,key_7,24,false
read,59.83,key_4,22,false
write,4.52,key_1,30,false
read,56.94,key_12,28,false
read,57.28,key_12,28,false
read,57.28,key_9,20,false
read,57.47,key_8,26,false
read,57.45,key_18,27,false
read,57.29,key_10,30,false
read,57.61,key_12,28,false
read,57.57,key_9,20,false
read,57.72,key_10,30,false
write,2.01,key_8,27,false
read,55.31,key_7,24,false
write,4.02,key_2,26,false
write,3.99,key_4,23,false
read,53.72,key_2,26,false
read,53.92,key_1,30,false
read,53.89,key_17,25,false
read,54.11,key_6,31,false
read,54.19,key_17,25,false
read,54.55,key_3,29,false
read,57.71,key_9,20,false
read,53.57,key_5,18,false
read,57.60,key_15,17,false
read,53.68,key_15,17,false
write,1.55,key_18,28,false
write,6.12,key_14,31,false
write,1.01,key_8,28,false
read,54.40,key_0,24,false
read,53.34,key_12,28,false
read,56.93,key_14,31,false
read,57.06,key_10,30,false
read,57.05,key_9,20,false
read,53.26,key_19,32,false
write,1.83,key_17,26,false
write,1.82,key_5,19,false
read,56.92,key_18,28,false
read,57.52,key_15,17,false
read,55.01,key_11,24,false
read,55.83,key_11,24,false
read,54.45,key_7,24,false
read,54.54,key_3,29,false
read,54.69,key_9,20,false
read,55.52,key_18,28,false
read,55.02,key_18,28,false
read,54.17,key_1,30,false
read,57.39,key_7,24,false
read,56.86,key_15,17,false
read,59.37,key_10,30,false
read,55.02,key_3,29,false
write,1.92,key_18,29,false
read,60.09,key_7,24,false
read,60.39,key_15,17,false
read,53.84,key_4,23,false
read,60.45,key_8,28,false
read,57.13,key_7,24,false
read,57.16,key_2,26,false
read,57.17,key_15,17,false
read,57.09,key_7,24,false
read,57.13,key_15,17,false
read,59.09,key_10,30,false
write,1.55,key_16,23,false
read,54.99,key_3,29,false
read,56.38,key_15,17,false
read,55.01,key_0,24,false
read,55.03,key_16,23,false
read,56.31,key_6,31,false
read,55.01,key_13,38,false
read,56.40,key_17,26,false
read,56.72,key_11,24,false
read,55.31,key_13,38,false
write,1.91,key_13,39,false
read,55.81,key_0,24,false
write,3.56,key_19,33,false
read,54.75,key_16,23,false
read,53.16,key_6,31,false
read,55.30,key_14,31,false
read,55.25,key_18,29,false
read,55.52,key_5,19,false
read,55.46,key_5,19,false
read,55.68,key_11,24,false
read,55.62,key_2,26,false
read,54.47,key_0,24,false
write,4.47,key_3,30,false
read,60.73,key_2,26,false
read,53.47,key_14,31,false
read,53.98,key_1,30,false
read,53.85,key_9,20,false
read,55.36,key_2,26,false
write,0.35,key_3,31,false
read,58.83,key_2,26,false
read,59.79,key_4,23,false
read,61.43,key_5,19,false
read,58.12,key_13,39,false
read,62.67,key_4,23,false
read,54.48,key_10,30,false
read,52.66,key_11,24,false
read,52.24,key_13,39,false
read,52.49,key_3,31,false
read,51.33,key_18,29,false
read,52.58,key_4,23,false
read,54.60,key_13,39,false
read,51.82,key_8,28,false
read,51.98,key_13,39,false
read,54.46,key_4,23,false
read,54.25,key_5,19,false
read,51.23,key_6,31,false
read,51.26,key_15,17,false
read,51.26,key_15,17,false
read,55.09,key_0,24,false
read,51.49,key_0,24,false
read,51.36,key_7,24,false
read,51.34,key_8,28,false
read,53.95,key_5,19,false
read,51.55,key_0,24,false
read,51.41,key_1,30,false
read,52.61,key_9,20,false
read,52.75,key_2,26,false
read,53.33,key_3,31,false
read,54.03,key_18,29,false
read,51.75,key_14,31,false
read,52.76,key_0,24,false
write,1.29,key_10,31,false
read,51.48,key_18,29,false
read,50.94,key_4,23,false
read,51.03,key_9,20,false
read,51.30,key_15,17,false
read,51.31,key_12,28,false
read,51.40,key_8,28,false
read,52.06,key_4,23,false
read,51.26,key_4,23,false
read,51.46,key_15,17,false
read,51.34,key_4,23,false
read,51.64,key_2,26,false
read,51.13,key_8,28,false
read,51.10,key_0,24,false
read,51.48,key_8,28,false
read,51.34,key_4,23,false
read,52.08,key_9,20,false
write,0.61,key_9,21,false
read,53.88,key_9,21,false
read,52.08,key_1,30,false
read,51.36,key_15,17,false
read,52.06,key_4,23,false
read,51.30,key_19,33,false
read,52.13,key_1,30,false
read,52.17,key_17,26,false
read,52.09,key_19,33,false
write,0.52,key_3,32,false
write,0.56,key_14,32,false
read,51.90,key_4,23,false
read,54.55,key_16,23,false
read,53.99,key_13,39,false
read,52.05,key_5,19,false
read,51.98,key_5,19,false
read,52.05,key_12,28,false
read,52.04,key_5,19,false
read,52.75,key_0,24,false
read,52.75,key_0,24,false
read,51.68,key_3,32,false
read,51.24,key_9,21,false
read,51.16,key_10,31,false
read,51.31,key_1,30,false
write,0.60,key_4,24,false
write,1.06,key_15,18,false
read,52.52,key_14,32,false
read,52.48,key_1,30,false
read,52.53,key_19,33,false
read,52.60,key_3,32,false
read,51.97,key_5,19,false
read,52.24,key_2,26,false
read,53.94,key_16,23,false
read,51.81,key_14,32,false
read,52.34,key_2,26,false
read,52.96,key_7,24,false
read,52.86,key_4,24,false
read,52.90,key_19,33,false
read,52.85,key_15,18,false
read,52.90,key_0,24,false
read,52.89,key_7,24,false
read,53.16,key_14,32,false
read,53.17,key_4,24,false
read,52.77,key_15,18,false
read,52.95,key_3,32,false
read,54.80,key_7,24,false
write,1.94,key_8,29,false
read,51.95,key_14,32,false
read,51.97,key_10,31,false
read,52.00,key_15,18,false
read,52.05,key_7,24,false
read,53.56,key_6,31,false
read,57.53,key_12,28,false
write,0.74,key_3,33,false
read,56.52,key_8,28,true
read,53.05,key_8,29,false
read,54.48,key_7,24,false
read,51.47,key_1,30,false
read,51.84,key_2,26,false
read,51.91,key_13,39,false
read,51.94,key_4,24,false
read,51.86,key_14,32,false
write,2.01,key_4,25,false
read,51.35,key_2,26,false
read,53.43,key_4,25,false
write,0.40,key_5,20,false
read,56.31,key_1,30,false
read,52.89,key_3,33,false
read,52.42,key_7,24,false
read,52.63,key_1,30,false
read,51.94,key_1,30,false
read,51.91,key_7,24,false
read,52.25,key_0,24,false
read,51.40,key_5,20,false
read,51.39,key_6,31,false
write,0.59,key_2,27,false
read,51.88,key_11,24,false
read,53.02,key_11,24,false
write,1.08,key_9,22,false
read,52.90,key_0,24,false
read,53.92,key_12,28,false
read,52.77,key_6,31,false
read,52.52,key_0,24,false
read,51.76,key_11,24,false
write,0.80,key_10,32,false
read,55.90,key_15,18,false
read,57.02,key_0,24,false
read,51.84,key_0,24,false
read,54.95,key_16,23,false
read,59.73,key_6,31,false
read,52.18,key_14,32,false
read,51.47,key_9,22,false
read,52.53,key_4,25,false
read,53.45,key_2,27,false
read,52.59,key_14,32,false
read,52.21,key_12,28,false
read,51.72,key_17,26,false
read,51.33,key_19,33,false
read,53.53,key_7,24,false
read,52.52,key_5,20,false
read,52.57,key_13,39,false
read,52.34,key_2,27,false
read,51.94,key_3,33,false
read,52.26,key_19,33,false
read,55.96,key_6,31,false
read,55.99,key_2,27,false
read,54.90,key_17,26,false
read,53.98,key_0,24,false
read,52.15,key_2,27,false
read,52.53,key_18,29,false
read,53.27,key_18,29,false
read,52.33,key_12,28,false
read,52.18,key_17,26,false
read,52.07,key_16,23,false
read,52.05,key_16,23,false
read,52.14,key_19,33,false
read,54.62,key_8,29,false
read,55.13,key_0,24,false
read,54.53,key_11,24,false
read,53.09,key_17,26,false
write,0.96,key_15,19,false
write,1.19,key_7,25,false
write,4.33,key_8,30,false
write,1.13,key_17,27,false
write,1.25,key_2,28,false
read,52.00,key_18,29,false
read,52.05,key_12,28,false
read,53.33,key_9,22,false
read,53.26,key_4,25,false
read,53.35,key_5,20,false
read,53.35,key_18,29,false
read,55.28,key_4,25,false
read,54.83,key_9,22,false
read,62.84,key_12,28,false
read,55.44,key_0,24,false
read,51.92,key_3,33,false
read,53.76,key_13,39,false
read,52.26,key_9,22,false
read,52.30,key_7,25,false
read,52.40,key_10,32,false
read,55.67,key_3,33,false
read,55.39,key_0,24,false
read,52.90,key_9,22,false
read,53.90,key_10,32,false
read,54.84,key_17,27,false
write,0.67,key_15,20,false
read,54.73,key_16,23,false
read,52.89,key_11,24,false
read,52.49,key_4,25,false
read,52.62,key_0,24,false
write,0.59,key_10,33,false
read,54.39,key_5,20,false
read,52.00,key_14,32,false
read,56.20,key_19,33,false
read,52.06,key_3,33,false
read,52.14,key_18,29,false
read,55.57,key_0,24,false
read,53.14,key_13,39,false
read,51.65,key_11,24,false
read,54.74,key_6,31,false
read,52.29,key_16,23,false
read,52.05,key_5,20,false
read,52.40,key_2,28,false
read,52.38,key_9,22,false
write,2.72,key_3,34,false
read,54.97,key_19,33,false
read,51.70,key_7,25,false
write,0.83,key_14,33,false
read,52.72,key_9,22,false
write,0.66,key_18,30,false
read,52.11,key_18,30,false
read,53.86,key_11,24,false
read,52.62,key_19,33,false
read,53.77,key_11,24,false
read,55.10,key_17,27,false
write,0.75,key_19,34,false
read,51.61,key_14,33,false
read,51.85,key_19,34,false
read,55.96,key_2,28,false
read,53.00,key_14,33,false
read,52.76,key_7,25,false
read,51.62,key_6,31,false
read,53.48,key_3,34,false
read,53.58,key_17,27,false
read,53.54,key_9,22,false
write,0.81,key_14,34,false
write,1.37,key_19,35,false
read,52.19,key_14,34,false
read,52.14,key_14,34,false
read,54.77,key_4,25,false
read,54.64,key_14,34,false
read,52.85,key_11,24,false
read,56.59,key_6,31,false
read,52.78,key_8,30,false
read,52.80,key_11,24,false
read,52.70,key_8,30,false
read,53.31,key_17,27,false
read,52.86,key_14,34,false
read,51.66,key_2,28,false
read,53.00,key_5,20,false
read,51.46,key_17,27,false
write,0.57,key_5,21,false
read,51.96,key_3,34,false
read,52.19,key_11,24,false
read,59.12,key_11,24,false
read,51.67,key_3,34,false
read,53.21,key_13,39,false
read,52.25,key_3,34,false
read,53.88,key_2,28,false
write,1.16,key_18,31,false
read,53.96,key_13,39,false
read,52.46,key_2,28,false
read,53.08,key_16,23,false
read,55.24,key_13,39,false
read,53.54,key_1,30,false
read,53.48,key_3,34,false
read,53.34,key_0,24,false
read,52.88,key_4,25,false
read,52.10,key_9,22,false
read,57.05,key_12,28,false
read,52.00,key_12,28,false
write,1.63,key_1,31,false
read,52.32,key_7,25,false
read,51.98,key_1,31,false
read,56.65,key_6,31,false
read,53.01,key_1,30,true
read,53.07,key_2,28,false
write,0.39,key_8,31,false
read,52.19,key_4,25,false
read,52.70,key_8,31,false
read,52.74,key_1,31,false
read,51.81,key_14,34,false
read,54.92,key_13,39,false
write,0.35,key_17,28,false
read,51.88,key_6,31,false
read,52.60,key_6,31,false
read,51.50,key_4,25,false
read,52.00,key_9,22,false
read,54.50,key_0,24,false
read,52.91,key_10,33,false
read,52.73,key_12,28,false
read,56.05,key_4,25,false
read,55.44,key_15,20,false
read,51.84,key_1,31,false
read,57.87,key_16,23,false
read,54.09,key_16,23,false
read,51.64,key_4,25,false
read,51.35,key_19,35,false
read,51.92,key_19,35,false
write,0.47,key_11,25,false
read,50.99,key_17,28,false
read,51.93,key_0,24,false
read,50.96,key_18,31,false
read,53.52,key_12,28,false
read,54.20,key_13,39,false
read,53.47,key_8,31,false
read,53.43,key_13,39,false
read,54.82,key_5,21,false
read,55.61,key_3,34,false
read,52.48,key_18,31,false
read,51.99,key_2,28,false
read,51.96,key_15,20,false
read,51.60,key_6,31,false
read,52.35,key_8,31,false
read,54.69,key_17,28,false
read,54.77,key_4,25,false
read,53.22,key_6,31,false
read,54.83,key_3,34,false
read,51.87,key_1,31,false
read,52.08,key_16,23,false
read,53.24,key_18,31,false
read,54.26,key_10,33,false
read,53.01,key_10,33,false
read,53.05,key_13,39,false
write,0.68,key_19,36,false
read,52.46,key_16,23,false
read,52.48,key_9,22,false
write,0.54,key_14,35,false
read,53.97,key_18,31,false
read,51.61,key_0,24,false
read,53.03,key_16,23,false
write,0.59,key_13,40,false
read,56.09,key_4,25,false
read,51.92,key_0,24,false
read,52.80,key_4,25,false
read,52.82,key_15,20,false
read,51.32,key_11,25,false
read,55.46,key_18,31,false
read,51.93,key_16,23,false
read,55.36,key_13,40,false
read,54.50,key_14,35,false
read,51.43,key_16,23,false
read,51.80,key_2,28,false
read,54.93,key_3,34,false
read,52.87,key_19,36,false
read,52.87,key_11,25,false
write,0.76,key_7,26,false
read,51.76,key_3,34,false
read,51.72,key_12,28,false
read,55.54,key_5,21,false
read,51.84,key_13,40,false
read,52.93,key_11,25,false
read,53.13,key_13,40,false
read,52.26,key_8,31,false
write,0.80,key_17,29,false
read,55.19,key_18,31,false
read,52.14,key_0,24,false
read,52.02,key_9,22,false
write,0.58,key_9,23,false
read,53.02,key_17,28,true
read,53.03,key_13,40,false
read,52.23,key_16,23,false
read,51.48,key_15,20,false
read,54.16,key_17,29,false
read,55.88,key_5,21,false
read,52.11,key_9,23,false
read,51.79,key_17,29,false
read,52.22,key_19,36,false
read,51.43,key_18,31,false
read,51.45,key_14,35,false
read,54.75,key_3,34,false
read,51.79,key_10,33,false
read,51.59,key_3,34,false
read,55.01,key_7,26,false
read,51.39,key_15,20,false
read,54.75,key_7,26,false
read,52.20,key_7,26,false
read,54.76,key_5,21,false
read,52.50,key_11,25,false
read,52.43,key_18,31,false
read,54.37,key_17,29,false
read,52.36,key_19,36,false
read,51.78,key_11,25,false
write,0.64,key_6,32,false
read,51.83,key_15,20,false
read,51.55,key_12,28,false
read,52.23,key_3,34,false
read,53.47,key_16,23,false
read,52.02,key_9,23,false
read,51.95,key_19,36,false
read,55.45,key_5,21,false
read,54.13,key_1,31,false
read,52.18,key_11,25,false
read,52.35,key_4,25,false
read,53.76,key_7,26,false
read,53.06,key_2,28,false
read,52.27,key_15,20,false
read,52.76,key_12,28,false
read,52.82,key_13,40,false
read,52.34,key_11,25,false
read,51.44,key_11,25,false
read,52.98,key_1,31,false
read,52.83,key_11,25,false
read,52.24,key_15,20,false
read,53.58,key_10,33,false
read,52.59,key_13,40,false
write,0.46,key_7,27,false
read,52.51,key_17,29,false
read,53.06,key_16,23,false
read,53.08,key_15,20,false
read,52.12,key_4,25,false
read,52.23,key_12,28,false
write,1.93,key_6,33,false
read,55.07,key_11,25,false
read,55.28,key_14,35,false
read,52.11,key_11,25,false
read,52.12,key_14,35,false
read,52.32,key_16,23,false
read,54.44,key_16,23,false
read,52.67,key_14,35,false
read,52.64,key_3,34,false
read,52.89,key_14,35,false
read,51.81,key_15,20,false
write,0.72,key_5,22,false
write,0.74,key_11,26,false
read,51.25,key_8,31,false
read,51.68,key_9,23,false
write,0.65,key_8,32,false
read,54.55,key_9,23,false
write,2.75,key_12,29,false
read,53.24,key_16,23,false
read,52.10,key_13,40,false
read,51.60,key_16,23,false
read,52.16,key_17,29,false
read,54.11,key_13,40,false
read,52.24,key_17,29,false
write,2.38,key_9,24,false
read,52.12,key_10,33,false
read,54.01,key_15,20,false
read,52.71,key_14,35,false
read,52.47,key_4,25,false
read,52.15,key_10,33,false
read,51.88,key_2,28,false
read,61.44,key_2,28,false
read,52.93,key_3,34,false
read,54.09,key_0,24,false
read,53.94,key_11,26,false
read,53.66,key_2,28,false
read,52.07,key_15,20,false
read,53.47,key_8,32,false
read,52.84,key_6,33,false
read,51.80,key_14,35,false
read,53.19,key_2,28,false
read,53.08,key_19,36,false
read,52.95,key_2,28,false
read,52.72,key_15,20,false
read,53.54,key_9,24,false
read,54.73,key_8,32,false
read,54.78,key_14,35,false
read,55.12,key_8,32,false
read,53.82,key_7,27,false
read,51.33,key_11,26,false
read,52.87,key_0,24,false
read,51.66,key_12,29,false
read,52.71,key_4,25,false
read,53.02,key_10,33,false
write,0.78,key_6,34,false
read,52.83,key_2,28,false
read,53.96,key_6,34,false
read,56.05,key_13,40,false
read,57.38,key_13,40,false
read,56.08,key_17,29,false
read,51.61,key_0,24,false
read,55.13,key_10,33,false
read,53.45,key_12,29,false
read,51.67,key_17,29,false
read,51.83,key_3,34,false
read,52.05,key_12,29,false
read,53.08,key_7,27,false
read,53.05,key_5,22,false
read,53.54,key_14,35,false
write,0.80,key_5,23,false
write,0.69,key_14,36,false
read,51.34,key_12,29,false
read,52.41,key_8,32,false
read,57.05,key_13,40,false
read,52.64,key_5,23,false
read,52.64,key_10,33,false
read,52.47,key_7,27,false
read,55.17,key_19,36,false
read,52.83,key_12,29,false
read,52.96,key_2,28,false
read,51.68,key_5,23,false
read,52.67,key_3,34,false
read,55.38,key_7,27,false
read,52.86,key_12,29,false
read,53.03,key_5,23,false
read,53.03,key_15,20,false
read,51.81,key_18,31,false
read,53.25,key_11,26,false
read,53.11,key_1,31,false
read,53.58,key_5,23,false
write,0.94,key_8,33,false
read,54.35,key_11,26,false
write,0.72,key_4,26,false
write,2.11,key_10,34,false
read,52.03,key_8,33,false
read,51.88,key_14,36,false
read,52.04,key_3,34,false
read,52.87,key_15,20,false
read,52.44,key_19,36,false
read,55.40,key_17,29,false
read,55.53,key_8,33,false
read,52.86,key_18,31,false
read,53.24,key_4,26,false
read,53.01,key_17,29,false
write,0.64,key_6,35,false
read,51.78,key_5,23,false
read,51.57,key_1,31,false
read,52.99,key_1,31,false
read,54.46,key_9,24,false
read,52.29,key_9,24,false
read,52.24,key_1,31,false
read,55.39,key_10,34,false
write,0.70,key_5,24,false
read,55.28,key_18,31,false
read,55.43,key_2,28,false
read,51.99,key_17,29,false
write,0.65,key_11,27,false
read,52.50,key_18,31,false
read,55.92,key_11,27,false
read,56.80,key_0,24,false
read,52.15,key_16,23,false
read,52.60,key_12,29,false
read,52.21,key_1,31,false
read,53.18,key_14,36,false
read,52.67,key_13,40,false
read,52.83,key_13,40,false
write,0.98,key_17,30,false
read,51.17,key_13,40,false
read,52.18,key_10,34,false
write,0.71,key_8,34,false
read,55.34,key_17,29,true
write,1.57,key_9,25,false
read,54.24,key_13,40,false
read,52.67,key_12,29,false
read,52.69,key_12,29,false
read,55.74,key_6,35,false
write,0.40,key_7,28,false
read,52.88,key_0,24,false
read,52.60,key_4,26,false
write,0.26,key_11,28,false
read,52.80,key_16,23,false
read,51.70,key_1,31,false
write,0.69,key_8,35,false
read,54.03,key_7,28,false
read,52.31,key_12,29,false
read,67.64,key_10,34,false
read,52.21,key_15,20,false
read,53.60,key_9,25,false
read,52.88,key_10,34,false
read,55.64,key_1,31,false
read,53.11,key_5,24,false
read,54.18,key_1,31,false
read,52.56,key_7,28,false
read,51.58,key_19,36,false
read,54.16,key_5,24,false
read,56.90,key_15,20,false
read,54.16,key_5,24,false
read,54.15,key_18,31,false
read,51.77,key_12,29,false
read,55.14,key_1,31,false
read,52.64,key_1,31,false
read,52.71,key_1,31,false
read,52.75,key_19,36,false
read,54.01,key_18,31,false
read,52.61,key_18,31,false
read,52.28,key_2,28,false
read,52.49,key_4,26,false
read,57.77,key_2,28,false
read,52.56,key_18,31,false
write,0.80,key_8,36,false
read,52.66,key_5,24,false
read,55.10,key_3,34,false
read,53.74,key_11,28,false
read,56.34,key_7,28,false
read,57.64,key_9,25,false
read,53.70,key_16,23,false
read,53.73,key_11,28,false
read,52.02,key_13,40,false
read,53.43,key_17,30,false
read,51.79,key_13,40,false
write,0.63,key_17,31,false
read,54.02,key_18,31,false
read,52.34,key_2,28,false
read,52.42,key_1,31,false
read,52.32,key_9,25,false
read,53.29,key_5,24,false
read,52.65,key_10,34,false
read,53.25,key_2,28,false
read,53.95,key_7,28,false
read,54.04,key_9,25,false
read,52.65,key_13,40,false
read,53.07,key_7,28,false
read,52.38,key_18,31,false
read,52.20,key_3,34,false
read,55.78,key_13,40,false
read,54.52,key_13,40,false
read,54.26,key_4,26,false
read,54.36,key_11,28,false
read,54.31,key_9,25,false
read,54.46,key_19,36,false
write,1.58,key_11,29,false
read,55.99,key_13,40,false
read,51.96,key_14,36,false
read,51.67,key_12,29,false
read,52.50,key_3,34,false
read,52.49,key_5,24,false
write,0.78,key_1,32,false
read,53.66,key_9,25,false
write,0.69,key_17,32,false
read,53.09,key_10,34,false
read,53.01,key_11,29,false
read,52.82,key_10,34,false
read,56.21,key_15,20,false
read,53.78,key_15,20,false
read,57.99,key_14,36,false
read,54.46,key_11,29,false
read,53.14,key_12,29,false
read,52.15,key_9,25,false
read,53.32,key_16,23,false
read,54.19,key_1,32,false
read,57.07,key_14,36,false
read,54.00,key_4,26,false
read,55.49,key_1,32,false
read,53.03,key_5,24,false
read,53.15,key_18,31,false
read,53.26,key_16,23,false
read,54.47,key_2,28,false
read,54.50,key_16,23,false
read,55.55,key_3,34,false
read,54.69,key_11,29,false
read,53.13,key_12,29,false
read,54.69,key_8,36,false
read,57.52,key_9,25,false
read,54.18,key_14,36,false
read,53.97,key_11,29,false
read,54.82,key_14,36,false
read,53.13,key_18,31,false
read,55.58,key_8,36,false
read,55.61,key_6,35,false
read,53.07,key_14,36,false
read,52.98,key_15,20,false
read,53.06,key_19,36,false
read,53.09,key_18,31,false
write,1.32,key_15,21,false
read,52.81,key_0,24,false
read,55.31,key_10,34,false
read,55.49,key_17,32,false
read,53.19,key_14,36,false
read,53.10,key_13,40,false
read,53.11,key_15,21,false
read,53.17,key_16,23,false
read,53.20,key_6,35,false
read,53.20,key_2,28,false
read,51.94,key_15,21,false
read,55.68,key_17,32,false
read,53.03,key_2,28,false
read,55.81,key_15,21,false
write,0.76,key_0,25,false
write,1.07,key_17,33,false
read,52.65,key_5,24,false
write,0.90,key_17,34,false
read,55.01,key_18,31,false
read,57.53,key_8,36,false
read,52.17,key_18,31,false
read,52.14,key_0,25,false
read,52.17,key_19,36,false
read,56.47,key_17,32,true
write,0.81,key_14,37,false
read,55.96,key_14,37,false
read,54.22,key_18,31,false
read,56.21,key_14,37,false
read,52.81,key_10,34,false
read,51.56,key_2,28,false
read,51.65,key_6,35,false
write,0.77,key_8,37,false
read,51.59,key_1,32,false
read,57.34,key_10,34,false
read,53.06,key_16,23,false
read,54.22,key_17,34,false
read,54.31,key_1,32,false
read,57.08,key_4,26,false
read,55.22,key_7,28,false
read,53.27,key_4,26,false
read,54.60,key_12,29,false
read,53.94,key_18,31,false
read,53.31,key_14,37,false
read,51.90,key_2,28,false
read,51.99,key_9,25,false
read,52.76,key_4,26,false
read,52.66,key_0,25,false
read,53.34,key_7,28,false
read,53.09,key_13,40,false
read,53.41,key_17,34,false
read,58.24,key_2,28,false
read,56.08,key_10,34,false
write,1.94,key_15,22,false
read,52.55,key_14,37,false
read,52.18,key_9,25,false
read,56.31,key_5,24,false
read,52.47,key_1,32,false
read,53.38,key_1,32,false
read,53.17,key_1,32,false
read,55.44,key_8,37,false
read,54.86,key_10,34,false
read,52.20,key_2,28,false
read,53.32,key_1,32,false
read,52.05,key_18,31,false
read,53.02,key_1,32,false
read,53.08,key_16,23,false
read,54.87,key_7,28,false
read,52.24,key_3,34,false
read,53.35,key_6,35,false
read,52.44,key_10,34,false
read,51.80,key_14,37,false
write,0.94,key_7,29,false
read,54.26,key_19,36,false
read,54.73,key_3,34,false
read,54.93,key_8,37,false
read,54.39,key_4,26,false
read,53.07,key_2,28,false
read,53.03,key_14,37,false
read,56.35,key_10,34,false
read,54.26,key_14,37,false
read,58.87,key_13,40,false
read,57.61,key_6,35,false
read,63.45,key_19,36,false
write,6.22,key_16,24,false
write,1.00,key_14,38,false
read,55.61,key_1,32,false
read,52.19,key_4,26,false
read,57.14,key_16,24,false
read,52.67,key_15,22,false
read,52.90,key_9,25,false
read,60.53,key_2,28,false
read,51.96,key_9,25,false
read,52.41,key_4,26,false
read,53.53,key_19,36,false
read,61.52,key_11,29,false
read,60.00,key_12,29,false
read,51.19,key_13,40,false
read,53.51,key_8,37,false
read,52.80,key_6,35,false
read,51.13,key_17,34,false
read,52.68,key_13,40,false
read,50.97,key_2,28,false
read,51.55,key_8,37,false
read,52.17,key_1,32,false
read,51.15,key_3,34,false
read,51.29,key_18,31,false
write,1.63,key_5,25,false
read,52.81,key_3,34,false
read,51.20,key_13,40,false
read,51.07,key_14,38,false
read,52.68,key_3,34,false
read,54.48,key_3,34,false
read,53.04,key_0,25,false
read,51.99,key_19,36,false
read,51.94,key_16,24,false
read,51.77,key_13,40,false
read,50.84,key_1,32,false
write,0.45,key_5,26,false
read,51.96,key_10,34,false
read,51.65,key_10,34,false
read,52.15,key_14,38,false
write,0.55,key_4,27,false
read,53.66,key_6,35,false
read,51.37,key_3,34,false
read,51.30,key_4,27,false
read,51.46,key_19,36,false
write,0.51,key_15,23,false
read,52.02,key_7,29,false
read,51.21,key_10,34,false
read,53.00,key_16,24,false
read,51.51,key_6,35,false
read,51.69,key_11,29,false
read,52.32,key_17,34,false
read,51.95,key_4,27,false
read,51.30,key_6,35,false
read,51.78,key_17,34,false
read,55.50,key_7,29,false
read,55.16,key_5,26,false
read,51.36,key_16,24,false
read,52.66,key_6,35,false
read,52.63,key_12,29,false
read,52.72,key_10,34,false
read,51.03,key_13,40,false
read,51.99,key_10,34,false
read,51.64,key_13,40,false
read,52.38,key_1,32,false
read,52.27,key_5,26,false
read,51.91,key_9,25,false
write,0.57,key_7,30,false
read,55.72,key_9,25,false
read,53.31,key_3,34,false
read,53.17,key_18,31,false
read,52.04,key_15,23,false
read,51.96,key_5,26,false
read,51.58,key_0,25,false
read,52.86,key_1,32,false
read,55.70,key_18,31,false
read,52.09,key_14,38,false
read,51.61,key_7,30,false
read,52.87,key_0,25,false
read,52.85,key_10,34,false
read,52.01,key_18,31,false
read,52.15,key_19,36,false
read,53.04,key_13,40,false
write,0.75,key_17,35,false
read,56.05,key_19,36,false
read,51.89,key_3,34,false
read,53.31,key_14,38,false
read,52.72,key_3,34,false
read,55.66,key_1,32,false
read,51.36,key_2,28,false
read,54.23,key_2,28,false
read,51.67,key_9,25,false
read,51.65,key_14,38,false
read,52.05,key_5,26,false
read,55.36,key_11,29,false
read,52.99,key_6,35,false
write,1.98,key_8,38,false
read,53.47,key_14,38,false
read,53.06,key_7,30,false
read,53.06,key_13,40,false
read,51.44,key_0,25,false
read,52.39,key_16,24,false
read,52.18,key_0,25,false
read,52.22,key_15,23,false
write,0.83,key_0,26,false
write,0.85,key_5,27,false
read,51.74,key_4,27,false
read,53.73,key_19,36,false
read,55.18,key_1,32,false
read,55.38,key_15,23,false
read,52.95,key_19,36,false
read,55.03,key_17,35,false
read,52.51,key_0,26,false
write,1.39,key_6,36,false
read,52.13,key_5,27,false
read,52.62,key_15,23,false
write,0.65,key_19,37,false
write,0.71,key_12,30,false
read,55.38,key_0,26,false
read,56.21,key_2,28,false
read,51.81,key_18,31,false
read,54.19,key_19,37,false
read,55.76,key_10,34,false
read,54.94,key_7,30,false
read,52.75,key_2,28,false
write,0.73,key_12,31,false
read,55.68,key_4,27,false
read,52.38,key_2,28,false
write,0.78,key_19,38,false
read,51.99,key_11,29,false
read,52.27,key_10,34,false
read,52.90,key_3,34,false
read,51.94,key_3,34,false
read,52.93,key_8,38,false
read,56.41,key_2,28,false
read,55.03,key_6,36,false
read,55.99,key_2,28,false
read,51.30,key_10,34,false
read,53.63,key_16,24,false
read,53.92,key_18,31,false
read,55.46,key_11,29,false
read,52.85,key_2,28,false
read,52.61,key_17,35,false
read,52.97,key_3,34,false
read,52.97,key_18,31,false
read,52.10,key_3,34,false
read,52.64,key_1,32,false
read,53.04,key_15,23,false
read,51.82,key_11,29,false
read,56.27,key_2,28,false
read,56.27,key_12,31,false
read,52.54,key_9,25,false
read,52.44,key_6,36,false
read,53.02,key_19,38,false
read,52.60,key_4,27,false
read,52.62,key_7,30,false
write,0.94,key_10,35,false
read,53.17,key_13,40,false
read,53.82,key_7,30,false
write,2.35,key_2,29,false
read,55.49,key_3,34,false
read,51.80,key_6,36,false
read,52.01,key_5,27,false
read,51.98,key_11,29,false
read,53.99,key_10,35,false
read,55.99,key_5,27,false
read,53.73,key_14,38,false
read,52.71,key_16,24,false
read,53.63,key_7,30,false
read,53.03,key_5,27,false
read,55.85,key_7,30,false
read,52.94,key_11,29,false
read,52.82,key_0,26,false
read,54.41,key_6,36,false
read,55.82,key_11,29,false
read,55.49,key_0,26,false
read,52.01,key_15,23,false
read,52.58,key_2,29,false
read,52.41,key_2,29,false
read,52.59,key_4,27,false
read,52.91,key_9,25,false
read,55.92,key_5,27,false
read,55.92,key_11,29,false
read,53.38,key_11,29,false
read,52.95,key_16,24,false
write,0.75,key_12,32,false
read,51.62,key_17,35,false
read,53.58,key_1,32,false
read,56.64,key_8,38,false
read,57.54,key_9,25,false
read,59.17,key_0,26,false
read,55.06,key_3,34,false
read,51.96,key_13,40,false
read,51.89,key_15,23,false
read,51.96,key_0,26,false
read,52.93,key_16,24,false
read,53.01,key_1,32,false
read,56.17,key_3,34,false
read,52.18,key_8,38,false
write,1.01,key_17,36,false
read,55.48,key_6,36,false
read,52.79,key_2,29,false
read,52.37,key_16,24,false
read,52.52,key_9,25,false
read,52.52,key_12,32,false
read,52.53,key_1,32,false
write,2.58,key_6,37,false
read,56.55,key_18,31,false
read,51.78,key_3,34,false
write,0.76,key_7,31,false
read,52.10,key_1,32,false
read,55.50,key_6,37,false
read,57.86,key_5,27,false
read,53.24,key_5,27,false
read,56.43,key_15,23,false
read,53.83,key_17,36,false
read,53.97,key_13,40,false
read,53.63,key_2,29,false
write,1.11,key_14,39,false
read,52.58,key_19,38,false
read,55.66,key_2,29,false
read,52.42,key_12,32,false
read,52.81,key_5,27,false
read,55.98,key_15,23,false
read,52.39,key_14,39,false
read,54.09,key_11,29,false
read,52.68,key_1,32,false
read,52.56,key_6,37,false
read,52.78,key_3,34,false
read,52.02,key_5,27,false
read,53.53,key_17,36,false
read,52.48,key_7,31,false
read,52.45,key_12,32,false
read,52.44,key_9,25,false
read,52.42,key_13,40,false
write,1.07,key_7,32,false
read,53.14,key_15,23,false
write,0.64,key_10,36,false
read,52.06,key_5,27,false
read,52.08,key_12,32,false
read,53.18,key_0,26,false
read,52.78,key_15,23,false
read,52.19,key_14,39,false
read,51.79,key_7,31,true
read,51.81,key_0,26,false
read,51.83,key_2,29,false
read,52.18,key_7,32,false
read,53.26,key_9,25,false
read,52.14,key_2,29,false
read,56.62,key_10,36,false
read,52.80,key_10,36,false
read,55.91,key_15,23,false
write,0.76,key_14,40,false
read,51.66,key_5,27,false
write,0.59,key_6,38,false
read,51.84,key_0,26,false
read,51.89,key_0,26,false
read,51.86,key_14,39,true
read,52.16,key_1,32,false
read,56.66,key_10,36,false
write,0.72,key_4,28,false
read,51.72,key_8,38,false
read,51.66,key_19,38,false
read,51.96,key_0,26,false
read,51.60,key_19,38,false
read,52.48,key_10,36,false
read,51.94,key_14,40,false
read,51.70,key_19,38,false
read,55.76,key_3,34,false
read,51.94,key_19,38,false
read,54.63,key_8,38,false
read,55.16,key_9,25,false
read,52.22,key_17,36,false
read,53.35,key_5,27,false
read,52.72,key_2,29,false
write,0.74,key_10,37,false
read,51.95,key_11,29,false
read,52.46,key_13,40,false
read,55.33,key_15,23,false
read,54.64,key_16,24,false
read,53.07,key_12,32,false
read,52.31,key_15,23,false
read,52.37,key_9,25,false
read,53.93,key_8,38,false
read,52.59,key_14,40,false
read,53.43,key_17,36,false
read,53.84,key_2,29,false
read,52.14,key_6,38,false
write,2.71,key_18,32,false
read,52.75,key_6,38,false
read,52.01,key_18,32,false
read,51.95,key_10,37,false
read,54.71,key_9,25,false
read,52.03,key_18,31,true
write,0.62,key_16,25,false
read,53.08,key_7,32,false
read,55.17,key_7,32,false
read,51.63,key_5,27,false
read,52.25,key_4,28,false
read,53.32,key_17,36,false
read,52.47,key_2,29,false
read,52.28,key_7,32,false
read,54.17,key_6,38,false
write,0.77,key_18,33,false
read,54.31,key_13,40,false
read,53.40,key_16,25,false
read,51.64,key_12,32,false
read,52.74,key_8,38,false
read,60.18,key_8,38,false
write,0.99,key_1,33,false
read,52.86,key_7,32,false
read,60.07,key_11,29,false
read,53.01,key_14,40,false
read,52.45,key_1,33,false
read,52.12,key_11,29,false
read,52.38,key_8,38,false
read,52.83,key_0,26,false
read,54.59,key_6,38,false
read,52.85,key_3,34,false
read,52.13,key_12,32,false
read,52.98,key_7,32,false
read,52.19,key_9,25,false
read,54.13,key_12,32,false
read,53.91,key_13,40,false
read,57.99,key_1,33,false
read,52.90,key_15,23,false
read,54.81,key_4,28,false
read,53.73,key_1,33,false
read,52.11,key_11,29,false
write,1.87,key_5,28,false
write,2.69,key_19,39,false
read,52.79,key_7,32,false
read,52.77,key_2,29,false
read,52.74,key_10,37,false
read,52.81,key_14,40,false
read,58.38,key_15,23,false
read,53.36,key_17,36,false
read,55.80,key_19,39,false
write,2.77,key_3,35,false
read,53.92,key_12,32,false
read,52.10,key_14,40,false
read,52.13,key_17,36,false
read,51.90,key_16,25,false
read,55.24,key_15,23,false
read,51.69,key_5,28,false
read,53.16,key_11,29,false
read,55.10,key_18,33,false
write,0.69,key_19,40,false
read,51.85,key_3,35,false
read,56.05,key_19,39,true
read,51.91,key_13,40,false
read,52.16,key_19,40,false
read,52.20,key_12,32,false
read,53.67,key_6,38,false
write,0.90,key_11,30,false
read,52.53,key_12,32,false
read,52.92,key_0,26,false
read,57.83,key_1,33,false
read,51.73,key_12,32,false
read,51.79,key_1,33,false
read,55.33,key_16,25,false
read,53.00,key_8,38,false
read,51.13,key_17,36,false
read,53.92,key_9,25,false
read,51.84,key_2,29,false
read,51.64,key_10,37,false
read,56.01,key_0,26,false
read,51.74,key_11,30,false
read,52.41,key_15,23,false
read,52.49,key_19,40,false
read,51.74,key_10,37,false
read,51.88,key_2,29,false
read,52.15,key_11,30,false
read,51.80,key_0,26,false
read,56.50,key_4,28,false
read,52.34,key_1,33,false
read,52.31,key_16,25,false
read,54.02,key_17,36,false
read,53.28,key_14,40,false
read,54.36,key_14,40,false
read,55.78,key_2,29,false
read,53.25,key_9,25,false
read,52.24,key_18,33,false
read,55.46,key_0,26,false
read,51.36,key_7,32,false
read,52.42,key_10,37,false
read,52.67,key_2,29,false
read,51.27,key_10,37,false
read,52.65,key_14,40,false
read,51.71,key_11,30,false
read,55.56,key_5,28,false
read,52.14,key_5,28,false
read,55.80,key_10,37,false
read,52.58,key_1,33,false
read,52.72,key_5,28,false
read,53.55,key_17,36,false
read,52.07,key_16,25,false
write,1.26,key_4,29,false
read,53.40,key_10,37,false
read,53.03,key_11,30,false
read,51.94,key_0,26,false
read,53.12,key_16,25,false
read,52.89,key_4,29,false
read,56.17,key_19,40,false
read,51.15,key_7,32,false
read,53.65,key_19,40,false
read,52.56,key_8,38,false
read,56.06,key_6,38,false
read,52.52,key_14,40,false
read,56.16,key_18,33,false
write,1.19,key_10,38,false
read,52.61,key_19,40,false
read,52.15,key_3,35,false
read,53.27,key_1,33,false
read,53.26,key_8,38,false
write,0.84,key_11,31,false
read,53.73,key_2,29,false
read,52.07,key_13,40,false
read,53.08,key_14,40,false
read,51.40,key_13,40,false
read,52.71,key_3,35,false
read,53.28,key_11,31,false
read,58.12,key_8,38,false
read,51.70,key_10,38,false
read,53.63,key_2,29,false
read,53.56,key_2,29,false
read,52.97,key_1,33,false
read,52.81,key_5,28,false
read,52.15,key_2,29,false
read,52.85,key_14,40,false
read,52.89,key_6,38,false
read,52.12,key_7,32,false
write,1.04,key_5,29,false
read,51.40,key_5,28,true
read,51.35,key_19,40,false
read,53.17,key_9,25,false
read,54.13,key_0,26,false
read,53.38,key_19,40,false
read,54.08,key_4,29,false
read,52.81,key_11,31,false
write,0.69,key_18,34,false
write,0.67,key_18,35,false
write,0.49,key_17,37,false
read,51.85,key_0,26,false
read,55.01,key_8,38,false
read,52.01,key_10,38,false
read,53.38,key_0,26,false
read,52.22,key_3,35,false
write,0.71,key_19,41,false
read,52.69,key_9,25,false
read,56.79,key_2,29,false
read,56.97,key_16,25,false
read,52.10,key_12,32,false
read,52.03,key_1,33,false
write,0.89,key_6,39,false
write,0.71,key_1,34,false
read,52.83,key_19,41,false
read,52.39,key_9,25,false
read,51.55,key_5,29,false
read,51.55,key_19,41,false
read,52.33,key_0,26,false
read,56.40,key_17,37,false
read,53.02,key_0,26,false
read,55.42,key_1,34,false
read,55.50,key_15,23,false
read,52.24,key_6,39,false
read,53.56,key_10,38,false
read,52.15,key_3,35,false
read,52.37,key_2,29,false
read,54.08,key_9,25,false
read,52.00,key_5,29,false
write,2.73,key_17,38,false
read,53.53,key_8,38,false
read,52.13,key_2,29,false
read,54.66,key_1,34,false
read,53.11,key_5,29,false
read,52.94,key_3,35,false
read,55.26,key_10,38,false
read,53.51,key_13,40,false
read,51.85,key_8,38,false
read,55.72,key_5,29,false
read,54.01,key_6,39,false
read,53.10,key_1,34,false
read,53.09,key_11,31,false
read,54.19,key_1,34,false
read,52.86,key_7,32,false
read,52.77,key_0,26,false
read,52.52,key_16,25,false
read,52.16,key_14,40,false
read,53.44,key_12,32,false
read,52.09,key_18,35,false
read,51.63,key_16,25,false
read,52.33,key_7,32,false
read,52.33,key_17,38,false
read,55.47,key_9,25,false
read,52.70,key_11,31,false
read,54.36,key_18,35,false
read,56.30,key_19,41,false
read,51.25,key_9,25,false
read,52.69,key_2,29,false
read,55.11,key_13,40,false
read,52.06,key_3,35,false
read,52.62,key_11,31,false
read,52.53,key_7,32,false
read,56.76,key_10,38,false
read,54.12,key_0,26,false
read,52.62,key_1,34,false
read,52.95,key_1,34,false
read,52.34,key_19,41,false
read,52.26,key_16,25,false
write,1.29,key_16,26,false
read,51.80,key_6,39,false
read,54.60,key_4,29,false
write,2.28,key_12,33,false
read,52.56,key_2,29,false
read,55.11,key_11,31,false
read,52.67,key_6,39,false
read,53.05,key_12,33,false
read,52.90,key_3,35,false
read,52.83,key_12,32,true
read,53.38,key_17,38,false
read,53.80,key_13,40,false
read,52.87,key_16,26,false
read,53.31,key_19,41,false
read,52.33,key_10,38,false
read,52.39,key_15,23,false
read,55.72,key_7,32,false
read,53.24,key_15,23,false
read,52.09,key_7,32,false
read,52.53,key_17,38,false
read,57.08,key_14,40,false
read,55.57,key_9,25,false
read,55.11,key_5,29,false
read,55.02,key_1,34,false
read,53.09,key_10,38,false
read,52.32,key_18,35,false
read,51.53,key_4,29,false
read,54.56,key_15,23,false
read,53.08,key_8,38,false
read,55.14,key_5,29,false
read,52.90,key_11,31,false
read,53.06,key_11,31,false
read,53.19,key_16,26,false
read,56.01,key_11,31,false
read,52.17,key_7,32,false
read,52.98,key_4,29,false
read,52.84,key_9,25,false
read,53.04,key_10,38,false
read,53.12,key_6,39,false
read,54.63,key_8,38,false
read,56.74,key_12,33,false
read,56.72,key_11,31,false
read,53.74,key_19,41,false
read,51.93,key_11,31,false
read,52.75,key_14,40,false
read,57.22,key_3,35,false
read,53.28,key_15,23,false
read,53.13,key_1,34,false
read,52.92,key_6,39,false
read,54.02,key_12,33,false
read,54.24,key_18,35,false
read,54.19,key_0,26,false
read,54.29,key_2,29,false
read,52.89,key_19,41,false
read,52.04,key_15,23,false
read,52.63,key_14,40,false
read,53.66,key_16,26,false
