type,latency_ms,key,version,stale
write,12.01,key_15,301,false
write,11.93,key_6,317,false
write,0.48,key_16,346,false
write,0.47,key_17,282,false
write,0.35,key_18,318,false
write,0.23,key_14,302,false
write,0.32,key_19,363,false
write,13.60,key_7,302,false
write,13.62,key_4,316,false
write,13.68,key_6,318,false
write,13.45,key_1,303,false
write,13.61,key_7,301,false
write,13.87,key_17,283,false
write,0.72,key_9,306,false
write,0.49,key_11,318,false
write,14.07,key_18,319,false
write,0.49,key_12,331,false
write,0.87,key_10,312,false
write,0.89,key_14,303,false
write,0.95,key_6,319,false
write,2.32,key_13,296,false
write,1.90,key_15,302,false
write,2.33,key_8,335,false
write,1.97,key_19,364,false
write,2.69,key_16,347,false
write,1.90,key_18,320,false
write,0.61,key_16,348,false
write,0.67,key_0,285,false
write,0.71,key_15,303,false
write,0.76,key_8,336,false
write,0.82,key_13,297,false
write,0.78,key_16,349,false
write,0.60,key_16,350,false
write,0.49,key_5,308,false
write,0.53,key_14,304,false
write,0.59,key_3,322,false
write,0.48,key_12,332,false
write,0.83,key_6,320,false
write,0.42,key_3,323,false
write,0.59,key_2,321,false
write,0.64,key_19,365,false
write,0.62,key_10,313,false
write,0.68,key_1,304,false
write,0.92,key_2,322,false
write,0.71,key_5,309,false
write,0.58,key_9,307,false
write,0.51,key_2,323,false
write,0.57,key_12,333,false
write,0.57,key_14,305,false
write,0.59,key_17,284,false
write,0.71,key_8,337,false
write,0.78,key_5,310,false
write,0.99,key_19,366,false
write,0.50,key_19,367,false
write,0.48,key_0,286,false
write,0.34,key_7,303,false
write,0.75,key_1,305,false
write,1.04,key_4,317,false
write,0.65,key_17,285,false
write,0.52,key_19,368,false
write,0.34,key_8,338,false
write,0.34,key_19,369,false
write,0.31,key_9,308,false
write,0.29,key_6,321,false
write,0.29,key_16,351,false
write,0.29,key_18,321,false
write,0.38,key_8,339,false
write,0.38,key_14,306,false
write,0.34,key_14,307,false
write,0.55,key_17,286,false
write,0.52,key_8,340,false
write,0.50,key_16,352,false
write,0.37,key_7,304,false
write,0.40,key_9,309,false
write,0.40,key_6,322,false
write,0.39,key_1,306,false
write,0.32,key_4,318,false
write,0.35,key_8,341,false
write,0.34,key_7,305,false
write,0.62,key_6,323,false
write,0.20,key_10,314,false
write,0.30,key_17,287,false
write,0.29,key_18,322,false
write,0.32,key_7,306,false
write,0.27,key_6,324,false
write,0.28,key_7,307,false
write,0.33,key_0,287,false
write,0.32,key_12,334,false
write,0.41,key_8,342,false
write,0.31,key_0,288,false
write,0.29,key_9,310,false
write,0.29,key_5,311,false
write,0.38,key_14,308,false
write,0.35,key_5,312,false
write,0.37,key_1,307,false
write,0.36,key_11,319,false
write,0.26,key_14,309,false
write,0.26,key_12,335,false
write,0.28,key_11,320,false
write,0.30,key_6,325,false
write,0.31,key_13,298,false
write,0.34,key_7,308,false
write,0.81,key_11,321,false
write,0.86,key_0,289,false
write,0.86,key_5,313,false
write,0.45,key_7,309,false
write,0.43,key_1,308,false
write,0.56,key_14,310,false
write,0.34,key_9,311,false
write,0.34,key_13,299,false
write,0.28,key_10,315,false
write,0.34,key_7,310,false
write,0.55,key_9,312,false
write,0.28,key_1,309,false
write,0.35,key_12,336,false
write,0.33,key_5,314,false
write,0.34,key_9,313,false
write,0.37,key_4,319,false
read,64.13,key_18,322,false
read,52.77,key_3,323,false
read,54.64,key_10,315,false
read,54.73,key_1,303,true
write,0.39,key_7,311,false
read,53.10,key_9,313,false
write,0.31,key_15,304,false
write,0.89,key_19,370,false
read,52.98,key_2,323,false
write,0.45,key_11,322,false
write,0.29,key_4,320,false
write,0.22,key_16,353,false
write,0.25,key_7,312,false
write,0.23,key_0,290,false
write,0.26,key_3,324,false
write,0.24,key_13,300,false
write,0.21,key_3,325,false
write,0.23,key_14,311,false
read,52.99,key_4,320,false
read,52.63,key_10,315,false
read,53.05,key_2,323,false
write,0.42,key_0,291,false
write,0.33,key_12,337,false
write,0.32,key_9,314,false
read,53.51,key_1,309,false
write,0.47,key_15,305,false
write,0.39,key_8,343,false
write,0.47,key_0,292,false
write,0.59,key_10,316,false
write,0.49,key_9,315,false
write,0.41,key_12,338,false
write,0.23,key_2,324,false
write,0.21,key_18,323,false
write,0.22,key_11,323,false
write,0.21,key_6,326,false
write,0.23,key_2,325,false
write,0.30,key_11,324,false
write,0.24,key_4,321,false
write,0.21,key_19,371,false
write,0.26,key_17,288,false
write,0.23,key_10,317,false
write,0.21,key_12,339,false
write,0.21,key_3,326,false
write,0.26,key_15,306,false
write,0.24,key_3,327,false
write,0.28,key_1,310,false
write,0.24,key_0,293,false
write,0.24,key_18,324,false
write,0.25,key_18,325,false
write,0.21,key_18,326,false
write,0.25,key_11,325,false
write,0.29,key_0,294,false
write,0.22,key_18,327,false
read,52.65,key_10,315,true
read,52.38,key_10,317,false
write,0.27,key_8,344,false
write,0.29,key_6,327,false
write,0.34,key_10,318,false
write,0.27,key_7,313,false
write,0.21,key_4,322,false
write,0.19,key_3,328,false
write,0.28,key_9,316,false
write,0.21,key_19,372,false
write,0.22,key_15,307,false
write,0.23,key_11,326,false
write,0.34,key_18,328,false
read,51.72,key_16,353,false
write,0.40,key_13,301,false
write,0.41,key_10,319,false
write,0.26,key_16,354,false
write,0.27,key_5,315,false
write,0.29,key_13,302,false
write,0.29,key_6,328,false
write,0.20,key_10,320,false
write,0.28,key_9,317,false
write,0.21,key_10,321,false
write,0.21,key_6,329,false
write,0.27,key_8,345,false
read,53.22,key_16,354,false
write,0.32,key_14,312,false
write,0.26,key_13,303,false
write,0.28,key_13,304,false
write,0.26,key_18,329,false
write,0.24,key_11,327,false
write,0.37,key_3,329,false
write,0.27,key_19,373,false
write,0.32,key_12,340,false
write,0.33,key_9,318,false
write,0.26,key_8,346,false
read,52.71,key_1,310,false
write,0.43,key_3,330,false
write,0.41,key_2,326,false
read,50.98,key_7,312,true
write,0.39,key_0,295,false
write,0.37,key_8,347,false
write,0.26,key_18,330,false
write,0.28,key_4,323,false
read,51.66,key_5,315,false
write,0.30,key_7,314,false
write,0.30,key_7,315,false
write,0.26,key_7,316,false
write,0.26,key_10,322,false
write,0.24,key_4,324,false
write,0.31,key_16,355,false
write,0.23,key_4,325,false
write,0.26,key_13,305,false
write,0.23,key_19,374,false
read,51.01,key_16,355,false
write,0.37,key_19,375,false
write,0.49,key_5,316,false
read,51.89,key_9,318,false
read,50.78,key_13,300,true
write,0.32,key_17,289,false
write,0.24,key_5,317,false
write,0.30,key_9,319,false
write,0.40,key_14,313,false
write,0.24,key_7,317,false
write,0.25,key_13,306,false
write,0.27,key_5,318,false
write,0.28,key_6,330,false
write,0.30,key_0,296,false
write,0.40,key_7,318,false
write,0.29,key_12,341,false
write,0.26,key_18,331,false
write,0.38,key_16,356,false
write,0.31,key_7,319,false
write,0.34,key_8,348,false
write,0.37,key_17,290,false
write,0.27,key_14,314,false
write,0.23,key_12,342,false
write,0.20,key_9,320,false
write,0.25,key_12,343,false
write,0.18,key_1,311,false
write,0.25,key_11,328,false
write,0.23,key_3,331,false
read,53.00,key_11,328,false
write,1.34,key_15,308,false
write,0.29,key_7,320,false
write,0.29,key_13,307,false
read,50.75,key_6,330,false
write,0.59,key_17,291,false
write,0.67,key_17,292,false
read,51.09,key_19,375,false
write,0.27,key_17,293,false
write,0.47,key_14,315,false
write,0.27,key_2,327,false
write,0.28,key_4,326,false
write,0.33,key_12,344,false
read,51.40,key_8,348,false
write,0.35,key_10,323,false
write,0.38,key_16,357,false
write,0.26,key_10,324,false
write,0.29,key_8,349,false
read,51.20,key_15,308,false
write,0.29,key_7,321,false
write,0.25,key_2,328,false
write,0.38,key_8,350,false
write,0.22,key_7,322,false
write,0.22,key_4,327,false
write,0.30,key_10,325,false
write,0.30,key_5,319,false
write,0.24,key_16,358,false
write,0.23,key_18,332,false
write,0.22,key_14,316,false
write,0.32,key_14,317,false
write,0.21,key_18,333,false
write,0.28,key_17,294,false
write,0.33,key_3,332,false
read,50.93,key_14,317,false
read,51.07,key_16,355,true
write,0.52,key_14,318,false
write,0.30,key_13,308,false
write,0.30,key_18,334,false
write,0.31,key_1,312,false
write,0.28,key_9,321,false
write,0.45,key_15,309,false
write,0.49,key_2,329,false
write,0.44,key_16,359,false
write,0.68,key_9,322,false
write,0.47,key_1,313,false
read,53.02,key_14,318,false
read,52.89,key_1,310,true
write,0.43,key_3,333,false
write,0.39,key_15,310,false
write,0.31,key_9,323,false
write,0.39,key_3,334,false
write,0.25,key_2,330,false
write,0.32,key_7,323,false
write,0.24,key_3,335,false
write,0.28,key_12,345,false
write,0.33,key_8,351,false
write,0.28,key_6,331,false
write,0.27,key_1,314,false
write,0.27,key_16,360,false
write,0.22,key_17,295,false
write,0.26,key_1,315,false
write,0.28,key_13,309,false
write,0.28,key_5,320,false
write,0.24,key_17,296,false
write,0.26,key_19,376,false
write,0.26,key_10,326,false
write,0.26,key_11,329,false
write,0.22,key_15,311,false
write,0.24,key_8,352,false
write,0.23,key_0,297,false
write,0.30,key_1,316,false
write,0.27,key_8,353,false
write,0.26,key_4,328,false
write,0.27,key_12,346,false
write,0.24,key_11,330,false
write,0.26,key_18,335,false
write,0.28,key_19,377,false
write,0.31,key_14,319,false
write,0.32,key_6,332,false
write,0.28,key_3,336,false
write,0.28,key_10,327,false
write,0.28,key_14,320,false
write,0.27,key_4,329,false
write,0.29,key_11,331,false
write,0.30,key_10,328,false
write,0.22,key_10,329,false
write,0.24,key_6,333,false
write,0.22,key_18,336,false
write,0.25,key_17,297,false
write,0.25,key_8,354,false
write,0.24,key_18,337,false
write,0.25,key_15,312,false
write,0.27,key_18,338,false
write,0.34,key_8,355,false
write,0.40,key_1,317,false
write,0.29,key_6,334,false
write,0.23,key_19,378,false
read,52.47,key_19,375,true
write,0.41,key_5,321,false
write,0.31,key_10,330,false
write,0.24,key_5,322,false
write,0.21,key_9,324,false
write,0.21,key_12,347,false
write,0.30,key_16,361,false
write,0.21,key_16,362,false
write,0.25,key_18,339,false
write,0.23,key_7,324,false
write,0.30,key_3,337,false
write,0.21,key_14,321,false
write,0.23,key_16,363,false
write,0.30,key_5,323,false
write,0.32,key_13,310,false
write,0.24,key_13,311,false
write,0.24,key_15,313,false
write,0.23,key_13,312,false
write,0.27,key_14,322,false
write,0.25,key_9,325,false
write,0.22,key_10,331,false
read,52.66,key_2,330,false
read,53.91,key_16,363,false
read,57.07,key_14,322,false
write,0.67,key_19,379,false
write,0.76,key_10,332,false
write,0.60,key_11,332,false
write,0.64,key_14,323,false
write,0.78,key_10,333,false
write,0.76,key_2,331,false
write,0.91,key_11,333,false
read,51.98,key_10,332,true
write,1.26,key_1,318,false
write,0.42,key_18,340,false
write,0.75,key_1,319,false
write,1.46,key_17,298,false
write,1.13,key_7,325,false
write,0.44,key_14,324,false
write,0.39,key_3,338,false
write,0.47,key_8,356,false
write,0.75,key_16,364,false
write,0.76,key_7,326,false
write,0.85,key_15,314,false
write,0.74,key_2,332,false
write,0.72,key_15,315,false
read,52.39,key_13,312,false
write,0.37,key_8,357,false
write,0.39,key_11,334,false
read,51.75,key_5,319,true
read,51.57,key_18,334,true
write,0.38,key_6,335,false
write,0.39,key_1,320,false
write,0.58,key_16,365,false
write,0.42,key_3,339,false
write,0.39,key_16,367,false
write,0.37,key_5,324,false
write,0.42,key_16,366,false
write,0.46,key_15,316,false
write,0.35,key_18,341,false
write,0.39,key_12,348,false
write,0.42,key_5,325,false
write,0.68,key_8,358,false
write,0.40,key_18,342,false
write,0.64,key_3,340,false
write,0.40,key_17,299,false
write,0.68,key_9,326,false
write,0.30,key_15,317,false
write,1.14,key_8,359,false
write,1.46,key_2,333,false
write,0.91,key_5,326,false
write,0.96,key_8,360,false
write,0.29,key_16,369,false
write,0.47,key_16,368,false
write,0.45,key_9,327,false
write,0.37,key_8,361,false
write,0.40,key_6,336,false
write,0.53,key_4,330,false
write,0.84,key_8,362,false
write,0.95,key_13,313,false
write,1.55,key_14,325,false
write,0.73,key_14,326,false
write,0.29,key_0,298,false
write,0.49,key_7,327,false
write,0.30,key_13,314,false
write,0.23,key_10,334,false
write,0.28,key_17,300,false
write,0.26,key_9,328,false
write,0.44,key_3,341,false
write,0.35,key_13,315,false
write,0.45,key_18,343,false
write,0.30,key_1,321,false
write,0.20,key_2,334,false
write,0.20,key_10,335,false
write,0.20,key_4,331,false
write,0.19,key_15,318,false
write,0.26,key_9,329,false
read,51.40,key_4,331,false
write,0.30,key_12,349,false
write,0.23,key_7,328,false
write,0.29,key_4,332,false
write,0.23,key_11,335,false
write,0.43,key_17,301,false
read,51.25,key_18,343,false
write,0.31,key_17,302,false
write,0.39,key_16,370,false
write,0.72,key_19,380,false
write,0.98,key_15,319,false
write,0.90,key_7,329,false
write,0.53,key_14,327,false
write,0.43,key_2,335,false
write,0.26,key_1,322,false
write,0.32,key_5,327,false
write,0.33,key_10,336,false
write,0.28,key_11,336,false
write,0.27,key_19,381,false
write,0.23,key_13,316,false
write,0.23,key_14,328,false
write,0.25,key_16,371,false
read,50.77,key_16,371,false
write,0.21,key_16,372,false
write,0.20,key_3,342,false
write,0.27,key_10,337,false
write,0.28,key_8,363,false
write,0.27,key_15,320,false
write,0.25,key_8,364,false
write,0.21,key_12,350,false
read,52.21,key_5,327,false
read,51.12,key_5,327,false
write,0.56,key_10,338,false
write,0.73,key_15,321,false
write,0.77,key_1,323,false
write,0.54,key_17,303,false
write,0.31,key_9,330,false
write,0.50,key_15,322,false
write,0.81,key_4,333,false
write,0.55,key_14,329,false
write,0.29,key_11,337,false
read,52.78,key_1,323,false
read,58.60,key_16,363,true
write,0.40,key_1,324,false
write,0.67,key_7,330,false
write,0.68,key_17,304,false
read,53.40,key_7,329,true
write,0.39,key_2,336,false
write,1.00,key_7,331,false
write,0.42,key_8,365,false
write,0.33,key_4,334,false
write,0.27,key_17,305,false
write,0.34,key_2,337,false
write,0.48,key_15,323,false
read,53.34,key_6,336,false
write,0.32,key_6,337,false
write,0.34,key_15,324,false
write,0.28,key_11,338,false
write,0.32,key_17,306,false
write,0.41,key_0,299,false
write,0.38,key_11,339,false
write,0.29,key_2,338,false
read,51.08,key_14,326,true
write,0.32,key_9,331,false
write,0.26,key_1,325,false
write,0.24,key_19,382,false
write,0.28,key_9,332,false
write,0.25,key_5,328,false
write,0.26,key_17,307,false
write,0.26,key_5,329,false
write,0.35,key_10,339,false
write,0.34,key_9,333,false
write,0.52,key_17,308,false
write,0.27,key_4,335,false
write,0.26,key_3,343,false
write,0.23,key_2,339,false
write,0.21,key_16,373,false
write,0.21,key_15,325,false
write,0.40,key_10,340,false
write,0.23,key_0,300,false
write,0.21,key_19,383,false
write,0.24,key_2,340,false
write,0.32,key_16,374,false
write,0.22,key_19,384,false
write,0.22,key_14,330,false
read,52.57,key_13,316,false
write,0.43,key_9,334,false
read,52.38,key_6,337,false
write,0.34,key_16,375,false
write,0.32,key_7,332,false
write,0.26,key_16,376,false
write,0.57,key_4,336,false
write,0.62,key_6,338,false
write,0.35,key_11,340,false
write,0.68,key_12,351,false
write,0.38,key_7,333,false
write,0.29,key_17,309,false
write,0.71,key_4,337,false
write,0.62,key_8,366,false
write,0.47,key_18,344,false
write,0.41,key_1,326,false
write,0.32,key_5,330,false
write,0.29,key_0,301,false
write,0.23,key_10,341,false
write,0.26,key_9,335,false
write,0.34,key_13,317,false
write,0.25,key_5,331,false
write,0.26,key_19,385,false
write,0.27,key_17,310,false
write,0.25,key_13,318,false
write,0.31,key_17,311,false
write,0.20,key_4,338,false
write,0.24,key_8,367,false
write,0.22,key_15,326,false
write,0.21,key_4,339,false
write,0.23,key_1,327,false
write,0.22,key_13,319,false
write,0.26,key_6,339,false
write,0.22,key_14,331,false
read,50.98,key_9,335,false
write,0.66,key_18,345,false
write,0.77,key_7,334,false
write,0.60,key_5,332,false
write,0.62,key_13,320,false
write,0.32,key_5,333,false
write,0.38,key_1,328,false
write,0.28,key_12,352,false
write,0.30,key_2,341,false
write,0.25,key_19,386,false
write,0.22,key_7,335,false
write,0.26,key_14,332,false
write,0.24,key_15,327,false
write,0.22,key_3,344,false
write,0.24,key_2,342,false
write,0.28,key_1,329,false
write,0.53,key_14,333,false
write,0.38,key_4,340,false
write,0.33,key_12,353,false
write,0.25,key_17,312,false
write,0.25,key_18,346,false
write,0.36,key_8,368,false
write,0.40,key_13,321,false
write,0.35,key_13,322,false
write,0.38,key_11,341,false
write,0.23,key_5,334,false
write,0.33,key_7,336,false
write,0.38,key_10,342,false
write,0.32,key_16,377,false
write,0.32,key_1,330,false
write,0.30,key_11,342,false
write,0.28,key_5,335,false
write,0.23,key_15,328,false
write,0.21,key_0,302,false
write,0.19,key_15,329,false
write,0.22,key_0,303,false
read,52.54,key_10,338,true
write,0.56,key_6,340,false
write,0.61,key_1,331,false
write,0.46,key_0,304,false
read,51.69,key_11,337,true
write,0.45,key_14,334,false
read,51.75,key_12,353,false
write,0.61,key_15,330,false
write,0.65,key_16,378,false
read,51.20,key_3,344,false
write,0.41,key_2,343,false
write,0.41,key_5,336,false
write,0.41,key_19,387,false
write,0.56,key_15,331,false
write,0.32,key_3,345,false
write,0.42,key_13,323,false
read,51.17,key_14,334,false
write,0.45,key_3,346,false
write,0.32,key_15,332,false
write,0.27,key_3,347,false
write,0.32,key_0,305,false
write,0.27,key_15,333,false
write,0.37,key_0,306,false
write,0.46,key_17,313,false
read,51.31,key_15,333,false
write,0.56,key_13,324,false
write,0.78,key_18,347,false
write,0.36,key_3,348,false
read,52.40,key_6,338,true
write,0.29,key_8,369,false
write,0.39,key_15,334,false
read,51.50,key_15,333,true
write,0.27,key_14,335,false
write,0.36,key_5,337,false
write,0.29,key_10,343,false
write,0.25,key_0,307,false
write,0.38,key_19,388,false
write,0.33,key_2,344,false
write,0.38,key_18,348,false
write,0.26,key_8,370,false
write,0.31,key_8,371,false
write,0.27,key_0,308,false
write,0.24,key_8,372,false
write,0.28,key_16,379,false
read,51.03,key_10,343,false
write,0.36,key_15,335,false
write,0.42,key_1,332,false
write,0.31,key_17,314,false
write,0.39,key_5,338,false
write,0.36,key_2,345,false
write,0.32,key_17,315,false
write,0.30,key_19,389,false
read,52.65,key_8,368,true
write,0.51,key_13,325,false
write,0.49,key_11,343,false
write,0.47,key_1,333,false
write,0.35,key_5,339,false
write,0.41,key_19,390,false
write,0.39,key_8,373,false
write,0.45,key_0,309,false
write,0.47,key_6,341,false
write,0.33,key_18,349,false
write,0.31,key_18,350,false
write,0.36,key_0,310,false
write,0.51,key_9,336,false
write,0.73,key_17,316,false
write,0.74,key_10,344,false
write,0.58,key_8,374,false
write,0.38,key_5,340,false
write,0.31,key_4,341,false
write,0.31,key_19,391,false
write,0.31,key_10,345,false
write,0.62,key_1,334,false
write,0.42,key_12,354,false
write,0.29,key_5,341,false
write,0.23,key_18,351,false
write,0.27,key_15,336,false
read,54.63,key_8,374,false
read,55.08,key_1,334,false
write,0.36,key_17,317,false
write,0.42,key_16,380,false
write,0.42,key_14,336,false
read,51.50,key_10,345,false
write,0.28,key_9,337,false
write,0.26,key_13,326,false
write,0.30,key_12,356,false
write,0.32,key_12,355,false
write,0.27,key_1,335,false
write,0.34,key_13,327,false
write,0.31,key_13,328,false
write,0.31,key_5,342,false
write,0.54,key_2,346,false
write,0.58,key_14,337,false
write,0.28,key_19,392,false
write,0.31,key_5,343,false
read,51.22,key_10,345,false
write,0.41,key_17,318,false
write,0.54,key_2,347,false
write,0.77,key_3,349,false
write,0.53,key_17,319,false
write,0.42,key_11,344,false
write,0.96,key_12,357,false
read,54.78,key_9,337,false
write,0.70,key_0,311,false
write,1.03,key_15,337,false
write,1.39,key_14,338,false
write,0.77,key_3,350,false
write,0.58,key_10,346,false
read,52.26,key_8,368,true
write,0.62,key_19,393,false
write,0.87,key_18,352,false
write,0.58,key_18,353,false
write,0.67,key_10,347,false
write,0.65,key_7,337,false
write,0.50,key_11,345,false
write,0.52,key_18,354,false
write,0.45,key_15,338,false
write,0.51,key_2,348,false
write,0.47,key_7,338,false
write,0.47,key_2,349,false
write,0.52,key_14,339,false
write,0.51,key_15,339,false
write,0.43,key_7,339,false
write,0.34,key_10,348,false
write,0.31,key_0,312,false
write,0.23,key_18,355,false
read,52.24,key_2,349,false
write,0.27,key_7,340,false
write,0.24,key_0,313,false
write,0.25,key_12,358,false
write,0.24,key_2,350,false
write,0.22,key_10,349,false
write,0.23,key_18,356,false
write,0.23,key_10,350,false
read,53.70,key_19,393,false
write,2.08,key_11,346,false
write,0.82,key_14,340,false
read,52.36,key_0,313,false
read,53.65,key_15,339,false
read,52.37,key_1,335,false
write,0.32,key_15,340,false
write,0.35,key_6,342,false
write,0.26,key_4,342,false
write,0.53,key_14,341,false
read,50.88,key_8,374,false
read,51.38,key_13,328,false
write,0.35,key_14,342,false
write,0.33,key_0,314,false
write,0.28,key_11,347,false
write,0.30,key_2,351,false
write,0.27,key_7,341,false
write,0.35,key_8,375,false
write,0.42,key_0,315,false
write,0.41,key_7,342,false
read,52.04,key_12,358,false
read,52.24,key_9,337,false
write,0.61,key_11,348,false
write,0.53,key_16,381,false
write,0.76,key_18,357,false
write,0.73,key_2,352,false
write,0.39,key_3,351,false
write,0.38,key_7,343,false
write,0.88,key_17,320,false
write,0.55,key_16,382,false
write,0.36,key_17,321,false
read,53.25,key_9,337,false
write,0.62,key_3,352,false
write,0.31,key_12,359,false
write,0.34,key_15,341,false
write,0.36,key_9,338,false
write,0.32,key_16,383,false
write,0.37,key_13,329,false
write,0.60,key_15,342,false
write,0.39,key_13,330,false
write,0.39,key_3,353,false
write,0.34,key_0,316,false
write,0.40,key_6,343,false
write,0.40,key_8,376,false
write,0.39,key_17,322,false
write,0.29,key_10,351,false
write,0.28,key_4,343,false
write,0.25,key_9,339,false
write,0.39,key_12,360,false
write,0.34,key_2,353,false
write,0.42,key_17,323,false
write,0.33,key_0,317,false
write,0.48,key_17,324,false
write,0.33,key_10,352,false
write,0.67,key_4,344,false
write,0.65,key_8,377,false
write,0.43,key_6,344,false
write,0.23,key_8,378,false
write,0.23,key_13,331,false
write,0.22,key_9,340,false
write,0.22,key_15,343,false
write,0.25,key_13,332,false
write,0.27,key_18,358,false
read,53.82,key_6,344,false
write,0.29,key_5,344,false
write,0.27,key_17,325,false
write,0.26,key_18,359,false
write,0.27,key_2,354,false
write,0.26,key_15,344,false
read,51.59,key_15,344,false
write,0.30,key_16,384,false
read,51.55,key_1,335,false
read,50.93,key_0,317,false
write,0.55,key_6,345,false
write,0.62,key_14,343,false
write,0.59,key_11,349,false
write,0.38,key_10,353,false
write,0.35,key_11,350,false
write,0.28,key_14,344,false
write,0.24,key_3,354,false
write,0.24,key_3,355,false
write,0.32,key_2,355,false
write,0.26,key_3,356,false
write,0.24,key_7,344,false
write,0.26,key_6,346,false
write,0.52,key_0,318,false
write,0.25,key_1,336,false
write,0.27,key_2,356,false
write,0.30,key_19,394,false
write,0.32,key_16,385,false
write,0.39,key_12,361,false
write,0.37,key_7,345,false
write,0.27,key_12,362,false
write,0.36,key_11,351,false
write,0.34,key_18,360,false
write,0.25,key_18,361,false
write,0.54,key_19,395,false
write,0.46,key_9,341,false
write,0.33,key_19,396,false
write,0.34,key_14,345,false
write,0.35,key_18,362,false
write,0.46,key_10,354,false
write,0.36,key_8,379,false
write,0.25,key_9,342,false
write,0.46,key_16,386,false
read,52.38,key_19,396,false
write,0.48,key_1,337,false
write,0.41,key_19,397,false
write,0.31,key_19,398,false
read,51.50,key_15,344,false
write,0.37,key_12,363,false
write,0.53,key_0,319,false
write,0.41,key_4,345,false
write,0.44,key_11,352,false
write,0.40,key_19,399,false
write,0.28,key_10,355,false
write,0.33,key_10,356,false
write,0.40,key_2,357,false
write,0.50,key_1,338,false
read,51.44,key_4,345,false
write,0.57,key_17,326,false
write,0.44,key_6,347,false
write,0.45,key_6,348,false
write,0.65,key_13,333,false
write,0.41,key_9,343,false
write,0.30,key_0,320,false
write,0.48,key_13,334,false
read,53.31,key_13,332,true
read,52.15,key_6,346,true
write,0.63,key_7,346,false
write,0.54,key_1,339,false
write,1.03,key_1,340,false
write,0.67,key_17,327,false
write,0.32,key_19,400,false
write,0.37,key_13,335,false
write,0.70,key_19,401,false
read,52.34,key_5,344,false
write,0.52,key_18,363,false
write,1.14,key_19,403,false
write,1.10,key_19,402,false
write,0.40,key_0,321,false
write,0.53,key_10,357,false
write,1.72,key_15,345,false
write,0.36,key_18,364,false
write,0.43,key_18,365,false
write,0.46,key_18,366,false
write,0.28,key_12,364,false
write,0.32,key_1,341,false
write,0.37,key_19,404,false
write,0.40,key_12,365,false
write,0.28,key_18,367,false
write,0.47,key_12,366,false
write,0.41,key_1,342,false
write,0.55,key_6,349,false
write,0.43,key_8,380,false
write,0.33,key_5,345,false
write,0.51,key_18,368,false
write,0.41,key_16,387,false
read,52.51,key_10,357,false
read,53.77,key_5,344,true
write,0.58,key_6,350,false
write,0.61,key_14,346,false
write,1.09,key_14,347,false
write,1.44,key_1,343,false
write,0.63,key_19,405,false
write,1.46,key_3,357,false
write,0.99,key_0,322,false
write,1.30,key_10,358,false
write,1.42,key_19,406,false
write,3.47,key_19,407,false
write,0.90,key_2,358,false
write,0.92,key_10,359,false
write,0.71,key_10,360,false
write,0.71,key_19,408,false
write,0.43,key_4,346,false
write,0.43,key_13,336,false
write,0.30,key_9,344,false
write,0.33,key_10,361,false
write,0.41,key_6,351,false
write,0.44,key_8,381,false
write,0.46,key_16,388,false
write,0.28,key_1,344,false
read,52.16,key_12,366,false
write,0.40,key_14,348,false
write,0.87,key_17,328,false
write,0.46,key_7,347,false
write,0.44,key_8,382,false
write,0.76,key_8,383,false
write,0.82,key_16,389,false
write,0.67,key_9,345,false
write,0.36,key_9,346,false
write,0.42,key_2,359,false
write,0.34,key_18,369,false
write,0.26,key_8,384,false
write,0.51,key_7,348,false
write,0.53,key_10,362,false
write,0.29,key_8,385,false
write,0.28,key_9,347,false
write,0.22,key_10,363,false
write,0.35,key_2,360,false
write,0.34,key_3,358,false
write,0.26,key_11,353,false
write,0.21,key_3,359,false
write,0.22,key_13,337,false
write,0.30,key_2,361,false
write,0.33,key_17,329,false
write,0.29,key_2,362,false
write,0.45,key_6,352,false
write,0.53,key_18,370,false
write,0.28,key_4,347,false
write,0.25,key_11,354,false
write,0.26,key_19,409,false
write,0.22,key_12,367,false
write,0.40,key_17,330,false
write,0.49,key_14,349,false
write,0.23,key_8,386,false
read,50.74,key_8,386,false
write,0.35,key_10,364,false
write,0.37,key_8,387,false
write,0.24,key_3,360,false
write,0.25,key_12,368,false
write,0.28,key_2,363,false
write,0.33,key_14,350,false
write,0.30,key_9,348,false
write,0.29,key_2,364,false
write,0.27,key_17,331,false
write,0.70,key_2,365,false
write,0.74,key_11,355,false
write,0.42,key_8,388,false
write,0.60,key_0,323,false
write,0.64,key_8,389,false
write,0.31,key_1,345,false
write,0.32,key_1,346,false
write,0.37,key_6,353,false
write,0.45,key_9,349,false
write,0.44,key_18,371,false
read,53.23,key_17,331,false
write,0.45,key_10,365,false
write,0.28,key_14,351,false
write,0.28,key_18,372,false
write,0.33,key_9,350,false
write,0.28,key_10,366,false
write,0.24,key_8,390,false
write,0.31,key_19,410,false
write,0.25,key_9,351,false
read,52.02,key_11,355,false
write,0.46,key_3,361,false
write,0.30,key_0,324,false
write,0.27,key_14,352,false
read,53.96,key_16,389,false
write,0.26,key_7,349,false
write,0.36,key_15,346,false
write,0.40,key_7,350,false
write,0.28,key_12,369,false
write,0.34,key_0,325,false
write,0.35,key_14,353,false
write,0.25,key_5,346,false
write,0.41,key_6,354,false
write,0.37,key_11,356,false
write,0.39,key_8,391,false
write,0.39,key_16,390,false
write,0.41,key_14,354,false
write,0.46,key_6,355,false
read,53.80,key_0,325,false
read,53.07,key_7,350,false
write,0.61,key_19,411,false
write,1.07,key_15,347,false
read,60.28,key_0,325,false
read,55.65,key_10,366,false
write,9.88,key_12,370,false
write,11.19,key_0,326,false
write,10.56,key_18,373,false
write,1.31,key_5,347,false
write,1.26,key_15,348,false
write,1.35,key_19,412,false
write,1.08,key_19,414,false
write,2.15,key_7,351,false
write,1.12,key_17,332,false
write,0.52,key_0,327,false
write,0.59,key_17,333,false
write,2.02,key_19,413,false
write,0.58,key_1,347,false
write,0.91,key_0,328,false
read,54.52,key_0,326,true
write,0.66,key_7,352,false
write,1.50,key_3,364,false
write,1.79,key_3,363,false
write,2.57,key_3,362,false
write,3.99,key_0,329,false
read,68.60,key_8,391,false
write,22.00,key_4,348,false
write,18.25,key_16,391,false
read,66.64,key_9,351,false
write,20.71,key_0,330,false
write,21.65,key_1,348,false
write,0.63,key_10,367,false
write,1.42,key_8,392,false
write,2.04,key_17,334,false
write,2.41,key_16,392,false
write,2.42,key_3,365,false
write,21.75,key_12,371,false
write,2.31,key_0,331,false
write,0.36,key_1,349,false
read,53.44,key_19,414,false
write,1.44,key_0,332,false
write,0.78,key_17,335,false
write,1.74,key_18,374,false
write,1.93,key_2,366,false
write,4.49,key_16,393,false
write,2.75,key_16,394,false
write,0.92,key_8,393,false
write,1.11,key_15,349,false
write,0.63,key_18,375,false
write,1.26,key_6,356,false
write,0.68,key_18,376,false
write,1.29,key_8,394,false
write,0.79,key_15,350,false
write,0.96,key_9,353,false
write,2.72,key_9,352,false
write,1.23,key_0,333,false
write,1.26,key_7,353,false
write,1.90,key_5,348,false
write,0.67,key_3,366,false
write,0.56,key_19,415,false
write,0.42,key_11,357,false
write,1.36,key_3,367,false
write,1.29,key_16,395,false
write,1.55,key_2,368,false
write,1.46,key_2,367,false
write,0.41,key_19,416,false
write,0.58,key_16,396,false
write,0.65,key_17,336,false
write,1.69,key_9,354,false
write,2.07,key_17,337,false
write,0.78,key_4,349,false
write,1.09,key_1,350,false
write,1.42,key_12,372,false
write,0.93,key_2,369,false
write,1.46,key_11,359,false
write,0.83,key_11,358,false
write,1.87,key_1,351,false
read,54.38,key_12,368,true
write,0.44,key_15,351,false
write,0.68,key_2,370,false
write,0.77,key_5,349,false
write,1.91,key_9,355,false
write,0.84,key_15,352,false
write,0.57,key_13,339,false
write,0.82,key_15,353,false
write,2.91,key_13,338,false
write,0.77,key_6,357,false
write,0.79,key_4,350,false
write,0.94,key_16,397,false
write,0.48,key_6,358,false
write,0.68,key_17,338,false
write,0.46,key_11,360,false
write,0.60,key_5,350,false
write,0.49,key_8,395,false
write,0.98,key_14,355,false
write,0.40,key_8,396,false
write,1.67,key_11,361,false
write,0.46,key_18,377,false
write,0.53,key_14,356,false
write,0.70,key_9,356,false
write,0.84,key_10,368,false
write,0.89,key_4,351,false
write,0.80,key_6,359,false
write,0.77,key_13,340,false
write,0.95,key_0,334,false
write,1.56,key_15,354,false
write,1.54,key_5,351,false
write,1.55,key_19,417,false
write,0.49,key_16,398,false
write,0.51,key_11,362,false
write,0.87,key_3,368,false
write,0.39,key_9,357,false
write,0.79,key_10,369,false
write,1.27,key_15,355,false
write,0.52,key_16,399,false
write,1.50,key_9,358,false
write,0.69,key_10,370,false
write,0.31,key_8,397,false
write,0.70,key_15,356,false
write,1.20,key_1,352,false
write,0.51,key_12,373,false
write,0.56,key_11,363,false
write,0.61,key_3,369,false
write,0.61,key_18,378,false
write,0.52,key_1,354,false
write,0.53,key_1,353,false
write,0.24,key_8,398,false
write,0.26,key_1,355,false
write,0.22,key_17,339,false
write,0.27,key_5,352,false
write,0.25,key_13,341,false
write,0.25,key_8,399,false
write,0.21,key_10,371,false
write,0.20,key_0,335,false
write,0.24,key_10,372,false
write,0.22,key_9,359,false
write,0.18,key_19,418,false
write,0.63,key_1,356,false
write,0.69,key_13,342,false
write,0.83,key_18,379,false
write,0.57,key_12,374,false
write,0.26,key_10,373,false
write,0.28,key_11,364,false
write,0.23,key_10,374,false
write,0.21,key_8,400,false
write,0.21,key_3,370,false
write,0.60,key_6,360,false
write,0.49,key_18,380,false
write,1.18,key_5,353,false
write,0.48,key_6,361,false
write,0.54,key_7,354,false
write,0.59,key_0,336,false
write,0.46,key_4,352,false
write,0.50,key_7,355,false
write,0.78,key_6,362,false
write,0.42,key_8,401,false
read,55.20,key_7,353,true
write,0.30,key_0,337,false
write,0.61,key_17,340,false
write,0.44,key_15,357,false
write,0.30,key_14,357,false
write,0.50,key_3,371,false
write,0.52,key_2,371,false
write,0.73,key_16,400,false
write,0.53,key_8,402,false
write,0.25,key_9,360,false
write,0.22,key_4,353,false
write,0.20,key_15,358,false
write,0.44,key_10,375,false
write,0.25,key_10,376,false
write,0.30,key_18,381,false
write,0.40,key_16,401,false
write,0.35,key_18,382,false
write,0.21,key_14,358,false
write,0.27,key_16,402,false
write,0.23,key_18,383,false
write,0.22,key_2,372,false
write,0.22,key_15,359,false
write,0.34,key_6,363,false
write,0.29,key_1,357,false
write,0.23,key_3,372,false
write,0.21,key_5,354,false
write,0.41,key_3,373,false
write,0.54,key_6,364,false
write,0.27,key_3,374,false
write,0.25,key_16,403,false
write,0.35,key_0,338,false
write,0.39,key_15,360,false
write,0.38,key_1,358,false
write,0.38,key_18,384,false
write,0.31,key_9,361,false
write,0.32,key_19,419,false
read,53.82,key_17,340,false
write,0.29,key_15,361,false
write,0.24,key_6,365,false
write,0.46,key_9,362,false
write,0.27,key_12,375,false
write,0.31,key_9,363,false
write,0.30,key_3,375,false
write,0.37,key_4,354,false
write,0.34,key_4,355,false
write,0.27,key_6,366,false
write,0.25,key_18,385,false
write,0.24,key_8,403,false
write,0.24,key_17,341,false
write,0.25,key_12,376,false
write,0.25,key_15,362,false
write,0.30,key_17,342,false
write,0.65,key_19,420,false
write,0.42,key_5,355,false
read,55.55,key_19,419,true
write,0.27,key_11,365,false
write,0.29,key_3,376,false
write,0.36,key_2,373,false
write,0.36,key_16,404,false
write,0.40,key_0,339,false
write,0.47,key_7,356,false
write,0.27,key_17,343,false
write,0.30,key_8,404,false
write,0.26,key_18,386,false
read,52.56,key_1,358,false
write,0.32,key_8,405,false
read,52.35,key_1,358,false
write,0.33,key_19,421,false
write,0.26,key_19,422,false
write,0.26,key_15,363,false
write,0.24,key_3,377,false
write,0.33,key_12,377,false
write,0.43,key_16,405,false
write,0.40,key_19,423,false
write,0.40,key_4,356,false
write,0.30,key_9,364,false
write,0.25,key_10,377,false
write,0.43,key_18,387,false
write,0.26,key_4,357,false
write,0.26,key_18,388,false
read,56.82,key_7,353,true
read,55.21,key_18,386,true
write,0.41,key_18,389,false
write,0.40,key_1,359,false
write,0.49,key_16,406,false
write,0.69,key_15,364,false
write,0.72,key_4,358,false
write,1.00,key_9,365,false
write,0.69,key_6,367,false
write,0.90,key_15,365,false
write,0.41,key_4,359,false
read,61.37,key_1,359,false
write,0.34,key_17,344,false
write,0.30,key_18,390,false
write,0.26,key_19,424,false
read,53.82,key_1,359,false
write,0.55,key_0,340,false
read,51.87,key_12,377,false
write,0.46,key_13,343,false
write,0.48,key_6,368,false
write,0.25,key_5,356,false
write,0.61,key_6,369,false
write,0.36,key_17,345,false
write,0.83,key_0,341,false
write,0.48,key_12,378,false
write,0.49,key_10,378,false
write,1.35,key_16,407,false
write,0.41,key_5,357,false
write,1.11,key_3,378,false
write,0.46,key_16,408,false
write,0.43,key_4,360,false
write,0.28,key_11,366,false
write,0.33,key_17,346,false
write,0.40,key_18,391,false
write,0.50,key_16,409,false
write,0.36,key_12,379,false
write,0.36,key_15,366,false
write,0.54,key_7,357,false
write,0.40,key_1,360,false
write,0.42,key_2,374,false
write,0.23,key_6,370,false
write,0.26,key_3,379,false
write,0.41,key_1,361,false
write,0.28,key_3,380,false
write,0.45,key_11,367,false
write,0.38,key_0,342,false
write,0.40,key_3,381,false
write,0.70,key_14,359,false
write,0.60,key_5,358,false
write,0.31,key_8,406,false
write,0.38,key_9,366,false
write,0.33,key_5,359,false
write,0.27,key_15,367,false
write,0.58,key_9,367,false
write,0.29,key_3,382,false
write,0.42,key_8,407,false
write,0.31,key_6,371,false
write,0.36,key_1,362,false
write,0.36,key_3,383,false
write,0.43,key_11,368,false
write,0.29,key_9,368,false
write,0.21,key_10,379,false
write,0.19,key_14,360,false
write,0.25,key_0,343,false
write,0.23,key_10,380,false
write,0.22,key_10,381,false
write,0.25,key_17,347,false
write,0.32,key_14,361,false
write,0.29,key_6,372,false
write,0.23,key_12,380,false
write,0.22,key_19,425,false
write,0.32,key_16,410,false
write,0.29,key_2,375,false
write,0.43,key_7,358,false
write,0.55,key_12,381,false
write,0.28,key_15,368,false
write,0.35,key_16,411,false
write,0.27,key_17,348,false
write,0.30,key_18,392,false
write,0.26,key_1,363,false
write,0.30,key_18,393,false
write,0.28,key_2,376,false
write,0.30,key_11,369,false
write,0.25,key_13,344,false
write,0.29,key_11,370,false
read,52.39,key_16,411,false
write,0.29,key_3,384,false
write,0.51,key_16,412,false
write,0.27,key_0,344,false
write,0.40,key_0,345,false
write,0.26,key_17,349,false
write,0.65,key_5,360,false
write,0.57,key_12,382,false
write,0.90,key_0,346,false
write,0.60,key_13,345,false
write,12.10,key_15,369,false
write,10.89,key_4,361,false
write,12.74,key_6,373,false
write,1.98,key_1,364,false
write,1.88,key_12,383,false
write,1.61,key_3,385,false
write,1.83,key_8,408,false
write,5.05,key_1,365,false
write,1.76,key_3,386,false
write,4.60,key_17,350,false
write,1.37,key_4,362,false
write,1.45,key_4,363,false
write,1.57,key_18,394,false
write,0.87,key_15,370,false
read,57.23,key_12,383,false
read,56.73,key_1,358,true
read,58.15,key_1,365,false
write,0.83,key_0,347,false
write,1.56,key_6,374,false
write,1.65,key_9,369,false
write,0.79,key_10,382,false
write,1.24,key_3,387,false
write,0.99,key_13,346,false
read,52.52,key_6,374,false
read,53.12,key_2,376,false
read,51.32,key_1,365,false
write,2.03,key_18,395,false
write,2.73,key_19,426,false
write,2.23,key_0,348,false
write,0.69,key_2,377,false
write,0.62,key_1,366,false
write,0.96,key_13,347,false
write,0.28,key_8,409,false
write,0.64,key_10,383,false
write,2.61,key_19,427,false
write,2.83,key_0,349,false
write,1.59,key_15,371,false
write,1.71,key_14,362,false
write,2.87,key_2,378,false
write,2.41,key_6,375,false
write,2.88,key_1,367,false
write,0.33,key_7,359,false
write,0.32,key_3,388,false
write,0.37,key_12,384,false
write,0.36,key_6,376,false
write,0.34,key_4,364,false
write,0.55,key_1,368,false
write,2.23,key_0,350,false
write,2.77,key_3,389,false
write,2.96,key_16,413,false
write,2.30,key_3,390,false
write,2.20,key_18,397,false
write,2.30,key_18,396,false
write,1.54,key_9,370,false
write,1.59,key_10,384,false
write,1.51,key_7,360,false
write,0.78,key_3,391,false
write,0.48,key_16,414,false
write,0.40,key_11,371,false
write,0.47,key_4,365,false
write,0.90,key_8,410,false
write,0.64,key_19,428,false
write,0.61,key_12,385,false
read,67.31,key_17,350,false
write,0.44,key_5,361,false
write,0.34,key_9,371,false
write,0.26,key_17,351,false
write,0.39,key_8,411,false
write,0.42,key_9,372,false
write,0.40,key_7,361,false
write,0.44,key_9,373,false
write,0.27,key_6,377,false
write,0.39,key_12,386,false
write,0.68,key_2,379,false
write,0.53,key_1,369,false
read,61.45,key_2,379,false
write,0.47,key_10,385,false
write,0.27,key_4,366,false
write,0.28,key_13,348,false
write,0.32,key_10,386,false
write,0.89,key_2,380,false
write,0.32,key_4,367,false
write,0.23,key_5,362,false
write,0.22,key_13,349,false
write,0.25,key_15,372,false
write,0.52,key_4,368,false
write,0.40,key_14,363,false
read,53.01,key_9,373,false
write,0.46,key_2,381,false
write,0.34,key_6,378,false
write,0.43,key_8,412,false
write,0.45,key_13,350,false
read,63.94,key_5,362,false
read,56.44,key_18,395,true
write,0.89,key_14,364,false
write,0.65,key_19,429,false
write,0.47,key_6,379,false
write,0.68,key_7,362,false
write,0.70,key_6,380,false
read,52.04,key_18,397,false
write,0.36,key_10,387,false
write,0.39,key_8,413,false
write,0.73,key_10,388,false
write,0.68,key_0,351,false
write,1.06,key_13,351,false
write,0.58,key_4,369,false
write,0.94,key_7,363,false
write,0.40,key_5,363,false
write,0.53,key_7,364,false
write,0.38,key_12,387,false
write,0.42,key_10,389,false
write,0.27,key_17,352,false
write,0.71,key_3,392,false
write,0.34,key_1,370,false
write,0.34,key_5,364,false
write,0.89,key_7,365,false
read,54.92,key_11,370,true
write,0.63,key_5,365,false
write,0.44,key_4,370,false
write,0.38,key_6,381,false
write,0.41,key_15,373,false
write,0.35,key_16,415,false
write,0.36,key_0,352,false
write,0.34,key_17,354,false
write,0.33,key_17,353,false
write,0.39,key_1,371,false
write,0.43,key_14,365,false
write,0.26,key_4,371,false
write,0.31,key_9,374,false
write,0.25,key_12,388,false
write,0.29,key_18,398,false
write,0.25,key_5,366,false
write,0.30,key_17,355,false
write,0.34,key_3,393,false
write,0.31,key_16,416,false
write,0.33,key_14,366,false
write,0.34,key_17,356,false
write,0.37,key_4,372,false
write,0.30,key_17,357,false
write,0.33,key_15,374,false
read,52.31,key_4,371,true
write,0.28,key_6,382,false
write,0.48,key_9,375,false
write,0.60,key_5,367,false
write,0.70,key_4,373,false
write,1.13,key_1,372,false
read,54.34,key_3,393,false
write,0.39,key_1,373,false
write,0.44,key_18,399,false
write,0.30,key_10,390,false
write,0.40,key_11,372,false
write,0.40,key_5,368,false
write,0.30,key_19,430,false
write,0.42,key_18,400,false
read,51.32,key_16,416,false
write,0.60,key_17,358,false
write,0.45,key_4,374,false
write,0.61,key_5,369,false
write,0.94,key_10,391,false
write,0.42,key_14,367,false
write,1.09,key_10,392,false
write,0.46,key_7,366,false
write,1.17,key_11,373,false
write,0.83,key_3,394,false
write,0.35,key_16,417,false
write,0.47,key_18,401,false
write,0.51,key_7,367,false
write,0.28,key_9,376,false
write,0.21,key_13,352,false
write,0.21,key_15,375,false
write,0.28,key_14,368,false
write,0.24,key_0,353,false
write,0.27,key_13,353,false
write,0.56,key_19,431,false
write,0.24,key_4,375,false
write,0.23,key_15,376,false
write,0.28,key_10,393,false
write,0.21,key_13,354,false
write,0.21,key_19,432,false
write,0.22,key_12,389,false
write,0.25,key_13,355,false
write,0.40,key_6,383,false
write,0.23,key_15,377,false
write,0.82,key_13,356,false
read,54.12,key_9,376,false
write,1.08,key_5,370,false
write,0.65,key_4,376,false
write,1.02,key_3,395,false
write,0.96,key_18,402,false
write,0.99,key_7,368,false
write,3.24,key_12,390,false
write,2.52,key_19,433,false
write,3.90,key_19,434,false
read,52.34,key_19,434,false
read,55.77,key_9,376,false
write,1.77,key_12,391,false
write,2.06,key_3,396,false
read,54.73,key_2,381,false
read,60.69,key_18,402,false
write,4.91,key_5,371,false
write,10.40,key_12,392,false
write,12.61,key_3,397,false
write,10.83,key_8,414,false
write,0.61,key_11,374,false
write,0.75,key_5,372,false
write,1.40,key_15,378,false
write,1.48,key_3,398,false
write,0.95,key_10,394,false
write,1.25,key_2,382,false
write,1.80,key_5,373,false
read,60.31,key_11,371,true
write,1.95,key_8,415,false
write,0.63,key_6,384,false
write,0.70,key_11,375,false
write,1.06,key_14,369,false
read,54.58,key_7,368,false
write,1.20,key_13,359,false
write,1.26,key_14,370,false
write,1.36,key_13,358,false
write,3.60,key_13,357,false
write,2.65,key_7,369,false
read,57.22,key_1,373,false
write,2.75,key_13,360,false
write,1.32,key_17,359,false
write,5.26,key_18,403,false
read,54.02,key_8,415,false
write,1.82,key_4,377,false
read,66.87,key_18,402,true
write,6.69,key_6,385,false
write,0.65,key_9,377,false
write,3.24,key_10,395,false
write,4.26,key_14,371,false
write,6.28,key_4,378,false
write,6.05,key_5,374,false
write,8.02,key_7,370,false
write,1.04,key_13,361,false
write,1.04,key_6,386,false
write,0.99,key_8,416,false
write,1.07,key_17,360,false
write,0.98,key_0,354,false
write,0.83,key_10,396,false
write,1.12,key_6,387,false
write,1.56,key_19,435,false
write,1.76,key_1,374,false
write,1.25,key_7,371,false
write,1.43,key_14,372,false
write,1.46,key_1,375,false
write,0.78,key_4,379,false
write,0.84,key_1,376,false
write,0.94,key_13,362,false
write,0.49,key_1,377,false
write,0.64,key_18,404,false
write,0.43,key_6,388,false
write,0.59,key_3,399,false
write,0.54,key_0,355,false
write,0.52,key_11,376,false
write,0.44,key_2,383,false
write,0.35,key_5,375,false
write,0.28,key_3,400,false
write,0.29,key_11,377,false
write,0.41,key_16,418,false
write,0.37,key_5,376,false
read,55.40,key_13,362,false
write,0.41,key_14,373,false
write,0.61,key_4,380,false
write,1.59,key_12,393,false
read,55.40,key_1,377,false
write,1.77,key_11,378,false
write,2.64,key_10,397,false
write,1.09,key_1,378,false
write,0.72,key_17,361,false
write,1.16,key_1,379,false
write,0.57,key_0,356,false
write,1.28,key_12,394,false
write,0.46,key_8,417,false
write,0.73,key_0,357,false
write,0.42,key_8,418,false
write,0.50,key_19,436,false
write,0.65,key_16,419,false
write,0.36,key_5,377,false
read,60.98,key_13,362,false
write,0.48,key_8,419,false
write,0.74,key_14,374,false
write,0.43,key_13,363,false
read,63.59,key_0,353,true
read,52.30,key_17,361,false
write,0.96,key_16,420,false
write,1.41,key_6,389,false
write,0.82,key_10,398,false
write,1.48,key_10,399,false
write,0.63,key_7,372,false
read,54.77,key_17,361,false
write,2.13,key_18,405,false
write,2.60,key_7,373,false
read,53.94,key_16,417,true
read,56.26,key_17,360,true
write,0.89,key_14,375,false
write,0.97,key_10,400,false
write,1.00,key_15,379,false
write,1.69,key_4,381,false
read,53.68,key_13,362,true
write,1.02,key_4,382,false
write,3.90,key_11,379,false
write,1.42,key_18,406,false
write,1.46,key_5,378,false
read,53.17,key_8,419,false
write,1.47,key_2,384,false
write,0.80,key_6,390,false
write,0.57,key_19,437,false
write,0.69,key_3,401,false
write,0.74,key_4,383,false
write,0.67,key_2,385,false
write,0.62,key_16,421,false
write,0.54,key_17,362,false
write,0.70,key_8,420,false
write,1.21,key_3,402,false
write,0.72,key_19,438,false
write,1.13,key_19,439,false
write,1.54,key_12,395,false
write,2.05,key_5,379,false
write,0.72,key_0,358,false
write,0.49,key_2,386,false
write,0.38,key_8,421,false
write,0.62,key_14,376,false
write,1.03,key_8,422,false
write,0.33,key_16,422,false
write,0.52,key_19,440,false
write,0.28,key_5,380,false
write,0.52,key_0,359,false
write,0.37,key_16,423,false
read,53.89,key_0,359,false
write,1.47,key_13,364,false
read,52.40,key_7,373,false
write,2.49,key_2,387,false
read,54.05,key_5,380,false
write,0.85,key_5,381,false
write,0.61,key_8,423,false
write,0.41,key_1,380,false
write,0.38,key_10,401,false
write,0.32,key_19,441,false
write,0.26,key_5,382,false
write,0.25,key_18,407,false
write,0.27,key_7,374,false
write,0.79,key_13,365,false
write,0.81,key_18,408,false
write,1.18,key_3,403,false
write,0.77,key_2,388,false
write,0.61,key_2,389,false
read,54.18,key_13,363,true
write,0.46,key_18,409,false
write,0.47,key_19,442,false
write,0.81,key_0,360,false
read,55.59,key_15,379,false
write,2.67,key_19,443,false
read,60.61,key_7,374,false
read,60.40,key_4,383,false
write,2.49,key_15,380,false
read,51.26,key_5,382,false
read,58.53,key_1,380,false
write,1.51,key_14,377,false
write,6.97,key_0,361,false
read,61.04,key_15,380,false
write,1.68,key_8,424,false
write,1.68,key_5,383,false
write,1.29,key_18,410,false
write,4.04,key_19,444,false
write,2.10,key_18,411,false
write,4.08,key_2,390,false
write,2.54,key_8,425,false
write,1.44,key_3,404,false
write,0.59,key_1,381,false
write,0.59,key_11,381,false
write,0.67,key_6,391,false
write,0.68,key_0,362,false
write,0.72,key_11,380,false
write,0.88,key_7,375,false
write,0.83,key_10,403,false
write,0.73,key_10,402,false
write,1.07,key_16,424,false
write,1.11,key_9,378,false
write,1.11,key_17,363,false
write,1.11,key_2,391,false
write,0.37,key_0,363,false
write,1.11,key_18,412,false
write,2.19,key_3,405,false
write,1.11,key_15,381,false
write,0.40,key_12,396,false
write,0.83,key_1,382,false
write,1.60,key_10,404,false
write,0.81,key_4,384,false
write,0.32,key_13,366,false
write,0.45,key_13,367,false
write,0.45,key_2,392,false
write,1.20,key_1,383,false
write,0.50,key_0,364,false
write,0.73,key_5,384,false
write,0.74,key_7,376,false
write,0.43,key_0,365,false
write,0.87,key_16,425,false
write,0.91,key_8,426,false
write,0.88,key_16,426,false
write,0.70,key_4,385,false
write,0.77,key_1,384,false
write,0.77,key_12,397,false
write,0.48,key_7,377,false
write,0.60,key_16,427,false
write,0.64,key_12,398,false
write,0.50,key_13,368,false
write,0.57,key_8,427,false
write,0.28,key_4,386,false
write,0.29,key_6,392,false
write,0.24,key_4,387,false
write,0.27,key_13,369,false
write,0.81,key_11,382,false
write,0.46,key_15,382,false
write,0.27,key_4,388,false
write,0.26,key_7,378,false
write,0.39,key_0,366,false
write,0.35,key_18,413,false
write,0.29,key_11,383,false
write,0.39,key_11,384,false
write,0.45,key_2,393,false
write,0.63,key_0,367,false
write,0.63,key_4,389,false
write,1.22,key_14,378,false
write,0.65,key_2,394,false
write,0.93,key_15,383,false
write,0.58,key_6,393,false
write,0.63,key_5,385,false
write,0.42,key_4,390,false
write,0.25,key_17,364,false
write,0.24,key_13,370,false
write,0.23,key_15,384,false
write,0.48,key_7,379,false
write,0.44,key_3,406,false
write,0.43,key_11,385,false
write,0.26,key_4,391,false
read,52.15,key_14,378,false
read,56.75,key_16,423,true
write,0.83,key_1,385,false
write,0.35,key_11,386,false
write,0.34,key_13,371,false
write,0.62,key_9,379,false
write,0.27,key_8,428,false
write,0.26,key_12,399,false
write,0.27,key_13,372,false
write,0.32,key_18,414,false
write,0.66,key_9,380,false
write,0.61,key_14,379,false
write,0.56,key_8,429,false
read,58.09,key_14,376,true
write,0.62,key_11,387,false
write,0.65,key_16,428,false
write,0.69,key_9,381,false
read,52.54,key_4,391,false
write,0.41,key_7,380,false
write,0.28,key_9,382,false
read,52.77,key_18,414,false
read,53.31,key_16,423,true
write,0.31,key_11,388,false
write,0.38,key_12,400,false
write,0.47,key_15,385,false
write,0.58,key_14,380,false
write,0.28,key_1,386,false
write,0.49,key_14,381,false
write,0.33,key_7,381,false
read,52.17,key_16,428,false
write,0.37,key_10,405,false
write,0.36,key_18,415,false
write,0.41,key_8,430,false
write,0.29,key_6,394,false
read,52.26,key_12,400,false
write,0.42,key_18,416,false
write,0.53,key_5,386,false
write,0.66,key_12,401,false
write,0.66,key_5,387,false
read,52.85,key_3,406,false
write,1.49,key_17,365,false
write,0.27,key_3,407,false
write,0.49,key_5,388,false
write,0.29,key_10,406,false
write,0.35,key_14,382,false
write,0.24,key_7,382,false
write,0.27,key_19,445,false
write,0.23,key_7,383,false
write,0.25,key_3,408,false
write,0.23,key_8,431,false
write,0.29,key_1,387,false
write,0.39,key_13,373,false
write,0.58,key_18,417,false
write,0.43,key_17,366,false
write,0.29,key_11,389,false
write,0.65,key_2,395,false
write,1.01,key_19,446,false
write,0.38,key_10,407,false
write,0.97,key_9,383,false
write,0.42,key_9,384,false
write,2.82,key_18,418,false
write,0.61,key_11,390,false
write,0.29,key_9,385,false
write,0.26,key_12,402,false
write,0.35,key_1,388,false
write,0.27,key_13,374,false
write,0.24,key_6,395,false
write,0.31,key_16,429,false
write,0.24,key_8,432,false
write,0.25,key_5,389,false
write,0.41,key_7,384,false
read,51.13,key_14,382,false
write,0.46,key_18,419,false
write,1.11,key_8,433,false
write,2.10,key_12,403,false
write,0.57,key_10,408,false
write,0.73,key_6,396,false
write,0.45,key_10,409,false
write,0.87,key_19,447,false
write,0.50,key_12,404,false
write,0.42,key_7,385,false
write,0.32,key_17,367,false
write,0.33,key_13,375,false
write,0.40,key_1,389,false
write,0.31,key_14,383,false
write,0.42,key_2,396,false
write,0.48,key_5,390,false
write,0.29,key_0,368,false
write,0.22,key_6,397,false
write,0.22,key_12,405,false
write,0.22,key_12,406,false
write,0.26,key_14,384,false
write,0.52,key_15,386,false
write,0.40,key_15,387,false
write,0.60,key_4,392,false
write,0.43,key_10,410,false
read,51.73,key_7,379,true
write,0.41,key_1,390,false
write,0.43,key_14,385,false
write,0.42,key_1,391,false
write,0.43,key_0,369,false
write,2.12,key_9,386,false
write,2.30,key_8,434,false
write,0.69,key_9,387,false
write,0.88,key_15,388,false
write,1.20,key_18,420,false
write,1.65,key_12,407,false
read,52.13,key_1,391,false
write,1.00,key_18,422,false
write,1.14,key_18,421,false
write,4.48,key_12,408,false
write,4.87,key_9,388,false
write,5.05,key_4,393,false
write,0.60,key_13,376,false
write,0.77,key_16,430,false
write,3.79,key_8,435,false
write,6.04,key_6,398,false
write,7.08,key_7,386,false
read,57.31,key_5,390,false
write,1.00,key_13,377,false
read,52.36,key_3,408,false
write,2.13,key_10,411,false
read,58.00,key_0,369,false
read,54.68,key_5,385,true
write,2.33,key_16,431,false
write,3.57,key_5,392,false
write,4.78,key_0,370,false
write,2.50,key_18,423,false
write,2.52,key_5,391,false
write,4.71,key_17,368,false
read,51.72,key_15,388,false
write,1.19,key_1,392,false
write,1.22,key_2,397,false
write,1.32,key_9,389,false
write,1.30,key_13,378,false
write,1.39,key_2,398,false
write,0.61,key_0,372,false
write,0.57,key_15,389,false
write,1.07,key_2,399,false
write,0.57,key_0,371,false
write,2.24,key_13,379,false
write,2.27,key_14,386,false
write,2.25,key_15,390,false
write,2.19,key_4,394,false
write,2.03,key_19,448,false
write,2.30,key_9,390,false
write,1.15,key_17,369,false
write,1.43,key_15,391,false
write,0.78,key_17,370,false
read,54.41,key_6,394,true
write,4.32,key_15,392,false
write,4.27,key_13,380,false
write,0.83,key_7,387,false
write,0.83,key_0,373,false
write,0.84,key_10,412,false
write,0.90,key_14,387,false
write,0.95,key_7,388,false
write,0.38,key_18,424,false
write,1.20,key_0,374,false
write,0.80,key_1,393,false
write,0.61,key_9,391,false
write,1.04,key_8,436,false
write,1.31,key_0,375,false
write,0.61,key_7,389,false
write,0.68,key_8,437,false
write,0.68,key_17,371,false
write,0.91,key_12,409,false
write,0.65,key_19,449,false
write,1.69,key_3,409,false
write,0.64,key_0,376,false
write,0.69,key_7,390,false
write,0.93,key_15,393,false
write,0.38,key_12,410,false
write,1.19,key_18,425,false
write,0.51,key_19,450,false
write,0.44,key_12,411,false
write,0.62,key_17,372,false
write,1.61,key_8,438,false
write,1.18,key_11,391,false
write,0.50,key_11,392,false
write,0.56,key_8,439,false
write,0.60,key_19,451,false
write,0.65,key_8,440,false
write,0.39,key_3,410,false
write,0.46,key_18,426,false
write,0.65,key_4,395,false
write,0.70,key_13,381,false
write,0.39,key_16,432,false
write,0.41,key_5,393,false
write,0.36,key_3,411,false
write,0.39,key_8,441,false
read,55.67,key_12,411,false
write,0.80,key_10,413,false
write,0.82,key_3,412,false
write,0.70,key_17,373,false
write,0.76,key_2,400,false
write,0.30,key_13,382,false
write,1.12,key_1,394,false
write,0.30,key_4,396,false
write,0.40,key_19,452,false
write,0.91,key_15,394,false
write,0.41,key_7,391,false
write,0.48,key_18,427,false
write,0.46,key_6,399,false
write,0.54,key_14,388,false
write,0.73,key_7,392,false
write,0.61,key_15,395,false
write,0.37,key_6,400,false
write,0.34,key_17,374,false
write,0.38,key_8,442,false
write,0.39,key_4,397,false
read,51.23,key_19,452,false
write,0.34,key_5,394,false
write,0.40,key_13,383,false
write,0.32,key_10,414,false
read,56.55,key_10,411,true
write,0.30,key_18,428,false
write,0.27,key_13,384,false
write,0.29,key_1,395,false
read,51.64,key_14,388,false
write,0.80,key_19,453,false
read,52.22,key_7,392,false
write,0.58,key_18,429,false
write,1.13,key_13,385,false
write,0.36,key_18,430,false
write,0.85,key_5,395,false
write,0.65,key_6,401,false
write,1.05,key_18,431,false
write,0.44,key_2,401,false
write,1.06,key_16,433,false
write,0.46,key_18,432,false
write,0.49,key_3,413,false
write,0.49,key_7,393,false
write,0.30,key_3,414,false
write,0.31,key_14,389,false
write,0.29,key_16,434,false
write,0.26,key_17,375,false
write,0.26,key_3,415,false
write,0.26,key_6,402,false
write,0.25,key_13,386,false
write,0.29,key_7,394,false
write,0.27,key_4,398,false
write,0.30,key_11,393,false
write,0.50,key_11,394,false
write,0.48,key_9,392,false
write,0.51,key_17,376,false
write,0.51,key_4,399,false
write,0.22,key_10,415,false
write,0.26,key_18,433,false
read,51.84,key_8,442,false
write,0.54,key_6,403,false
read,53.03,key_6,398,true
read,54.46,key_14,387,true
write,0.28,key_17,377,false
write,0.41,key_5,396,false
write,0.26,key_14,390,false
write,0.25,key_13,387,false
write,0.49,key_3,416,false
write,0.37,key_6,404,false
read,51.66,key_16,434,false
write,0.44,key_0,377,false
write,0.44,key_3,417,false
write,0.34,key_7,395,false
write,0.45,key_6,405,false
write,0.30,key_17,378,false
read,52.99,key_1,395,false
read,52.38,key_17,378,false
write,1.09,key_11,395,false
write,1.90,key_19,454,false
write,0.49,key_4,400,false
write,0.46,key_8,443,false
write,0.58,key_5,397,false
write,0.58,key_3,418,false
write,0.25,key_9,393,false
write,0.26,key_1,396,false
write,0.43,key_15,396,false
write,0.49,key_13,388,false
write,0.33,key_15,397,false
read,54.71,key_16,434,false
write,1.76,key_13,389,false
write,0.70,key_0,378,false
write,0.35,key_12,412,false
write,0.26,key_16,435,false
write,0.27,key_9,394,false
write,0.32,key_3,419,false
read,52.20,key_5,397,false
write,0.98,key_18,434,false
write,0.57,key_2,402,false
write,0.48,key_6,406,false
write,0.26,key_18,435,false
write,0.28,key_4,401,false
write,0.32,key_3,420,false
write,0.53,key_15,398,false
read,52.40,key_8,443,false
read,53.06,key_17,378,false
write,0.57,key_17,379,false
write,1.44,key_2,403,false
write,1.93,key_5,398,false
write,0.52,key_5,399,false
read,52.11,key_15,395,true
write,0.51,key_5,400,false
write,0.56,key_7,396,false
write,0.32,key_16,436,false
write,0.33,key_8,444,false
write,0.39,key_12,413,false
write,0.26,key_16,437,false
write,0.25,key_19,455,false
write,0.70,key_14,391,false
write,0.36,key_5,401,false
write,0.25,key_13,390,false
read,51.52,key_13,386,true
write,0.35,key_13,391,false
write,0.39,key_18,436,false
write,0.44,key_9,395,false
write,0.32,key_12,414,false
write,0.32,key_4,402,false
write,0.27,key_17,380,false
write,0.31,key_18,437,false
write,0.31,key_17,381,false
write,0.29,key_4,403,false
write,0.23,key_7,397,false
write,0.25,key_7,398,false
write,0.50,key_6,407,false
write,0.51,key_2,404,false
write,2.25,key_8,445,false
write,2.28,key_3,421,false
write,0.68,key_6,408,false
write,0.34,key_19,456,false
write,0.40,key_11,396,false
write,0.27,key_15,399,false
write,0.24,key_11,397,false
write,0.27,key_13,392,false
read,51.96,key_1,395,true
read,53.23,key_15,395,true
write,0.67,key_11,398,false
write,0.64,key_1,397,false
write,0.52,key_17,382,false
write,0.33,key_16,438,false
write,0.31,key_5,402,false
write,0.44,key_2,405,false
write,0.52,key_9,396,false
write,0.47,key_15,400,false
write,0.38,key_13,393,false
write,0.26,key_6,409,false
write,0.40,key_3,422,false
write,0.35,key_0,380,false
write,0.36,key_0,379,false
write,0.36,key_18,438,false
write,0.65,key_9,397,false
read,52.15,key_14,390,true
write,0.51,key_8,446,false
write,0.38,key_2,406,false
write,0.33,key_3,423,false
write,0.42,key_18,439,false
write,0.37,key_14,392,false
write,0.63,key_5,403,false
read,52.00,key_15,397,true
write,0.68,key_5,404,false
write,0.44,key_18,440,false
write,0.29,key_16,439,false
write,0.27,key_17,383,false
write,0.28,key_16,440,false
write,0.30,key_4,404,false
write,0.39,key_8,447,false
write,0.37,key_13,394,false
write,0.52,key_6,410,false
write,0.31,key_13,395,false
write,0.40,key_4,405,false
write,0.33,key_2,407,false
write,0.27,key_9,398,false
write,0.33,key_17,384,false
write,0.64,key_7,399,false
write,0.62,key_2,408,false
write,0.70,key_6,411,false
write,0.34,key_4,406,false
write,0.43,key_1,398,false
write,0.34,key_14,393,false
write,0.35,key_11,399,false
write,0.34,key_18,441,false
write,0.28,key_9,399,false
write,0.34,key_17,385,false
write,0.33,key_8,448,false
write,0.43,key_6,412,false
read,51.84,key_8,448,false
write,0.41,key_14,394,false
write,0.28,key_13,396,false
read,52.34,key_14,390,true
read,50.98,key_16,440,false
write,0.69,key_4,407,false
write,0.43,key_17,386,false
write,0.63,key_5,405,false
write,0.62,key_9,400,false
write,0.59,key_0,381,false
read,50.74,key_8,448,false
write,0.76,key_17,387,false
write,0.57,key_9,401,false
write,0.56,key_1,399,false
write,0.54,key_11,400,false
write,0.37,key_12,415,false
write,0.84,key_4,408,false
write,0.48,key_11,401,false
write,0.59,key_18,443,false
write,0.56,key_18,442,false
write,2.15,key_8,449,false
write,2.15,key_17,388,false
write,1.09,key_5,406,false
write,1.10,key_3,424,false
write,1.43,key_9,402,false
write,1.73,key_18,444,false
write,1.19,key_4,409,false
write,0.58,key_9,403,false
read,53.87,key_4,408,true
write,3.75,key_16,441,false
read,53.19,key_0,381,false
write,2.07,key_7,400,false
write,3.84,key_1,400,false
write,6.02,key_3,425,false
read,56.26,key_17,388,false
write,4.19,key_19,457,false
write,0.67,key_12,416,false
write,6.27,key_9,404,false
write,6.24,key_0,382,false
write,0.68,key_12,417,false
write,0.86,key_18,446,false
write,1.05,key_18,445,false
write,1.34,key_11,402,false
read,51.42,key_17,388,false
write,1.12,key_4,410,false
read,52.63,key_5,406,false
read,54.05,key_5,406,false
write,1.95,key_12,418,false
write,1.58,key_2,409,false
write,1.28,key_14,395,false
write,1.16,key_13,398,false
write,0.32,key_0,383,false
write,0.63,key_13,397,false
write,1.19,key_18,447,false
write,0.36,key_19,458,false
write,0.43,key_18,448,false
write,0.35,key_3,426,false
write,0.71,key_1,401,false
write,0.79,key_4,411,false
write,0.75,key_8,450,false
write,0.36,key_9,405,false
write,0.40,key_2,410,false
write,0.46,key_0,384,false
write,0.29,key_4,412,false
write,0.24,key_4,413,false
write,0.34,key_0,385,false
write,0.28,key_12,419,false
write,0.27,key_14,396,false
write,0.25,key_19,459,false
write,0.43,key_15,401,false
write,0.45,key_0,386,false
write,0.64,key_17,389,false
write,0.39,key_14,397,false
write,0.53,key_17,390,false
write,0.54,key_13,399,false
write,0.37,key_8,451,false
write,0.35,key_11,403,false
write,0.29,key_11,404,false
read,52.96,key_10,415,false
write,0.63,key_19,460,false
write,0.23,key_18,449,false
write,0.43,key_6,413,false
write,0.41,key_7,401,false
write,0.33,key_10,416,false
write,0.24,key_8,452,false
write,0.22,key_0,387,false
write,0.24,key_4,414,false
write,0.47,key_8,453,false
read,53.63,key_0,387,false
read,51.55,key_7,401,false
read,51.48,key_17,390,false
write,0.40,key_5,407,false
write,0.40,key_10,417,false
write,0.38,key_4,415,false
write,0.39,key_12,420,false
write,0.32,key_11,405,false
write,0.43,key_9,406,false
write,0.28,key_3,427,false
write,0.50,key_3,428,false
read,52.35,key_11,404,true
write,0.37,key_9,407,false
write,0.33,key_1,402,false
write,0.39,key_10,418,false
write,0.56,key_0,388,false
write,0.53,key_9,408,false
write,0.85,key_1,403,false
read,51.61,key_0,388,false
write,0.56,key_14,398,false
write,0.44,key_8,454,false
read,52.19,key_13,398,true
write,0.48,key_3,429,false
write,0.36,key_9,409,false
write,0.59,key_17,391,false
write,0.61,key_16,442,false
write,0.45,key_15,402,false
write,0.47,key_12,421,false
read,51.23,key_11,405,false
write,0.31,key_5,409,false
write,0.35,key_5,408,false
write,0.23,key_12,422,false
write,0.21,key_16,443,false
write,0.23,key_19,461,false
write,0.26,key_2,411,false
read,51.89,key_0,388,false
write,0.32,key_5,411,false
write,0.36,key_5,410,false
write,0.53,key_4,416,false
write,0.42,key_15,403,false
write,0.33,key_1,404,false
write,0.38,key_6,414,false
write,0.23,key_17,392,false
write,0.27,key_8,455,false
write,0.22,key_5,412,false
write,0.22,key_15,404,false
write,0.41,key_11,406,false
write,0.26,key_15,405,false
write,0.25,key_18,450,false
write,0.23,key_10,419,false
write,0.27,key_2,412,false
write,0.23,key_3,430,false
write,0.22,key_12,423,false
read,52.50,key_9,409,false
write,0.25,key_15,406,false
write,0.22,key_11,407,false
write,0.23,key_4,417,false
read,51.14,key_1,404,false
write,0.50,key_13,400,false
read,51.57,key_0,388,false
write,2.17,key_19,462,false
write,0.44,key_0,389,false
write,0.47,key_1,405,false
write,0.37,key_6,415,false
write,0.31,key_5,413,false
write,0.26,key_5,414,false
write,0.24,key_8,456,false
write,0.43,key_7,402,false
write,0.42,key_8,457,false
write,0.55,key_7,403,false
write,0.37,key_15,407,false
write,0.44,key_2,413,false
write,0.57,key_9,410,false
write,0.47,key_3,431,false
write,0.31,key_13,401,false
write,0.39,key_1,406,false
write,0.43,key_4,418,false
write,0.25,key_15,408,false
write,0.36,key_2,414,false
write,0.62,key_4,419,false
write,0.28,key_1,407,false
write,0.45,key_3,432,false
write,0.33,key_7,404,false
write,0.40,key_18,451,false
write,0.33,key_11,408,false
write,0.62,key_1,408,false
write,0.37,key_18,452,false
read,53.62,key_17,392,false
write,1.73,key_14,399,false
read,52.52,key_1,408,false
read,51.87,key_2,414,false
read,52.55,key_16,441,true
write,0.93,key_0,390,false
write,0.95,key_0,391,false
read,51.17,key_11,408,false
write,0.78,key_13,402,false
write,1.76,key_8,458,false
read,50.90,key_12,423,false
write,2.30,key_12,424,false
write,1.59,key_17,393,false
write,0.64,key_19,463,false
write,0.63,key_0,392,false
write,0.47,key_17,394,false
write,1.50,key_0,393,false
write,0.44,key_3,433,false
write,0.43,key_2,415,false
write,0.79,key_12,425,false
write,0.66,key_0,394,false
write,0.62,key_19,464,false
write,0.79,key_12,426,false
write,0.86,key_4,420,false
write,1.33,key_10,420,false
write,1.30,key_18,453,false
write,0.97,key_12,427,false
write,1.54,key_5,415,false
read,51.72,key_8,458,false
write,1.18,key_4,421,false
write,1.22,key_8,459,false
write,1.29,key_16,444,false
write,2.23,key_5,416,false
read,51.84,key_9,409,true
write,0.54,key_12,428,false
write,0.74,key_10,421,false
write,1.85,key_15,409,false
write,1.20,key_16,445,false
write,0.71,key_2,416,false
write,0.45,key_0,395,false
write,0.87,key_9,411,false
write,0.47,key_16,446,false
write,0.56,key_14,400,false
write,0.36,key_13,403,false
write,0.56,key_6,416,false
write,0.59,key_14,401,false
write,0.63,key_7,405,false
write,0.38,key_16,447,false
write,0.46,key_7,406,false
write,0.66,key_11,409,false
write,0.75,key_10,422,false
write,0.26,key_19,465,false
write,0.42,key_2,417,false
write,0.30,key_15,410,false
write,0.51,key_16,448,false
write,0.33,key_9,412,false
write,0.36,key_14,402,false
write,0.36,key_15,411,false
write,0.37,key_12,429,false
write,0.37,key_10,423,false
write,0.55,key_12,430,false
read,53.23,key_12,423,true
write,0.76,key_10,424,false
write,0.61,key_17,395,false
write,0.52,key_8,460,false
write,0.46,key_13,404,false
write,0.40,key_13,405,false
write,0.27,key_15,412,false
write,0.24,key_8,461,false
write,0.49,key_19,466,false
write,0.27,key_7,407,false
write,0.36,key_5,417,false
write,0.26,key_4,422,false
write,0.33,key_18,454,false
write,0.38,key_19,467,false
write,0.46,key_18,455,false
write,0.30,key_2,418,false
write,0.63,key_7,408,false
write,0.41,key_8,462,false
write,0.52,key_0,396,false
write,0.42,key_13,406,false
write,0.40,key_9,413,false
write,0.25,key_1,409,false
read,52.93,key_7,404,true
write,0.36,key_11,410,false
write,0.53,key_2,419,false
write,0.32,key_6,417,false
write,0.37,key_5,418,false
write,0.26,key_12,431,false
write,0.24,key_8,463,false
write,0.34,key_2,420,false
write,0.38,key_19,468,false
write,0.28,key_0,397,false
write,0.33,key_10,425,false
write,0.28,key_0,398,false
read,52.03,key_3,432,true
write,0.56,key_12,432,false
write,0.28,key_15,413,false
write,0.25,key_5,419,false
write,0.28,key_16,449,false
read,51.93,key_17,395,false
write,0.32,key_1,410,false
write,0.34,key_19,469,false
read,52.37,key_10,425,false
write,0.28,key_13,407,false
read,51.23,key_11,410,false
write,0.38,key_11,411,false
write,0.23,key_11,412,false
write,1.14,key_2,421,false
read,52.70,key_0,398,false
write,0.89,key_16,450,false
write,2.01,key_1,411,false
read,53.07,key_14,402,false
write,0.53,key_11,413,false
write,0.65,key_8,464,false
write,0.60,key_1,412,false
read,51.78,key_9,412,true
write,1.03,key_6,418,false
write,0.42,key_13,408,false
write,0.71,key_17,396,false
write,0.78,key_11,414,false
write,0.46,key_2,422,false
write,0.66,key_8,465,false
write,0.80,key_13,409,false
read,52.32,key_17,394,true
write,0.42,key_12,433,false
write,0.82,key_4,423,false
write,0.60,key_15,414,false
write,1.35,key_7,409,false
write,0.61,key_9,414,false
write,0.23,key_5,420,false
write,0.26,key_11,415,false
write,0.29,key_16,451,false
write,0.35,key_11,416,false
write,0.36,key_13,410,false
write,0.47,key_18,456,false
write,0.37,key_2,423,false
write,0.41,key_2,424,false
write,0.44,key_6,419,false
write,0.51,key_18,457,false
write,0.54,key_18,458,false
write,0.52,key_9,415,false
write,0.54,key_19,470,false
write,0.53,key_16,452,false
write,0.47,key_2,425,false
write,0.38,key_11,417,false
write,0.71,key_16,453,false
write,0.60,key_7,410,false
write,0.77,key_12,434,false
write,0.39,key_2,426,false
write,0.46,key_11,418,false
write,0.49,key_17,397,false
write,0.44,key_15,415,false
write,0.81,key_10,426,false
write,0.35,key_7,411,false
write,0.33,key_7,412,false
write,0.44,key_3,434,false
write,0.37,key_18,459,false
write,0.41,key_8,466,false
write,0.27,key_6,420,false
write,0.68,key_1,413,false
write,0.36,key_9,416,false
write,1.27,key_7,413,false
write,1.64,key_2,427,false
write,0.48,key_15,416,false
write,0.51,key_7,414,false
write,0.38,key_2,428,false
write,0.41,key_1,414,false
write,0.71,key_1,415,false
write,0.61,key_14,403,false
write,0.49,key_4,424,false
write,0.51,key_10,427,false
write,0.46,key_9,417,false
write,0.34,key_12,435,false
write,0.38,key_17,398,false
write,0.43,key_6,421,false
write,0.55,key_4,425,false
write,0.49,key_17,399,false
write,0.48,key_9,418,false
write,0.52,key_15,417,false
write,0.32,key_3,435,false
write,0.29,key_13,411,false
read,52.27,key_2,428,false
write,0.63,key_8,467,false
write,0.56,key_13,412,false
write,0.54,key_0,399,false
write,0.56,key_12,436,false
write,0.43,key_19,471,false
write,0.42,key_9,419,false
write,0.35,key_3,436,false
write,0.27,key_2,429,false
write,0.29,key_8,468,false
write,0.28,key_15,418,false
write,0.25,key_11,419,false
write,0.28,key_9,420,false
write,0.36,key_17,400,false
write,0.27,key_0,400,false
write,0.44,key_19,472,false
write,0.44,key_1,416,false
write,0.24,key_19,473,false
write,0.38,key_0,401,false
write,0.28,key_17,401,false
write,0.23,key_4,426,false
write,0.42,key_1,417,false
write,0.38,key_0,402,false
write,0.26,key_2,430,false
write,0.25,key_15,419,false
read,53.90,key_16,453,false
write,2.07,key_17,402,false
read,52.83,key_15,413,true
write,3.95,key_18,460,false
write,1.20,key_15,420,false
read,52.55,key_1,417,false
write,1.07,key_5,421,false
write,0.32,key_11,420,false
write,0.37,key_1,418,false
write,0.30,key_13,413,false
write,0.40,key_17,403,false
write,0.57,key_17,404,false
write,0.47,key_10,429,false
write,0.88,key_10,428,false
write,0.54,key_4,427,false
write,0.69,key_5,422,false
read,51.27,key_19,469,true
write,0.25,key_9,421,false
write,0.40,key_11,421,false
write,0.33,key_12,437,false
write,0.38,key_18,461,false
write,0.38,key_19,475,false
write,0.39,key_19,474,false
write,0.22,key_18,462,false
write,0.28,key_4,428,false
write,0.59,key_7,415,false
write,0.58,key_17,405,false
write,0.57,key_15,421,false
write,0.60,key_8,469,false
write,0.70,key_7,416,false
write,0.73,key_9,422,false
read,51.85,key_9,421,true
read,51.47,key_13,413,false
write,1.06,key_14,404,false
write,1.14,key_19,476,false
write,0.90,key_0,403,false
write,0.65,key_18,463,false
write,2.16,key_7,417,false
read,53.18,key_15,415,true
write,0.79,key_12,438,false
write,0.92,key_0,404,false
write,0.41,key_15,422,false
write,0.37,key_18,464,false
write,0.32,key_6,422,false
write,0.38,key_6,423,false
write,0.65,key_7,418,false
read,51.95,key_6,421,true
write,1.28,key_18,465,false
write,0.63,key_17,406,false
write,0.83,key_19,477,false
write,0.48,key_18,466,false
write,0.45,key_1,419,false
write,0.39,key_9,423,false
write,0.37,key_10,430,false
write,0.27,key_9,424,false
write,0.32,key_4,429,false
write,0.28,key_5,423,false
write,0.30,key_10,431,false
write,0.38,key_3,437,false
write,0.40,key_1,420,false
write,0.32,key_2,431,false
write,0.39,key_5,424,false
write,0.49,key_16,454,false
write,0.78,key_2,432,false
write,0.61,key_17,407,false
write,0.54,key_15,423,false
write,0.60,key_5,425,false
write,0.75,key_18,467,false
write,0.60,key_15,424,false
write,0.57,key_9,425,false
write,0.61,key_13,414,false
write,0.36,key_15,425,false
write,0.46,key_6,424,false
write,0.30,key_2,433,false
write,0.96,key_18,468,false
write,0.96,key_12,439,false
write,1.80,key_5,426,false
read,54.35,key_0,404,false
write,1.79,key_8,470,false
write,0.86,key_9,426,false
write,0.88,key_1,421,false
write,0.90,key_13,415,false
write,0.60,key_11,422,false
write,0.32,key_7,419,false
write,0.28,key_18,469,false
write,1.14,key_11,423,false
write,0.68,key_13,416,false
write,0.50,key_10,432,false
write,0.32,key_8,471,false
write,0.52,key_4,430,false
write,1.72,key_7,420,false
read,52.45,key_0,404,false
write,0.74,key_9,427,false
write,1.15,key_7,421,false
write,1.23,key_16,455,false
write,0.40,key_11,424,false
write,0.43,key_7,422,false
write,0.26,key_14,405,false
write,0.26,key_7,423,false
write,0.41,key_18,470,false
write,0.30,key_10,433,false
write,0.24,key_10,434,false
write,0.24,key_18,471,false
write,0.65,key_4,431,false
write,0.47,key_4,432,false
write,0.44,key_0,405,false
read,54.97,key_10,434,false
read,53.27,key_19,477,false
write,0.40,key_19,478,false
write,0.42,key_12,440,false
write,0.41,key_16,457,false
write,0.42,key_16,456,false
write,0.34,key_15,426,false
write,0.34,key_8,472,false
write,0.24,key_18,472,false
write,0.31,key_2,434,false
write,0.36,key_5,427,false
write,0.32,key_11,425,false
write,0.39,key_0,406,false
write,0.40,key_8,473,false
write,0.39,key_15,427,false
write,0.44,key_13,417,false
write,0.28,key_8,474,false
write,0.33,key_18,473,false
write,0.33,key_18,474,false
write,0.33,key_0,407,false
write,0.31,key_8,475,false
write,0.34,key_4,433,false
write,0.38,key_8,476,false
read,53.22,key_19,475,true
write,0.73,key_10,435,false
read,54.45,key_8,469,true
write,0.36,key_3,438,false
read,54.43,key_12,440,false
read,52.32,key_19,478,false
write,0.44,key_4,434,false
write,0.49,key_18,475,false
write,0.31,key_0,408,false
write,0.28,key_19,479,false
write,0.31,key_8,477,false
write,0.37,key_6,425,false
write,0.31,key_5,428,false
write,0.40,key_14,406,false
write,0.44,key_7,424,false
write,0.54,key_1,422,false
write,0.37,key_13,418,false
write,0.33,key_7,425,false
write,0.26,key_3,439,false
write,0.27,key_9,428,false
write,0.23,key_4,435,false
write,0.32,key_4,436,false
write,0.54,key_13,419,false
write,0.48,key_19,480,false
write,0.57,key_19,481,false
write,0.40,key_1,423,false
write,0.31,key_2,435,false
write,0.38,key_16,458,false
write,0.35,key_0,409,false
write,0.36,key_10,436,false
write,0.27,key_11,426,false
read,51.69,key_17,407,false
write,0.64,key_10,437,false
write,0.44,key_18,476,false
write,0.27,key_15,428,false
write,0.56,key_12,441,false
write,0.49,key_6,426,false
write,0.28,key_13,420,false
write,0.23,key_0,410,false
read,55.29,key_2,435,false
write,0.41,key_11,427,false
write,0.33,key_9,429,false
read,51.70,key_19,481,false
write,0.30,key_3,440,false
write,0.32,key_6,427,false
write,0.71,key_16,459,false
write,0.55,key_5,429,false
write,0.28,key_6,428,false
write,0.26,key_10,438,false
read,51.84,key_2,435,false
write,0.48,key_12,442,false
write,0.45,key_19,482,false
write,0.38,key_1,424,false
write,0.57,key_13,421,false
write,0.36,key_0,411,false
write,0.33,key_8,478,false
read,52.03,key_18,476,false
write,0.35,key_12,443,false
write,0.35,key_4,437,false
read,52.13,key_0,411,false
write,0.45,key_15,429,false
read,52.40,key_15,428,true
write,0.38,key_7,426,false
write,0.52,key_16,460,false
write,0.67,key_7,427,false
write,0.79,key_9,430,false
write,0.58,key_17,408,false
write,1.31,key_7,428,false
read,51.54,key_9,430,false
write,0.47,key_14,407,false
write,1.01,key_1,425,false
write,0.41,key_16,461,false
write,1.03,key_11,428,false
write,0.79,key_14,408,false
write,0.80,key_19,483,false
write,0.25,key_10,439,false
write,0.52,key_10,440,false
write,1.45,key_3,441,false
write,0.66,key_0,412,false
write,0.61,key_11,429,false
write,0.51,key_10,441,false
write,0.63,key_13,422,false
write,0.56,key_5,430,false
write,0.79,key_14,409,false
write,0.39,key_10,442,false
write,0.45,key_6,429,false
write,0.61,key_15,431,false
write,0.59,key_15,430,false
write,0.55,key_12,444,false
write,0.75,key_13,423,false
write,0.72,key_19,484,false
write,0.30,key_4,438,false
write,0.32,key_12,445,false
write,0.52,key_17,409,false
write,0.55,key_12,446,false
read,51.48,key_2,435,false
write,0.26,key_16,462,false
write,0.63,key_13,424,false
write,0.67,key_16,463,false
write,0.77,key_1,426,false
write,1.68,key_9,431,false
write,0.46,key_10,443,false
write,0.57,key_0,413,false
write,0.60,key_9,432,false
write,0.62,key_6,430,false
write,0.52,key_14,410,false
write,0.47,key_5,431,false
write,0.54,key_16,464,false
write,0.48,key_14,411,false
write,0.36,key_17,410,false
write,0.33,key_1,427,false
write,0.27,key_6,431,false
write,0.26,key_3,442,false
write,0.25,key_16,465,false
write,0.40,key_19,485,false
read,52.57,key_18,476,false
write,0.74,key_12,447,false
write,0.59,key_17,411,false
write,0.79,key_5,432,false
write,0.32,key_4,439,false
write,0.36,key_11,430,false
write,0.61,key_14,412,false
write,0.54,key_9,433,false
write,0.35,key_18,477,false
write,0.29,key_6,432,false
write,0.32,key_14,413,false
write,0.42,key_6,433,false
write,0.27,key_4,440,false
write,0.35,key_3,443,false
write,0.56,key_16,466,false
write,0.32,key_9,434,false
write,0.59,key_6,434,false
write,0.56,key_7,429,false
read,52.78,key_14,413,false
read,50.75,key_14,413,false
write,0.42,key_7,430,false
write,0.54,key_6,435,false
write,1.04,key_12,448,false
write,0.72,key_14,414,false
write,0.89,key_13,425,false
write,0.87,key_2,436,false
write,0.27,key_10,444,false
write,0.29,key_8,479,false
write,0.36,key_4,441,false
write,0.61,key_12,449,false
write,0.35,key_16,467,false
write,0.26,key_9,435,false
write,0.27,key_12,450,false
write,0.33,key_10,445,false
write,0.24,key_19,486,false
write,0.35,key_10,446,false
write,0.24,key_0,414,false
read,53.94,key_11,430,false
write,0.31,key_10,447,false
write,0.56,key_6,436,false
read,54.21,key_2,436,false
write,0.48,key_16,468,false
write,0.32,key_18,478,false
write,0.41,key_8,480,false
write,0.28,key_15,432,false
read,55.04,key_19,486,false
read,54.89,key_2,436,false
read,58.78,key_8,480,false
read,61.29,key_0,414,false
write,4.16,key_5,433,false
read,52.95,key_11,430,false
write,5.62,key_19,487,false
write,5.50,key_13,426,false
write,1.60,key_9,436,false
read,53.03,key_13,425,true
write,0.67,key_10,448,false
write,1.23,key_6,437,false
read,52.08,key_12,450,false
write,0.86,key_14,415,false
write,0.59,key_1,428,false
write,0.59,key_19,488,false
write,0.63,key_9,437,false
write,0.35,key_5,434,false
write,0.50,key_6,438,false
write,0.38,key_15,433,false
write,0.51,key_2,437,false
read,51.55,key_4,441,false
write,0.65,key_10,449,false
write,0.62,key_15,434,false
write,0.66,key_15,435,false
write,0.73,key_19,489,false
write,0.44,key_17,412,false
write,0.44,key_18,479,false
write,0.63,key_5,435,false
write,0.42,key_16,469,false
write,0.42,key_6,439,false
write,0.41,key_12,451,false
write,0.77,key_14,416,false
write,0.65,key_4,442,false
write,0.59,key_1,429,false
write,0.55,key_2,438,false
write,0.40,key_12,452,false
write,0.47,key_18,480,false
write,0.41,key_1,430,false
write,0.72,key_6,440,false
write,0.39,key_14,417,false
write,0.34,key_15,436,false
write,0.36,key_2,439,false
write,0.25,key_17,413,false
write,0.28,key_11,431,false
write,0.28,key_15,437,false
write,0.29,key_2,440,false
write,0.28,key_7,431,false
write,0.33,key_16,470,false
write,0.55,key_18,481,false
write,0.49,key_18,482,false
write,0.27,key_10,451,false
write,0.31,key_10,450,false
write,0.41,key_9,439,false
write,0.46,key_9,438,false
write,0.21,key_14,418,false
write,0.34,key_17,414,false
write,0.64,key_9,440,false
read,51.91,key_4,441,true
write,0.49,key_19,490,false
read,51.59,key_18,482,false
write,0.54,key_19,491,false
write,0.78,key_10,452,false
write,0.42,key_14,419,false
write,0.59,key_11,432,false
write,0.72,key_12,453,false
read,56.41,key_8,480,false
write,0.45,key_12,454,false
read,51.33,key_16,470,false
read,51.45,key_8,480,false
write,0.43,key_8,481,false
write,0.42,key_14,420,false
write,0.62,key_10,453,false
read,51.74,key_10,452,true
read,52.43,key_9,440,false
write,0.63,key_16,471,false
write,0.48,key_13,427,false
write,0.82,key_5,436,false
write,1.02,key_19,492,false
write,1.23,key_18,483,false
write,0.90,key_9,441,false
write,0.43,key_19,493,false
write,1.31,key_8,482,false
write,0.68,key_7,432,false
write,0.59,key_11,433,false
write,1.31,key_10,454,false
write,0.53,key_5,437,false
write,0.80,key_0,415,false
write,0.67,key_11,434,false
read,53.43,key_10,454,false
write,0.51,key_8,483,false
write,1.51,key_3,444,false
write,1.52,key_0,416,false
write,0.43,key_0,417,false
write,0.50,key_14,421,false
write,0.46,key_4,443,false
write,0.41,key_1,431,false
write,0.42,key_14,422,false
write,0.43,key_15,438,false
write,0.89,key_0,418,false
write,0.59,key_10,455,false
write,1.10,key_15,439,false
write,0.34,key_12,455,false
write,0.92,key_16,472,false
write,0.52,key_16,473,false
write,0.38,key_4,444,false
write,0.62,key_9,442,false
write,0.41,key_5,438,false
write,0.41,key_15,440,false
write,0.34,key_15,441,false
write,0.29,key_3,445,false
write,0.26,key_13,428,false
write,0.38,key_7,433,false
write,0.35,key_14,423,false
write,0.54,key_8,484,false
write,0.27,key_19,494,false
write,0.24,key_8,485,false
read,51.67,key_0,418,false
write,0.43,key_12,456,false
read,52.29,key_10,455,false
write,0.35,key_16,474,false
write,0.46,key_16,475,false
read,54.95,key_4,444,false
write,0.34,key_6,441,false
write,0.46,key_5,439,false
write,0.41,key_11,435,false
write,0.60,key_0,419,false
write,0.51,key_13,429,false
write,0.28,key_0,420,false
write,0.34,key_8,486,false
write,0.37,key_9,443,false
write,0.57,key_3,446,false
write,0.31,key_15,442,false
write,0.42,key_0,421,false
write,0.47,key_8,487,false
write,0.53,key_10,456,false
read,53.55,key_14,423,false
write,0.41,key_10,457,false
write,0.31,key_12,457,false
write,0.33,key_8,488,false
write,0.37,key_5,440,false
write,0.58,key_2,441,false
write,0.91,key_19,495,false
write,1.48,key_15,443,false
write,1.41,key_1,432,false
write,2.50,key_11,436,false
write,0.30,key_13,430,false
write,0.60,key_9,444,false
write,0.57,key_6,442,false
write,0.82,key_3,447,false
write,0.44,key_10,458,false
write,0.38,key_14,424,false
write,0.30,key_8,489,false
write,0.28,key_0,422,false
write,0.41,key_9,445,false
write,0.25,key_14,425,false
write,0.67,key_19,496,false
write,0.49,key_11,437,false
write,0.27,key_1,433,false
write,0.28,key_0,423,false
write,0.24,key_5,441,false
write,0.29,key_0,424,false
write,0.21,key_17,415,false
write,0.24,key_0,425,false
read,52.50,key_13,430,false
write,0.56,key_17,416,false
write,0.43,key_10,459,false
write,0.64,key_15,444,false
write,0.48,key_14,426,false
write,0.28,key_5,442,false
write,0.27,key_16,476,false
write,0.47,key_4,445,false
write,0.65,key_13,431,false
read,53.00,key_10,459,false
read,52.07,key_17,416,false
write,1.10,key_8,490,false
write,0.53,key_7,434,false
write,1.93,key_15,445,false
write,0.41,key_18,484,false
read,51.20,key_7,433,true
write,0.47,key_5,443,false
write,0.60,key_3,448,false
write,1.58,key_14,427,false
write,1.62,key_17,417,false
write,0.64,key_9,446,false
write,0.68,key_13,432,false
read,54.20,key_8,490,false
write,0.83,key_16,477,false
read,53.86,key_16,476,true
write,1.90,key_6,443,false
write,1.11,key_0,426,false
write,0.65,key_19,497,false
write,0.55,key_12,458,false
write,0.86,key_13,433,false
write,0.44,key_9,447,false
write,0.48,key_17,418,false
write,0.31,key_6,444,false
write,0.27,key_9,448,false
write,0.29,key_15,446,false
write,0.31,key_8,491,false
read,54.65,key_3,448,false
write,0.85,key_0,427,false
write,0.63,key_4,446,false
write,0.44,key_12,459,false
write,0.32,key_10,460,false
write,0.24,key_13,434,false
write,0.27,key_7,435,false
write,0.25,key_16,478,false
write,0.24,key_11,438,false
write,0.30,key_10,461,false
write,0.27,key_9,449,false
write,0.29,key_19,498,false
write,0.30,key_7,436,false
write,0.28,key_0,428,false
read,53.92,key_9,449,false
write,0.61,key_11,439,false
write,0.34,key_13,435,false
write,0.25,key_7,437,false
write,0.28,key_3,449,false
write,0.39,key_4,447,false
write,0.40,key_7,438,false
read,53.56,key_14,427,false
write,0.76,key_10,462,false
write,0.88,key_18,485,false
write,1.11,key_13,436,false
write,1.06,key_3,450,false
write,0.48,key_1,434,false
read,51.91,key_6,442,true
write,0.85,key_9,450,false
write,0.87,key_16,479,false
write,0.75,key_11,440,false
write,0.71,key_6,445,false
write,0.72,key_12,460,false
write,0.53,key_0,429,false
write,0.57,key_10,463,false
write,0.66,key_3,451,false
write,0.67,key_8,492,false
write,0.75,key_15,447,false
write,0.71,key_14,428,false
write,8.36,key_10,464,false
write,8.51,key_8,493,false
write,0.42,key_4,448,false
write,0.42,key_7,439,false
write,0.27,key_13,437,false
write,0.61,key_5,444,false
write,0.33,key_19,499,false
write,0.41,key_0,430,false
write,0.54,key_1,435,false
write,0.30,key_3,452,false
write,0.33,key_16,480,false
write,0.30,key_12,461,false
write,0.37,key_7,440,false
write,0.46,key_7,441,false
write,0.33,key_7,442,false
write,0.46,key_16,481,false
write,0.38,key_1,436,false
write,0.38,key_7,443,false
write,0.49,key_2,442,false
write,0.33,key_8,494,false
write,0.22,key_16,482,false
write,0.53,key_6,446,false
write,0.51,key_13,438,false
write,0.35,key_12,462,false
write,0.31,key_9,451,false
write,0.36,key_8,495,false
write,0.31,key_11,441,false
write,0.39,key_11,442,false
write,0.30,key_18,486,false
write,0.31,key_1,437,false
write,0.32,key_12,463,false
write,0.33,key_19,500,false
write,0.34,key_9,452,false
read,54.08,key_2,442,false
read,52.59,key_2,442,false
write,0.82,key_16,483,false
write,0.79,key_10,465,false
write,0.26,key_5,445,false
write,0.32,key_3,453,false
write,0.32,key_17,419,false
write,0.39,key_14,429,false
write,0.42,key_19,501,false
write,0.30,key_17,420,false
read,52.50,key_1,437,false
write,0.39,key_1,438,false
read,52.91,key_3,453,false
write,0.66,key_0,431,false
write,0.81,key_2,443,false
write,1.09,key_18,487,false
write,0.81,key_5,446,false
write,1.83,key_10,466,false
write,1.53,key_11,443,false
write,0.32,key_18,488,false
write,0.69,key_0,432,false
write,0.89,key_9,453,false
write,0.63,key_18,489,false
read,51.80,key_6,446,false
write,0.87,key_2,444,false
write,0.97,key_13,439,false
write,0.48,key_3,454,false
write,0.57,key_7,444,false
write,0.61,key_8,496,false
write,0.84,key_7,445,false
write,1.23,key_0,433,false
write,1.04,key_6,447,false
write,1.06,key_2,445,false
write,0.44,key_15,448,false
write,0.26,key_11,444,false
read,52.72,key_13,434,true
read,53.07,key_9,453,false
write,3.49,key_1,439,false
write,3.19,key_9,454,false
write,3.48,key_10,467,false
write,0.44,key_17,421,false
write,0.53,key_2,446,false
read,52.85,key_5,446,false
write,0.34,key_6,448,false
write,0.38,key_3,455,false
write,0.57,key_5,447,false
write,0.47,key_12,464,false
write,0.37,key_11,445,false
write,0.44,key_9,455,false
write,0.50,key_9,456,false
write,0.54,key_9,457,false
write,0.31,key_8,497,false
write,0.36,key_7,446,false
write,0.40,key_7,447,false
write,0.29,key_12,465,false
read,53.05,key_4,448,false
write,0.34,key_18,490,false
write,0.29,key_14,430,false
read,52.03,key_0,433,false
write,0.32,key_18,491,false
write,0.27,key_14,431,false
write,0.40,key_6,449,false
read,52.66,key_18,491,false
write,1.66,key_8,498,false
write,0.52,key_18,492,false
write,0.41,key_9,458,false
write,0.39,key_1,440,false
write,0.45,key_0,434,false
write,0.35,key_6,450,false
write,0.28,key_18,493,false
write,0.28,key_0,435,false
write,0.59,key_19,502,false
write,0.31,key_7,448,false
read,54.86,key_9,458,false
read,52.99,key_17,421,false
read,52.72,key_6,450,false
write,2.33,key_16,484,false
write,0.55,key_6,451,false
write,1.65,key_6,452,false
write,0.30,key_18,494,false
write,0.37,key_19,503,false
write,0.48,key_11,446,false
write,0.31,key_7,449,false
write,0.38,key_11,447,false
write,0.33,key_8,499,false
write,0.50,key_12,466,false
write,0.50,key_18,495,false
write,0.68,key_14,432,false
write,0.46,key_18,496,false
write,0.49,key_12,467,false
write,0.31,key_12,468,false
read,52.62,key_13,439,false
read,52.03,key_19,503,false
write,0.54,key_4,449,false
write,0.59,key_9,459,false
write,1.41,key_14,433,false
write,1.41,key_3,456,false
write,1.23,key_7,450,false
write,0.69,key_19,504,false
write,0.62,key_7,451,false
write,1.07,key_8,500,false
write,1.06,key_17,422,false
read,56.02,key_7,449,true
write,0.97,key_15,449,false
write,1.22,key_1,441,false
write,0.56,key_16,485,false
write,0.65,key_11,448,false
write,0.65,key_5,448,false
write,1.79,key_3,457,false
write,0.57,key_4,450,false
write,1.82,key_18,497,false
write,0.39,key_7,452,false
write,0.85,key_11,449,false
write,0.56,key_3,458,false
write,1.02,key_7,453,false
write,0.37,key_0,436,false
write,0.39,key_10,468,false
write,0.28,key_13,440,false
write,0.32,key_0,437,false
write,0.38,key_2,447,false
write,0.37,key_1,442,false
write,0.41,key_18,498,false
read,50.86,key_1,442,false
write,0.41,key_7,454,false
write,0.27,key_14,434,false
write,0.26,key_7,455,false
write,0.27,key_5,449,false
write,0.26,key_1,443,false
write,0.46,key_5,450,false
write,0.24,key_12,469,false
write,0.47,key_18,499,false
write,0.30,key_11,450,false
write,0.24,key_13,441,false
write,0.27,key_10,469,false
write,0.28,key_17,423,false
write,0.28,key_9,460,false
write,0.26,key_4,451,false
write,0.35,key_8,501,false
write,0.24,key_5,451,false
read,51.94,key_9,457,true
write,0.31,key_10,470,false
write,0.40,key_19,505,false
write,0.87,key_14,435,false
write,0.46,key_10,471,false
read,51.49,key_5,447,true
write,0.42,key_0,438,false
write,0.28,key_14,436,false
write,0.29,key_8,502,false
write,0.50,key_9,461,false
write,0.52,key_12,470,false
read,53.27,key_5,447,true
write,0.42,key_7,456,false
write,0.35,key_7,457,false
write,0.34,key_5,452,false
write,0.34,key_8,503,false
write,0.40,key_12,471,false
write,0.26,key_5,453,false
write,0.38,key_19,506,false
read,51.77,key_14,436,false
write,0.45,key_15,450,false
write,0.33,key_7,458,false
write,0.38,key_11,451,false
write,0.41,key_12,472,false
write,0.29,key_18,500,false
write,0.49,key_5,454,false
write,0.34,key_13,442,false
write,0.42,key_1,444,false
write,0.26,key_15,451,false
write,0.33,key_19,507,false
write,0.36,key_5,455,false
write,0.44,key_10,472,false
write,0.26,key_15,452,false
write,0.24,key_7,459,false
write,0.27,key_1,445,false
write,0.28,key_8,504,false
write,0.53,key_9,462,false
write,0.39,key_7,460,false
read,56.73,key_13,442,false
write,0.29,key_5,456,false
write,0.31,key_2,448,false
read,54.91,key_15,452,false
write,0.71,key_7,461,false
write,0.54,key_6,453,false
write,0.45,key_12,473,false
write,0.47,key_16,486,false
write,0.55,key_6,454,false
write,0.35,key_4,452,false
write,0.28,key_0,439,false
write,0.27,key_6,455,false
write,0.30,key_18,501,false
write,0.34,key_13,443,false
write,0.37,key_19,508,false
write,0.28,key_4,453,false
read,54.93,key_15,449,true
write,0.57,key_9,463,false
write,1.26,key_19,509,false
read,51.83,key_15,452,false
write,0.67,key_7,462,false
write,0.50,key_6,456,false
read,51.08,key_12,473,false
write,0.43,key_12,474,false
write,0.38,key_18,502,false
write,1.00,key_1,446,false
write,1.81,key_16,487,false
write,1.90,key_13,444,false
write,1.82,key_15,453,false
write,1.81,key_1,447,false
write,0.62,key_7,463,false
write,0.59,key_5,457,false
write,0.68,key_8,505,false
write,0.34,key_19,510,false
write,0.36,key_9,464,false
write,0.40,key_15,454,false
write,0.42,key_19,511,false
write,0.51,key_8,506,false
write,0.53,key_7,464,false
write,0.70,key_6,457,false
write,0.31,key_13,445,false
write,0.77,key_5,458,false
write,0.83,key_4,454,false
write,0.42,key_3,459,false
write,0.27,key_19,512,false
write,0.39,key_12,475,false
write,0.37,key_2,449,false
write,0.52,key_14,437,false
write,0.55,key_10,473,false
write,0.36,key_2,450,false
write,0.38,key_7,465,false
write,0.38,key_6,458,false
write,0.49,key_14,438,false
read,51.05,key_13,445,false
write,0.28,key_7,466,false
write,0.42,key_15,455,false
write,0.65,key_2,451,false
write,0.50,key_4,455,false
write,0.72,key_5,459,false
write,0.21,key_1,448,false
write,0.26,key_19,513,false
write,0.86,key_2,452,false
write,0.47,key_13,446,false
write,0.63,key_19,514,false
write,0.71,key_8,507,false
write,0.36,key_14,439,false
write,0.44,key_18,503,false
write,0.57,key_11,452,false
write,0.37,key_2,453,false
write,0.28,key_18,504,false
write,0.36,key_3,460,false
write,0.42,key_15,456,false
write,0.33,key_6,459,false
write,0.52,key_5,460,false
write,0.38,key_19,515,false
write,0.41,key_5,461,false
write,0.48,key_17,424,false
write,0.29,key_18,505,false
write,0.27,key_12,476,false
write,0.30,key_14,440,false
write,0.27,key_13,447,false
write,0.28,key_10,474,false
write,0.26,key_19,516,false
write,0.26,key_10,475,false
read,51.99,key_12,476,false
write,0.40,key_12,477,false
write,0.48,key_4,456,false
write,0.40,key_19,517,false
write,0.24,key_6,460,false
write,0.31,key_17,425,false
write,0.24,key_10,476,false
write,0.25,key_5,462,false
write,0.48,key_11,453,false
write,0.40,key_7,467,false
write,0.31,key_12,478,false
write,0.47,key_6,461,false
read,54.38,key_1,448,false
read,51.18,key_6,461,false
read,52.15,key_5,462,false
write,0.70,key_17,426,false
write,0.70,key_3,461,false
write,0.48,key_8,508,false
write,0.48,key_19,518,false
write,0.61,key_6,462,false
write,0.61,key_8,509,false
write,0.41,key_4,457,false
write,0.40,key_14,441,false
write,0.41,key_14,442,false
write,0.34,key_8,510,false
read,56.27,key_14,442,false
write,0.74,key_3,462,false
read,52.40,key_4,457,false
write,2.77,key_7,468,false
write,1.50,key_16,488,false
write,0.35,key_8,511,false
write,0.35,key_2,454,false
write,6.18,key_1,449,false
write,0.81,key_5,463,false
write,0.85,key_10,477,false
read,55.10,key_18,505,false
write,0.34,key_16,489,false
read,51.97,key_10,476,true
write,0.64,key_12,479,false
write,1.00,key_18,506,false
read,52.63,key_16,489,false
write,0.88,key_10,478,false
read,53.30,key_16,488,true
write,1.96,key_4,458,false
write,1.93,key_2,455,false
write,0.72,key_6,463,false
write,1.92,key_16,490,false
write,2.29,key_0,440,false
write,2.42,key_2,456,false
write,1.04,key_3,463,false
write,2.46,key_9,465,false
write,0.66,key_7,469,false
write,0.93,key_17,427,false
write,0.66,key_10,479,false
write,0.72,key_16,491,false
write,0.75,key_8,512,false
write,0.69,key_13,448,false
write,0.78,key_17,428,false
write,0.86,key_9,466,false
write,1.00,key_16,492,false
write,0.93,key_9,467,false
write,2.05,key_14,443,false
write,1.21,key_8,513,false
write,1.14,key_2,458,false
write,0.84,key_2,457,false
write,0.85,key_10,480,false
write,0.58,key_19,519,false
write,0.31,key_0,441,false
write,0.51,key_17,429,false
write,0.81,key_1,450,false
write,0.78,key_2,459,false
write,0.39,key_9,468,false
write,0.68,key_5,464,false
write,0.77,key_19,520,false
read,53.10,key_0,441,false
read,51.82,key_6,463,false
write,0.87,key_7,470,false
write,0.86,key_10,481,false
write,0.51,key_15,457,false
write,0.54,key_1,451,false
write,1.18,key_0,442,false
write,1.58,key_17,430,false
write,0.34,key_14,444,false
write,0.39,key_1,452,false
write,0.35,key_13,449,false
write,0.29,key_8,514,false
write,0.46,key_10,482,false
write,0.50,key_4,459,false
write,0.26,key_10,483,false
write,0.48,key_10,484,false
write,0.43,key_8,515,false
write,0.40,key_12,480,false
write,0.58,key_13,450,false
write,0.39,key_18,507,false
write,0.33,key_12,481,false
write,0.28,key_5,465,false
write,0.23,key_11,454,false
write,0.38,key_1,453,false
write,0.34,key_4,460,false
read,51.80,key_11,454,false
write,0.46,key_5,466,false
write,0.37,key_8,516,false
write,0.30,key_15,458,false
read,51.52,key_13,450,false
write,0.32,key_16,493,false
write,0.35,key_14,445,false
write,0.47,key_9,469,false
write,0.42,key_15,459,false
write,0.33,key_13,451,false
write,0.45,key_18,508,false
write,0.41,key_0,443,false
write,0.44,key_3,464,false
write,0.28,key_13,452,false
write,0.25,key_6,464,false
write,0.58,key_9,470,false
write,0.60,key_1,454,false
write,0.31,key_16,494,false
write,0.38,key_17,431,false
write,0.30,key_1,455,false
write,0.41,key_8,517,false
write,0.48,key_3,465,false
write,0.34,key_7,471,false
write,0.36,key_8,518,false
read,52.26,key_7,471,false
write,0.47,key_3,466,false
write,0.35,key_2,460,false
write,0.38,key_7,472,false
write,0.23,key_6,465,false
write,0.27,key_19,521,false
write,0.53,key_4,461,false
read,53.07,key_2,456,true
read,52.92,key_4,461,false
write,0.55,key_19,522,false
write,0.54,key_10,485,false
write,0.86,key_13,453,false
write,0.50,key_4,462,false
write,0.90,key_19,523,false
write,0.47,key_9,471,false
write,0.89,key_9,472,false
write,0.93,key_15,460,false
write,1.48,key_4,463,false
read,52.40,key_5,466,false
write,0.46,key_15,461,false
write,0.40,key_16,495,false
write,0.61,key_16,496,false
write,0.53,key_7,473,false
write,0.39,key_4,464,false
write,0.38,key_16,497,false
write,0.33,key_2,461,false
write,0.30,key_7,474,false
write,0.36,key_12,482,false
write,0.48,key_7,475,false
write,0.59,key_11,455,false
write,0.55,key_1,456,false
write,0.29,key_17,432,false
write,0.47,key_11,456,false
read,52.07,key_11,454,true
write,0.93,key_9,473,false
read,52.36,key_12,482,false
write,1.26,key_9,474,false
write,1.33,key_5,467,false
write,1.29,key_12,483,false
write,0.48,key_17,433,false
write,0.54,key_4,465,false
write,0.41,key_8,519,false
write,0.68,key_0,444,false
write,0.59,key_5,468,false
write,0.70,key_2,462,false
write,0.91,key_9,475,false
write,0.92,key_0,445,false
read,52.58,key_14,445,false
write,0.98,key_19,524,false
write,0.36,key_14,446,false
write,0.40,key_10,486,false
write,0.76,key_6,466,false
write,0.79,key_16,498,false
write,0.87,key_5,469,false
write,0.86,key_18,509,false
write,1.33,key_19,525,false
write,1.81,key_2,463,false
read,54.03,key_5,469,false
write,0.54,key_8,520,false
write,0.56,key_7,476,false
write,0.45,key_9,476,false
write,1.01,key_15,462,false
write,0.56,key_12,484,false
write,1.02,key_8,521,false
write,0.56,key_10,487,false
write,0.62,key_18,510,false
write,0.63,key_8,522,false
write,0.98,key_2,464,false
write,0.77,key_14,447,false
write,0.61,key_8,523,false
write,0.38,key_13,454,false
write,0.29,key_14,448,false
write,0.25,key_8,524,false
write,0.47,key_2,465,false
write,0.36,key_8,525,false
write,0.28,key_0,446,false
write,0.55,key_10,488,false
read,52.57,key_8,525,false
write,0.55,key_14,449,false
write,0.35,key_13,455,false
write,0.30,key_4,466,false
write,0.41,key_19,526,false
write,0.40,key_0,447,false
write,0.36,key_7,477,false
write,0.50,key_18,511,false
read,54.19,key_4,466,false
write,1.32,key_2,466,false
write,0.38,key_7,478,false
write,0.24,key_19,527,false
read,54.21,key_1,456,false
read,53.19,key_12,484,false
read,56.39,key_1,456,false
read,52.54,key_10,488,false
read,52.41,key_3,466,false
write,2.98,key_16,499,false
write,3.02,key_6,467,false
write,3.32,key_8,526,false
write,0.57,key_17,434,false
write,0.88,key_5,470,false
write,1.05,key_14,450,false
write,2.43,key_1,457,false
write,0.75,key_2,467,false
write,1.53,key_10,489,false
write,2.08,key_12,485,false
read,52.90,key_15,462,false
write,3.41,key_10,490,false
write,1.96,key_13,456,false
write,3.81,key_7,479,false
write,3.79,key_5,472,false
write,3.42,key_5,471,false
read,54.52,key_10,488,true
read,56.49,key_15,462,false
write,1.38,key_16,500,false
write,1.39,key_7,480,false
write,0.63,key_18,512,false
write,0.62,key_13,457,false
write,0.71,key_5,473,false
write,2.33,key_4,467,false
write,0.48,key_4,468,false
write,0.50,key_4,469,false
write,0.70,key_7,481,false
write,0.43,key_0,448,false
write,0.66,key_6,468,false
write,0.58,key_6,469,false
write,0.53,key_19,528,false
write,0.77,key_19,529,false
write,0.41,key_11,457,false
write,0.51,key_4,470,false
write,1.14,key_4,471,false
write,0.51,key_12,486,false
write,0.52,key_2,468,false
write,0.47,key_15,463,false
write,0.48,key_4,472,false
write,0.45,key_11,458,false
write,0.60,key_17,435,false
write,0.45,key_16,501,false
write,0.47,key_10,491,false
write,0.35,key_12,487,false
write,0.26,key_18,513,false
write,0.31,key_17,436,false
write,0.43,key_16,502,false
write,0.41,key_11,459,false
write,0.72,key_8,527,false
write,0.71,key_11,460,false
write,0.36,key_13,458,false
write,0.44,key_12,488,false
write,0.36,key_7,482,false
write,0.41,key_9,477,false
write,0.37,key_0,449,false
write,0.69,key_8,528,false
write,0.72,key_2,469,false
write,0.72,key_8,529,false
write,0.59,key_11,461,false
write,0.36,key_12,489,false
write,0.52,key_6,470,false
read,52.20,key_4,472,false
write,2.54,key_13,459,false
read,53.40,key_19,527,true
write,0.65,key_19,530,false
write,0.59,key_1,458,false
write,0.62,key_13,460,false
write,0.63,key_1,459,false
write,0.31,key_8,530,false
write,0.62,key_9,478,false
write,0.31,key_19,532,false
write,0.68,key_19,531,false
write,0.30,key_4,473,false
write,0.35,key_10,492,false
write,0.57,key_4,474,false
write,0.68,key_0,450,false
write,0.27,key_2,470,false
write,0.38,key_8,531,false
write,0.34,key_2,471,false
write,0.34,key_16,503,false
write,0.27,key_19,533,false
write,0.24,key_11,462,false
write,0.26,key_0,451,false
write,0.32,key_0,452,false
write,0.51,key_0,453,false
write,0.64,key_1,460,false
write,0.66,key_1,461,false
write,0.73,key_6,471,false
write,0.47,key_11,463,false
write,0.37,key_15,464,false
write,0.36,key_18,514,false
write,0.40,key_10,493,false
write,0.39,key_13,461,false
write,0.41,key_12,490,false
write,0.71,key_1,462,false
read,52.10,key_15,464,false
write,0.31,key_17,437,false
write,0.25,key_6,472,false
write,0.36,key_14,451,false
write,0.59,key_16,504,false
read,52.89,key_18,514,false
write,0.26,key_13,462,false
write,0.32,key_3,467,false
write,0.52,key_7,483,false
write,0.68,key_18,515,false
write,0.80,key_10,494,false
write,0.33,key_19,534,false
write,0.45,key_14,452,false
read,51.67,key_2,471,false
write,0.77,key_17,438,false
write,0.67,key_12,491,false
read,51.35,key_15,464,false
write,1.79,key_18,516,false
write,1.45,key_12,492,false
write,0.66,key_19,535,false
write,1.63,key_19,536,false
write,0.55,key_7,484,false
write,0.41,key_6,473,false
write,0.56,key_12,493,false
write,0.96,key_2,472,false
read,52.66,key_17,438,false
write,0.38,key_5,474,false
write,0.45,key_19,537,false
write,0.26,key_3,468,false
write,0.61,key_16,505,false
write,0.56,key_9,479,false
write,0.36,key_3,469,false
write,0.33,key_9,480,false
write,0.39,key_6,474,false
read,51.51,key_14,452,false
write,0.56,key_8,532,false
write,0.35,key_9,481,false
write,0.51,key_0,454,false
write,0.38,key_7,485,false
write,0.56,key_0,455,false
write,0.83,key_17,439,false
write,1.00,key_4,475,false
write,1.71,key_11,464,false
write,0.59,key_14,453,false
write,0.43,key_17,440,false
write,0.27,key_1,463,false
write,0.33,key_3,470,false
write,0.20,key_8,533,false
write,0.32,key_0,456,false
write,0.47,key_11,465,false
read,52.08,key_7,485,false
write,0.56,key_14,454,false
write,0.53,key_4,476,false
write,0.40,key_17,441,false
write,0.40,key_12,494,false
write,0.35,key_10,495,false
write,0.44,key_2,473,false
read,54.02,key_11,465,false
write,0.41,key_3,471,false
write,0.65,key_0,457,false
write,0.48,key_11,466,false
read,55.32,key_7,485,false
read,53.94,key_14,454,false
write,0.42,key_3,472,false
write,1.47,key_0,458,false
write,0.61,key_19,538,false
write,1.67,key_5,475,false
write,0.39,key_19,539,false
write,0.68,key_7,486,false
write,0.47,key_19,540,false
write,0.55,key_15,465,false
write,0.44,key_9,482,false
write,0.57,key_6,475,false
write,0.60,key_16,506,false
write,0.88,key_8,534,false
write,1.21,key_5,476,false
write,0.34,key_1,464,false
write,0.35,key_12,495,false
write,0.35,key_4,477,false
write,1.23,key_19,541,false
write,1.17,key_2,474,false
write,1.46,key_16,507,false
write,1.37,key_17,442,false
write,0.81,key_0,459,false
write,0.45,key_16,508,false
write,3.31,key_4,478,false
read,52.75,key_16,504,true
write,1.73,key_18,517,false
write,0.53,key_1,465,false
write,0.36,key_18,518,false
write,0.28,key_12,496,false
write,0.75,key_17,443,false
write,0.48,key_9,483,false
write,0.35,key_19,542,false
write,0.26,key_0,460,false
write,0.29,key_12,497,false
write,0.24,key_15,466,false
write,0.38,key_19,543,false
write,0.25,key_1,466,false
write,0.65,key_12,498,false
write,0.29,key_13,463,false
read,52.12,key_13,462,true
write,0.62,key_18,519,false
write,0.56,key_2,475,false
write,0.57,key_4,479,false
write,0.74,key_5,477,false
read,51.92,key_9,483,false
write,0.70,key_0,461,false
write,0.71,key_1,467,false
write,1.14,key_0,462,false
write,1.73,key_12,499,false
write,1.77,key_11,467,false
read,52.40,key_9,481,true
write,0.98,key_7,487,false
write,0.99,key_11,468,false
write,0.52,key_19,544,false
write,0.35,key_3,473,false
write,0.36,key_8,535,false
write,0.48,key_13,464,false
write,0.50,key_11,469,false
write,0.35,key_6,476,false
write,0.56,key_0,463,false
write,0.84,key_4,480,false
write,1.11,key_1,468,false
write,1.43,key_9,484,false
read,51.65,key_17,440,true
write,0.60,key_1,469,false
write,0.68,key_8,536,false
write,2.02,key_17,445,false
write,0.83,key_3,474,false
write,1.42,key_0,464,false
write,0.83,key_17,444,false
write,0.84,key_15,467,false
write,0.90,key_1,470,false
write,0.92,key_2,476,false
write,0.84,key_14,455,false
read,52.05,key_16,505,true
write,0.47,key_3,475,false
write,0.53,key_17,446,false
write,1.65,key_18,520,false
read,52.22,key_9,484,false
write,0.83,key_1,471,false
write,0.60,key_12,500,false
write,0.87,key_19,545,false
write,0.53,key_9,485,false
write,0.63,key_10,496,false
write,0.47,key_5,478,false
write,0.64,key_7,488,false
write,0.71,key_16,509,false
write,0.64,key_19,546,false
read,51.12,key_14,455,false
write,0.31,key_2,477,false
write,0.28,key_1,472,false
write,0.40,key_0,465,false
write,0.34,key_6,477,false
write,0.54,key_16,510,false
write,0.44,key_6,478,false
write,0.44,key_15,468,false
write,0.74,key_13,465,false
write,0.48,key_14,456,false
write,0.41,key_14,457,false
write,0.78,key_8,537,false
write,0.68,key_14,458,false
write,0.84,key_17,447,false
write,0.62,key_17,448,false
write,1.23,key_3,476,false
write,0.83,key_19,547,false
write,0.90,key_0,466,false
write,0.43,key_7,489,false
write,0.62,key_13,466,false
write,0.47,key_7,490,false
write,0.37,key_5,479,false
write,0.25,key_7,491,false
write,0.49,key_7,492,false
write,0.53,key_19,548,false
write,0.57,key_18,521,false
write,0.97,key_11,470,false
write,0.79,key_15,469,false
read,52.58,key_7,492,false
write,0.42,key_17,449,false
write,0.45,key_4,481,false
write,0.26,key_3,477,false
write,0.43,key_9,486,false
write,0.41,key_13,467,false
write,0.42,key_10,497,false
write,0.45,key_7,493,false
write,0.35,key_2,478,false
read,53.56,key_18,521,false
write,0.45,key_3,478,false
write,0.38,key_7,494,false
write,0.58,key_16,511,false
write,0.29,key_3,479,false
write,0.63,key_15,470,false
write,0.45,key_11,471,false
write,0.31,key_19,549,false
write,0.27,key_15,471,false
write,0.33,key_17,450,false
read,51.66,key_3,475,true
write,0.41,key_9,487,false
write,0.29,key_1,473,false
read,53.38,key_8,537,false
read,53.56,key_7,494,false
read,52.45,key_11,471,false
write,0.43,key_17,451,false
write,0.72,key_4,482,false
write,0.69,key_0,467,false
write,0.84,key_7,495,false
write,0.55,key_4,483,false
write,0.61,key_5,480,false
write,0.86,key_8,538,false
write,0.79,key_0,468,false
write,0.47,key_3,480,false
write,0.48,key_7,496,false
write,0.31,key_11,472,false
read,51.91,key_17,451,false
write,0.32,key_6,479,false
write,0.36,key_8,539,false
write,1.12,key_6,480,false
write,1.22,key_10,498,false
write,0.54,key_5,481,false
write,1.92,key_3,481,false
write,0.71,key_18,522,false
write,0.42,key_18,523,false
read,53.27,key_17,451,false
write,0.48,key_5,482,false
write,0.51,key_10,499,false
read,53.16,key_16,511,false
write,0.95,key_3,482,false
write,0.54,key_7,497,false
write,0.79,key_10,500,false
write,1.07,key_12,501,false
write,0.38,key_2,479,false
write,0.52,key_15,472,false
write,1.60,key_16,512,false
write,0.48,key_7,498,false
write,0.45,key_4,484,false
write,0.32,key_5,483,false
write,0.27,key_17,452,false
write,0.93,key_1,474,false
write,0.34,key_2,480,false
read,55.13,key_19,549,false
write,0.96,key_10,501,false
write,0.45,key_12,502,false
write,0.34,key_13,468,false
write,0.26,key_16,513,false
write,0.30,key_11,473,false
write,0.26,key_7,499,false
read,51.71,key_1,474,false
write,0.90,key_12,503,false
write,0.29,key_4,485,false
write,0.32,key_15,473,false
read,52.16,key_16,511,true
read,51.63,key_1,474,false
write,0.43,key_17,453,false
write,0.32,key_11,474,false
write,0.31,key_6,481,false
write,0.28,key_10,502,false
write,0.26,key_15,474,false
write,0.60,key_12,504,false
write,0.50,key_8,540,false
write,0.47,key_2,481,false
read,53.20,key_5,483,false
write,0.34,key_10,503,false
write,0.33,key_9,488,false
write,0.27,key_1,475,false
write,0.31,key_7,500,false
write,0.26,key_17,454,false
write,0.52,key_0,469,false
read,52.65,key_9,488,false
write,1.39,key_15,475,false
write,1.71,key_14,459,false
write,1.89,key_3,483,false
write,1.03,key_8,541,false
read,52.66,key_1,475,false
read,56.59,key_6,481,false
write,0.48,key_8,542,false
write,0.77,key_14,460,false
write,0.61,key_9,489,false
write,0.38,key_12,505,false
read,55.65,key_1,475,false
read,54.19,key_13,468,false
write,0.45,key_3,484,false
write,0.35,key_9,490,false
write,0.51,key_16,514,false
write,0.66,key_14,461,false
read,52.07,key_14,460,true
write,0.51,key_6,482,false
write,0.59,key_8,543,false
write,0.43,key_3,485,false
write,0.51,key_1,476,false
write,0.34,key_3,486,false
write,0.32,key_12,506,false
write,0.34,key_7,501,false
write,0.38,key_5,484,false
write,0.27,key_7,502,false
write,0.26,key_0,470,false
write,0.32,key_17,455,false
write,0.30,key_14,462,false
write,0.23,key_8,544,false
write,0.29,key_14,463,false
write,0.41,key_5,485,false
write,0.27,key_9,491,false
write,0.28,key_5,486,false
write,0.30,key_7,503,false
write,0.45,key_4,486,false
write,0.39,key_19,550,false
write,0.36,key_3,487,false
write,0.29,key_0,471,false
write,0.24,key_7,504,false
write,0.23,key_13,469,false
write,0.25,key_8,545,false
write,0.24,key_17,456,false
write,0.71,key_3,488,false
write,0.36,key_14,464,false
write,0.27,key_9,492,false
write,0.29,key_16,515,false
write,0.25,key_3,489,false
write,0.32,key_13,470,false
write,0.32,key_19,551,false
write,0.27,key_19,552,false
write,0.26,key_17,457,false
write,0.42,key_18,524,false
read,51.31,key_18,524,false
write,0.35,key_15,476,false
write,0.27,key_15,477,false
read,52.07,key_12,503,true
write,0.37,key_15,478,false
write,0.47,key_3,490,false
write,0.39,key_5,487,false
write,0.33,key_6,483,false
write,0.28,key_18,525,false
write,0.31,key_5,488,false
write,0.37,key_10,504,false
write,0.30,key_15,479,false
write,0.34,key_9,493,false
read,51.60,key_13,470,false
write,0.35,key_11,475,false
write,0.28,key_15,480,false
write,0.30,key_11,476,false
read,52.07,key_9,493,false
read,51.74,key_16,515,false
write,0.47,key_6,484,false
write,0.81,key_1,477,false
write,0.78,key_5,489,false
write,0.62,key_11,477,false
write,1.26,key_5,490,false
write,0.38,key_5,491,false
read,51.91,key_16,515,false
write,0.54,key_16,516,false
write,0.30,key_11,478,false
write,0.49,key_17,458,false
write,0.51,key_6,485,false
read,52.82,key_3,490,false
write,0.29,key_18,526,false
write,0.37,key_7,505,false
write,0.62,key_13,471,false
write,0.83,key_13,472,false
write,1.03,key_16,517,false
write,0.82,key_1,478,false
write,0.84,key_12,507,false
read,53.08,key_5,491,false
read,54.14,key_16,517,false
write,2.61,key_6,486,false
write,1.95,key_0,472,false
write,3.46,key_15,481,false
write,0.51,key_19,553,false
write,0.89,key_2,482,false
write,1.09,key_4,487,false
write,1.20,key_10,505,false
write,0.79,key_15,482,false
write,1.81,key_2,483,false
write,1.24,key_6,487,false
write,0.36,key_9,494,false
write,2.12,key_13,473,false
write,0.53,key_11,479,false
write,1.54,key_18,527,false
write,0.28,key_18,528,false
write,0.59,key_19,554,false
write,0.61,key_8,546,false
write,0.33,key_4,488,false
write,0.89,key_6,488,false
write,0.50,key_7,506,false
write,0.57,key_16,518,false
write,0.29,key_8,547,false
write,0.30,key_12,508,false
write,0.48,key_0,473,false
write,0.46,key_11,480,false
write,0.56,key_13,474,false
write,0.35,key_16,519,false
write,0.38,key_3,491,false
write,0.58,key_15,483,false
write,0.71,key_0,474,false
write,0.74,key_19,555,false
write,0.49,key_3,492,false
write,0.30,key_19,556,false
write,0.34,key_9,495,false
write,0.46,key_8,548,false
write,0.24,key_12,509,false
write,0.34,key_4,489,false
write,0.36,key_1,479,false
write,0.24,key_16,520,false
write,0.31,key_4,490,false
write,0.26,key_10,506,false
write,0.99,key_4,491,false
write,1.02,key_0,475,false
write,0.38,key_16,521,false
write,0.58,key_13,475,false
write,0.43,key_11,481,false
write,0.32,key_2,484,false
write,0.36,key_12,510,false
write,0.53,key_13,476,false
write,0.50,key_8,549,false
write,0.27,key_16,522,false
write,0.34,key_12,511,false
write,0.35,key_4,492,false
write,0.26,key_16,523,false
write,0.52,key_14,465,false
read,53.56,key_10,506,false
write,0.27,key_15,484,false
write,0.26,key_2,485,false
write,0.26,key_12,512,false
write,0.29,key_13,477,false
write,0.28,key_6,489,false
write,0.23,key_10,507,false
write,0.25,key_13,478,false
read,52.74,key_9,492,true
write,0.40,key_1,480,false
write,0.27,key_4,493,false
write,0.37,key_16,524,false
read,52.48,key_19,552,true
write,0.38,key_9,496,false
write,0.33,key_18,529,false
write,0.31,key_16,525,false
write,0.27,key_1,481,false
write,0.29,key_7,507,false
write,0.28,key_8,550,false
write,0.32,key_18,530,false
write,0.34,key_8,551,false
write,0.29,key_11,482,false
write,0.36,key_8,552,false
write,0.26,key_3,493,false
write,0.70,key_6,490,false
write,0.33,key_15,485,false
write,0.40,key_4,494,false
write,0.27,key_5,492,false
write,0.28,key_5,493,false
write,0.27,key_11,483,false
write,0.32,key_4,495,false
write,0.41,key_18,531,false
write,0.33,key_15,486,false
write,0.26,key_13,479,false
write,0.28,key_4,496,false
write,0.40,key_10,508,false
write,0.48,key_8,553,false
write,0.44,key_13,480,false
write,0.26,key_3,494,false
write,0.32,key_8,554,false
read,52.04,key_17,458,false
write,0.28,key_2,486,false
write,0.25,key_9,497,false
write,0.23,key_12,513,false
write,0.27,key_10,509,false
write,0.33,key_3,495,false
write,0.27,key_12,514,false
write,0.34,key_9,498,false
write,0.21,key_6,491,false
write,0.28,key_3,496,false
write,0.28,key_3,497,false
read,52.85,key_1,481,false
write,0.38,key_7,508,false
write,0.47,key_17,459,false
write,0.27,key_7,509,false
write,0.25,key_3,498,false
read,52.21,key_11,483,false
write,0.34,key_15,487,false
write,0.34,key_11,484,false
write,0.24,key_11,485,false
write,0.25,key_4,497,false
write,0.24,key_4,498,false
read,53.03,key_16,518,true
read,51.26,key_19,556,false
write,0.76,key_8,555,false
write,0.30,key_11,486,false
write,0.38,key_13,481,false
write,0.30,key_16,526,false
write,0.40,key_7,510,false
write,0.28,key_6,492,false
write,0.52,key_11,487,false
write,0.28,key_7,511,false
write,0.29,key_6,493,false
read,53.09,key_6,493,false
read,54.98,key_14,465,false
write,1.77,key_16,527,false
write,1.96,key_12,515,false
write,0.50,key_18,532,false
write,0.27,key_13,482,false
write,0.26,key_13,483,false
write,0.39,key_1,482,false
write,0.37,key_13,484,false
read,53.56,key_15,484,true
write,0.34,key_5,494,false
write,0.73,key_18,533,false
write,0.67,key_12,516,false
write,0.41,key_3,499,false
write,0.24,key_8,556,false
write,0.38,key_16,528,false
write,0.31,key_15,488,false
write,0.31,key_4,499,false
write,0.27,key_18,534,false
write,0.29,key_14,466,false
write,0.23,key_8,557,false
write,0.36,key_8,558,false
write,0.28,key_9,499,false
write,0.33,key_4,500,false
write,0.32,key_18,535,false
write,0.40,key_16,529,false
write,0.57,key_10,510,false
read,52.41,key_17,458,true
write,0.36,key_19,557,false
write,0.29,key_16,530,false
write,0.35,key_5,495,false
write,0.32,key_14,467,false
write,0.27,key_3,500,false
write,0.46,key_13,485,false
write,0.42,key_6,494,false
write,0.27,key_2,487,false
read,51.73,key_17,459,false
write,0.92,key_0,476,false
write,10.84,key_2,488,false
read,57.47,key_13,485,false
write,0.92,key_0,477,false
write,2.23,key_17,460,false
write,2.77,key_5,496,false
write,2.19,key_0,478,false
write,0.80,key_7,512,false
write,1.10,key_0,479,false
read,56.06,key_1,482,false
write,0.74,key_6,495,false
write,0.48,key_5,497,false
write,1.64,key_14,468,false
write,0.81,key_13,486,false
write,0.67,key_8,559,false
write,0.72,key_17,461,false
read,52.80,key_18,535,false
write,0.44,key_11,488,false
read,51.23,key_19,556,true
write,0.49,key_18,536,false
write,1.14,key_15,489,false
write,0.34,key_2,489,false
write,0.26,key_4,501,false
write,0.32,key_18,537,false
write,0.31,key_13,487,false
write,0.50,key_15,490,false
write,0.25,key_15,491,false
read,52.57,key_19,556,true
write,1.19,key_2,490,false
write,0.99,key_13,488,false
write,0.28,key_1,483,false
write,0.69,key_10,511,false
read,51.95,key_14,468,false
write,0.59,key_11,489,false
write,1.01,key_10,512,false
write,0.44,key_2,491,false
write,0.62,key_9,500,false
write,0.64,key_12,517,false
read,52.70,key_11,489,false
write,0.80,key_7,513,false
read,51.34,key_7,511,true
write,0.45,key_2,492,false
write,0.55,key_3,501,false
write,0.70,key_17,462,false
write,0.80,key_7,514,false
write,0.78,key_17,463,false
write,0.62,key_3,502,false
write,0.41,key_13,489,false
write,0.69,key_14,469,false
write,0.66,key_2,493,false
read,52.23,key_12,516,true
write,0.60,key_10,513,false
write,0.54,key_4,502,false
write,0.66,key_0,480,false
write,0.71,key_13,490,false
write,0.30,key_19,558,false
write,0.32,key_15,492,false
write,0.38,key_10,514,false
write,0.32,key_6,496,false
write,0.46,key_2,494,false
write,0.57,key_2,495,false
write,0.29,key_16,531,false
write,0.33,key_13,491,false
write,0.45,key_7,515,false
write,0.51,key_4,503,false
write,0.53,key_10,515,false
write,0.39,key_13,492,false
write,0.34,key_9,501,false
write,0.28,key_11,490,false
write,0.32,key_14,470,false
write,0.27,key_8,560,false
write,0.28,key_14,471,false
write,0.53,key_8,561,false
read,54.06,key_5,497,false
read,54.41,key_3,502,false
write,0.36,key_10,516,false
write,0.47,key_15,493,false
read,51.39,key_5,497,false
write,0.32,key_9,502,false
read,51.54,key_12,517,false
write,0.41,key_6,497,false
write,0.39,key_6,498,false
write,0.49,key_2,496,false
write,0.42,key_4,504,false
write,0.42,key_18,538,false
write,0.39,key_3,503,false
write,0.42,key_15,494,false
write,0.32,key_1,484,false
write,0.41,key_19,559,false
write,0.32,key_11,491,false
write,0.29,key_8,562,false
write,0.35,key_15,495,false
write,0.36,key_7,516,false
write,0.36,key_3,504,false
write,0.37,key_16,532,false
write,0.23,key_15,496,false
write,0.41,key_16,533,false
write,0.51,key_5,498,false
write,0.67,key_6,499,false
write,0.38,key_6,500,false
write,0.34,key_12,518,false
write,0.52,key_5,499,false
write,0.55,key_12,519,false
read,54.59,key_3,504,false
write,0.28,key_15,497,false
write,1.12,key_17,464,false
write,0.79,key_8,563,false
read,54.00,key_0,480,false
write,0.74,key_18,539,false
write,0.39,key_18,540,false
write,0.37,key_17,465,false
write,0.41,key_17,466,false
write,0.37,key_5,500,false
write,0.37,key_18,541,false
write,0.37,key_4,505,false
write,0.35,key_8,564,false
write,0.35,key_10,517,false
write,0.46,key_18,542,false
read,52.56,key_12,519,false
write,0.30,key_7,517,false
write,0.29,key_4,506,false
write,0.46,key_14,472,false
write,0.91,key_8,565,false
read,52.23,key_0,480,false
read,51.64,key_6,500,false
write,0.39,key_13,493,false
write,0.40,key_3,505,false
write,0.49,key_10,518,false
write,0.45,key_11,492,false
write,0.38,key_19,560,false
write,0.29,key_1,485,false
write,0.24,key_10,519,false
write,0.35,key_6,501,false
write,0.22,key_17,467,false
write,0.34,key_7,518,false
write,0.50,key_16,534,false
write,0.72,key_7,519,false
write,0.39,key_4,507,false
write,0.30,key_12,520,false
write,0.30,key_10,520,false
write,0.33,key_12,521,false
write,0.30,key_10,521,false
write,0.31,key_0,481,false
write,0.34,key_17,468,false
write,0.30,key_13,494,false
write,0.38,key_17,469,false
write,0.41,key_15,498,false
write,0.22,key_16,535,false
write,0.24,key_4,508,false
write,0.35,key_2,497,false
write,0.37,key_2,498,false
write,0.26,key_18,543,false
write,0.25,key_11,493,false
write,0.35,key_2,499,false
write,0.30,key_18,544,false
write,0.29,key_6,502,false
write,0.27,key_10,522,false
write,0.35,key_7,520,false
write,0.32,key_13,495,false
write,0.59,key_16,536,false
write,0.35,key_8,566,false
write,0.41,key_8,567,false
write,0.40,key_2,500,false
read,53.62,key_8,565,true
write,0.49,key_12,522,false
write,0.54,key_2,501,false
write,0.66,key_13,496,false
write,0.39,key_4,509,false
write,0.33,key_14,473,false
write,0.31,key_6,503,false
write,0.28,key_9,503,false
write,0.34,key_15,499,false
write,0.48,key_15,500,false
write,0.50,key_13,497,false
write,0.33,key_2,502,false
write,0.32,key_17,470,false
write,0.41,key_14,474,false
write,0.40,key_17,471,false
write,0.30,key_4,510,false
write,0.26,key_16,537,false
write,0.37,key_17,472,false
write,0.67,key_11,494,false
write,1.96,key_16,538,false
write,0.81,key_1,486,false
write,0.57,key_3,506,false
write,0.45,key_13,498,false
write,0.43,key_1,487,false
write,0.27,key_6,504,false
write,0.30,key_19,561,false
write,0.41,key_12,523,false
write,0.39,key_6,505,false
write,0.52,key_1,488,false
write,0.30,key_12,524,false
write,0.26,key_2,503,false
write,0.26,key_16,539,false
write,0.51,key_18,545,false
write,0.56,key_6,506,false
write,0.36,key_3,507,false
write,0.53,key_4,511,false
write,0.45,key_7,521,false
write,0.58,key_15,501,false
read,51.43,key_1,488,false
read,51.45,key_17,472,false
write,0.54,key_16,540,false
write,0.26,key_8,568,false
write,0.25,key_19,562,false
write,0.27,key_15,502,false
write,0.44,key_9,504,false
read,53.52,key_19,562,false
write,0.66,key_11,495,false
read,56.17,key_7,521,false
write,0.65,key_14,475,false
write,0.95,key_3,508,false
write,0.94,key_8,569,false
write,1.12,key_6,507,false
write,0.55,key_9,505,false
read,52.32,key_19,562,false
write,1.14,key_8,570,false
write,0.33,key_1,489,false
write,0.58,key_19,563,false
write,0.56,key_18,546,false
write,0.31,key_16,541,false
write,0.50,key_7,522,false
write,0.46,key_16,542,false
write,0.27,key_18,547,false
write,0.50,key_7,523,false
write,0.52,key_0,482,false
read,53.85,key_18,546,true
write,0.54,key_18,548,false
write,0.55,key_11,496,false
write,0.60,key_16,543,false
write,0.39,key_1,490,false
write,0.70,key_4,512,false
write,0.43,key_15,503,false
write,0.74,key_4,513,false
write,0.81,key_13,499,false
write,1.05,key_10,523,false
write,1.52,key_7,524,false
write,0.47,key_13,500,false
write,0.72,key_13,501,false
write,0.88,key_6,508,false
write,0.70,key_2,504,false
write,0.49,key_7,525,false
write,0.67,key_10,524,false
write,0.63,key_4,514,false
write,0.44,key_15,504,false
write,0.42,key_18,549,false
write,0.33,key_5,501,false
write,0.33,key_1,491,false
write,0.41,key_1,492,false
write,0.70,key_7,526,false
write,0.50,key_14,476,false
write,0.46,key_8,571,false
write,0.49,key_0,483,false
write,0.60,key_12,525,false
write,0.35,key_7,527,false
write,0.32,key_7,528,false
write,0.50,key_3,509,false
write,0.44,key_12,526,false
write,0.29,key_9,506,false
read,52.38,key_12,525,true
write,0.91,key_10,525,false
write,0.28,key_3,510,false
write,0.24,key_6,510,false
write,0.46,key_6,509,false
write,0.24,key_12,527,false
write,0.30,key_0,484,false
write,0.26,key_19,564,false
write,0.28,key_3,511,false
write,0.38,key_15,505,false
write,0.58,key_3,512,false
write,0.33,key_12,528,false
write,0.26,key_16,544,false
read,52.37,key_15,499,true
write,0.72,key_17,473,false
write,0.27,key_19,565,false
write,0.22,key_18,550,false
write,0.35,key_9,507,false
write,0.31,key_8,572,false
write,0.35,key_3,513,false
write,0.19,key_9,508,false
write,0.21,key_1,493,false
write,0.33,key_3,514,false
write,0.23,key_14,477,false
write,0.22,key_18,551,false
write,0.65,key_0,485,false
write,0.50,key_15,506,false
write,0.33,key_8,573,false
write,0.73,key_4,515,false
write,0.43,key_14,478,false
write,0.26,key_8,574,false
write,0.30,key_18,552,false
read,57.09,key_3,514,false
write,0.39,key_18,553,false
write,0.39,key_6,511,false
write,0.35,key_15,507,false
write,0.30,key_0,486,false
write,0.35,key_13,502,false
write,0.39,key_17,474,false
write,0.39,key_11,497,false
write,0.26,key_11,498,false
write,0.36,key_12,529,false
write,0.46,key_8,575,false
write,0.32,key_17,475,false
write,0.34,key_17,476,false
write,0.29,key_5,502,false
write,0.28,key_17,477,false
write,0.30,key_13,503,false
write,0.34,key_6,512,false
write,0.46,key_0,487,false
write,0.33,key_17,478,false
write,0.35,key_4,516,false
read,53.49,key_3,514,false
read,53.55,key_18,545,true
write,0.56,key_0,488,false
write,0.29,key_12,530,false
write,0.36,key_6,513,false
write,0.41,key_11,499,false
write,0.28,key_7,529,false
write,0.36,key_2,505,false
write,0.49,key_2,506,false
read,53.43,key_4,516,false
write,0.55,key_9,509,false
write,0.42,key_17,479,false
write,0.47,key_11,500,false
write,0.36,key_6,514,false
write,0.45,key_16,545,false
write,0.36,key_9,510,false
write,0.41,key_1,494,false
write,0.30,key_9,511,false
write,0.24,key_1,495,false
write,0.41,key_4,517,false
write,0.32,key_19,566,false
write,0.40,key_7,530,false
write,0.49,key_12,531,false
write,0.67,key_6,515,false
write,0.32,key_10,526,false
write,0.25,key_19,567,false
write,0.25,key_19,568,false
write,0.52,key_15,508,false
write,0.27,key_12,532,false
write,0.25,key_15,509,false
write,0.31,key_12,533,false
write,0.60,key_8,576,false
write,0.26,key_5,503,false
write,0.24,key_8,577,false
write,0.30,key_3,515,false
write,0.34,key_19,569,false
write,0.34,key_12,534,false
write,0.25,key_4,518,false
write,0.48,key_13,504,false
read,52.31,key_9,505,true
write,0.40,key_10,527,false
write,0.28,key_13,505,false
write,0.25,key_7,531,false
write,0.26,key_15,510,false
write,0.24,key_16,546,false
write,0.32,key_15,511,false
write,0.58,key_6,516,false
write,0.44,key_8,578,false
write,0.23,key_17,480,false
write,0.30,key_10,528,false
write,0.31,key_12,535,false
write,0.39,key_9,512,false
write,0.35,key_10,529,false
read,52.73,key_9,511,true
write,0.34,key_3,516,false
write,0.32,key_4,519,false
write,0.32,key_3,517,false
write,0.27,key_1,496,false
write,0.45,key_1,497,false
write,0.35,key_4,520,false
write,0.57,key_0,489,false
write,0.61,key_14,479,false
write,0.28,key_12,536,false
write,0.35,key_7,532,false
write,0.36,key_1,498,false
write,0.29,key_2,507,false
write,0.52,key_13,506,false
read,51.39,key_17,480,false
write,0.47,key_13,507,false
write,0.36,key_11,501,false
write,0.25,key_6,517,false
write,0.27,key_0,490,false
write,0.35,key_2,508,false
write,0.47,key_16,547,false
write,0.37,key_19,570,false
write,0.36,key_0,491,false
write,0.28,key_14,480,false
write,0.47,key_2,509,false
write,0.48,key_12,537,false
write,0.40,key_12,538,false
write,0.42,key_9,513,false
write,0.26,key_16,548,false
write,0.32,key_5,504,false
write,0.46,key_4,521,false
write,0.55,key_12,539,false
read,50.96,key_10,529,false
write,0.31,key_1,499,false
write,0.38,key_7,533,false
write,0.27,key_10,530,false
write,0.40,key_2,510,false
write,0.38,key_17,481,false
write,0.36,key_15,512,false
write,0.23,key_9,514,false
write,0.26,key_17,482,false
read,52.17,key_4,514,true
write,0.41,key_10,531,false
write,0.34,key_15,513,false
write,0.30,key_15,514,false
write,0.36,key_9,515,false
write,0.23,key_18,554,false
write,0.23,key_8,579,false
write,0.23,key_9,516,false
write,0.23,key_15,515,false
write,0.23,key_4,522,false
write,0.23,key_8,580,false
write,0.23,key_15,516,false
write,0.54,key_18,555,false
write,0.24,key_5,505,false
write,0.22,key_10,532,false
read,53.22,key_11,501,false
write,0.35,key_10,533,false
read,52.92,key_8,580,false
write,0.62,key_6,518,false
write,0.33,key_15,517,false
write,0.30,key_10,534,false
write,0.28,key_9,517,false
write,0.49,key_19,571,false
write,0.51,key_13,508,false
write,0.30,key_18,556,false
read,52.93,key_12,539,false
write,1.75,key_5,506,false
write,0.51,key_12,540,false
write,0.33,key_11,502,false
read,53.27,key_3,517,false
write,2.18,key_8,581,false
read,52.13,key_5,506,false
write,0.74,key_2,511,false
write,0.33,key_8,582,false
read,53.05,key_1,499,false
write,1.68,key_11,503,false
write,0.59,key_0,492,false
read,51.37,key_1,499,false
write,0.49,key_4,523,false
read,51.88,key_17,482,false
write,0.56,key_1,500,false
write,1.38,key_15,518,false
write,1.88,key_7,534,false
read,51.03,key_10,534,false
write,0.34,key_3,518,false
write,0.49,key_6,519,false
write,0.42,key_2,512,false
write,0.45,key_3,519,false
write,0.35,key_10,535,false
write,0.34,key_13,509,false
write,0.32,key_8,583,false
write,0.35,key_12,541,false
write,0.36,key_6,520,false
write,0.35,key_2,513,false
write,0.29,key_1,501,false
write,0.30,key_18,557,false
write,0.27,key_18,558,false
write,0.40,key_5,507,false
write,0.32,key_14,481,false
write,0.43,key_11,504,false
write,0.26,key_17,483,false
write,0.25,key_11,505,false
write,0.26,key_5,508,false
read,52.87,key_16,548,false
write,0.55,key_2,514,false
write,0.23,key_15,519,false
write,0.27,key_18,559,false
write,0.29,key_12,542,false
write,0.31,key_11,506,false
write,0.23,key_12,543,false
write,0.43,key_8,584,false
write,0.24,key_10,536,false
write,0.23,key_1,502,false
write,0.28,key_19,572,false
write,0.33,key_1,503,false
read,52.60,key_11,501,true
write,0.25,key_5,509,false
write,0.23,key_9,518,false
read,51.95,key_11,501,true
write,0.61,key_12,544,false
read,52.73,key_13,508,true
write,0.38,key_18,560,false
write,0.29,key_17,484,false
write,0.33,key_18,561,false
write,0.32,key_9,519,false
write,0.31,key_17,485,false
write,0.40,key_8,585,false
write,0.34,key_19,573,false
write,0.43,key_2,515,false
write,0.41,key_17,486,false
write,0.22,key_1,504,false
write,0.56,key_18,562,false
write,0.39,key_1,505,false
write,0.41,key_7,535,false
write,0.44,key_18,563,false
write,0.47,key_2,516,false
write,0.24,key_8,586,false
write,0.25,key_18,564,false
write,0.28,key_13,510,false
write,0.61,key_5,510,false
write,0.41,key_18,565,false
write,0.49,key_2,517,false
write,0.28,key_11,507,false
write,0.53,key_4,524,false
write,0.35,key_4,525,false
write,0.31,key_14,482,false
write,0.60,key_3,520,false
write,0.34,key_15,520,false
write,0.43,key_1,506,false
read,57.67,key_0,492,false
write,0.40,key_3,521,false
write,0.57,key_6,521,false
read,52.78,key_16,548,false
write,0.38,key_16,549,false
write,0.43,key_6,522,false
write,0.44,key_13,512,false
write,0.48,key_13,511,false
write,0.32,key_10,537,false
write,0.34,key_15,521,false
write,0.55,key_7,536,false
write,0.62,key_0,493,false
write,0.27,key_12,545,false
write,0.36,key_11,508,false
write,0.31,key_7,537,false
write,0.47,key_5,511,false
write,0.35,key_15,522,false
write,0.33,key_0,494,false
write,0.38,key_17,487,false
write,0.27,key_17,488,false
write,0.38,key_3,522,false
read,52.87,key_19,571,true
write,0.32,key_0,495,false
write,0.27,key_4,526,false
write,0.50,key_1,507,false
write,0.36,key_15,523,false
write,0.63,key_13,513,false
read,52.93,key_16,548,true
write,0.31,key_15,524,false
write,0.34,key_15,525,false
write,0.66,key_4,527,false
read,52.45,key_11,503,true
write,0.45,key_17,489,false
write,0.49,key_15,527,false
write,0.52,key_15,526,false
write,0.41,key_16,550,false
write,0.44,key_11,509,false
write,0.44,key_9,520,false
write,0.45,key_18,566,false
write,0.40,key_11,510,false
read,51.98,key_4,527,false
write,0.48,key_14,483,false
write,0.64,key_5,512,false
write,0.63,key_2,518,false
write,0.59,key_14,484,false
write,1.19,key_0,496,false
write,1.33,key_18,567,false
write,0.95,key_7,538,false
write,0.52,key_12,546,false
write,0.35,key_16,551,false
read,50.92,key_7,538,false
write,0.39,key_14,485,false
write,0.31,key_6,523,false
write,0.25,key_3,523,false
write,0.28,key_16,552,false
write,0.27,key_5,513,false
write,0.38,key_1,508,false
write,0.42,key_2,519,false
write,0.48,key_5,514,false
write,1.00,key_0,497,false
write,0.74,key_2,520,false
write,0.61,key_7,539,false
read,52.50,key_7,538,true
read,53.69,key_5,514,false
write,2.55,key_0,498,false
write,0.40,key_17,490,false
write,0.32,key_17,491,false
read,54.07,key_4,525,true
write,1.10,key_17,492,false
write,0.52,key_19,574,false
write,0.62,key_17,493,false
write,0.46,key_5,515,false
write,0.36,key_4,528,false
write,0.40,key_18,568,false
write,0.91,key_16,553,false
write,0.51,key_1,509,false
write,1.84,key_6,524,false
write,0.72,key_13,514,false
write,1.15,key_1,510,false
write,0.88,key_5,516,false
write,0.26,key_9,521,false
read,52.29,key_7,539,false
write,0.39,key_7,540,false
write,0.24,key_18,569,false
write,0.25,key_2,521,false
write,0.22,key_14,486,false
write,0.26,key_18,570,false
write,0.24,key_8,587,false
write,0.26,key_13,515,false
write,0.29,key_13,516,false
write,0.38,key_17,494,false
write,0.56,key_3,524,false
write,0.48,key_19,575,false
write,0.74,key_16,554,false
write,0.68,key_10,538,false
write,1.47,key_13,517,false
read,51.78,key_6,524,false
write,1.56,key_3,525,false
write,1.12,key_17,495,false
write,1.18,key_18,571,false
write,2.11,key_7,541,false
write,0.92,key_9,522,false
write,0.48,key_10,539,false
write,0.51,key_4,529,false
write,0.46,key_5,517,false
write,0.46,key_12,547,false
write,0.36,key_6,525,false
write,0.36,key_14,487,false
write,0.58,key_6,526,false
write,0.64,key_17,496,false
write,0.41,key_18,572,false
write,0.56,key_14,488,false
write,0.47,key_9,523,false
write,0.39,key_0,499,false
write,0.29,key_19,576,false
read,51.18,key_6,522,true
read,52.20,key_0,499,false
write,0.41,key_12,548,false
read,52.29,key_14,488,false
write,0.26,key_11,511,false
write,0.37,key_1,511,false
write,0.36,key_14,489,false
write,0.23,key_2,522,false
read,52.82,key_3,525,false
write,0.36,key_14,490,false
write,0.42,key_19,577,false
write,0.67,key_1,512,false
write,0.78,key_14,491,false
write,0.34,key_9,524,false
write,0.91,key_0,500,false
write,0.65,key_18,573,false
write,0.67,key_17,497,false
write,0.69,key_4,530,false
write,0.40,key_6,527,false
read,55.06,key_1,508,true
read,54.11,key_7,539,true
write,0.33,key_1,513,false
write,0.36,key_18,574,false
write,0.36,key_11,512,false
write,0.25,key_4,531,false
write,0.29,key_10,540,false
read,52.52,key_14,491,false
write,0.50,key_10,541,false
write,0.38,key_1,514,false
read,53.22,key_4,531,false
write,0.43,key_4,532,false
write,0.25,key_7,542,false
write,0.23,key_7,543,false
write,0.22,key_0,501,false
write,0.28,key_5,518,false
read,51.73,key_7,543,false
write,0.39,key_6,528,false
write,0.25,key_0,502,false
write,0.32,key_5,519,false
write,0.26,key_13,518,false
write,0.26,key_3,526,false
write,0.27,key_13,519,false
read,53.80,key_19,577,false
read,53.36,key_5,517,true
write,0.68,key_9,525,false
write,0.49,key_15,528,false
write,0.41,key_19,578,false
write,0.65,key_7,544,false
write,0.46,key_12,549,false
write,0.39,key_13,520,false
write,0.86,key_13,521,false
write,1.97,key_5,520,false
write,0.35,key_8,588,false
write,0.47,key_8,589,false
read,51.40,key_14,491,false
write,0.39,key_16,555,false
write,0.27,key_8,590,false
write,0.24,key_12,550,false
write,0.24,key_10,542,false
write,0.24,key_0,503,false
write,0.42,key_14,492,false
read,51.55,key_3,526,false
write,0.38,key_13,522,false
write,0.26,key_17,498,false
write,0.47,key_8,591,false
read,51.67,key_0,503,false
write,0.30,key_10,543,false
write,0.28,key_18,575,false
write,0.25,key_1,515,false
write,0.34,key_0,504,false
write,0.47,key_10,544,false
read,50.92,key_6,528,false
write,0.28,key_12,551,false
write,0.39,key_9,526,false
write,0.26,key_15,529,false
read,53.47,key_16,555,false
read,51.28,key_0,500,true
write,0.61,key_15,530,false
write,0.38,key_10,545,false
write,0.26,key_13,523,false
write,0.26,key_4,533,false
write,0.29,key_6,529,false
write,0.40,key_5,521,false
write,0.28,key_2,523,false
write,0.34,key_3,527,false
write,0.24,key_1,516,false
write,0.58,key_5,522,false
write,0.40,key_16,556,false
write,0.29,key_9,527,false
write,0.43,key_16,557,false
write,0.38,key_2,524,false
write,0.42,key_18,576,false
write,0.41,key_5,523,false
write,0.26,key_3,528,false
write,0.36,key_6,530,false
write,0.37,key_13,524,false
read,51.33,key_6,530,false
write,0.46,key_17,499,false
read,52.07,key_18,576,false
read,51.91,key_17,499,false
write,1.68,key_14,493,false
write,0.30,key_13,525,false
read,52.06,key_15,530,false
write,0.65,key_18,577,false
write,0.65,key_6,531,false
write,0.80,key_16,558,false
write,0.30,key_7,545,false
write,0.90,key_13,526,false
write,0.54,key_16,559,false
write,0.75,key_4,534,false
read,52.38,key_7,544,true
write,0.55,key_18,578,false
write,0.63,key_19,579,false
write,0.62,key_15,531,false
write,0.41,key_10,546,false
write,0.44,key_3,529,false
write,0.43,key_12,552,false
write,0.41,key_7,546,false
write,0.33,key_18,579,false
write,0.41,key_8,592,false
write,0.44,key_9,528,false
write,0.82,key_18,580,false
write,0.96,key_13,527,false
write,0.65,key_18,581,false
write,0.41,key_15,532,false
write,0.68,key_15,533,false
write,1.27,key_1,517,false
write,0.55,key_11,513,false
write,0.70,key_0,505,false
write,0.70,key_17,500,false
read,52.09,key_5,523,false
read,51.68,key_0,504,true
write,0.89,key_11,514,false
write,0.96,key_14,494,false
write,1.22,key_15,534,false
write,0.78,key_0,506,false
write,1.08,key_18,582,false
write,1.13,key_6,532,false
write,0.99,key_17,501,false
write,0.81,key_5,524,false
write,1.83,key_15,535,false
write,0.96,key_9,529,false
write,0.72,key_12,553,false
write,0.68,key_17,502,false
write,0.67,key_17,503,false
write,0.54,key_13,528,false
write,0.37,key_11,515,false
write,0.38,key_10,547,false
write,0.51,key_1,518,false
write,0.61,key_12,554,false
read,52.04,key_18,575,true
write,0.66,key_17,504,false
write,0.59,key_4,535,false
write,1.03,key_9,530,false
write,0.79,key_19,580,false
read,52.01,key_8,591,true
write,0.38,key_12,555,false
write,0.54,key_16,560,false
write,0.69,key_12,556,false
write,0.91,key_5,526,false
write,0.72,key_5,525,false
write,2.21,key_16,561,false
write,1.53,key_2,525,false
write,0.64,key_2,526,false
write,0.63,key_10,548,false
read,51.61,key_4,535,false
write,4.69,key_3,530,false
write,4.71,key_11,516,false
write,1.19,key_12,557,false
write,2.36,key_4,536,false
write,6.56,key_6,533,false
write,5.64,key_2,527,false
write,2.69,key_18,583,false
write,7.95,key_5,527,false
write,8.08,key_17,505,false
write,7.38,key_10,549,false
write,5.23,key_8,593,false
write,3.15,key_8,594,false
write,2.74,key_17,506,false
read,53.60,key_4,533,true
read,58.37,key_13,528,false
write,2.42,key_8,595,false
write,3.34,key_15,536,false
read,55.42,key_16,561,false
read,58.53,key_12,557,false
read,62.96,key_10,549,false
read,61.90,key_15,535,true
write,10.53,key_15,537,false
write,10.56,key_17,507,false
write,17.23,key_1,519,false
read,73.27,key_16,561,false
write,19.58,key_3,532,false
write,19.60,key_3,531,false
write,21.64,key_11,517,false
write,20.07,key_14,495,false
write,31.20,key_10,550,false
write,19.48,key_2,528,false
write,20.45,key_1,520,false
write,23.48,key_9,531,false
write,31.37,key_8,596,false
write,23.48,key_13,529,false
read,75.31,key_10,550,false
write,15.81,key_11,518,false
write,15.21,key_2,529,false
read,95.19,key_19,580,false
read,97.31,key_18,583,false
write,34.01,key_15,538,false
read,113.64,key_17,507,false
write,18.70,key_8,597,false
write,24.19,key_8,598,false
write,24.80,key_14,496,false
write,37.31,key_12,558,false
write,37.31,key_0,507,false
write,28.98,key_12,559,false
write,21.42,key_4,537,false
write,6.86,key_5,528,false
write,6.54,key_8,599,false
write,11.35,key_0,508,false
write,17.68,key_14,497,false
write,17.88,key_16,562,false
write,19.01,key_16,563,false
write,2.49,key_2,531,false
write,3.30,key_2,530,false
write,9.55,key_17,508,false
write,3.44,key_10,551,false
write,21.06,key_7,547,false
write,4.15,key_13,530,false
write,6.63,key_16,564,false
write,2.93,key_0,509,false
write,7.09,key_3,533,false
write,21.35,key_14,498,false
write,7.45,key_3,534,false
write,0.73,key_7,548,false
write,0.76,key_13,531,false
write,1.20,key_7,549,false
write,1.24,key_4,538,false
write,1.86,key_11,519,false
write,1.33,key_14,499,false
write,1.23,key_8,600,false
write,0.80,key_0,510,false
write,0.78,key_10,552,false
write,1.90,key_6,534,false
write,2.09,key_7,550,false
write,2.15,key_2,532,false
write,0.68,key_4,539,false
write,1.18,key_7,551,false
write,3.15,key_0,511,false
write,0.65,key_13,532,false
write,0.90,key_19,581,false
write,1.28,key_13,533,false
write,1.53,key_3,535,false
write,0.92,key_9,532,false
write,1.32,key_6,535,false
read,66.72,key_16,564,false
write,4.96,key_5,529,false
write,1.11,key_0,512,false
write,0.74,key_2,533,false
write,0.94,key_10,553,false
read,73.82,key_16,564,false
write,1.04,key_16,565,false
write,0.48,key_9,533,false
write,0.42,key_18,584,false
write,0.28,key_3,536,false
read,55.29,key_8,600,false
write,0.27,key_0,513,false
write,0.42,key_13,534,false
write,0.56,key_9,534,false
write,0.34,key_3,537,false
read,53.14,key_8,600,false
write,0.58,key_9,535,false
write,0.27,key_19,582,false
write,0.84,key_12,560,false
read,54.87,key_15,538,false
write,0.54,key_7,552,false
write,0.54,key_5,530,false
write,0.56,key_18,585,false
write,0.74,key_6,536,false
write,0.40,key_13,535,false
write,0.40,key_1,521,false
read,52.40,key_2,533,false
write,0.30,key_14,500,false
write,0.32,key_2,534,false
write,0.37,key_4,541,false
write,0.61,key_4,540,false
write,0.35,key_14,501,false
write,0.35,key_9,536,false
write,0.37,key_16,566,false
read,56.34,key_2,534,false
write,0.34,key_16,567,false
read,128.85,key_1,520,true
write,0.30,key_9,537,false
write,0.34,key_19,583,false
write,0.53,key_7,553,false
write,0.26,key_4,542,false
write,0.29,key_0,514,false
write,0.29,key_9,538,false
read,101.45,key_14,496,true
write,0.48,key_14,502,false
write,0.29,key_17,509,false
read,54.36,key_10,553,false
write,0.43,key_2,535,false
write,0.29,key_13,536,false
read,52.65,key_10,553,false
write,0.36,key_8,601,false
write,0.71,key_8,602,false
write,0.39,key_14,503,false
write,0.36,key_18,586,false
read,55.41,key_18,586,false
write,5.31,key_6,537,false
read,61.51,key_13,536,false
read,54.07,key_3,537,false
read,54.97,key_1,521,false
write,6.82,key_12,561,false
read,57.55,key_8,602,false
read,58.71,key_6,537,false
write,6.81,key_8,603,false
write,3.12,key_4,543,false
write,6.65,key_8,604,false
write,1.44,key_10,554,false
read,55.43,key_1,521,false
write,2.67,key_9,539,false
write,2.74,key_3,538,false
write,7.39,key_12,562,false
write,6.37,key_12,563,false
write,6.62,key_19,584,false
write,1.35,key_11,520,false
write,1.16,key_8,605,false
write,1.37,key_4,544,false
write,0.82,key_17,510,false
write,3.26,key_19,585,false
write,0.80,key_14,504,false
write,0.57,key_19,586,false
write,0.44,key_8,606,false
write,0.80,key_18,587,false
write,0.50,key_0,515,false
write,0.71,key_7,554,false
write,0.56,key_15,540,false
write,0.48,key_15,539,false
write,0.64,key_8,607,false
write,0.64,key_4,545,false
write,0.70,key_13,537,false
write,0.75,key_16,568,false
write,0.87,key_19,587,false
write,1.11,key_18,588,false
write,0.66,key_13,538,false
write,1.14,key_2,536,false
write,1.18,key_4,546,false
write,0.60,key_3,539,false
write,0.63,key_1,522,false
write,0.72,key_6,538,false
write,0.84,key_1,523,false
write,0.40,key_2,537,false
write,0.52,key_17,511,false
write,0.52,key_0,516,false
write,0.49,key_7,555,false
read,53.87,key_0,515,true
write,0.51,key_7,556,false
write,1.10,key_7,557,false
write,1.14,key_19,588,false
write,1.00,key_6,539,false
write,0.35,key_1,524,false
write,1.47,key_17,512,false
write,0.70,key_16,569,false
write,0.70,key_17,513,false
read,52.69,key_3,539,false
write,0.89,key_10,556,false
write,0.99,key_2,538,false
write,1.32,key_10,555,false
write,0.85,key_16,570,false
write,1.76,key_0,517,false
write,0.81,key_15,541,false
write,1.26,key_16,571,false
write,1.04,key_13,539,false
read,52.04,key_0,516,true
write,0.58,key_1,525,false
write,0.60,key_14,505,false
write,0.65,key_9,540,false
write,0.54,key_3,540,false
write,0.57,key_12,564,false
write,0.97,key_9,541,false
write,0.61,key_10,557,false
write,0.55,key_11,521,false
write,0.60,key_2,539,false
write,0.71,key_6,540,false
write,1.39,key_10,558,false
write,1.25,key_7,558,false
write,1.51,key_3,541,false
write,1.40,key_9,542,false
write,2.41,key_5,531,false
write,2.69,key_5,532,false
write,0.67,key_17,514,false
write,0.75,key_8,608,false
write,0.84,key_14,506,false
write,0.77,key_14,507,false
write,0.42,key_9,543,false
write,0.78,key_2,540,false
write,0.98,key_5,533,false
write,0.95,key_11,522,false
write,0.49,key_11,523,false
write,1.42,key_10,559,false
write,1.31,key_17,515,false
write,0.85,key_6,541,false
write,0.64,key_18,589,false
write,1.53,key_9,544,false
write,1.78,key_10,560,false
write,0.91,key_2,541,false
write,0.70,key_17,516,false
write,0.79,key_2,542,false
write,1.42,key_4,547,false
write,1.09,key_3,542,false
write,0.84,key_14,508,false
write,0.27,key_1,526,false
write,0.48,key_6,542,false
write,0.35,key_18,590,false
write,0.49,key_7,559,false
write,0.80,key_5,534,false
write,0.28,key_19,589,false
write,0.34,key_1,527,false
write,0.33,key_8,609,false
write,0.40,key_10,561,false
write,0.63,key_16,572,false
write,0.66,key_19,590,false
write,0.75,key_17,517,false
write,0.44,key_0,518,false
write,0.39,key_14,509,false
write,0.51,key_1,528,false
write,0.66,key_18,591,false
write,0.31,key_19,591,false
write,0.53,key_0,519,false
write,0.31,key_15,542,false
write,0.34,key_14,510,false
write,0.29,key_10,562,false
write,0.38,key_11,524,false
write,0.28,key_14,511,false
write,0.35,key_18,592,false
write,0.33,key_12,565,false
write,0.28,key_15,543,false
write,0.23,key_19,592,false
write,0.22,key_17,518,false
write,0.33,key_2,543,false
write,0.30,key_13,540,false
read,54.57,key_13,540,false
write,0.58,key_11,525,false
write,0.47,key_13,541,false
write,0.34,key_17,519,false
write,0.27,key_13,542,false
write,0.39,key_19,593,false
write,0.27,key_16,573,false
write,0.26,key_9,545,false
write,0.41,key_15,544,false
write,0.28,key_8,610,false
write,0.24,key_11,526,false
write,0.32,key_17,520,false
read,52.36,key_2,543,false
write,0.30,key_12,566,false
write,0.54,key_17,521,false
write,0.65,key_4,548,false
read,52.25,key_7,559,false
write,0.85,key_2,544,false
write,1.22,key_1,529,false
write,0.77,key_10,563,false
read,51.92,key_11,526,false
write,0.58,key_6,543,false
write,0.59,key_0,520,false
write,0.69,key_12,567,false
write,0.42,key_12,568,false
write,0.31,key_18,593,false
write,0.80,key_3,543,false
write,0.68,key_4,549,false
write,0.89,key_4,550,false
write,1.41,key_0,521,false
write,0.46,key_9,546,false
write,0.41,key_2,545,false
write,0.26,key_17,522,false
write,0.28,key_2,547,false
write,0.36,key_2,546,false
write,0.32,key_1,530,false
write,0.43,key_8,611,false
write,0.46,key_2,548,false
write,0.40,key_18,594,false
write,0.46,key_1,531,false
write,0.51,key_13,543,false
write,0.34,key_4,551,false
write,0.82,key_17,523,false
write,0.74,key_4,552,false
write,1.33,key_3,544,false
write,1.31,key_1,532,false
write,0.48,key_5,535,false
write,0.37,key_11,527,false
read,53.95,key_11,526,true
write,0.38,key_3,545,false
write,0.36,key_5,536,false
write,0.31,key_15,545,false
write,0.26,key_4,553,false
write,0.27,key_2,549,false
write,0.37,key_7,560,false
write,0.34,key_2,550,false
write,0.36,key_17,524,false
read,55.09,key_6,542,true
read,54.32,key_5,536,false
read,54.26,key_3,542,true
write,0.33,key_3,546,false
write,0.41,key_15,546,false
write,0.29,key_1,534,false
write,0.66,key_1,533,false
write,0.33,key_14,512,false
write,0.57,key_9,547,false
read,52.48,key_3,542,true
write,0.65,key_1,535,false
write,0.99,key_11,528,false
write,0.54,key_19,595,false
write,0.95,key_10,564,false
write,2.01,key_19,594,false
write,2.47,key_15,547,false
write,1.66,key_7,561,false
write,3.04,key_13,544,false
write,8.38,key_7,562,false
read,63.97,key_19,594,true
write,12.06,key_18,595,false
write,3.79,key_6,544,false
write,7.18,key_8,612,false
write,16.61,key_3,547,false
write,4.00,key_12,569,false
write,4.84,key_1,536,false
write,1.09,key_8,613,false
write,8.24,key_12,570,false
write,7.04,key_3,548,false
write,3.52,key_13,545,false
write,5.93,key_1,537,false
write,2.84,key_8,614,false
write,3.16,key_4,555,false
write,2.88,key_4,554,false
read,55.66,key_15,547,false
write,4.10,key_1,538,false
write,3.04,key_14,513,false
write,6.14,key_18,596,false
read,52.54,key_7,562,false
read,52.98,key_19,595,false
write,0.82,key_5,537,false
write,2.85,key_12,571,false
write,1.08,key_2,551,false
write,1.10,key_2,552,false
write,1.07,key_4,556,false
write,1.03,key_4,557,false
write,1.89,key_6,545,false
write,1.72,key_17,525,false
read,52.50,key_8,614,false
write,2.15,key_15,548,false
read,53.22,key_6,543,true
write,1.82,key_12,572,false
write,2.12,key_17,526,false
write,1.36,key_4,558,false
write,0.91,key_3,549,false
write,0.98,key_2,553,false
write,0.96,key_3,550,false
write,0.83,key_9,548,false
write,0.47,key_4,559,false
write,0.50,key_9,549,false
write,0.68,key_19,596,false
write,0.45,key_8,615,false
write,0.67,key_7,563,false
write,0.89,key_3,551,false
write,0.71,key_6,546,false
write,0.52,key_1,539,false
write,0.95,key_6,547,false
write,0.47,key_10,565,false
write,1.01,key_5,538,false
write,0.30,key_10,566,false
write,0.42,key_12,573,false
write,0.53,key_15,549,false
write,0.83,key_13,546,false
write,0.79,key_7,564,false
write,0.44,key_17,527,false
write,0.65,key_11,529,false
write,0.30,key_15,550,false
write,0.27,key_12,574,false
write,0.57,key_12,575,false
write,0.47,key_16,574,false
write,0.59,key_13,547,false
write,0.60,key_7,565,false
write,0.57,key_11,530,false
write,0.55,key_16,575,false
write,0.33,key_12,576,false
read,55.56,key_0,521,false
write,0.46,key_0,522,false
write,0.26,key_18,597,false
write,0.25,key_16,576,false
write,0.46,key_12,577,false
read,59.63,key_2,553,false
write,0.39,key_11,531,false
write,0.31,key_13,548,false
read,57.79,key_6,544,true
read,52.30,key_2,553,false
read,53.73,key_19,595,true
read,53.45,key_11,531,false
read,52.34,key_14,513,false
read,53.27,key_18,597,false
write,2.67,key_16,577,false
write,3.06,key_15,551,false
read,52.68,key_19,596,false
write,0.53,key_13,549,false
write,0.59,key_18,598,false
write,0.38,key_17,528,false
write,1.39,key_10,567,false
write,3.32,key_14,514,false
write,2.06,key_0,523,false
write,1.03,key_2,554,false
write,1.05,key_9,550,false
write,1.13,key_4,560,false
write,2.50,key_9,551,false
write,0.53,key_13,550,false
write,0.49,key_1,540,false
write,0.54,key_16,578,false
write,0.29,key_13,551,false
write,0.46,key_8,616,false
write,0.28,key_4,561,false
write,0.41,key_14,515,false
write,0.54,key_8,617,false
write,0.61,key_16,579,false
write,0.50,key_18,599,false
write,0.35,key_1,541,false
write,0.34,key_16,580,false
write,0.35,key_9,552,false
write,0.27,key_15,552,false
write,0.42,key_17,529,false
write,0.42,key_6,548,false
write,0.31,key_15,553,false
write,0.68,key_17,530,false
write,1.50,key_18,600,false
write,0.84,key_13,552,false
write,0.54,key_16,581,false
write,0.48,key_13,553,false
write,0.75,key_6,549,false
write,0.36,key_1,542,false
write,0.38,key_7,566,false
write,0.33,key_18,602,false
write,0.32,key_18,601,false
write,0.42,key_19,597,false
write,0.41,key_10,568,false
write,0.25,key_7,567,false
write,0.29,key_6,550,false
write,0.30,key_10,569,false
write,0.28,key_2,555,false
read,54.34,key_16,581,false
write,0.59,key_8,618,false
write,0.63,key_14,516,false
read,53.04,key_7,567,false
write,0.46,key_8,619,false
write,0.31,key_5,539,false
write,0.67,key_7,568,false
write,0.69,key_18,603,false
write,0.82,key_1,543,false
write,0.82,key_0,524,false
write,1.17,key_3,552,false
write,0.75,key_11,532,false
write,0.74,key_0,525,false
write,1.18,key_14,517,false
write,0.36,key_14,518,false
write,0.42,key_7,569,false
write,0.38,key_8,620,false
write,0.39,key_1,544,false
write,0.77,key_6,551,false
write,0.45,key_0,526,false
write,0.40,key_4,562,false
write,0.83,key_10,570,false
write,0.42,key_1,545,false
write,0.66,key_1,546,false
write,0.46,key_8,621,false
write,0.55,key_19,598,false
write,0.46,key_15,554,false
write,0.37,key_7,570,false
write,0.29,key_11,533,false
write,0.29,key_9,553,false
write,0.35,key_15,555,false
write,0.34,key_13,554,false
write,0.25,key_3,553,false
write,0.30,key_3,554,false
write,0.32,key_15,556,false
write,0.29,key_9,554,false
write,0.30,key_14,519,false
write,0.30,key_8,622,false
write,0.26,key_12,578,false
write,0.68,key_8,623,false
write,0.67,key_19,599,false
write,1.05,key_11,534,false
write,0.38,key_16,582,false
write,0.65,key_6,552,false
write,0.28,key_8,624,false
write,0.31,key_18,604,false
write,0.35,key_11,535,false
write,0.35,key_12,579,false
write,0.38,key_19,600,false
write,0.26,key_19,601,false
write,0.31,key_19,602,false
write,0.24,key_3,555,false
write,0.29,key_9,555,false
write,0.32,key_1,547,false
write,0.32,key_15,557,false
write,0.52,key_10,571,false
write,0.61,key_15,558,false
write,0.28,key_11,536,false
write,0.30,key_19,603,false
write,0.30,key_10,572,false
write,0.41,key_16,583,false
write,0.45,key_9,556,false
write,0.40,key_12,580,false
write,0.36,key_13,555,false
write,0.33,key_9,557,false
write,0.44,key_0,527,false
write,0.36,key_9,558,false
write,0.23,key_17,531,false
write,0.30,key_5,540,false
write,0.26,key_18,605,false
write,0.23,key_5,541,false
write,0.37,key_13,556,false
write,0.43,key_9,559,false
write,0.41,key_1,548,false
write,0.38,key_18,606,false
write,0.38,key_14,520,false
write,0.37,key_13,557,false
write,0.33,key_17,532,false
write,0.26,key_1,549,false
write,0.51,key_15,559,false
write,0.64,key_7,571,false
write,0.52,key_16,584,false
write,0.34,key_12,581,false
write,0.29,key_4,563,false
write,0.27,key_3,556,false
write,0.24,key_11,537,false
write,0.22,key_10,573,false
write,0.48,key_4,564,false
read,53.34,key_15,559,false
write,0.32,key_10,574,false
write,0.27,key_13,558,false
write,0.26,key_17,533,false
read,52.12,key_14,513,true
write,0.49,key_4,565,false
write,0.34,key_11,538,false
read,54.48,key_6,552,false
write,0.71,key_2,556,false
write,0.46,key_8,625,false
write,0.43,key_14,521,false
write,0.47,key_4,566,false
write,0.39,key_14,522,false
read,52.83,key_18,606,false
write,0.27,key_19,604,false
write,0.47,key_12,582,false
write,0.84,key_3,557,false
write,0.70,key_19,605,false
write,0.43,key_3,558,false
write,0.44,key_19,606,false
write,0.34,key_11,539,false
write,0.35,key_12,583,false
write,0.28,key_0,528,false
write,0.26,key_8,626,false
write,0.29,key_18,607,false
write,0.49,key_3,559,false
read,52.51,key_1,549,false
write,0.26,key_13,559,false
write,0.33,key_0,529,false
write,0.40,key_10,575,false
write,0.30,key_3,560,false
write,0.37,key_6,553,false
write,0.25,key_5,542,false
write,0.24,key_4,567,false
write,0.23,key_16,585,false
write,0.23,key_2,557,false
write,0.34,key_7,572,false
write,0.34,key_11,540,false
read,52.98,key_10,575,false
write,0.38,key_19,607,false
write,1.50,key_1,550,false
write,0.50,key_4,568,false
write,0.76,key_7,573,false
write,0.48,key_7,574,false
write,0.27,key_5,543,false
write,0.22,key_12,584,false
write,0.22,key_0,530,false
write,0.21,key_3,561,false
write,0.24,key_2,558,false
write,0.22,key_19,608,false
write,0.19,key_1,551,false
write,0.21,key_8,627,false
write,0.25,key_19,609,false
write,0.40,key_17,534,false
read,52.39,key_19,609,false
write,0.30,key_17,535,false
write,0.27,key_2,559,false
read,51.71,key_5,543,false
write,0.34,key_0,531,false
write,0.33,key_11,541,false
write,0.25,key_16,586,false
write,0.25,key_15,560,false
read,51.62,key_14,522,false
write,1.80,key_0,532,false
write,0.46,key_15,561,false
write,0.30,key_9,560,false
read,51.88,key_6,553,false
write,0.33,key_10,576,false
write,0.28,key_6,554,false
write,0.26,key_8,628,false
write,0.22,key_9,561,false
write,0.21,key_17,536,false
write,0.24,key_3,562,false
read,52.91,key_13,559,false
write,1.40,key_14,523,false
read,52.21,key_18,607,false
write,0.75,key_12,585,false
write,0.38,key_14,524,false
write,0.28,key_14,525,false
write,0.33,key_11,542,false
write,0.32,key_3,563,false
write,0.42,key_17,537,false
write,0.28,key_0,533,false
write,0.36,key_13,560,false
write,0.28,key_4,569,false
write,0.25,key_14,526,false
write,0.46,key_3,564,false
write,0.35,key_8,629,false
write,0.26,key_16,587,false
write,0.34,key_7,575,false
write,0.25,key_9,562,false
write,0.24,key_7,576,false
write,0.29,key_18,608,false
write,0.50,key_6,555,false
write,0.43,key_11,543,false
write,0.42,key_13,561,false
write,0.25,key_12,586,false
write,0.46,key_16,588,false
read,51.35,key_1,551,false
write,0.40,key_18,609,false
write,1.31,key_7,577,false
write,0.28,key_9,563,false
write,0.48,key_5,544,false
write,0.39,key_14,527,false
read,52.98,key_15,561,false
write,0.29,key_8,630,false
write,0.25,key_15,562,false
write,0.26,key_15,563,false
write,0.23,key_10,577,false
write,0.24,key_10,578,false
write,0.24,key_16,589,false
read,55.23,key_10,576,true
write,0.58,key_19,610,false
write,0.49,key_11,544,false
write,0.33,key_13,562,false
write,0.34,key_8,631,false
write,0.26,key_17,538,false
write,0.37,key_12,587,false
write,0.36,key_1,552,false
write,0.36,key_14,528,false
write,0.26,key_14,529,false
write,0.95,key_7,578,false
write,1.02,key_16,590,false
write,0.65,key_8,632,false
write,0.63,key_19,611,false
read,55.07,key_16,585,true
write,0.71,key_2,560,false
write,0.39,key_5,545,false
write,0.30,key_13,563,false
write,0.46,key_9,564,false
write,0.40,key_2,561,false
write,0.27,key_0,534,false
write,0.32,key_15,564,false
write,0.66,key_4,570,false
read,55.01,key_18,609,false
write,0.40,key_14,530,false
write,0.90,key_16,591,false
read,51.90,key_5,543,true
write,1.15,key_1,553,false
write,0.47,key_2,562,false
write,0.67,key_11,545,false
write,1.07,key_1,554,false
write,0.51,key_19,612,false
write,0.51,key_18,610,false
write,1.07,key_18,611,false
write,0.51,key_12,588,false
write,1.31,key_7,579,false
write,1.31,key_2,563,false
write,0.58,key_17,539,false
write,0.69,key_9,565,false
write,0.82,key_0,535,false
write,0.30,key_10,579,false
write,0.26,key_19,613,false
write,0.37,key_3,565,false
write,0.39,key_3,566,false
write,0.42,key_19,614,false
write,0.50,key_1,555,false
write,0.48,key_13,564,false
write,0.42,key_11,546,false
read,51.26,key_13,563,true
write,0.29,key_18,612,false
write,0.31,key_12,589,false
write,0.34,key_7,580,false
write,0.34,key_1,556,false
write,0.35,key_15,565,false
write,0.34,key_8,633,false
write,0.40,key_8,634,false
write,0.42,key_17,540,false
write,0.63,key_5,546,false
write,0.75,key_4,571,false
write,0.83,key_9,566,false
write,0.98,key_14,531,false
write,0.86,key_5,547,false
write,1.20,key_18,613,false
write,1.29,key_2,564,false
write,1.64,key_8,635,false
write,0.35,key_8,636,false
write,0.42,key_2,565,false
read,52.65,key_2,559,true
write,1.38,key_15,566,false
write,1.06,key_7,581,false
write,1.61,key_16,592,false
write,1.21,key_13,565,false
write,1.19,key_9,567,false
read,51.35,key_2,565,false
write,1.49,key_2,566,false
write,0.48,key_11,547,false
write,1.12,key_18,614,false
write,0.45,key_11,548,false
write,0.74,key_7,582,false
write,0.74,key_5,548,false
write,0.37,key_17,541,false
write,0.35,key_10,580,false
write,0.33,key_5,549,false
write,0.33,key_9,568,false
write,0.54,key_12,590,false
write,0.66,key_18,615,false
write,0.33,key_16,593,false
write,0.58,key_18,616,false
write,0.82,key_9,569,false
write,1.11,key_12,591,false
write,0.72,key_0,536,false
write,0.28,key_2,567,false
write,0.28,key_6,556,false
write,0.42,key_3,567,false
write,0.27,key_1,557,false
read,52.34,key_3,564,true
write,0.57,key_5,550,false
write,0.29,key_0,537,false
write,0.25,key_6,557,false
write,0.44,key_1,558,false
write,0.27,key_19,615,false
write,0.25,key_8,637,false
read,52.06,key_5,550,false
write,0.47,key_12,592,false
write,0.73,key_16,594,false
write,0.60,key_17,542,false
write,0.33,key_7,583,false
write,0.29,key_18,617,false
write,0.30,key_13,566,false
write,0.26,key_19,616,false
write,0.33,key_7,584,false
write,0.26,key_13,567,false
write,0.28,key_6,558,false
write,0.26,key_18,618,false
write,0.61,key_14,532,false
write,0.34,key_15,567,false
write,0.48,key_6,559,false
write,0.28,key_0,538,false
write,0.36,key_1,559,false
write,0.26,key_16,595,false
write,0.24,key_6,560,false
read,53.06,key_1,551,true
write,0.51,key_4,572,false
write,0.40,key_11,549,false
write,0.46,key_1,560,false
write,0.24,key_0,539,false
write,0.33,key_6,561,false
write,0.27,key_2,568,false
write,0.28,key_16,596,false
write,0.28,key_16,597,false
write,0.27,key_5,551,false
write,0.33,key_4,573,false
write,0.40,key_15,568,false
write,0.33,key_19,617,false
write,0.57,key_2,569,false
write,0.45,key_11,550,false
read,51.47,key_9,564,true
write,0.29,key_4,574,false
write,0.32,key_6,562,false
write,0.27,key_18,619,false
write,0.27,key_14,533,false
write,0.25,key_7,585,false
write,0.41,key_4,575,false
write,0.31,key_10,581,false
write,0.27,key_9,570,false
write,0.27,key_7,586,false
write,0.25,key_17,543,false
write,0.36,key_4,576,false
write,0.36,key_17,544,false
write,0.53,key_5,552,false
write,0.31,key_9,571,false
read,50.93,key_2,569,false
write,0.41,key_19,618,false
write,0.27,key_16,598,false
write,0.29,key_5,553,false
write,0.46,key_14,534,false
write,0.24,key_19,619,false
write,0.24,key_12,593,false
write,0.28,key_10,582,false
write,0.25,key_15,569,false
write,0.26,key_10,583,false
write,0.24,key_9,572,false
write,0.33,key_7,587,false
write,0.27,key_7,588,false
read,52.79,key_13,567,false
read,52.60,key_15,569,false
read,51.80,key_19,614,true
read,52.78,key_9,572,false
write,1.75,key_9,573,false
write,1.75,key_5,554,false
write,1.96,key_4,577,false
write,2.13,key_8,638,false
write,0.84,key_1,561,false
write,3.72,key_17,545,false
read,58.10,key_12,593,false
write,6.91,key_18,620,false
write,1.10,key_6,563,false
write,1.87,key_7,589,false
write,7.82,key_16,599,false
write,1.02,key_16,600,false
write,1.10,key_5,555,false
write,0.80,key_8,639,false
write,0.62,key_6,564,false
write,0.57,key_1,562,false
write,0.90,key_16,601,false
write,1.07,key_8,640,false
write,0.93,key_4,578,false
write,0.95,key_15,570,false
write,0.94,key_17,546,false
write,0.89,key_18,621,false
write,0.84,key_18,622,false
write,1.02,key_19,620,false
write,0.61,key_13,568,false
write,1.66,key_14,535,false
write,0.78,key_1,563,false
write,1.25,key_4,579,false
write,0.75,key_2,570,false
write,1.41,key_6,565,false
write,0.83,key_15,571,false
write,0.43,key_4,580,false
write,0.45,key_4,581,false
write,0.48,key_1,564,false
write,0.53,key_6,566,false
write,0.56,key_5,556,false
write,1.08,key_6,567,false
write,0.57,key_17,547,false
write,0.33,key_7,590,false
write,0.64,key_16,602,false
write,1.94,key_19,621,false
write,0.69,key_14,536,false
write,0.52,key_11,551,false
write,0.56,key_15,572,false
write,0.29,key_17,548,false
write,0.32,key_6,568,false
write,0.31,key_7,591,false
write,0.28,key_0,540,false
write,0.56,key_7,592,false
write,0.70,key_8,641,false
write,0.77,key_8,642,false
write,0.89,key_10,584,false
write,0.28,key_13,569,false
write,0.30,key_19,622,false
write,0.29,key_1,565,false
write,0.70,key_11,552,false
write,0.54,key_2,571,false
write,0.41,key_8,643,false
write,0.62,key_18,623,false
read,54.30,key_0,540,false
read,52.94,key_10,584,false
read,54.66,key_17,548,false
write,0.34,key_3,568,false
write,0.33,key_11,553,false
write,0.33,key_14,537,false
write,0.46,key_13,570,false
write,0.53,key_3,569,false
write,0.36,key_2,572,false
write,0.30,key_17,549,false
write,0.26,key_2,573,false
write,0.29,key_19,623,false
read,51.06,key_8,643,false
write,0.34,key_13,571,false
write,0.57,key_0,541,false
write,0.27,key_0,542,false
write,0.27,key_6,569,false
write,0.26,key_18,624,false
write,0.43,key_13,572,false
write,0.35,key_15,573,false
write,0.51,key_12,594,false
write,0.56,key_2,574,false
write,0.33,key_1,566,false
write,0.30,key_3,570,false
write,0.33,key_5,557,false
read,53.08,key_7,592,false
write,0.25,key_13,573,false
write,0.47,key_17,550,false
write,0.76,key_13,574,false
write,0.93,key_8,644,false
write,1.39,key_11,554,false
write,0.42,key_16,603,false
write,0.47,key_11,555,false
write,0.47,key_3,571,false
write,0.46,key_0,543,false
write,0.61,key_5,558,false
write,0.30,key_4,582,false
write,0.26,key_11,556,false
write,0.26,key_3,572,false
write,0.43,key_12,595,false
write,0.32,key_0,544,false
write,0.38,key_3,573,false
write,0.24,key_2,575,false
write,0.24,key_5,559,false
write,0.28,key_3,574,false
write,0.23,key_6,570,false
write,0.30,key_4,583,false
write,0.37,key_1,567,false
read,51.55,key_10,583,true
write,0.35,key_16,604,false
write,0.25,key_19,624,false
write,0.22,key_6,571,false
write,0.26,key_15,574,false
write,0.25,key_8,645,false
write,0.33,key_14,538,false
write,0.38,key_6,572,false
write,0.36,key_2,576,false
write,0.37,key_18,625,false
write,0.35,key_16,605,false
write,0.48,key_6,573,false
write,0.31,key_1,568,false
write,0.24,key_11,557,false
write,0.29,key_18,626,false
write,0.32,key_19,625,false
write,0.31,key_3,575,false
write,0.32,key_16,606,false
write,1.39,key_1,569,false
write,0.28,key_4,584,false
write,0.42,key_0,545,false
write,0.28,key_3,576,false
write,0.43,key_15,575,false
write,0.35,key_18,627,false
write,0.44,key_9,574,false
read,52.31,key_16,606,false
write,0.48,key_8,646,false
write,0.45,key_0,546,false
write,0.38,key_18,628,false
write,0.97,key_13,575,false
write,0.44,key_11,558,false
write,0.32,key_6,574,false
write,0.28,key_19,626,false
write,0.44,key_4,585,false
write,0.43,key_6,575,false
write,0.33,key_4,586,false
write,0.41,key_19,627,false
write,0.27,key_10,585,false
write,0.29,key_13,576,false
write,0.35,key_5,560,false
write,0.26,key_4,587,false
write,0.28,key_14,539,false
write,0.44,key_19,628,false
write,0.32,key_3,577,false
write,0.30,key_17,551,false
write,0.59,key_14,540,false
write,0.30,key_11,559,false
write,0.37,key_3,578,false
read,51.77,key_9,573,true
write,0.38,key_4,588,false
write,0.45,key_18,629,false
write,0.50,key_4,589,false
write,0.34,key_9,575,false
write,0.43,key_14,541,false
write,0.27,key_10,586,false
write,0.30,key_6,576,false
write,0.25,key_1,570,false
write,0.35,key_14,542,false
write,0.26,key_11,560,false
write,0.44,key_12,596,false
write,0.35,key_8,647,false
write,0.45,key_17,552,false
read,51.98,key_15,575,false
write,0.60,key_1,571,false
write,0.67,key_2,577,false
write,0.36,key_19,629,false
write,0.30,key_1,572,false
write,0.32,key_0,547,false
write,0.30,key_8,648,false
write,0.32,key_2,578,false
write,0.27,key_0,548,false
write,0.37,key_4,590,false
write,0.37,key_5,561,false
write,0.51,key_13,577,false
write,0.53,key_6,577,false
write,0.29,key_5,562,false
write,0.33,key_12,597,false
write,0.23,key_19,630,false
write,0.32,key_11,561,false
read,51.96,key_13,577,false
write,0.37,key_7,593,false
read,53.38,key_14,542,false
write,0.49,key_11,562,false
write,0.48,key_0,549,false
write,0.33,key_15,576,false
write,0.71,key_18,630,false
write,0.37,key_3,579,false
write,0.91,key_8,649,false
write,1.08,key_12,598,false
write,0.79,key_7,594,false
write,0.23,key_11,563,false
write,0.34,key_9,576,false
write,1.72,key_7,595,false
write,0.96,key_5,563,false
write,0.23,key_17,553,false
write,0.33,key_15,577,false
write,0.27,key_4,591,false
write,0.50,key_15,578,false
write,0.29,key_5,564,false
write,0.20,key_13,578,false
write,0.25,key_17,554,false
write,0.22,key_14,543,false
write,0.25,key_13,579,false
write,0.24,key_12,599,false
write,0.24,key_12,600,false
write,0.24,key_19,631,false
write,0.25,key_10,587,false
write,0.30,key_18,631,false
write,0.20,key_2,579,false
read,52.42,key_16,602,true
write,0.32,key_8,650,false
write,0.28,key_9,577,false
write,0.23,key_2,580,false
write,0.27,key_3,580,false
write,0.28,key_8,651,false
write,0.23,key_11,564,false
write,0.27,key_19,632,false
write,0.26,key_8,652,false
write,0.33,key_7,596,false
write,0.24,key_10,588,false
write,0.36,key_12,601,false
write,0.28,key_6,578,false
write,0.34,key_2,581,false
write,0.32,key_2,582,false
read,51.75,key_7,596,false
write,0.26,key_0,550,false
write,0.33,key_7,597,false
write,0.31,key_7,598,false
write,0.31,key_10,589,false
write,0.34,key_6,579,false
write,0.26,key_8,653,false
write,0.28,key_2,583,false
write,0.37,key_3,581,false
write,0.24,key_13,580,false
write,0.25,key_1,573,false
read,51.02,key_11,564,false
write,0.51,key_11,565,false
write,0.39,key_9,578,false
write,0.34,key_19,633,false
write,0.34,key_18,632,false
read,51.63,key_9,578,false
write,0.30,key_9,579,false
write,0.26,key_14,544,false
write,0.30,key_18,633,false
write,0.25,key_19,634,false
write,0.24,key_16,607,false
write,0.23,key_11,566,false
write,0.25,key_10,590,false
read,52.14,key_12,595,true
write,0.30,key_4,592,false
write,0.25,key_7,599,false
write,0.26,key_12,602,false
write,0.41,key_19,635,false
write,0.36,key_13,581,false
write,0.44,key_9,580,false
write,0.42,key_7,600,false
write,0.26,key_11,567,false
write,0.50,key_12,603,false
write,0.22,key_2,584,false
write,0.26,key_16,608,false
read,52.09,key_12,603,false
write,0.34,key_15,579,false
write,0.30,key_17,555,false
write,0.25,key_1,574,false
write,0.26,key_14,545,false
write,0.23,key_6,580,false
write,0.50,key_16,609,false
write,0.51,key_14,546,false
write,0.39,key_1,575,false
write,0.29,key_14,547,false
write,0.30,key_3,582,false
write,0.27,key_14,548,false
write,0.43,key_1,576,false
write,0.34,key_19,636,false
write,0.35,key_9,581,false
write,0.24,key_0,551,false
read,51.99,key_13,581,false
write,0.47,key_15,580,false
write,0.32,key_0,552,false
write,0.41,key_9,582,false
write,0.69,key_9,583,false
write,0.31,key_2,585,false
write,0.29,key_11,568,false
write,0.53,key_2,586,false
write,0.32,key_7,601,false
write,0.40,key_17,556,false
write,0.24,key_0,553,false
write,0.27,key_2,587,false
read,52.65,key_5,563,true
write,0.36,key_19,637,false
read,52.35,key_18,633,false
write,0.50,key_13,582,false
write,0.86,key_10,591,false
write,0.74,key_8,654,false
write,0.91,key_8,655,false
write,4.09,key_0,554,false
write,1.22,key_13,583,false
write,4.82,key_17,557,false
read,55.51,key_7,595,true
write,0.55,key_16,610,false
write,0.97,key_14,549,false
write,0.91,key_19,638,false
write,6.37,key_5,565,false
write,0.49,key_10,592,false
write,0.52,key_17,558,false
write,0.91,key_17,559,false
write,0.92,key_14,550,false
write,0.99,key_8,656,false
read,52.38,key_16,610,false
write,1.21,key_11,569,false
write,1.92,key_8,657,false
write,0.41,key_3,583,false
write,0.44,key_11,570,false
write,2.27,key_10,593,false
write,1.20,key_5,566,false
write,0.42,key_17,560,false
write,1.78,key_19,639,false
write,0.40,key_12,604,false
write,0.49,key_15,581,false
write,0.66,key_15,582,false
write,0.57,key_1,577,false
write,0.58,key_19,640,false
write,0.34,key_1,578,false
write,0.52,key_3,584,false
write,0.39,key_3,585,false
write,0.54,key_1,579,false
write,0.40,key_17,561,false
write,0.64,key_9,584,false
write,0.48,key_11,571,false
write,0.77,key_2,588,false
write,0.82,key_3,586,false
write,0.39,key_13,584,false
write,0.64,key_0,555,false
write,0.69,key_5,567,false
read,52.91,key_9,583,true
write,0.79,key_5,568,false
write,0.51,key_1,580,false
write,0.55,key_0,556,false
write,1.12,key_14,551,false
write,0.66,key_17,562,false
write,0.80,key_10,594,false
write,0.47,key_13,585,false
write,0.89,key_14,552,false
write,0.83,key_11,572,false
write,0.89,key_11,573,false
write,0.47,key_7,602,false
write,0.85,key_2,589,false
write,0.51,key_3,587,false
write,0.28,key_1,581,false
write,0.33,key_0,557,false
write,0.44,key_17,563,false
write,1.02,key_14,553,false
write,0.67,key_2,591,false
write,0.40,key_2,590,false
write,0.41,key_7,603,false
write,0.32,key_4,593,false
write,0.43,key_12,605,false
write,0.51,key_15,583,false
write,0.32,key_9,585,false
write,0.45,key_15,584,false
write,0.24,key_14,554,false
write,0.29,key_10,595,false
write,0.33,key_6,581,false
write,0.24,key_10,596,false
write,0.26,key_9,586,false
write,0.31,key_13,586,false
read,52.91,key_19,640,false
write,0.35,key_7,604,false
write,0.44,key_8,658,false
write,0.25,key_15,585,false
read,57.40,key_16,607,true
write,0.36,key_4,594,false
read,52.23,key_12,605,false
write,0.41,key_8,659,false
write,0.62,key_12,606,false
write,0.49,key_12,607,false
write,0.40,key_13,587,false
write,1.65,key_16,611,false
write,12.71,key_14,555,false
write,1.85,key_18,634,false
write,2.06,key_12,608,false
read,62.03,key_10,590,true
write,1.52,key_14,556,false
write,0.81,key_8,660,false
write,1.36,key_11,574,false
write,1.17,key_8,661,false
write,0.56,key_1,582,false
write,0.73,key_4,595,false
write,0.59,key_9,587,false
write,0.29,key_7,605,false
write,0.30,key_0,558,false
write,0.34,key_12,609,false
write,0.33,key_12,610,false
read,52.65,key_12,608,true
write,0.77,key_3,588,false
write,0.45,key_15,586,false
write,0.38,key_7,606,false
write,0.38,key_11,575,false
write,0.39,key_0,559,false
write,0.24,key_4,596,false
write,0.32,key_9,588,false
write,0.23,key_11,576,false
write,0.37,key_7,607,false
write,0.56,key_19,641,false
write,0.72,key_10,597,false
read,52.99,key_8,661,false
write,0.28,key_19,642,false
write,0.65,key_1,583,false
write,1.21,key_10,598,false
write,1.40,key_12,611,false
write,0.83,key_6,582,false
read,52.48,key_17,563,false
write,2.51,key_11,577,false
read,50.80,key_11,577,false
write,0.85,key_15,587,false
write,0.65,key_7,608,false
write,0.99,key_9,589,false
read,52.38,key_1,583,false
write,0.99,key_2,592,false
write,1.06,key_9,590,false
write,0.91,key_8,662,false
write,0.86,key_2,593,false
write,0.78,key_19,643,false
write,0.58,key_16,612,false
write,1.37,key_10,599,false
write,0.82,key_7,609,false
write,1.81,key_9,591,false
write,0.48,key_2,594,false
read,52.97,key_17,563,false
write,0.91,key_15,588,false
write,1.43,key_17,564,false
write,0.42,key_1,584,false
write,0.92,key_9,592,false
write,0.96,key_12,612,false
read,51.87,key_19,640,true
write,0.52,key_18,635,false
write,0.49,key_16,614,false
write,0.53,key_16,613,false
write,0.39,key_4,597,false
write,0.29,key_4,598,false
write,0.23,key_3,589,false
write,0.30,key_7,610,false
write,0.39,key_18,636,false
write,0.45,key_4,599,false
write,0.45,key_18,637,false
write,0.50,key_19,644,false
write,0.44,key_4,600,false
write,0.32,key_0,560,false
write,0.52,key_18,638,false
write,0.41,key_4,601,false
write,0.26,key_5,569,false
write,0.31,key_2,595,false
write,0.27,key_5,570,false
write,0.35,key_1,585,false
write,0.38,key_16,615,false
write,0.42,key_5,571,false
write,0.56,key_17,565,false
read,52.76,key_19,640,true
write,0.75,key_5,572,false
write,0.51,key_14,557,false
write,0.83,key_8,663,false
write,0.56,key_14,558,false
write,0.40,key_19,645,false
write,0.51,key_1,586,false
write,0.44,key_0,561,false
write,0.29,key_2,596,false
write,0.44,key_5,573,false
write,0.39,key_0,562,false
write,0.27,key_18,639,false
write,0.26,key_5,574,false
write,0.29,key_12,613,false
write,0.25,key_0,563,false
write,0.46,key_3,590,false
read,55.18,key_7,610,false
write,0.74,key_17,566,false
read,51.86,key_14,558,false
read,51.52,key_4,601,false
write,0.57,key_12,614,false
write,0.64,key_12,615,false
write,0.32,key_4,602,false
write,0.44,key_8,664,false
write,0.75,key_6,583,false
write,0.81,key_18,640,false
read,51.34,key_13,587,false
read,52.59,key_13,587,false
read,51.63,key_8,664,false
write,1.46,key_9,593,false
write,1.52,key_5,575,false
write,1.44,key_14,559,false
write,1.82,key_9,594,false
write,1.03,key_19,646,false
write,2.49,key_8,665,false
write,2.52,key_8,666,false
write,2.62,key_17,567,false
write,1.17,key_10,600,false
write,0.81,key_7,611,false
write,1.03,key_12,616,false
write,0.84,key_19,647,false
write,0.46,key_10,601,false
write,0.52,key_12,617,false
write,0.87,key_0,564,false
write,0.84,key_9,595,false
write,0.47,key_17,568,false
write,0.80,key_13,588,false
write,1.16,key_13,589,false
write,0.59,key_14,560,false
write,0.56,key_19,648,false
write,0.53,key_19,649,false
write,0.67,key_16,616,false
write,0.64,key_7,612,false
write,0.57,key_14,561,false
write,0.54,key_4,603,false
write,0.60,key_1,587,false
write,0.39,key_11,578,false
write,0.33,key_11,579,false
write,0.38,key_15,589,false
write,0.66,key_8,667,false
write,0.46,key_8,668,false
write,0.40,key_8,669,false
write,0.97,key_4,604,false
write,0.37,key_15,590,false
write,0.89,key_12,618,false
write,0.99,key_11,580,false
write,0.36,key_3,591,false
write,0.59,key_0,565,false
write,0.39,key_10,602,false
write,0.67,key_13,590,false
write,0.83,key_1,588,false
write,0.55,key_10,603,false
write,0.62,key_9,596,false
write,0.30,key_1,589,false
write,0.66,key_10,604,false
write,0.33,key_13,591,false
write,0.36,key_13,592,false
write,0.58,key_10,605,false
write,4.17,key_12,619,false
write,0.45,key_4,605,false
read,53.79,key_1,589,false
write,0.60,key_17,569,false
write,0.61,key_6,584,false
write,0.69,key_1,590,false
write,0.85,key_7,613,false
write,0.61,key_8,670,false
write,0.61,key_16,617,false
write,0.28,key_0,566,false
write,0.23,key_19,650,false
write,0.30,key_14,562,false
write,0.27,key_10,606,false
write,0.46,key_6,585,false
write,0.42,key_5,576,false
write,0.38,key_5,577,false
write,0.25,key_17,570,false
write,0.24,key_6,586,false
write,0.28,key_14,563,false
write,0.23,key_12,620,false
write,0.23,key_5,578,false
write,0.23,key_17,571,false
write,0.41,key_4,606,false
write,0.31,key_9,597,false
write,0.22,key_4,607,false
write,0.23,key_16,618,false
write,0.31,key_2,597,false
write,0.38,key_10,607,false
write,0.36,key_10,608,false
write,0.34,key_8,671,false
write,0.44,key_3,592,false
write,0.70,key_17,572,false
write,0.31,key_12,621,false
write,0.50,key_16,619,false
write,0.57,key_8,672,false
write,0.36,key_16,620,false
write,0.56,key_4,608,false
write,0.29,key_13,593,false
write,0.34,key_0,567,false
write,0.48,key_7,614,false
read,55.95,key_0,567,false
write,1.77,key_8,673,false
read,101.62,key_2,597,false
write,5.71,key_1,591,false
read,52.70,key_15,590,false
write,1.35,key_3,593,false
write,0.48,key_5,579,false
write,0.88,key_2,598,false
write,0.38,key_3,594,false
write,0.36,key_1,592,false
read,52.85,key_11,579,true
write,0.41,key_3,595,false
write,0.40,key_6,587,false
write,0.51,key_0,568,false
write,0.36,key_17,573,false
write,0.30,key_16,621,false
write,0.28,key_13,594,false
write,0.27,key_12,622,false
write,0.62,key_3,596,false
write,0.34,key_0,569,false
write,0.39,key_12,623,false
read,52.93,key_5,579,false
write,0.45,key_11,581,false
write,0.46,key_5,580,false
write,0.81,key_19,651,false
write,0.40,key_2,599,false
write,0.32,key_17,574,false
write,0.47,key_10,609,false
write,0.50,key_14,564,false
read,52.64,key_11,581,false
write,1.99,key_3,597,false
write,0.33,key_3,598,false
write,1.02,key_7,615,false
write,0.47,key_8,674,false
read,52.65,key_18,640,false
write,0.43,key_3,599,false
write,0.28,key_0,570,false
write,0.41,key_2,600,false
write,0.28,key_12,624,false
write,0.30,key_0,571,false
write,0.88,key_8,675,false
write,0.47,key_19,652,false
write,0.51,key_4,609,false
write,0.31,key_3,600,false
write,0.68,key_17,575,false
write,0.26,key_7,616,false
write,0.28,key_3,601,false
write,0.29,key_18,641,false
write,0.24,key_18,642,false
read,52.60,key_17,575,false
write,0.53,key_5,581,false
write,0.62,key_10,610,false
write,0.28,key_0,572,false
write,0.26,key_13,595,false
write,0.26,key_7,617,false
write,0.50,key_2,601,false
read,53.02,key_0,567,true
write,0.38,key_16,622,false
write,0.25,key_5,582,false
write,0.27,key_18,643,false
write,0.24,key_7,618,false
write,0.24,key_0,573,false
write,0.26,key_14,565,false
write,0.39,key_12,625,false
write,0.38,key_14,566,false
write,0.45,key_11,582,false
read,51.68,key_4,609,false
write,0.35,key_14,568,false
write,0.39,key_14,567,false
write,0.28,key_11,583,false
write,0.28,key_5,583,false
write,0.42,key_18,644,false
write,0.41,key_11,584,false
write,0.31,key_11,585,false
write,0.25,key_6,588,false
write,0.38,key_8,676,false
write,0.58,key_11,586,false
write,0.43,key_5,584,false
write,0.26,key_14,569,false
write,0.28,key_0,574,false
read,52.39,key_17,574,true
write,0.30,key_7,619,false
write,0.24,key_0,575,false
write,0.34,key_0,576,false
write,0.26,key_10,611,false
write,0.28,key_8,677,false
write,0.70,key_9,598,false
write,0.52,key_1,593,false
write,0.37,key_11,587,false
write,0.44,key_2,602,false
write,0.30,key_5,585,false
write,0.24,key_11,588,false
write,0.27,key_4,610,false
write,0.25,key_6,589,false
write,0.52,key_11,589,false
write,0.42,key_0,577,false
write,0.28,key_15,591,false
read,52.17,key_4,610,false
write,0.40,key_2,603,false
write,0.42,key_13,596,false
write,0.26,key_19,653,false
write,0.35,key_3,602,false
write,0.40,key_4,611,false
write,0.30,key_17,576,false
write,0.29,key_16,623,false
write,0.28,key_5,586,false
write,0.40,key_4,612,false
write,0.53,key_10,612,false
write,0.28,key_8,678,false
write,0.29,key_19,654,false
write,0.63,key_6,590,false
write,0.28,key_9,599,false
write,0.36,key_18,645,false
write,0.25,key_13,597,false
write,0.30,key_4,613,false
write,0.38,key_2,604,false
write,0.34,key_5,587,false
write,0.44,key_13,598,false
write,0.28,key_15,592,false
write,0.25,key_9,600,false
write,0.26,key_7,620,false
read,52.67,key_13,598,false
read,54.27,key_6,590,false
read,51.02,key_7,620,false
write,2.37,key_16,624,false
write,0.62,key_7,621,false
write,0.50,key_0,578,false
write,0.30,key_17,577,false
write,0.36,key_9,601,false
write,0.46,key_18,646,false
write,0.45,key_13,599,false
write,0.53,key_9,602,false
write,0.37,key_12,626,false
read,52.31,key_12,625,true
write,0.91,key_19,655,false
write,0.43,key_15,593,false
write,0.47,key_12,627,false
write,0.47,key_2,605,false
write,0.51,key_7,622,false
read,51.47,key_14,569,false
write,0.50,key_8,679,false
write,0.37,key_8,680,false
write,0.35,key_14,570,false
write,7.97,key_1,594,false
write,1.08,key_18,647,false
write,0.54,key_11,590,false
write,1.31,key_6,591,false
write,0.71,key_16,625,false
write,0.51,key_4,614,false
write,0.73,key_16,626,false
write,0.34,key_2,606,false
write,0.52,key_17,578,false
write,0.65,key_14,571,false
write,0.44,key_13,600,false
write,0.30,key_3,603,false
write,0.30,key_10,613,false
write,0.27,key_8,681,false
write,0.29,key_5,588,false
write,0.33,key_12,628,false
write,0.27,key_2,607,false
write,0.28,key_18,648,false
write,0.56,key_11,591,false
read,51.58,key_14,571,false
write,0.41,key_16,627,false
write,0.44,key_11,592,false
write,0.24,key_4,615,false
write,0.29,key_15,594,false
write,0.73,key_13,601,false
write,1.04,key_2,608,false
write,0.71,key_13,602,false
write,0.45,key_6,592,false
write,0.49,key_9,603,false
write,0.31,key_16,628,false
write,0.59,key_11,593,false
write,0.54,key_18,649,false
write,0.62,key_5,589,false
write,0.49,key_6,593,false
write,0.73,key_16,629,false
write,0.48,key_11,594,false
write,0.36,key_2,609,false
write,0.41,key_8,682,false
write,0.45,key_3,604,false
write,0.49,key_3,605,false
write,0.45,key_3,606,false
read,51.91,key_14,571,false
write,0.34,key_11,595,false
write,0.31,key_4,616,false
read,67.27,key_3,602,true
write,0.58,key_14,572,false
write,0.41,key_5,590,false
write,0.29,key_15,595,false
write,0.33,key_5,591,false
write,0.26,key_0,579,false
write,0.26,key_1,595,false
write,0.35,key_5,592,false
write,0.26,key_13,603,false
write,0.24,key_7,623,false
read,52.46,key_2,609,false
write,0.51,key_1,596,false
read,52.54,key_7,622,true
write,0.85,key_5,593,false
write,0.87,key_2,610,false
write,2.37,key_2,611,false
write,0.89,key_8,683,false
write,0.69,key_5,594,false
write,0.53,key_16,630,false
write,0.38,key_5,595,false
write,0.43,key_6,594,false
write,0.47,key_6,595,false
write,0.30,key_1,597,false
write,0.27,key_18,650,false
write,0.38,key_12,629,false
read,51.33,key_7,623,false
write,0.55,key_16,631,false
write,0.36,key_16,632,false
read,51.66,key_10,613,false
write,0.74,key_15,596,false
write,0.51,key_7,624,false
read,54.36,key_4,616,false
write,0.49,key_15,597,false
write,0.34,key_2,612,false
write,0.27,key_13,604,false
write,0.29,key_2,613,false
write,0.27,key_8,684,false
write,0.26,key_2,614,false
read,52.99,key_3,606,false
read,53.41,key_0,579,false
write,0.88,key_16,633,false
write,1.51,key_0,580,false
write,1.41,key_19,656,false
read,55.97,key_1,597,false
write,0.60,key_7,625,false
write,0.45,key_0,581,false
write,0.70,key_4,617,false
write,0.40,key_13,605,false
write,0.34,key_13,606,false
write,0.34,key_6,596,false
write,0.25,key_5,596,false
write,0.27,key_10,614,false
write,0.34,key_4,618,false
write,0.39,key_19,657,false
write,0.43,key_4,619,false
write,0.27,key_3,607,false
write,0.21,key_7,626,false
write,0.22,key_0,582,false
write,0.39,key_10,615,false
write,0.39,key_3,608,false
write,0.54,key_2,615,false
write,0.55,key_16,634,false
write,0.30,key_6,597,false
write,0.23,key_17,579,false
write,0.23,key_5,597,false
write,0.30,key_15,598,false
read,51.47,key_5,597,false
write,0.80,key_8,685,false
write,1.02,key_10,616,false
write,0.89,key_3,609,false
write,0.61,key_7,627,false
write,0.38,key_4,620,false
write,0.51,key_7,628,false
write,0.29,key_19,658,false
write,0.27,key_5,598,false
write,0.44,key_16,635,false
write,0.26,key_19,659,false
write,0.26,key_1,598,false
write,0.29,key_0,583,false
read,52.59,key_12,629,false
write,0.30,key_16,636,false
write,0.30,key_0,584,false
write,0.50,key_1,599,false
write,0.53,key_19,660,false
write,0.37,key_8,686,false
write,0.38,key_10,617,false
write,0.29,key_6,598,false
write,0.22,key_15,599,false
read,54.00,key_19,660,false
write,0.37,key_11,596,false
write,0.59,key_5,599,false
write,0.32,key_8,687,false
write,0.46,key_12,630,false
write,0.30,key_16,637,false
read,51.94,key_19,660,false
write,0.34,key_6,599,false
write,0.26,key_0,585,false
write,0.30,key_16,638,false
write,0.30,key_8,688,false
write,0.36,key_4,621,false
write,0.44,key_13,607,false
write,0.28,key_6,600,false
write,0.25,key_1,600,false
write,0.25,key_11,597,false
read,52.20,key_17,579,false
write,0.35,key_8,689,false
write,0.29,key_9,604,false
write,0.30,key_19,661,false
read,53.20,key_0,585,false
write,0.43,key_2,616,false
write,0.49,key_16,639,false
write,0.29,key_1,601,false
write,0.28,key_2,617,false
write,0.24,key_17,580,false
read,51.70,key_11,597,false
write,0.38,key_16,640,false
write,0.40,key_8,690,false
write,0.38,key_6,601,false
write,0.33,key_3,610,false
write,0.34,key_1,602,false
write,0.44,key_12,631,false
write,0.29,key_14,573,false
write,0.28,key_14,574,false
read,54.63,key_19,661,false
write,0.35,key_15,600,false
write,0.27,key_16,641,false
write,0.39,key_10,618,false
write,0.32,key_19,662,false
write,0.53,key_10,619,false
read,51.95,key_1,602,false
write,0.39,key_7,629,false
read,51.49,key_7,629,false
write,0.76,key_19,663,false
write,0.58,key_6,602,false
write,0.59,key_10,620,false
write,0.44,key_11,598,false
write,0.27,key_7,630,false
write,0.39,key_10,621,false
write,0.50,key_0,586,false
write,0.57,key_5,600,false
write,0.75,key_1,603,false
read,51.25,key_9,604,false
write,0.59,key_18,651,false
write,0.49,key_1,604,false
write,0.46,key_14,575,false
write,0.39,key_15,601,false
write,0.65,key_15,602,false
write,0.49,key_13,608,false
write,0.69,key_11,599,false
write,0.72,key_14,576,false
write,0.51,key_15,603,false
write,0.65,key_17,581,false
write,0.49,key_18,652,false
write,0.66,key_2,618,false
write,0.38,key_13,609,false
write,0.27,key_3,611,false
write,0.25,key_10,622,false
write,0.47,key_6,603,false
write,0.43,key_9,605,false
write,0.27,key_5,601,false
write,0.27,key_15,604,false
write,0.29,key_14,577,false
write,0.26,key_9,606,false
write,0.48,key_18,653,false
write,0.29,key_3,612,false
write,0.47,key_5,602,false
write,2.90,key_12,632,false
write,1.69,key_5,603,false
write,2.18,key_11,600,false
write,0.48,key_1,605,false
write,0.36,key_2,619,false
write,0.44,key_14,578,false
write,0.75,key_9,607,false
read,51.92,key_16,641,false
write,0.88,key_8,691,false
write,1.12,key_10,623,false
write,1.44,key_4,622,false
write,1.67,key_11,601,false
write,3.29,key_4,623,false
write,7.68,key_8,692,false
write,4.61,key_3,613,false
write,0.38,key_5,604,false
write,1.48,key_10,624,false
write,0.55,key_3,614,false
write,0.64,key_9,608,false
write,0.28,key_4,624,false
read,51.45,key_18,653,false
write,0.29,key_3,615,false
read,52.24,key_6,603,false
write,3.90,key_12,633,false
write,0.91,key_15,605,false
write,0.56,key_10,625,false
write,0.29,key_0,587,false
write,0.28,key_0,588,false
write,0.26,key_14,579,false
write,0.33,key_11,602,false
write,0.38,key_7,631,false
write,0.32,key_3,616,false
write,0.25,key_12,634,false
read,53.72,key_18,651,true
write,0.58,key_11,603,false
write,0.62,key_13,610,false
write,0.31,key_3,617,false
write,0.28,key_3,618,false
write,0.24,key_7,632,false
write,0.28,key_11,604,false
write,0.48,key_6,604,false
write,0.43,key_12,635,false
write,0.27,key_9,609,false
write,0.26,key_13,611,false
read,52.24,key_1,605,false
read,52.08,key_11,604,false
write,0.53,key_15,607,false
write,0.54,key_15,606,false
write,0.32,key_12,636,false
write,0.34,key_14,580,false
write,0.35,key_4,625,false
write,0.53,key_10,626,false
write,0.47,key_12,638,false
write,0.61,key_12,637,false
read,52.87,key_0,586,true
write,0.65,key_5,605,false
write,0.32,key_14,581,false
write,0.30,key_14,582,false
write,0.33,key_5,606,false
write,0.31,key_15,608,false
write,0.38,key_19,664,false
write,0.35,key_11,605,false
write,0.35,key_10,627,false
write,0.37,key_6,605,false
write,0.41,key_16,642,false
write,0.44,key_1,606,false
write,0.56,key_12,639,false
write,0.63,key_15,609,false
write,0.26,key_2,620,false
write,0.25,key_0,589,false
write,0.37,key_19,665,false
write,0.34,key_7,633,false
write,0.39,key_13,612,false
write,0.40,key_15,610,false
write,0.34,key_1,607,false
write,0.34,key_10,628,false
write,0.37,key_5,607,false
write,0.38,key_1,608,false
write,0.33,key_4,626,false
write,0.29,key_5,608,false
write,0.33,key_11,606,false
write,0.24,key_16,643,false
write,0.25,key_18,654,false
write,0.31,key_14,583,false
read,51.10,key_7,633,false
write,0.30,key_6,606,false
write,0.38,key_19,666,false
write,0.34,key_8,693,false
write,0.29,key_11,607,false
write,0.29,key_14,584,false
write,0.41,key_6,607,false
write,0.33,key_14,585,false
write,0.37,key_11,608,false
write,0.27,key_12,640,false
write,0.30,key_15,611,false
read,496.29,key_16,616,true
write,0.32,key_10,629,false
write,0.26,key_12,641,false
write,0.30,key_0,590,false
write,0.43,key_15,612,false
write,0.39,key_18,655,false
write,0.29,key_7,634,false
write,0.27,key_19,667,false
read,51.97,key_18,655,false
write,0.36,key_10,630,false
write,0.26,key_12,642,false
write,0.25,key_14,586,false
read,51.06,key_1,608,false
write,0.41,key_17,582,false
write,0.30,key_18,656,false
write,0.37,key_11,609,false
write,0.46,key_15,613,false
write,0.48,key_7,635,false
write,0.59,key_6,608,false
write,0.54,key_11,610,false
write,0.46,key_11,611,false
write,0.38,key_3,619,false
read,50.76,key_19,667,false
write,0.49,key_0,591,false
write,0.42,key_7,636,false
write,0.64,key_5,609,false
write,0.73,key_14,587,false
write,0.45,key_11,612,false
write,0.97,key_18,657,false
write,0.62,key_6,609,false
write,0.88,key_16,644,false
write,0.37,key_17,583,false
write,0.34,key_9,610,false
write,0.43,key_8,694,false
write,0.34,key_9,611,false
read,53.12,key_12,639,true
write,0.51,key_18,658,false
write,0.38,key_5,610,false
write,0.29,key_8,695,false
write,0.26,key_10,631,false
write,0.59,key_7,637,false
write,0.33,key_15,614,false
write,0.31,key_0,592,false
write,0.29,key_0,593,false
write,0.28,key_6,610,false
write,0.30,key_9,612,false
write,0.41,key_7,638,false
write,1.31,key_5,611,false
read,54.23,key_8,693,true
write,0.55,key_9,613,false
write,0.47,key_3,620,false
write,0.41,key_10,632,false
read,50.89,key_17,583,false
write,0.33,key_19,668,false
write,0.30,key_1,609,false
write,0.24,key_11,613,false
write,0.25,key_2,621,false
write,0.31,key_7,639,false
write,0.39,key_15,615,false
write,0.26,key_14,588,false
write,0.30,key_16,645,false
write,0.28,key_8,696,false
write,0.24,key_19,669,false
write,0.26,key_17,584,false
write,0.38,key_1,610,false
write,0.23,key_11,614,false
write,0.26,key_6,611,false
write,0.34,key_9,614,false
write,0.24,key_1,611,false
write,0.26,key_19,670,false
write,0.59,key_12,643,false
read,51.60,key_13,612,false
write,0.44,key_11,615,false
write,0.33,key_17,585,false
write,0.28,key_6,612,false
write,0.25,key_3,621,false
write,0.47,key_3,622,false
write,0.40,key_13,613,false
write,0.49,key_14,589,false
write,1.93,key_6,613,false
read,53.31,key_4,626,false
write,0.86,key_4,627,false
read,53.26,key_10,630,true
write,0.55,key_6,614,false
write,0.63,key_5,612,false
write,0.59,key_19,671,false
write,0.40,key_9,615,false
write,0.41,key_18,659,false
write,0.37,key_8,697,false
write,0.50,key_15,616,false
write,0.82,key_1,612,false
write,0.53,key_3,623,false
write,0.79,key_11,616,false
write,0.46,key_16,646,false
write,0.35,key_9,616,false
write,0.71,key_1,613,false
read,54.20,key_17,585,false
read,54.44,key_6,610,true
write,0.83,key_2,622,false
write,0.86,key_17,586,false
write,0.62,key_13,614,false
write,0.65,key_1,614,false
write,0.58,key_7,640,false
write,0.61,key_11,617,false
write,0.29,key_12,644,false
write,0.30,key_19,672,false
write,0.63,key_7,641,false
write,0.91,key_8,698,false
write,1.09,key_13,616,false
write,0.47,key_13,615,false
write,0.71,key_12,645,false
write,0.67,key_13,617,false
write,0.32,key_16,647,false
write,0.52,key_8,699,false
write,0.40,key_8,700,false
write,0.73,key_10,633,false
write,0.29,key_4,628,false
write,0.34,key_4,629,false
write,0.52,key_16,648,false
write,0.57,key_6,615,false
write,0.51,key_3,624,false
read,51.24,key_17,586,false
write,0.90,key_7,642,false
write,0.63,key_14,590,false
write,0.34,key_6,616,false
write,0.39,key_19,673,false
write,0.34,key_2,623,false
write,0.34,key_8,701,false
write,0.31,key_10,634,false
write,0.58,key_12,646,false
write,0.41,key_4,630,false
read,53.34,key_14,590,false
write,0.44,key_12,647,false
write,0.30,key_15,617,false
write,0.27,key_10,635,false
write,0.26,key_10,636,false
write,0.37,key_0,594,false
write,0.46,key_11,618,false
write,0.31,key_14,591,false
write,0.26,key_1,615,false
write,0.25,key_10,637,false
read,52.91,key_10,637,false
write,0.38,key_7,643,false
write,0.31,key_15,618,false
write,0.29,key_3,625,false
write,0.71,key_3,626,false
write,0.45,key_6,617,false
write,0.29,key_2,624,false
write,0.31,key_2,625,false
write,0.28,key_17,587,false
write,0.37,key_15,619,false
write,0.31,key_17,588,false
read,52.84,key_7,643,false
write,0.36,key_16,649,false
write,0.39,key_4,631,false
write,0.41,key_14,592,false
write,0.28,key_1,616,false
write,0.39,key_19,674,false
write,0.25,key_15,620,false
write,0.25,key_6,618,false
write,0.23,key_19,675,false
write,0.26,key_4,632,false
write,0.30,key_3,627,false
write,0.37,key_7,644,false
write,0.43,key_18,660,false
write,0.26,key_1,617,false
write,0.27,key_5,613,false
write,0.27,key_5,614,false
write,0.27,key_11,619,false
write,0.25,key_2,626,false
read,52.57,key_6,618,false
write,0.69,key_4,633,false
write,0.50,key_16,650,false
write,0.32,key_11,620,false
read,52.58,key_11,620,false
write,0.37,key_14,593,false
write,0.54,key_15,621,false
write,0.27,key_13,618,false
write,0.30,key_12,648,false
write,0.40,key_9,617,false
write,0.34,key_7,645,false
write,0.37,key_8,702,false
write,0.29,key_14,594,false
write,0.32,key_2,627,false
write,0.32,key_4,634,false
write,0.41,key_9,618,false
read,51.29,key_5,614,false
write,0.64,key_14,595,false
write,0.74,key_9,619,false
write,0.84,key_19,676,false
write,0.63,key_3,628,false
write,0.28,key_3,629,false
read,51.85,key_18,660,false
write,0.39,key_11,621,false
write,0.47,key_10,638,false
write,0.28,key_4,635,false
read,51.47,key_3,629,false
write,0.33,key_18,661,false
write,0.28,key_14,596,false
write,0.26,key_13,619,false
write,0.49,key_9,620,false
read,51.96,key_12,648,false
write,0.40,key_8,703,false
write,0.55,key_10,639,false
write,0.46,key_7,646,false
write,0.46,key_10,640,false
read,52.82,key_15,621,false
read,51.43,key_13,619,false
write,0.45,key_13,620,false
write,0.55,key_14,597,false
write,0.59,key_17,589,false
write,0.74,key_7,647,false
write,0.38,key_17,590,false
write,0.28,key_12,649,false
write,0.25,key_1,618,false
write,0.32,key_5,615,false
write,0.32,key_0,595,false
write,0.23,key_2,628,false
write,0.36,key_4,636,false
write,0.48,key_12,650,false
write,0.47,key_19,677,false
write,0.35,key_6,619,false
write,0.53,key_8,704,false
write,0.70,key_6,620,false
write,0.30,key_14,598,false
write,0.58,key_8,705,false
read,51.87,key_5,615,false
write,0.39,key_16,651,false
write,0.29,key_6,621,false
write,0.30,key_3,630,false
write,0.48,key_3,631,false
write,0.53,key_7,648,false
write,0.47,key_11,622,false
write,0.37,key_1,619,false
write,0.51,key_10,641,false
read,52.16,key_2,628,false
write,0.39,key_0,596,false
write,0.30,key_7,649,false
write,0.29,key_1,620,false
write,0.29,key_3,632,false
write,0.45,key_16,652,false
write,0.28,key_3,633,false
write,0.33,key_6,622,false
write,0.27,key_3,634,false
write,0.25,key_16,653,false
write,0.29,key_13,621,false
write,0.39,key_10,642,false
read,61.07,key_12,650,false
write,0.44,key_12,651,false
write,0.52,key_4,637,false
write,0.49,key_2,629,false
write,0.45,key_12,652,false
write,0.25,key_3,635,false
write,0.27,key_8,706,false
write,0.45,key_6,623,false
write,0.36,key_15,622,false
write,0.48,key_12,653,false
write,0.27,key_16,654,false
write,0.27,key_9,621,false
write,0.47,key_11,623,false
read,51.47,key_16,654,false
write,0.48,key_18,662,false
write,0.44,key_9,622,false
write,0.38,key_6,624,false
write,0.29,key_13,622,false
write,0.27,key_14,599,false
write,0.28,key_14,600,false
write,0.29,key_15,623,false
write,0.46,key_18,663,false
read,52.19,key_10,642,false
write,0.49,key_5,616,false
write,0.34,key_16,655,false
write,0.35,key_6,625,false
write,0.42,key_18,664,false
write,0.76,key_0,597,false
write,0.53,key_8,707,false
write,0.49,key_4,638,false
write,0.50,key_19,678,false
write,0.36,key_9,623,false
write,0.40,key_2,630,false
write,0.39,key_18,665,false
write,0.26,key_8,708,false
write,0.25,key_6,626,false
write,0.45,key_14,601,false
write,0.28,key_9,624,false
write,0.31,key_5,617,false
write,0.41,key_14,602,false
write,0.23,key_13,623,false
write,0.31,key_17,591,false
write,0.40,key_13,624,false
write,0.37,key_16,656,false
write,0.63,key_16,657,false
write,0.51,key_13,625,false
write,0.39,key_7,650,false
read,54.13,key_1,620,false
write,0.54,key_3,636,false
write,0.55,key_11,624,false
write,0.35,key_8,709,false
write,0.49,key_10,643,false
write,0.39,key_5,618,false
write,0.42,key_4,639,false
write,0.44,key_9,625,false
write,0.54,key_8,710,false
write,0.39,key_6,627,false
write,0.27,key_4,640,false
write,0.29,key_12,654,false
write,0.26,key_12,655,false
read,50.94,key_11,624,false
write,0.29,key_15,624,false
write,0.24,key_13,626,false
write,0.25,key_8,711,false
write,0.26,key_6,628,false
write,0.26,key_6,629,false
write,0.27,key_6,630,false
write,0.24,key_2,631,false
write,0.27,key_12,656,false
write,0.28,key_9,626,false
write,0.26,key_14,603,false
write,0.30,key_14,604,false
write,0.24,key_3,637,false
write,0.24,key_3,638,false
write,0.24,key_17,592,false
write,0.25,key_14,605,false
write,0.40,key_11,625,false
write,0.45,key_15,625,false
write,0.25,key_11,626,false
write,0.23,key_14,606,false
read,51.84,key_3,638,false
write,0.37,key_16,658,false
write,0.33,key_6,631,false
write,0.27,key_2,632,false
write,0.27,key_0,598,false
write,0.36,key_17,593,false
write,0.28,key_1,621,false
read,51.81,key_17,593,false
read,52.78,key_3,638,false
write,0.56,key_13,627,false
write,0.38,key_4,641,false
write,0.33,key_12,657,false
write,0.34,key_4,642,false
write,0.40,key_12,658,false
write,0.43,key_17,594,false
write,0.32,key_10,644,false
write,0.28,key_19,679,false
write,0.25,key_6,632,false
write,0.44,key_4,643,false
write,0.47,key_12,659,false
write,0.41,key_1,622,false
read,60.61,key_13,627,false
read,51.87,key_18,665,false
write,8.69,key_5,619,false
read,53.94,key_0,598,false
write,8.45,key_16,659,false
write,1.14,key_2,633,false
write,0.34,key_6,633,false
write,1.52,key_11,627,false
write,1.05,key_11,628,false
write,0.54,key_9,627,false
write,0.78,key_4,645,false
write,0.49,key_4,644,false
write,0.51,key_15,626,false
write,0.62,key_12,660,false
write,0.67,key_6,634,false
write,0.37,key_8,712,false
write,0.33,key_9,628,false
write,0.35,key_7,651,false
write,0.72,key_18,666,false
write,0.79,key_11,629,false
write,0.48,key_17,595,false
write,0.55,key_13,628,false
write,0.45,key_17,596,false
write,0.47,key_1,623,false
write,0.54,key_19,680,false
write,0.68,key_8,713,false
write,0.57,key_9,629,false
write,0.48,key_1,624,false
write,0.52,key_17,597,false
write,0.56,key_14,607,false
write,0.45,key_16,660,false
write,0.49,key_0,599,false
write,0.44,key_1,625,false
write,0.50,key_7,652,false
write,0.27,key_1,626,false
write,0.27,key_7,653,false
write,0.38,key_9,630,false
write,0.33,key_11,630,false
write,0.27,key_5,620,false
write,0.38,key_5,621,false
write,0.24,key_2,634,false
write,0.23,key_14,608,false
write,0.31,key_5,622,false
write,0.33,key_19,681,false
write,0.46,key_18,667,false
write,0.36,key_19,682,false
write,0.53,key_4,646,false
write,0.47,key_9,631,false
read,51.85,key_11,626,true
write,0.38,key_11,631,false
write,0.27,key_14,609,false
write,0.27,key_14,610,false
write,0.31,key_4,647,false
write,0.33,key_19,683,false
write,0.38,key_9,632,false
write,0.33,key_3,639,false
write,0.69,key_0,600,false
write,0.36,key_18,668,false
write,0.46,key_11,632,false
write,0.34,key_6,635,false
write,0.36,key_7,654,false
read,51.81,key_11,632,false
read,51.91,key_13,628,false
write,0.55,key_6,636,false
write,0.49,key_0,601,false
write,0.47,key_2,635,false
write,0.49,key_13,629,false
write,0.53,key_19,684,false
write,0.28,key_15,627,false
write,0.34,key_17,598,false
write,0.41,key_18,669,false
write,0.54,key_4,648,false
write,0.37,key_0,602,false
write,0.38,key_18,670,false
write,0.37,key_6,637,false
write,0.29,key_16,661,false
read,51.28,key_17,598,false
write,0.40,key_11,633,false
write,0.29,key_14,611,false
write,0.29,key_10,645,false
write,0.44,key_2,636,false
write,0.34,key_1,627,false
write,0.39,key_16,662,false
write,0.28,key_5,623,false
write,0.27,key_5,624,false
write,0.47,key_19,685,false
write,0.30,key_17,599,false
write,0.29,key_6,638,false
write,0.45,key_11,634,false
write,0.43,key_3,640,false
write,0.44,key_1,628,false
write,0.24,key_15,628,false
write,0.30,key_19,686,false
write,0.52,key_12,661,false
write,0.35,key_7,655,false
read,51.86,key_7,655,false
write,0.85,key_8,714,false
write,0.73,key_11,635,false
write,0.52,key_16,663,false
read,51.32,key_1,628,false
read,52.55,key_18,670,false
write,0.37,key_7,656,false
write,0.32,key_7,657,false
write,0.47,key_7,658,false
write,0.37,key_7,659,false
write,0.35,key_2,637,false
write,0.29,key_0,603,false
write,0.31,key_15,629,false
write,0.29,key_18,671,false
write,0.28,key_9,633,false
write,0.33,key_8,715,false
write,0.42,key_7,660,false
write,0.29,key_3,641,false
write,0.32,key_10,646,false
write,0.30,key_14,612,false
write,0.36,key_11,636,false
write,0.32,key_15,630,false
write,0.27,key_0,604,false
write,0.27,key_11,637,false
write,0.40,key_12,662,false
read,52.46,key_12,662,false
write,0.38,key_4,649,false
write,0.40,key_3,642,false
read,52.42,key_18,671,false
write,0.48,key_4,650,false
read,52.47,key_15,630,false
write,0.51,key_18,672,false
read,51.96,key_16,663,false
write,0.40,key_16,664,false
write,0.40,key_16,665,false
read,52.37,key_6,638,false
write,0.36,key_3,643,false
write,0.39,key_14,613,false
write,0.27,key_3,644,false
write,0.26,key_12,663,false
write,0.57,key_4,651,false
write,0.56,key_6,639,false
write,0.32,key_17,600,false
write,0.33,key_6,640,false
write,0.34,key_13,630,false
write,0.35,key_4,652,false
write,0.30,key_1,629,false
write,0.32,key_14,614,false
write,0.29,key_0,605,false
write,0.26,key_6,641,false
write,0.61,key_18,673,false
write,0.37,key_8,716,false
write,0.29,key_9,634,false
write,0.30,key_1,630,false
write,0.39,key_6,642,false
write,0.34,key_2,638,false
write,0.24,key_8,717,false
write,0.25,key_2,639,false
write,0.27,key_10,647,false
write,0.39,key_18,674,false
write,0.44,key_18,675,false
write,0.43,key_10,648,false
write,0.44,key_16,666,false
write,0.44,key_16,667,false
write,0.27,key_2,640,false
write,0.44,key_10,649,false
write,0.44,key_7,661,false
read,57.45,key_9,634,false
write,0.40,key_17,601,false
write,0.48,key_14,615,false
write,0.28,key_2,641,false
write,0.53,key_15,631,false
write,0.36,key_12,664,false
write,0.39,key_2,642,false
write,0.28,key_3,645,false
write,0.29,key_19,687,false
write,0.43,key_17,602,false
write,0.60,key_11,638,false
write,0.39,key_17,603,false
write,0.50,key_19,688,false
write,0.38,key_8,718,false
write,0.30,key_15,632,false
write,0.27,key_8,719,false
write,0.31,key_1,631,false
write,0.35,key_0,606,false
write,0.31,key_6,643,false
write,0.38,key_13,631,false
read,52.50,key_8,715,true
write,0.33,key_14,616,false
read,52.15,key_13,631,false
write,0.54,key_4,653,false
write,0.47,key_13,632,false
write,0.36,key_13,633,false
write,0.33,key_13,634,false
write,0.34,key_16,668,false
write,0.41,key_1,632,false
write,0.63,key_1,633,false
write,0.62,key_7,662,false
write,0.36,key_8,720,false
read,52.37,key_6,643,false
write,0.37,key_5,625,false
write,0.32,key_3,646,false
write,0.29,key_19,689,false
write,0.37,key_11,639,false
write,0.45,key_1,634,false
write,0.46,key_14,617,false
write,0.27,key_15,633,false
write,0.29,key_2,643,false
write,0.26,key_9,635,false
write,0.32,key_0,607,false
write,0.26,key_10,650,false
read,51.85,key_6,643,false
write,0.50,key_6,644,false
write,0.44,key_9,636,false
write,0.27,key_3,647,false
write,0.40,key_2,644,false
write,0.26,key_15,634,false
read,51.45,key_19,689,false
write,0.28,key_10,651,false
write,0.32,key_7,663,false
write,0.28,key_1,635,false
write,0.28,key_3,648,false
write,0.27,key_13,635,false
read,51.36,key_3,648,false
write,0.60,key_6,645,false
write,0.34,key_1,636,false
write,0.29,key_2,645,false
write,0.27,key_1,637,false
write,0.30,key_14,618,false
write,0.37,key_5,626,false
write,0.47,key_17,604,false
write,0.31,key_15,635,false
write,0.29,key_0,608,false
write,0.28,key_0,609,false
write,0.27,key_11,640,false
read,52.25,key_8,720,false
write,0.32,key_7,664,false
write,0.39,key_18,676,false
write,0.55,key_9,637,false
write,0.86,key_10,652,false
read,52.46,key_10,652,false
write,0.34,key_16,669,false
write,0.30,key_1,638,false
write,0.32,key_3,649,false
read,51.84,key_12,664,false
write,0.55,key_7,665,false
write,0.41,key_14,619,false
write,0.45,key_12,665,false
write,0.42,key_19,690,false
write,0.30,key_5,627,false
write,0.32,key_19,691,false
write,0.26,key_19,692,false
write,0.26,key_17,605,false
write,0.30,key_0,610,false
write,0.27,key_13,636,false
write,0.25,key_9,638,false
write,0.28,key_0,611,false
read,51.21,key_18,676,false
write,0.47,key_4,654,false
write,0.41,key_1,639,false
write,0.28,key_12,666,false
write,0.26,key_19,693,false
write,0.34,key_3,650,false
write,0.35,key_6,646,false
write,0.36,key_15,636,false
write,0.30,key_1,640,false
write,0.30,key_11,641,false
write,0.42,key_8,721,false
write,0.30,key_2,646,false
read,51.19,key_11,641,false
write,0.51,key_7,666,false
read,52.40,key_15,635,true
write,0.58,key_16,670,false
write,0.65,key_8,722,false
write,0.40,key_12,667,false
write,0.30,key_7,667,false
write,0.28,key_5,628,false
write,0.30,key_16,671,false
write,0.36,key_12,668,false
write,0.50,key_4,655,false
read,52.15,key_5,628,false
write,0.39,key_8,723,false
write,0.33,key_1,641,false
write,0.28,key_12,669,false
write,0.37,key_6,647,false
write,0.27,key_1,642,false
write,0.28,key_16,672,false
write,0.27,key_14,620,false
write,0.32,key_7,668,false
write,0.25,key_14,621,false
write,0.25,key_3,651,false
write,0.26,key_18,677,false
read,51.96,key_9,638,false
write,0.31,key_13,637,false
write,0.28,key_11,642,false
write,0.26,key_9,639,false
read,52.38,key_7,668,false
write,0.44,key_12,670,false
write,0.38,key_9,640,false
write,0.28,key_8,724,false
write,0.28,key_0,612,false
write,0.28,key_8,725,false
write,0.38,key_3,652,false
write,0.44,key_13,638,false
read,52.18,key_12,669,true
write,0.44,key_13,639,false
write,0.32,key_2,647,false
write,0.35,key_2,648,false
read,51.31,key_1,642,false
write,0.35,key_14,622,false
write,0.33,key_5,629,false
write,0.39,key_1,643,false
write,0.38,key_1,644,false
write,0.39,key_17,606,false
write,0.40,key_14,623,false
write,0.31,key_14,624,false
write,0.34,key_7,669,false
write,0.28,key_5,630,false
write,0.27,key_4,656,false
write,0.32,key_19,694,false
write,0.30,key_6,648,false
write,0.29,key_4,657,false
write,0.31,key_11,643,false
write,0.29,key_9,641,false
write,0.31,key_3,653,false
write,0.30,key_4,658,false
write,0.29,key_8,726,false
write,0.31,key_9,642,false
write,0.30,key_8,727,false
write,0.32,key_2,649,false
write,0.33,key_4,659,false
write,0.33,key_1,645,false
write,0.35,key_14,625,false
write,0.34,key_13,640,false
write,0.33,key_0,613,false
write,0.40,key_12,671,false
write,0.39,key_2,650,false
write,0.31,key_5,631,false
write,0.32,key_3,654,false
write,0.29,key_9,643,false
write,0.29,key_11,644,false
write,0.47,key_14,626,false
write,0.52,key_5,632,false
write,0.30,key_18,678,false
write,0.35,key_19,695,false
write,0.31,key_16,673,false
write,0.31,key_3,655,false
write,0.39,key_19,696,false
write,0.39,key_5,633,false
write,0.58,key_8,728,false
write,0.36,key_16,674,false
write,0.25,key_17,607,false
write,0.23,key_16,675,false
write,0.39,key_12,672,false
read,51.63,key_19,696,false
write,1.70,key_3,656,false
write,0.46,key_14,627,false
write,0.30,key_10,653,false
write,0.30,key_1,646,false
write,0.29,key_19,697,false
write,0.31,key_11,645,false
write,0.33,key_9,644,false
write,0.32,key_0,614,false
write,0.43,key_1,647,false
write,0.67,key_13,641,false
read,53.17,key_7,669,false
write,0.38,key_9,645,false
write,0.33,key_5,634,false
read,52.77,key_3,655,true
write,0.33,key_1,648,false
read,52.48,key_3,656,false
write,0.46,key_5,635,false
write,0.34,key_3,657,false
read,51.15,key_11,645,false
read,52.39,key_19,697,false
write,0.66,key_8,729,false
write,0.53,key_6,649,false
write,0.41,key_9,646,false
write,0.48,key_19,698,false
write,0.42,key_4,660,false
write,0.63,key_16,676,false
write,0.45,key_11,646,false
write,0.50,key_2,651,false
write,0.38,key_15,637,false
write,0.41,key_19,699,false
write,0.69,key_5,636,false
write,0.78,key_18,679,false
write,0.76,key_1,649,false
write,0.62,key_1,650,false
write,0.51,key_9,647,false
write,0.36,key_1,651,false
write,0.56,key_3,658,false
write,0.28,key_6,650,false
write,0.34,key_18,680,false
write,0.34,key_16,677,false
write,0.37,key_18,681,false
write,0.32,key_3,659,false
write,0.29,key_0,615,false
write,0.29,key_14,628,false
write,0.28,key_4,661,false
write,0.36,key_6,651,false
write,0.43,key_13,642,false
write,0.26,key_16,678,false
write,0.37,key_13,643,false
write,0.36,key_1,652,false
write,0.42,key_19,700,false
write,0.28,key_6,652,false
write,0.29,key_19,701,false
write,0.31,key_15,638,false
write,0.32,key_5,637,false
write,0.28,key_13,644,false
write,0.29,key_14,629,false
write,0.29,key_11,647,false
write,0.26,key_8,730,false
write,0.27,key_8,731,false
read,51.26,key_8,731,false
write,0.38,key_10,654,false
write,0.31,key_4,662,false
write,0.28,key_5,638,false
write,0.28,key_3,660,false
write,0.57,key_6,653,false
write,0.30,key_14,630,false
write,0.39,key_9,648,false
write,0.31,key_7,670,false
write,0.30,key_6,654,false
read,51.02,key_7,670,false
write,0.41,key_16,679,false
write,0.33,key_17,608,false
write,0.35,key_9,649,false
write,0.26,key_7,671,false
write,0.31,key_16,680,false
write,0.63,key_16,681,false
write,0.31,key_19,702,false
write,0.28,key_2,652,false
write,0.30,key_3,661,false
write,0.30,key_4,663,false
write,0.29,key_1,653,false
write,0.29,key_10,655,false
write,0.29,key_5,639,false
read,52.48,key_16,681,false
write,0.57,key_6,655,false
write,0.32,key_9,650,false
write,0.66,key_9,651,false
write,0.30,key_0,616,false
write,0.29,key_15,639,false
write,0.29,key_13,645,false
write,0.29,key_1,654,false
write,0.26,key_17,609,false
write,0.33,key_4,664,false
write,0.42,key_15,640,false
write,0.33,key_6,656,false
write,0.32,key_1,655,false
write,0.26,key_4,665,false
write,0.27,key_7,672,false
write,0.35,key_8,732,false
write,0.30,key_8,733,false
write,0.28,key_12,673,false
write,0.28,key_9,652,false
write,0.54,key_3,662,false
write,0.45,key_15,641,false
write,0.47,key_12,674,false
read,52.71,key_10,655,false
write,0.39,key_11,648,false
write,0.44,key_2,653,false
write,0.33,key_5,640,false
read,52.50,key_0,616,false
write,0.37,key_10,656,false
write,0.33,key_17,610,false
write,0.31,key_5,641,false
write,0.28,key_17,611,false
write,0.33,key_6,657,false
read,52.22,key_8,733,false
write,0.41,key_17,612,false
write,0.30,key_8,734,false
write,1.53,key_3,663,false
write,0.53,key_11,649,false
write,1.57,key_17,613,false
write,0.72,key_7,673,false
write,1.78,key_7,674,false
write,0.55,key_15,642,false
write,0.34,key_19,703,false
write,0.32,key_8,735,false
write,0.34,key_0,617,false
read,52.51,key_17,613,false
write,0.41,key_4,666,false
write,0.59,key_10,657,false
write,0.29,key_17,614,false
write,0.34,key_12,675,false
write,0.31,key_9,653,false
write,0.32,key_19,704,false
write,0.37,key_18,682,false
write,0.31,key_2,654,false
write,0.29,key_5,642,false
write,0.28,key_16,682,false
write,0.31,key_7,675,false
write,0.29,key_10,658,false
write,0.31,key_14,631,false
write,0.38,key_15,643,false
write,0.57,key_1,656,false
write,0.52,key_17,615,false
write,0.34,key_2,655,false
read,52.62,key_4,666,false
write,0.35,key_1,657,false
write,0.28,key_10,659,false
write,0.29,key_13,646,false
write,0.30,key_15,644,false
write,0.33,key_5,643,false
write,0.32,key_5,644,false
write,0.27,key_3,664,false
write,0.28,key_3,665,false
write,0.29,key_1,658,false
write,0.26,key_19,705,false
write,0.26,key_5,645,false
write,0.31,key_14,632,false
write,0.31,key_8,736,false
write,0.29,key_12,676,false
write,0.32,key_1,659,false
write,0.25,key_10,660,false
write,0.36,key_6,658,false
write,0.34,key_7,676,false
write,0.25,key_11,650,false
write,0.31,key_6,659,false
write,0.36,key_10,661,false
write,0.43,key_13,647,false
write,0.30,key_17,616,false
read,51.92,key_12,676,false
write,1.64,key_19,706,false
write,0.44,key_16,683,false
write,0.27,key_1,660,false
write,0.27,key_17,617,false
write,0.29,key_12,677,false
write,0.27,key_0,618,false
write,0.29,key_8,737,false
read,51.50,key_18,682,false
write,0.42,key_4,667,false
write,0.37,key_3,666,false
write,0.29,key_5,646,false
write,0.31,key_12,678,false
write,1000.88,key_10,662,false
write,0.33,key_10,663,false
write,0.32,key_9,654,false
write,0.36,key_15,645,false
read,51.72,key_16,683,false
write,0.42,key_18,683,false
write,0.33,key_1,661,false
write,0.30,key_3,667,false
write,0.31,key_2,656,false
write,0.37,key_0,619,false
write,0.50,key_8,738,false
write,0.40,key_7,677,false
write,0.29,key_3,668,false
write,0.30,key_9,655,false
write,0.27,key_0,620,false
read,52.71,key_6,659,false
write,0.42,key_13,648,false
write,0.36,key_2,657,false
write,0.31,key_12,679,false
write,0.29,key_6,660,false
write,0.45,key_4,668,false
write,0.50,key_15,646,false
write,0.35,key_19,707,false
write,0.30,key_18,684,false
write,0.30,key_7,678,false
write,0.28,key_2,658,false
write,0.29,key_17,618,false
write,0.28,key_11,651,false
write,0.30,key_6,661,false
write,0.32,key_7,679,false
write,0.55,key_9,656,false
write,0.49,key_4,669,false
write,0.29,key_7,680,false
write,0.26,key_19,708,false
read,52.94,key_16,683,false
read,51.30,key_13,648,false
write,7.47,key_12,680,false
write,0.39,key_16,684,false
write,0.40,key_1,662,false
write,0.34,key_0,621,false
write,0.47,key_18,685,false
write,0.52,key_0,622,false
write,0.36,key_14,633,false
read,51.94,key_17,618,false
write,0.49,key_12,681,false
write,0.32,key_12,682,false
write,0.36,key_0,623,false
write,0.34,key_5,647,false
write,0.59,key_8,739,false
write,0.32,key_13,649,false
write,0.46,key_5,648,false
write,0.71,key_12,683,false
write,0.43,key_18,686,false
write,0.32,key_10,664,false
write,0.51,key_10,665,false
write,0.37,key_16,685,false
read,51.63,key_9,656,false
write,0.41,key_19,709,false
write,0.34,key_6,662,false
write,0.32,key_16,686,false
write,0.33,key_13,650,false
write,0.29,key_8,740,false
write,0.34,key_17,619,false
write,0.38,key_18,687,false
write,0.38,key_7,681,false
write,0.46,key_19,710,false
write,0.49,key_14,634,false
write,0.31,key_17,620,false
read,52.52,key_7,680,true
write,0.36,key_1,663,false
write,0.45,key_19,711,false
write,0.54,key_15,647,false
write,0.30,key_8,741,false
write,0.35,key_14,635,false
write,0.31,key_9,657,false
write,0.41,key_8,742,false
write,0.38,key_6,663,false
write,0.44,key_9,658,false
write,0.26,key_2,659,false
read,50.89,key_0,623,false
write,0.46,key_14,636,false
write,0.35,key_2,660,false
write,0.31,key_17,621,false
write,0.33,key_6,664,false
write,0.33,key_6,665,false
write,0.31,key_4,670,false
write,0.44,key_3,669,false
write,0.31,key_12,684,false
write,0.36,key_1,664,false
write,0.31,key_6,666,false
write,0.30,key_1,665,false
write,0.28,key_10,666,false
read,51.07,key_2,660,false
write,0.50,key_5,649,false
write,0.32,key_8,743,false
write,0.32,key_8,744,false
write,0.29,key_13,651,false
write,0.28,key_19,712,false
write,0.35,key_0,624,false
write,0.48,key_13,652,false
write,0.29,key_11,652,false
write,0.79,key_19,713,false
write,0.73,key_8,745,false
write,0.33,key_19,714,false
write,0.39,key_8,746,false
write,0.39,key_8,747,false
read,51.34,key_18,687,false
write,0.42,key_13,653,false
write,0.32,key_2,661,false
read,51.66,key_1,665,false
write,0.32,key_4,671,false
write,0.31,key_6,667,false
write,0.41,key_9,659,false
write,0.32,key_15,648,false
write,0.29,key_12,685,false
write,0.38,key_1,666,false
write,0.38,key_1,667,false
write,0.34,key_4,672,false
read,52.09,key_19,714,false
write,0.42,key_7,682,false
write,0.41,key_1,668,false
read,51.96,key_19,714,false
write,0.50,key_4,673,false
write,0.44,key_6,668,false
write,0.40,key_0,625,false
write,3003.95,key_4,674,false
write,1.00,key_13,654,false
write,0.98,key_1,669,false
write,0.80,key_14,637,false
write,0.78,key_19,715,false
write,0.70,key_2,662,false
write,0.64,key_2,663,false
write,0.75,key_14,638,false
write,0.53,key_7,683,false
write,0.52,key_19,716,false
write,0.46,key_1,670,false
write,0.86,key_9,660,false
write,0.80,key_14,639,false
write,0.61,key_15,649,false
write,0.60,key_19,717,false
write,0.62,key_4,675,false
read,53.25,key_1,670,false
write,1.13,key_7,684,false
write,0.84,key_0,626,false
read,52.88,key_19,717,false
write,0.98,key_5,650,false
write,1.64,key_9,661,false
write,0.95,key_15,650,false
write,0.85,key_19,718,false
write,0.74,key_14,640,false
write,0.65,key_1,671,false
read,53.94,key_18,687,false
write,1.01,key_4,676,false
write,0.79,key_14,641,false
write,0.68,key_11,653,false
write,0.61,key_8,748,false
write,0.65,key_19,719,false
write,0.54,key_14,642,false
write,0.46,key_1,672,false
write,1.12,key_6,669,false
write,0.78,key_1,673,false
write,0.74,key_1,674,false
write,0.67,key_15,651,false
write,0.56,key_17,622,false
write,0.60,key_12,686,false
write,2948.58,key_1,675,false
write,0.76,key_16,687,false
write,0.66,key_14,643,false
write,0.58,key_15,652,false
write,0.57,key_11,654,false
write,0.52,key_4,677,false
write,0.61,key_10,667,false
write,0.50,key_15,653,false
write,0.58,key_7,685,false
write,0.55,key_2,664,false
write,0.58,key_3,670,false
write,0.64,key_16,688,false
write,0.51,key_19,720,false
write,0.60,key_17,623,false
write,0.52,key_6,670,false
write,0.51,key_3,671,false
write,0.54,key_4,678,false
write,0.57,key_7,686,false
write,0.63,key_11,655,false
write,0.57,key_14,644,false
write,0.52,key_1,676,false
write,0.52,key_15,654,false
write,0.52,key_17,624,false
write,0.46,key_3,672,false
read,52.48,key_7,686,false
write,0.57,key_11,656,false
read,53.24,key_2,664,false
write,0.83,key_7,687,false
write,0.89,key_19,721,false
read,52.33,key_19,720,true
write,0.85,key_10,668,false
write,0.90,key_1,677,false
write,0.68,key_12,687,false
write,0.69,key_15,655,false
write,0.60,key_11,657,false
write,0.67,key_3,673,false
write,0.61,key_16,689,false
write,0.67,key_12,688,false
write,0.67,key_0,627,false
write,0.72,key_9,662,false
read,52.35,key_6,670,false
write,1.43,key_2,665,false
read,52.40,key_13,654,false
write,0.80,key_5,651,false
write,0.79,key_17,625,false
write,0.87,key_10,669,false
write,0.89,key_10,670,false
write,0.76,key_16,690,false
write,0.87,key_17,626,false
write,0.64,key_1,678,false
write,0.66,key_10,671,false
write,0.54,key_5,652,false
write,0.71,key_2,666,false
write,0.63,key_3,674,false
write,0.70,key_3,675,false
write,0.53,key_13,655,false
write,0.58,key_12,689,false
write,0.57,key_0,628,false
write,0.58,key_2,667,false
write,0.60,key_18,688,false
write,0.50,key_0,629,false
write,0.53,key_3,676,false
write,0.54,key_1,679,false
write,0.70,key_7,688,false
write,0.65,key_3,677,false
write,0.59,key_8,749,false
write,1.02,key_10,672,false
write,0.66,key_7,689,false
write,0.61,key_6,671,false
write,0.71,key_9,663,false
write,0.69,key_2,668,false
write,0.60,key_6,672,false
write,0.56,key_15,656,false
write,0.61,key_19,722,false
write,0.57,key_3,678,false
write,0.55,key_11,658,false
write,0.51,key_6,673,false
write,0.52,key_0,630,false
write,0.57,key_2,669,false
write,0.62,key_16,691,false
write,0.56,key_7,690,false
write,0.51,key_13,656,false
write,0.55,key_0,631,false
write,0.54,key_10,673,false
write,0.49,key_19,723,false
write,0.55,key_12,690,false
write,0.46,key_17,627,false
write,0.45,key_9,664,false
write,0.45,key_14,645,false
write,0.49,key_6,674,false
write,0.49,key_15,657,false
write,0.46,key_15,658,false
write,0.49,key_0,632,false
write,0.47,key_7,691,false
write,0.47,key_12,691,false
write,0.48,key_11,659,false
write,0.53,key_7,692,false
write,0.48,key_4,679,false
write,0.61,key_16,692,false
write,0.48,key_11,660,false
write,0.50,key_17,628,false
write,0.47,key_19,724,false
write,0.48,key_6,675,false
write,0.42,key_16,693,false
write,0.42,key_6,676,false
write,0.43,key_2,670,false
write,0.51,key_7,693,false
write,0.42,key_19,725,false
write,0.43,key_0,633,false
write,0.54,key_6,677,false
write,0.54,key_2,671,false
write,0.43,key_13,657,false
write,0.43,key_10,674,false
write,0.51,key_12,692,false
read,52.71,key_4,679,false
write,0.65,key_8,750,false
write,0.41,key_17,629,false
read,52.98,key_0,633,false
write,0.58,key_4,680,false
write,0.46,key_9,665,false
write,0.50,key_6,678,false
write,0.46,key_15,659,false
write,0.43,key_6,679,false
write,0.48,key_13,658,false
write,0.47,key_18,689,false
write,0.40,key_13,659,false
read,52.49,key_9,665,false
write,0.46,key_4,681,false
write,0.60,key_13,660,false
write,0.43,key_12,693,false
write,0.42,key_19,726,false
write,0.45,key_9,666,false
read,51.68,key_5,652,false
write,0.57,key_12,694,false
write,0.60,key_9,667,false
write,0.59,key_3,679,false
read,51.62,key_2,671,false
write,0.55,key_13,661,false
write,0.68,key_6,680,false
write,0.57,key_8,751,false
write,0.47,key_7,694,false
write,0.52,key_3,680,false
write,0.59,key_3,681,false
write,0.52,key_5,653,false
write,0.65,key_9,668,false
write,0.44,key_12,695,false
write,0.55,key_11,661,false
write,0.56,key_13,662,false
write,0.57,key_4,682,false
write,0.50,key_18,690,false
write,0.62,key_8,752,false
write,0.52,key_10,675,false
write,0.47,key_16,694,false
write,0.62,key_5,654,false
write,0.45,key_7,695,false
write,0.45,key_5,655,false
write,0.47,key_7,696,false
write,0.39,key_1,680,false
write,0.56,key_2,672,false
write,0.49,key_10,676,false
read,52.57,key_13,662,false
write,0.61,key_12,696,false
write,0.48,key_11,662,false
write,0.59,key_5,656,false
write,0.49,key_5,657,false
write,0.55,key_11,663,false
read,51.50,key_10,676,false
write,0.50,key_4,683,false
write,0.36,key_19,727,false
write,0.38,key_16,695,false
write,0.36,key_9,669,false
write,0.37,key_15,660,false
write,0.39,key_19,728,false
write,0.38,key_2,673,false
write,0.36,key_7,697,false
write,0.46,key_4,684,false
write,0.41,key_4,685,false
write,0.41,key_15,661,false
read,52.95,key_11,663,false
write,0.55,key_4,686,false
write,0.47,key_12,697,false
write,0.37,key_7,698,false
write,0.44,key_18,691,false
write,0.41,key_13,663,false
write,0.41,key_3,682,false
write,0.38,key_4,687,false
write,0.41,key_12,698,false
write,0.38,key_0,634,false
read,51.26,key_8,752,false
write,0.53,key_18,692,false
write,0.40,key_9,670,false
write,0.35,key_15,662,false
write,0.41,key_14,646,false
write,0.36,key_1,681,false
write,0.44,key_16,696,false
write,0.41,key_4,688,false
read,52.91,key_4,688,false
read,53.20,key_11,663,false
write,0.59,key_6,681,false
write,0.44,key_10,677,false
write,0.54,key_13,664,false
write,0.42,key_3,683,false
write,0.47,key_5,658,false
write,0.38,key_15,663,false
write,0.50,key_3,684,false
write,0.42,key_14,647,false
write,0.40,key_2,674,false
write,0.43,key_0,635,false
write,0.42,key_9,671,false
write,0.43,key_1,682,false
write,0.37,key_18,693,false
write,0.47,key_16,697,false
write,0.35,key_17,630,false
read,51.38,key_9,671,false
write,0.45,key_11,664,false
write,0.39,key_9,672,false
write,0.43,key_8,753,false
write,0.43,key_6,682,false
write,0.61,key_1,683,false
write,0.40,key_5,659,false
write,0.46,key_18,694,false
read,52.34,key_6,682,false
write,0.72,key_7,699,false
write,0.56,key_3,685,false
write,0.39,key_7,700,false
write,0.53,key_14,648,false
write,0.85,key_4,689,false
write,0.52,key_14,649,false
write,0.54,key_14,650,false
write,0.39,key_5,660,false
write,0.46,key_1,684,false
write,0.41,key_7,701,false
write,0.46,key_10,678,false
write,0.45,key_0,636,false
write,0.37,key_6,683,false
read,51.50,key_4,689,false
write,0.58,key_9,673,false
write,0.47,key_15,664,false
write,0.40,key_16,698,false
write,0.45,key_11,665,false
write,0.42,key_6,684,false
write,0.39,key_4,690,false
write,0.35,key_9,674,false
read,52.09,key_10,678,false
write,0.48,key_3,686,false
write,0.49,key_11,666,false
write,0.41,key_19,729,false
write,0.46,key_2,675,false
write,0.38,key_3,687,false
write,0.35,key_14,651,false
write,0.36,key_18,695,false
write,0.37,key_19,730,false
read,51.27,key_15,664,false
write,0.45,key_4,691,false
write,0.37,key_2,676,false
read,52.52,key_0,636,false
write,0.52,key_10,679,false
write,3000.18,key_14,652,false
write,0.52,key_3,688,false
write,0.36,key_18,696,false
write,0.36,key_1,685,false
write,0.34,key_17,631,false
read,51.64,key_14,652,false
write,0.53,key_19,731,false
write,0.41,key_19,732,false
write,0.43,key_19,733,false
write,0.41,key_3,689,false
write,0.47,key_5,661,false
write,0.51,key_0,637,false
read,51.34,key_13,664,false
write,0.76,key_18,697,false
read,52.13,key_14,652,false
write,0.50,key_0,638,false
write,0.40,key_4,692,false
write,0.48,key_17,632,false
write,0.42,key_5,662,false
write,0.62,key_19,734,false
write,0.43,key_8,754,false
read,51.71,key_17,632,false
write,0.47,key_14,653,false
write,0.44,key_13,665,false
write,0.36,key_12,699,false
write,0.38,key_17,633,false
write,0.59,key_8,755,false
write,0.57,key_11,667,false
write,0.49,key_13,666,false
write,0.59,key_14,654,false
write,0.50,key_19,735,false
write,0.46,key_9,675,false
read,52.85,key_11,667,false
write,0.52,key_1,686,false
write,0.40,key_0,639,false
write,0.48,key_4,693,false
write,0.46,key_1,687,false
write,0.56,key_3,690,false
write,0.57,key_16,699,false
write,0.46,key_15,665,false
write,0.43,key_1,688,false
write,0.41,key_6,685,false
write,0.38,key_11,668,false
write,0.82,key_17,634,false
write,0.90,key_0,640,false
write,0.34,key_0,641,false
write,0.38,key_12,700,false
write,0.41,key_13,667,false
write,0.41,key_14,655,false
write,0.42,key_19,736,false
write,0.36,key_7,702,false
write,0.38,key_12,701,false
write,0.37,key_12,702,false
write,0.42,key_3,691,false
read,51.22,key_14,655,false
write,0.48,key_4,694,false
write,0.37,key_0,642,false
read,52.18,key_5,662,false
write,0.66,key_14,656,false
write,0.53,key_4,695,false
write,0.52,key_19,737,false
write,0.65,key_7,703,false
write,0.62,key_13,668,false
write,0.57,key_0,643,false
write,0.56,key_11,669,false
write,0.53,key_0,644,false
write,0.52,key_9,676,false
write,0.36,key_0,645,false
read,51.55,key_18,697,false
write,0.79,key_13,669,false
read,52.99,key_11,669,false
write,0.87,key_19,738,false
write,0.72,key_18,698,false
write,0.82,key_13,670,false
write,0.47,key_5,663,false
write,0.65,key_17,635,false
write,0.67,key_14,657,false
write,0.52,key_16,700,false
write,0.66,key_11,670,false
write,0.60,key_7,704,false
write,0.42,key_13,671,false
read,52.85,key_0,645,false
write,0.55,key_1,689,false
write,0.43,key_5,664,false
write,0.69,key_2,677,false
write,0.48,key_0,646,false
write,0.59,key_11,671,false
write,0.39,key_8,756,false
write,0.57,key_3,692,false
write,0.45,key_5,665,false
read,52.69,key_2,677,false
write,0.53,key_4,696,false
read,52.58,key_13,671,false
write,0.63,key_17,636,false
write,0.48,key_8,757,false
write,0.47,key_18,699,false
read,52.52,key_6,685,false
write,0.60,key_6,686,false
write,0.53,key_9,677,false
write,0.45,key_15,666,false
write,0.42,key_10,680,false
write,0.43,key_12,703,false
write,0.52,key_2,678,false
read,52.13,key_2,678,false
write,0.54,key_1,690,false
write,0.46,key_10,681,false
read,53.50,key_17,636,false
write,0.62,key_7,705,false
write,0.49,key_11,672,false
read,53.60,key_2,678,false
write,0.65,key_7,706,false
write,0.50,key_14,658,false
write,0.51,key_1,691,false
write,0.44,key_10,682,false
read,52.67,key_8,757,false
write,0.80,key_12,704,false
write,0.89,key_13,672,false
write,0.79,key_7,707,false
write,0.62,key_6,687,false
write,0.69,key_7,708,false
write,0.83,key_1,692,false
write,0.54,key_15,667,false
write,0.47,key_1,693,false
write,0.55,key_6,688,false
write,0.44,key_3,693,false
write,0.46,key_1,694,false
write,0.53,key_7,709,false
write,0.44,key_10,683,false
write,0.55,key_15,668,false
write,0.76,key_5,666,false
read,56.96,key_18,699,false
write,0.67,key_17,637,false
write,0.58,key_6,689,false
write,3.72,key_2,679,false
write,4.83,key_13,673,false
write,1.04,key_9,678,false
write,0.72,key_16,701,false
write,0.54,key_19,739,false
write,0.45,key_0,647,false
write,0.39,key_0,648,false
write,0.51,key_13,674,false
write,0.60,key_13,675,false
write,1.01,key_7,710,false
write,0.63,key_0,649,false
write,0.49,key_2,680,false
read,53.49,key_15,668,false
write,0.77,key_17,638,false
write,0.58,key_3,694,false
write,0.47,key_16,702,false
write,0.65,key_12,705,false
write,0.54,key_6,690,false
write,0.61,key_12,706,false
read,51.90,key_3,694,false
write,0.36,key_3,695,false
write,0.30,key_2,681,false
write,0.30,key_18,700,false
write,0.29,key_2,682,false
write,0.34,key_3,696,false
write,0.28,key_4,697,false
write,0.26,key_8,758,false
write,0.29,key_1,695,false
write,0.32,key_12,707,false
write,0.26,key_7,711,false
write,0.34,key_6,691,false
read,52.77,key_16,702,false
write,0.76,key_3,697,false
write,0.58,key_14,659,false
read,52.24,key_0,649,false
read,53.79,key_0,649,false
write,1.03,key_12,708,false
write,0.81,key_0,650,false
write,0.54,key_15,669,false
write,0.80,key_12,709,false
write,0.76,key_4,698,false
write,0.84,key_5,667,false
write,0.57,key_16,703,false
write,5001.66,key_10,0,false
write,0.76,key_6,692,false
write,0.53,key_14,660,false
write,0.65,key_12,710,false
write,5000.09,key_16,0,false
write,8.70,key_19,740,false
write,10.29,key_0,651,false
write,0.59,key_16,704,false
write,0.88,key_19,741,false
write,0.59,key_2,683,false
write,0.65,key_16,705,false
write,0.66,key_18,701,false
write,0.73,key_17,639,false
read,52.88,key_2,683,false
write,0.72,key_9,679,false
write,0.64,key_5,668,false
write,0.65,key_0,652,false
read,51.69,key_6,692,false
read,52.18,key_9,679,false
write,0.86,key_10,684,false
write,0.75,key_14,661,false
write,0.74,key_7,712,false
write,0.82,key_10,685,false
write,0.74,key_18,702,false
write,0.58,key_3,698,false
write,0.78,key_7,713,false
read,52.52,key_14,661,false
write,0.66,key_11,673,false
read,53.31,key_8,758,false
write,0.86,key_9,680,false
write,0.76,key_2,684,false
write,0.68,key_11,674,false
write,0.63,key_5,669,false
write,0.64,key_8,759,false
write,0.63,key_4,699,false
write,0.55,key_0,653,false
write,0.55,key_15,670,false
write,0.52,key_19,742,false
write,0.53,key_10,686,false
read,52.41,key_16,705,false
write,0.66,key_4,700,false
write,0.81,key_15,671,false
write,0.58,key_14,662,false
write,0.63,key_7,714,false
write,0.59,key_11,675,false
write,0.68,key_1,696,false
write,0.60,key_1,697,false
write,0.51,key_11,676,false
read,53.31,key_18,702,false
write,0.80,key_7,715,false
write,0.64,key_14,663,false
write,0.50,key_5,670,false
write,0.56,key_14,664,false
write,0.51,key_2,685,false
write,0.58,key_14,665,false
write,0.63,key_9,681,false
write,0.55,key_1,698,false
write,0.70,key_15,672,false
write,0.74,key_9,682,false
write,0.68,key_3,699,false
write,0.61,key_17,640,false
write,0.76,key_12,711,false
write,0.52,key_19,743,false
write,0.53,key_10,687,false
write,0.50,key_9,683,false
write,0.45,key_5,671,false
write,0.51,key_17,641,false
write,0.49,key_16,706,false
write,0.50,key_1,699,false
write,0.50,key_6,693,false
write,0.43,key_8,760,false
write,0.44,key_0,654,false
write,0.41,key_8,761,false
read,52.01,key_10,687,false
write,0.77,key_18,703,false
write,0.66,key_9,684,false
write,0.73,key_17,642,false
write,0.50,key_6,694,false
write,0.54,key_19,744,false
write,0.44,key_9,685,false
write,0.47,key_6,695,false
write,0.35,key_3,700,false
write,0.38,key_9,686,false
write,0.55,key_7,716,false
write,0.43,key_8,762,false
write,0.45,key_13,676,false
write,0.40,key_6,696,false
write,0.50,key_3,701,false
read,52.92,key_14,665,false
write,0.73,key_12,712,false
write,0.42,key_10,688,false
write,0.47,key_12,713,false
write,0.60,key_15,673,false
write,0.59,key_3,702,false
write,0.58,key_7,717,false
write,0.45,key_16,707,false
write,0.43,key_9,687,false
write,0.50,key_0,655,false
write,0.49,key_11,677,false
write,0.45,key_6,697,false
write,0.65,key_3,703,false
write,0.44,key_3,704,false
read,52.03,key_10,688,false
write,0.55,key_11,678,false
write,1.03,key_15,674,false
read,53.21,key_11,678,false
write,0.67,key_12,714,false
read,52.28,key_14,665,false
read,51.99,key_15,674,false
write,0.71,key_12,715,false
write,0.51,key_11,679,false
write,0.54,key_18,704,false
write,0.52,key_11,680,false
write,0.46,key_16,708,false
write,0.51,key_1,700,false
write,0.44,key_9,688,false
write,0.54,key_9,689,false
write,0.49,key_3,705,false
write,0.55,key_6,698,false
write,0.47,key_2,686,false
write,0.46,key_0,656,false
write,0.43,key_19,745,false
write,0.49,key_19,746,false
write,0.41,key_1,701,false
write,0.44,key_8,763,false
write,0.42,key_5,672,false
write,0.52,key_12,716,false
write,0.47,key_2,687,false
write,0.40,key_19,747,false
read,52.79,key_11,680,false
write,0.88,key_8,764,false
read,52.89,key_8,764,false
write,0.79,key_16,709,false
write,0.59,key_2,688,false
write,0.58,key_2,689,false
write,0.78,key_0,657,false
write,0.67,key_18,705,false
write,0.60,key_9,690,false
write,0.54,key_17,643,false
write,0.56,key_12,717,false
write,0.48,key_11,681,false
write,0.49,key_6,699,false
read,52.97,key_10,688,false
write,0.84,key_19,748,false
write,0.72,key_12,718,false
write,0.62,key_16,710,false
write,0.51,key_7,718,false
write,0.57,key_14,666,false
write,0.49,key_9,691,false
write,5000.68,key_12,0,false
write,0.93,key_8,765,false
write,0.66,key_18,706,false
write,0.57,key_8,766,false
write,0.62,key_15,675,false
write,0.67,key_6,700,false
write,0.76,key_10,689,false
read,51.60,key_15,675,false
write,0.62,key_9,692,false
write,0.99,key_10,690,false
write,1.53,key_17,644,false
write,0.49,key_16,711,false
write,0.49,key_1,702,false
write,0.53,key_4,701,false
write,0.61,key_15,676,false
write,0.49,key_2,690,false
write,0.55,key_12,719,false
write,0.57,key_19,749,false
write,0.47,key_17,645,false
write,0.55,key_15,677,false
write,0.80,key_3,706,false
write,0.68,key_4,702,false
write,0.82,key_5,673,false
write,0.54,key_12,720,false
write,0.59,key_11,682,false
write,0.54,key_11,683,false
write,0.50,key_0,658,false
write,0.51,key_1,703,false
write,0.43,key_2,691,false
write,0.57,key_14,667,false
write,0.40,key_5,674,false
write,0.47,key_19,750,false
write,0.43,key_14,668,false
write,0.50,key_14,669,false
write,0.42,key_1,704,false
write,0.49,key_7,719,false
write,0.44,key_10,691,false
write,0.49,key_3,707,false
write,0.42,key_0,659,false
write,0.49,key_12,721,false
write,0.54,key_13,677,false
write,0.53,key_3,708,false
write,0.45,key_0,660,false
write,0.46,key_1,705,false
write,0.42,key_19,751,false
write,0.41,key_19,752,false
write,0.53,key_10,692,false
write,0.48,key_6,701,false
write,0.50,key_5,675,false
write,0.40,key_18,707,false
write,0.42,key_18,708,false
write,0.43,key_19,753,false
write,0.48,key_19,754,false
write,0.39,key_9,693,false
write,0.41,key_9,694,false
write,0.38,key_7,720,false
write,0.40,key_5,676,false
write,0.42,key_1,706,false
write,0.43,key_14,670,false
write,0.47,key_11,684,false
write,0.43,key_14,671,false
write,0.54,key_2,692,false
write,0.49,key_11,685,false
write,0.69,key_6,702,false
write,0.51,key_4,703,false
write,0.58,key_16,712,false
write,0.88,key_17,646,false
write,0.68,key_8,767,false
write,0.56,key_3,709,false
write,0.70,key_19,755,false
write,0.92,key_1,707,false
read,5001.41,key_18,0,false
read,5001.35,key_12,0,false
read,5001.38,key_11,0,false
read,5001.34,key_13,0,false
read,5001.41,key_6,0,false
read,5001.35,key_19,0,false
write,5001.42,key_14,0,false
write,5000.41,key_3,0,false
write,5001.41,key_9,0,false
read,5000.85,key_2,0,false
write,5001.60,key_3,0,false
write,5001.36,key_3,0,false
write,5001.42,key_7,0,false
write,5001.38,key_10,0,false
write,5001.55,key_15,0,false
write,5001.42,key_6,0,false
write,5001.39,key_13,0,false
write,5001.40,key_7,0,false
write,5001.39,key_13,0,false
write,5001.27,key_16,0,false
write,5001.26,key_9,0,false
write,5001.25,key_9,0,false
write,5001.28,key_8,0,false
write,5001.31,key_11,0,false
write,5001.35,key_1,0,false
write,5001.45,key_4,0,false
write,5001.60,key_0,0,false
write,16.81,key_0,661,false
write,2.09,key_6,703,false
write,1.46,key_13,678,false
write,4.92,key_3,710,false
write,2.03,key_3,711,false
write,5001.26,key_7,0,false
read,54.87,key_11,685,false
write,5001.29,key_3,0,false
write,5001.27,key_14,0,false
write,1006.17,key_3,712,false
read,56.37,key_2,692,false
write,1.21,key_7,721,false
write,1.15,key_8,768,false
write,3.11,key_18,709,false
write,0.88,key_11,686,false
write,0.74,key_17,647,false
write,0.78,key_0,662,false
write,0.60,key_8,769,false
write,0.61,key_12,722,false
write,0.92,key_5,677,false
write,0.86,key_0,663,false
write,0.72,key_12,723,false
write,0.68,key_19,756,false
write,0.67,key_9,695,false
write,0.62,key_13,679,false
write,0.65,key_19,757,false
write,0.64,key_13,680,false
write,0.58,key_0,664,false
write,0.68,key_16,713,false
write,0.92,key_15,678,false
write,0.67,key_11,687,false
write,0.56,key_13,681,false
write,0.60,key_9,696,false
write,0.59,key_0,665,false
write,0.66,key_5,678,false
write,0.62,key_13,682,false
read,58.17,key_18,709,false
write,0.96,key_5,679,false
write,0.74,key_17,648,false
write,0.85,key_17,649,false
write,0.80,key_11,688,false
write,0.72,key_6,704,false
write,0.66,key_7,722,false
write,0.59,key_15,679,false
read,53.88,key_4,703,false
write,1.80,key_13,683,false
write,2.95,key_0,666,false
write,0.83,key_14,672,false
write,0.70,key_9,697,false
write,0.69,key_5,680,false
write,0.61,key_15,680,false
read,53.68,key_3,712,false
write,1.26,key_4,704,false
write,1.23,key_10,693,false
write,1.32,key_4,705,false
write,0.94,key_13,684,false
write,0.92,key_8,770,false
write,0.83,key_4,706,false
write,0.99,key_0,667,false
write,0.75,key_14,673,false
write,0.68,key_13,685,false
write,0.77,key_1,709,false
write,0.65,key_3,713,false
write,1.07,key_16,714,false
read,52.60,key_5,680,false
write,0.97,key_19,758,false
write,0.85,key_7,723,false
write,0.71,key_8,771,false
write,0.65,key_0,668,false
write,0.67,key_7,724,false
write,0.55,key_18,710,false
write,0.64,key_16,715,false
write,0.56,key_0,669,false
write,0.62,key_11,689,false
write,1003.79,key_12,724,false
write,0.85,key_9,698,false
write,0.74,key_14,674,false
write,0.74,key_17,650,false
write,0.61,key_15,681,false
write,0.70,key_2,693,false
write,0.65,key_7,725,false
write,0.90,key_16,716,false
write,5.50,key_3,714,false
write,1.15,key_4,707,false
write,1.14,key_1,710,false
read,53.92,key_17,650,false
write,0.80,key_9,699,false
write,0.83,key_11,690,false
write,0.85,key_17,651,false
write,0.94,key_13,686,false
write,0.75,key_19,759,false
write,0.72,key_4,708,false
write,0.70,key_6,705,false
write,0.62,key_18,711,false
write,0.61,key_11,691,false
write,0.92,key_16,717,false
write,1.05,key_1,711,false
write,1.27,key_2,694,false
read,57.64,key_3,714,false
read,55.21,key_7,725,false
write,1.10,key_15,682,false
write,1.28,key_6,706,false
write,0.88,key_8,772,false
write,0.74,key_13,687,false
write,0.79,key_1,712,false
write,0.82,key_14,675,false
write,0.82,key_6,707,false
write,0.86,key_3,715,false
write,0.73,key_8,773,false
write,0.79,key_6,708,false
write,0.64,key_9,700,false
write,0.61,key_18,712,false
write,5000.71,key_15,0,false
write,1.46,key_8,774,false
write,1.20,key_16,718,false
write,1.14,key_3,716,false
write,0.99,key_13,688,false
write,0.72,key_13,689,false
write,0.81,key_4,709,false
write,0.78,key_4,710,false
write,0.61,key_7,726,false
write,0.73,key_15,683,false
write,5001.06,key_6,0,false
read,52.48,key_16,718,false
write,0.77,key_8,775,false
write,0.92,key_10,694,false
write,0.76,key_6,709,false
write,0.63,key_10,695,false
write,0.50,key_15,684,false
write,0.75,key_16,719,false
write,0.86,key_11,692,false
write,0.84,key_3,717,false
write,0.68,key_16,720,false
read,53.80,key_3,716,true
write,0.83,key_2,695,false
write,0.66,key_16,721,false
write,0.58,key_15,685,false
write,0.63,key_8,776,false
write,0.47,key_3,718,false
read,53.53,key_16,721,false
write,0.69,key_13,690,false
write,0.63,key_13,691,false
write,0.60,key_7,727,false
write,0.58,key_17,652,false
write,0.46,key_3,719,false
write,0.51,key_0,670,false
write,0.64,key_7,728,false
write,0.52,key_18,713,false
write,0.49,key_14,676,false
write,0.50,key_18,714,false
write,0.52,key_7,729,false
write,0.45,key_8,777,false
write,0.47,key_16,722,false
write,0.54,key_5,681,false
write,0.53,key_3,720,false
write,0.62,key_17,653,false
write,0.53,key_0,671,false
write,0.49,key_3,721,false
write,0.52,key_8,778,false
read,52.74,key_0,671,false
write,0.72,key_11,693,false
write,0.68,key_18,715,false
read,53.10,key_15,685,false
write,0.48,key_16,723,false
write,0.61,key_13,692,false
write,1.19,key_12,725,false
read,51.48,key_13,692,false
write,1.64,key_4,711,false
read,5000.68,key_4,0,false
write,1.78,key_17,654,false
write,0.81,key_18,716,false
write,1.42,key_17,655,false
write,1.79,key_16,724,false
write,0.66,key_19,760,false
write,0.82,key_15,686,false
write,0.92,key_6,710,false
write,0.75,key_1,713,false
write,0.70,key_7,730,false
read,54.40,key_6,710,false
write,5.38,key_11,694,false
write,5.55,key_12,726,false
write,1.57,key_2,696,false
write,3006.94,key_13,693,false
write,2.44,key_16,725,false
write,2.67,key_0,672,false
write,7.57,key_4,712,false
write,1.65,key_4,713,false
write,5000.35,key_13,0,false
write,1.55,key_12,727,false
write,1.34,key_11,695,false
write,0.78,key_0,673,false
write,4.88,key_11,696,false
write,9.25,key_12,728,false
write,3.25,key_3,722,false
write,1.92,key_4,714,false
write,1.55,key_13,694,false
write,2.35,key_16,726,false
write,1.48,key_9,701,false
write,2.06,key_2,697,false
write,5.65,key_2,698,false
read,58.11,key_3,722,false
write,1.63,key_3,723,false
write,2.27,key_10,696,false
write,1.63,key_7,731,false
write,5.53,key_19,761,false
write,5.13,key_11,697,false
write,2.88,key_13,695,false
write,3.66,key_15,687,false
write,4.02,key_9,702,false
write,3.39,key_14,677,false
write,1.88,key_12,729,false
read,57.57,key_11,697,false
write,3.35,key_17,656,false
write,3.21,key_0,674,false
write,1.96,key_3,724,false
write,1.09,key_5,682,false
write,2.29,key_4,715,false
write,5.06,key_2,699,false
write,4.74,key_0,675,false
write,2.53,key_4,716,false
write,3.47,key_9,703,false
write,1.92,key_4,717,false
write,1.20,key_13,696,false
write,1.63,key_16,727,false
write,3.27,key_16,728,false
write,4.64,key_17,657,false
write,9.73,key_1,714,false
write,1.79,key_11,698,false
read,53.92,key_5,682,false
write,1.98,key_0,676,false
write,1.02,key_17,658,false
write,0.56,key_13,697,false
write,0.94,key_18,717,false
write,0.60,key_8,779,false
write,1.27,key_7,732,false
write,1.02,key_15,688,false
write,0.31,key_12,730,false
write,0.42,key_0,677,false
write,0.34,key_7,733,false
write,0.29,key_4,718,false
write,0.30,key_8,780,false
write,0.37,key_7,734,false
write,0.32,key_10,697,false
write,0.56,key_11,699,false
write,0.40,key_12,731,false
read,54.94,key_2,699,false
write,0.37,key_13,698,false
write,0.35,key_0,678,false
write,0.26,key_11,700,false
write,0.27,key_17,659,false
write,0.62,key_3,725,false
write,0.46,key_18,718,false
write,0.46,key_1,715,false
write,0.41,key_13,699,false
read,52.50,key_19,761,false
write,0.84,key_14,678,false
read,53.80,key_11,700,false
write,0.46,key_4,719,false
write,0.29,key_9,704,false
write,0.30,key_0,679,false
write,0.42,key_10,698,false
write,0.34,key_18,719,false
write,0.28,key_17,660,false
write,0.32,key_3,726,false
write,0.31,key_13,700,false
write,0.46,key_2,700,false
write,0.32,key_8,781,false
write,0.26,key_4,720,false
write,0.33,key_16,729,false
write,5000.44,key_5,0,false
read,5001.52,key_18,0,false
write,3006.82,key_2,701,false
write,1.12,key_17,661,false
write,0.99,key_16,730,false
write,0.63,key_8,782,false
write,0.61,key_18,720,false
write,0.73,key_4,721,false
write,0.60,key_7,735,false
write,0.52,key_6,711,false
write,0.59,key_0,680,false
write,1.03,key_7,736,false
write,5001.47,key_11,0,false
write,1006.69,key_3,727,false
write,1.01,key_3,728,false
write,0.87,key_6,712,false
write,0.65,key_13,701,false
write,0.63,key_19,762,false
write,0.50,key_18,721,false
write,0.65,key_19,763,false
write,1.16,key_0,681,false
write,0.91,key_18,722,false
write,0.72,key_15,689,false
write,0.59,key_9,705,false
write,0.64,key_3,729,false
write,0.64,key_10,699,false
write,0.57,key_2,702,false
write,0.63,key_8,783,false
write,0.65,key_6,713,false
write,0.67,key_5,684,false
write,0.67,key_16,731,false
write,0.62,key_9,706,false
write,0.59,key_11,701,false
write,0.59,key_15,690,false
write,0.62,key_18,723,false
write,0.57,key_2,703,false
write,0.62,key_4,722,false
write,0.52,key_12,732,false
write,0.55,key_16,732,false
write,0.47,key_15,691,false
write,0.64,key_14,679,false
write,0.52,key_17,662,false
write,0.51,key_8,784,false
write,0.57,key_1,716,false
read,55.43,key_0,681,false
read,5000.38,key_13,0,false
write,3007.05,key_15,692,false
write,5001.26,key_5,0,false
read,5000.22,key_12,0,false
write,5000.84,key_8,0,false
read,5000.91,key_2,0,false
read,5001.36,key_19,0,false
read,5000.47,key_2,0,false
write,5001.42,key_1,0,false
