type,latency_ms,key,version,stale
read,8.81,key_19,50,false
read,8.65,key_3,44,false
read,8.69,key_12,38,false
read,8.87,key_4,49,false
read,8.83,key_19,50,false
read,9.65,key_1,39,false
read,9.77,key_13,38,false
read,2.17,key_5,41,false
read,2.37,key_5,41,false
read,2.44,key_19,50,false
read,1.44,key_12,38,false
read,11.17,key_9,47,false
read,2.48,key_17,34,false
read,11.12,key_7,48,false
read,0.88,key_18,55,false
read,0.92,key_17,34,false
read,1.05,key_11,51,false
read,2.40,key_7,48,false
read,3.34,key_11,51,false
read,0.92,key_1,39,false
read,0.95,key_1,39,false
read,0.92,key_15,55,false
read,0.68,key_18,55,false
read,0.77,key_15,55,false
read,0.68,key_7,48,false
read,0.72,key_15,55,false
read,0.75,key_19,50,false
read,0.79,key_1,39,false
read,0.81,key_4,49,false
read,1.28,key_16,50,false
read,0.63,key_15,56,false
read,0.71,key_16,50,false
read,1.09,key_16,50,false
read,0.57,key_7,48,false
read,1.10,key_2,40,false
read,1.16,key_2,40,false
read,1.74,key_7,48,false
read,1.80,key_4,49,false
read,2.08,key_12,38,false
read,0.44,key_1,39,false
read,0.44,key_11,51,false
read,1.45,key_10,44,false
read,0.79,key_14,58,false
read,0.81,key_4,49,false
read,0.54,key_9,47,false
read,0.92,key_11,51,false
read,0.60,key_3,44,false
read,0.98,key_0,41,false
read,0.70,key_13,38,false
read,0.80,key_19,50,false
read,1.14,key_2,40,false
read,0.96,key_10,44,false
read,0.82,key_19,50,false
read,0.65,key_2,40,false
read,0.62,key_13,39,false
read,0.85,key_13,38,false
read,2.05,key_9,47,false
read,0.71,key_2,40,false
read,1.37,key_12,38,false
read,1.26,key_14,58,false
read,0.58,key_2,40,false
read,0.55,key_10,44,false
read,0.61,key_4,49,false
read,0.63,key_6,42,false
read,1.14,key_9,47,false
read,0.65,key_8,36,false
read,0.58,key_17,34,false
read,0.60,key_10,44,false
read,1.24,key_6,42,false
read,0.64,key_9,47,false
read,0.57,key_6,42,false
read,0.75,key_4,49,false
read,0.52,key_19,50,false
read,0.52,key_14,58,false
read,0.59,key_2,40,false
read,0.60,key_16,51,false
read,0.48,key_9,47,false
read,0.56,key_15,56,false
read,0.56,key_4,49,false
read,1.07,key_3,44,false
read,0.93,key_6,42,false
read,0.40,key_15,55,false
read,0.41,key_0,41,false
read,0.44,key_16,50,false
read,0.45,key_17,34,false
read,0.42,key_16,51,false
read,0.43,key_19,50,false
read,0.28,key_1,39,false
read,1.61,key_8,36,false
read,0.24,key_11,51,false
read,0.23,key_15,57,false
read,0.26,key_6,42,false
read,0.21,key_6,42,false
write,323.12,key_13,39,false
write,311.84,key_15,56,false
write,307.09,key_16,51,false
write,310.21,key_5,42,false
read,1.53,key_4,49,false
read,1.71,key_15,56,false
read,1.57,key_19,50,false
read,1.95,key_16,51,false
read,1.73,key_4,49,false
read,1.68,key_12,38,false
read,1.46,key_7,48,false
read,2.43,key_11,51,false
read,2.48,key_12,38,false
read,2.53,key_12,38,false
write,309.94,key_15,57,false
write,309.22,key_2,41,false
write,310.63,key_14,59,false
write,309.79,key_9,48,false
write,309.24,key_18,56,false
read,1.68,key_4,49,false
write,307.86,key_3,45,false
read,1.99,key_2,41,false
read,2.05,key_18,56,false
read,1.45,key_11,51,false
read,1.41,key_12,38,false
read,1.27,key_7,48,false
read,1.14,key_5,42,false
read,2.74,key_2,41,false
read,2.53,key_10,44,false
read,1.78,key_0,41,false
read,1.12,key_15,57,false
read,3.04,key_13,39,false
read,1.58,key_11,51,false
read,1.59,key_11,51,false
read,3.16,key_9,48,false
read,1.02,key_10,44,false
read,0.79,key_18,57,false
read,1.06,key_15,57,false
read,1.06,key_10,44,false
read,1.18,key_17,34,false
read,1.12,key_0,41,false
read,0.84,key_16,51,false
read,0.86,key_1,39,false
read,1.06,key_12,38,false
read,1.16,key_6,42,false
read,1.23,key_2,41,false
read,2.74,key_16,51,false
read,3.39,key_4,49,false
read,0.89,key_7,48,false
read,0.86,key_2,41,false
read,3.79,key_11,51,false
read,1.86,key_7,48,false
read,1.99,key_0,41,false
read,2.32,key_5,42,false
read,2.31,key_16,51,false
read,5.17,key_14,59,false
read,5.14,key_6,42,false
read,5.28,key_2,41,false
read,5.31,key_16,51,false
read,5.54,key_3,45,false
read,2.83,key_4,49,false
read,2.70,key_16,51,false
read,2.66,key_0,41,false
read,1.12,key_8,36,false
read,1.15,key_13,39,false
read,1.13,key_14,59,false
read,0.94,key_10,44,false
read,0.98,key_5,42,false
read,0.40,key_10,44,false
read,0.54,key_10,44,false
read,1.01,key_19,50,false
read,0.39,key_0,41,false
read,0.45,key_6,42,false
read,2.45,key_17,35,false
read,0.24,key_9,48,false
read,0.31,key_9,48,false
read,0.38,key_1,39,false
read,0.34,key_16,51,false
read,0.30,key_4,49,false
read,0.32,key_9,48,false
read,0.34,key_5,42,false
read,0.25,key_15,57,false
read,0.39,key_6,42,false
read,0.33,key_9,48,false
read,0.38,key_15,57,false
read,0.28,key_14,59,false
read,1.30,key_17,35,false
read,0.22,key_5,42,false
read,0.21,key_8,36,false
read,0.22,key_18,56,false
read,0.21,key_8,36,false
write,314.51,key_3,46,false
write,310.32,key_1,40,false
write,319.82,key_18,57,false
write,312.52,key_17,35,false
write,313.99,key_2,42,false
read,2.57,key_10,44,false
read,2.64,key_4,49,false
read,2.65,key_11,51,false
read,2.69,key_7,48,false
read,3.01,key_14,59,false
read,1.69,key_10,44,false
read,1.74,key_15,57,false
read,1.83,key_2,42,false
read,1.84,key_16,51,false
read,1.83,key_15,57,false
read,3.30,key_13,39,false
read,1.93,key_19,50,false
write,305.47,key_9,49,false
read,2.05,key_13,39,false
read,1.34,key_3,46,false
read,1.40,key_15,57,false
read,1.34,key_13,39,false
read,1.50,key_12,38,false
write,306.75,key_0,42,false
read,1.41,key_11,51,false
read,0.97,key_16,51,false
read,0.93,key_19,51,false
read,0.98,key_16,52,false
read,0.92,key_15,57,false
read,0.53,key_7,48,false
read,1.46,key_10,44,false
read,0.55,key_16,51,false
read,0.57,key_3,46,false
read,0.53,key_17,35,false
read,0.35,key_3,46,false
read,0.39,key_8,36,false
read,0.39,key_10,44,false
read,0.45,key_0,42,false
read,0.43,key_14,59,false
read,0.29,key_9,49,false
read,0.36,key_2,42,false
read,0.30,key_5,42,false
read,0.38,key_7,48,false
read,0.38,key_2,42,false
read,0.29,key_18,57,false
read,0.31,key_5,42,false
read,0.51,key_1,40,false
read,0.32,key_7,48,false
read,0.31,key_18,57,false
read,0.23,key_12,38,false
read,0.32,key_6,42,false
read,0.32,key_10,44,false
read,0.48,key_16,51,false
read,0.34,key_7,48,false
read,0.41,key_3,46,false
read,0.27,key_19,51,false
read,0.35,key_0,42,false
read,0.28,key_14,59,false
read,1.15,key_12,38,false
read,0.52,key_12,38,false
read,0.26,key_14,59,false
read,0.59,key_16,52,false
read,0.34,key_0,42,false
read,0.36,key_6,42,false
read,0.83,key_7,48,false
read,0.54,key_14,59,false
write,304.82,key_4,50,false
write,305.06,key_19,51,false
read,0.34,key_10,44,false
read,0.38,key_19,51,false
read,0.37,key_11,51,false
read,0.42,key_16,51,false
read,0.39,key_5,42,false
read,0.55,key_10,44,false
read,0.43,key_19,51,false
write,303.33,key_16,52,false
read,0.48,key_3,46,false
read,0.53,key_6,42,false
read,0.44,key_13,39,false
read,0.60,key_12,38,false
read,0.34,key_13,39,false
read,0.36,key_4,50,false
read,0.44,key_2,42,false
read,0.46,key_19,51,false
read,0.51,key_6,42,false
read,0.47,key_1,40,false
read,0.66,key_3,47,false
read,0.47,key_19,51,false
read,0.68,key_16,52,false
read,0.46,key_3,46,false
read,0.37,key_13,39,false
read,0.50,key_5,42,false
read,0.56,key_11,51,false
read,0.42,key_18,57,false
read,0.44,key_2,42,false
read,0.36,key_12,39,false
read,0.34,key_10,44,false
read,0.52,key_19,51,false
read,0.36,key_10,44,false
read,0.36,key_19,51,false
read,0.43,key_11,51,false
read,0.42,key_11,51,false
read,0.42,key_13,39,false
read,0.34,key_12,38,false
read,0.45,key_4,50,false
read,0.27,key_0,42,false
read,0.29,key_13,39,false
read,0.52,key_6,42,false
read,0.34,key_17,35,false
read,0.29,key_13,39,false
read,0.26,key_14,59,false
read,0.36,key_10,44,false
read,0.41,key_3,46,false
read,0.38,key_4,50,false
read,0.28,key_0,42,false
read,0.31,key_14,59,false
read,0.37,key_5,42,false
read,0.36,key_13,39,false
read,0.27,key_4,50,false
read,0.29,key_7,48,false
read,0.27,key_17,35,false
read,0.30,key_4,50,false
read,0.66,key_0,42,false
read,0.38,key_15,57,false
read,0.43,key_13,39,false
read,0.30,key_11,51,false
read,0.49,key_18,57,false
read,0.47,key_12,38,false
read,0.24,key_2,42,false
read,0.27,key_3,46,false
read,0.21,key_18,57,false
read,0.24,key_7,48,false
read,0.33,key_9,49,false
read,0.35,key_18,57,false
read,0.22,key_13,39,false
read,0.16,key_17,35,false
read,0.16,key_14,59,false
read,1.91,key_12,39,false
read,0.46,key_7,48,false
read,0.17,key_15,57,false
read,0.18,key_8,36,false
read,0.21,key_16,52,false
read,0.17,key_9,49,false
read,0.20,key_18,57,false
read,0.16,key_10,44,false
read,0.17,key_1,40,false
write,308.79,key_10,45,false
write,304.26,key_12,39,false
write,311.23,key_1,41,false
write,303.69,key_19,52,false
write,308.83,key_10,46,false
write,314.60,key_3,47,false
read,1.05,key_11,51,false
read,1.09,key_18,57,false
read,1.21,key_3,47,false
read,1.21,key_4,50,false
read,0.64,key_19,52,false
read,0.95,key_2,42,false
read,1.04,key_11,51,false
read,1.06,key_11,51,false
read,0.81,key_14,59,false
read,1.08,key_16,52,false
read,3.16,key_9,49,false
read,0.95,key_0,42,false
read,0.34,key_12,39,false
read,0.46,key_17,35,false
read,0.75,key_4,51,false
read,0.42,key_3,47,false
read,0.34,key_17,35,false
read,0.59,key_19,53,false
read,0.41,key_7,48,false
read,0.35,key_11,51,false
read,0.42,key_0,42,false
read,0.63,key_6,42,false
read,0.45,key_11,51,false
read,0.37,key_9,49,false
read,0.48,key_15,57,false
read,0.64,key_10,46,false
read,0.57,key_7,48,false
read,0.68,key_4,51,false
read,1.13,key_18,57,false
read,0.81,key_3,47,false
read,1.78,key_4,51,false
write,307.75,key_14,61,false
write,309.64,key_4,51,false
write,304.66,key_12,40,false
write,309.48,key_14,60,false
read,0.41,key_14,60,true
read,0.45,key_1,41,false
read,0.46,key_4,51,false
read,0.51,key_1,41,false
read,0.27,key_4,51,false
read,0.80,key_12,40,false
read,0.29,key_17,35,false
read,0.47,key_9,49,false
read,0.38,key_8,36,false
read,0.42,key_10,46,false
read,0.69,key_0,42,false
read,0.33,key_0,42,false
read,0.34,key_6,42,false
read,0.35,key_13,39,false
read,0.34,key_13,39,false
read,0.35,key_1,41,false
read,0.40,key_15,57,false
read,0.28,key_0,42,false
read,0.43,key_19,52,false
read,0.28,key_0,42,false
read,0.27,key_7,48,false
read,0.29,key_12,40,false
read,0.35,key_15,57,false
read,1.79,key_8,38,false
read,0.40,key_5,42,false
read,0.40,key_11,51,false
write,310.36,key_8,37,false
write,307.92,key_11,52,false
write,308.23,key_19,53,false
read,3.51,key_14,60,true
write,308.47,key_12,41,false
read,3.64,key_9,49,false
write,307.37,key_8,38,false
read,3.83,key_9,49,false
read,5.31,key_17,35,false
write,305.49,key_0,43,false
write,311.54,key_2,43,false
write,311.47,key_16,53,false
read,8.66,key_9,49,false
write,312.55,key_16,54,false
read,11.70,key_7,48,false
read,11.84,key_10,46,false
read,11.88,key_17,35,false
read,3.45,key_17,35,false
read,3.55,key_9,49,false
read,4.10,key_6,42,false
write,313.52,key_15,58,false
read,7.40,key_4,51,false
read,1.39,key_18,57,false
read,2.03,key_14,60,true
read,5.36,key_10,46,false
read,1.76,key_1,41,false
read,1.91,key_0,43,false
read,1.54,key_8,38,false
read,1.11,key_17,35,false
read,1.67,key_7,48,false
read,1.56,key_2,43,false
read,1.85,key_3,47,false
read,2.24,key_16,54,false
read,4.84,key_16,54,false
read,1.57,key_3,47,false
read,1.97,key_1,41,false
read,2.19,key_0,43,false
read,2.25,key_8,38,false
read,4.22,key_9,49,false
read,1.25,key_16,54,false
read,1.39,key_12,41,false
read,1.48,key_12,41,false
read,3.63,key_10,46,false
read,3.66,key_19,53,false
read,1.19,key_16,54,false
read,2.88,key_7,48,false
read,1.60,key_12,41,false
read,0.81,key_2,43,false
read,1.67,key_1,41,false
read,1.22,key_12,41,false
read,1.70,key_8,38,false
read,0.81,key_19,53,false
read,0.79,key_6,42,false
read,0.89,key_4,51,false
read,0.79,key_14,62,false
read,0.71,key_15,58,false
read,0.68,key_2,43,false
read,0.76,key_19,53,false
read,0.84,key_13,39,false
read,0.84,key_12,41,false
read,0.69,key_16,54,false
read,0.88,key_1,41,false
read,0.58,key_6,42,false
read,0.78,key_1,41,false
read,0.80,key_0,43,false
read,0.67,key_16,54,false
read,0.51,key_16,54,false
read,0.56,key_19,53,false
read,0.41,key_4,51,false
read,0.69,key_6,42,false
read,1.37,key_10,46,false
read,1.08,key_4,51,false
read,0.93,key_1,41,false
read,0.89,key_18,57,false
read,1.03,key_17,35,false
read,0.78,key_16,54,false
read,0.58,key_9,49,false
read,0.82,key_19,53,false
read,0.91,key_17,35,false
read,1.08,key_4,51,false
read,0.62,key_8,38,false
read,0.52,key_17,35,false
read,0.72,key_11,52,false
read,0.82,key_7,48,false
read,0.51,key_13,39,false
read,0.64,key_6,42,false
write,311.23,key_5,43,false
write,306.29,key_18,59,false
write,312.46,key_18,58,false
write,312.74,key_14,62,false
write,308.64,key_15,59,false
read,1.58,key_16,54,false
read,1.23,key_8,38,false
read,1.59,key_10,46,false
read,2.40,key_2,43,false
read,2.35,key_2,43,false
read,2.37,key_16,54,false
read,1.46,key_18,59,false
write,306.67,key_16,55,false
read,1.42,key_1,41,false
write,304.42,key_0,44,false
read,1.18,key_16,55,false
read,1.57,key_8,38,false
read,2.02,key_4,51,false
read,2.04,key_4,51,false
read,1.66,key_4,51,false
read,1.65,key_1,41,false
read,1.10,key_4,51,false
read,0.97,key_5,43,false
read,1.04,key_7,48,false
read,1.17,key_9,49,false
read,0.99,key_18,59,false
read,4.45,key_11,52,false
read,0.76,key_5,43,false
read,0.76,key_18,59,false
read,0.88,key_10,46,false
read,0.84,key_8,38,false
read,0.62,key_3,47,false
read,0.89,key_17,35,false
read,0.68,key_18,59,false
read,1.28,key_13,39,false
read,0.62,key_17,35,false
read,0.73,key_12,41,false
read,0.76,key_6,42,false
read,2.96,key_16,56,false
read,1.50,key_14,62,false
read,1.61,key_2,43,false
read,1.63,key_4,51,false
write,306.66,key_5,44,false
write,305.56,key_11,53,false
write,303.69,key_16,56,false
read,1.53,key_2,44,false
read,1.10,key_16,56,false
read,1.77,key_2,43,false
read,1.65,key_2,43,false
read,2.11,key_5,44,false
read,1.32,key_19,53,false
read,1.36,key_12,41,false
read,1.26,key_15,59,false
read,2.24,key_6,42,false
read,1.08,key_15,59,false
read,0.96,key_10,46,false
read,1.31,key_13,39,false
read,0.86,key_13,39,false
read,0.89,key_9,49,false
read,0.65,key_6,42,false
read,0.92,key_17,35,false
read,1.03,key_13,39,false
read,0.91,key_16,56,false
read,0.78,key_18,59,false
read,0.73,key_3,47,false
read,0.76,key_11,53,false
read,1.52,key_5,44,false
read,0.87,key_0,45,false
read,0.99,key_17,35,false
read,2.40,key_3,47,false
read,1.88,key_8,38,false
read,2.39,key_1,41,false
read,0.68,key_0,44,false
read,0.79,key_1,41,false
read,0.82,key_9,49,false
read,0.75,key_6,42,false
read,0.79,key_6,42,false
read,1.55,key_9,49,false
read,0.72,key_2,43,false
read,0.81,key_2,43,false
read,0.96,key_11,53,false
read,2.21,key_8,38,false
read,0.60,key_9,49,false
read,0.69,key_1,41,false
read,0.56,key_6,42,false
read,0.48,key_3,47,false
read,0.53,key_7,48,false
read,0.50,key_17,35,false
read,0.80,key_3,47,false
read,0.58,key_16,56,false
read,0.61,key_4,51,false
read,0.58,key_16,56,false
read,0.45,key_3,47,false
read,0.74,key_4,51,false
read,0.47,key_16,56,false
read,0.66,key_0,44,false
read,0.66,key_10,46,false
read,0.65,key_0,45,false
read,0.78,key_7,48,false
read,0.56,key_6,42,false
read,0.47,key_3,47,false
read,0.60,key_6,42,false
read,0.66,key_1,41,false
read,0.48,key_6,42,false
read,0.69,key_9,49,false
read,0.41,key_13,39,false
read,0.42,key_18,59,false
read,0.47,key_0,44,false
read,0.37,key_13,39,false
read,1.68,key_4,52,false
read,0.50,key_10,46,false
read,0.90,key_9,49,false
read,0.46,key_8,38,false
read,0.46,key_1,41,false
read,0.47,key_14,62,false
read,0.38,key_7,48,false
read,0.42,key_9,49,false
write,314.12,key_0,45,false
write,321.12,key_2,44,false
write,318.75,key_14,63,false
write,321.11,key_10,47,false
write,311.12,key_15,60,false
write,306.78,key_1,42,false
read,2.84,key_5,44,false
write,304.65,key_4,52,false
write,305.16,key_1,43,false
read,3.04,key_14,63,false
read,3.21,key_2,44,false
read,3.27,key_12,41,false
read,3.31,key_12,41,false
read,1.44,key_12,41,false
read,1.21,key_3,47,false
read,1.56,key_3,47,false
read,1.22,key_7,48,false
read,1.33,key_4,52,false
read,1.48,key_10,47,false
read,1.56,key_5,44,false
read,1.22,key_7,48,false
read,1.35,key_17,35,false
read,1.24,key_3,47,false
read,1.21,key_16,56,false
read,1.26,key_15,60,false
read,1.35,key_17,35,false
read,1.46,key_6,42,false
write,304.21,key_0,46,false
write,303.22,key_1,44,false
read,1.17,key_1,44,false
read,1.43,key_19,53,false
read,1.44,key_8,38,false
read,1.49,key_0,46,false
read,1.41,key_9,49,false
read,1.46,key_5,44,false
read,1.41,key_17,35,false
read,1.17,key_11,53,false
read,1.34,key_0,46,false
read,1.32,key_2,44,false
read,1.40,key_14,63,false
read,1.28,key_15,60,false
read,2.58,key_17,35,false
read,1.24,key_9,49,false
read,1.08,key_19,53,false
read,1.17,key_5,44,false
read,3.46,key_17,35,false
read,1.20,key_2,44,false
read,1.33,key_14,63,false
read,1.50,key_5,44,false
read,4.04,key_16,56,false
read,1.56,key_0,46,false
read,1.47,key_1,44,false
read,3.93,key_18,59,false
read,3.20,key_13,39,false
read,0.85,key_1,44,false
read,0.96,key_19,53,false
read,1.12,key_7,48,false
read,2.74,key_6,42,false
read,0.62,key_3,47,false
read,1.34,key_19,53,false
read,1.22,key_0,46,false
read,0.86,key_19,53,false
read,1.92,key_9,49,false
read,1.02,key_16,56,false
read,0.78,key_18,59,false
read,0.81,key_6,43,false
read,0.59,key_0,46,false
write,313.35,key_8,39,false
read,1.66,key_5,44,false
write,306.13,key_10,48,false
write,306.08,key_18,60,false
read,1.43,key_15,60,false
read,1.74,key_16,56,false
read,2.26,key_18,60,false
write,307.87,key_13,40,false
write,305.36,key_4,54,false
read,1.05,key_11,53,false
write,306.35,key_6,43,false
write,304.80,key_18,61,false
read,1.16,key_16,56,false
write,309.89,key_15,61,false
write,309.32,key_4,53,false
write,309.98,key_15,62,false
read,1.30,key_17,35,false
read,1.24,key_17,35,false
read,1.21,key_18,61,false
read,1.37,key_2,44,false
read,1.28,key_11,53,false
read,1.26,key_11,53,false
read,1.00,key_4,54,false
read,2.36,key_4,54,false
read,1.06,key_14,63,false
read,1.22,key_14,63,false
read,1.20,key_16,56,false
read,1.33,key_11,53,false
read,1.17,key_19,53,false
read,1.26,key_5,44,false
read,1.40,key_4,54,false
read,2.57,key_13,40,false
read,3.75,key_5,44,false
read,0.92,key_18,61,false
read,0.99,key_8,39,false
read,0.99,key_9,49,false
read,1.04,key_5,44,false
read,1.05,key_18,61,false
read,2.75,key_18,61,false
read,0.79,key_12,41,false
read,2.12,key_10,48,false
read,1.16,key_5,44,false
read,0.94,key_14,63,false
read,1.32,key_0,46,false
read,0.89,key_19,53,false
read,1.71,key_12,41,false
read,0.85,key_2,44,false
read,0.79,key_7,48,false
read,0.85,key_14,63,false
read,1.38,key_12,41,false
read,0.76,key_8,39,false
read,2.35,key_5,44,false
read,2.73,key_4,54,false
read,1.02,key_8,39,false
read,0.74,key_6,43,false
read,0.75,key_16,56,false
read,0.67,key_4,54,false
read,2.99,key_18,62,false
read,2.56,key_17,35,false
read,0.71,key_6,43,false
read,0.78,key_9,49,false
read,0.78,key_12,41,false
read,0.81,key_4,54,false
read,0.64,key_14,63,false
read,0.73,key_4,54,false
read,0.53,key_9,49,false
read,0.64,key_15,61,true
read,0.55,key_12,41,false
read,0.46,key_7,48,false
read,0.50,key_5,44,false
write,319.45,key_12,42,false
write,307.97,key_5,45,false
write,304.80,key_15,63,false
write,320.13,key_1,45,false
write,313.58,key_14,64,false
write,304.28,key_2,45,false
write,310.18,key_18,62,false
write,304.65,key_15,64,false
write,304.44,key_7,49,false
read,1.60,key_7,49,false
read,1.84,key_0,46,false
read,1.91,key_2,45,false
read,1.34,key_19,53,false
read,1.79,key_1,45,false
read,1.92,key_3,47,false
read,1.92,key_7,49,false
read,1.42,key_9,49,false
read,1.86,key_6,43,false
read,1.80,key_13,40,false
read,1.91,key_15,64,false
read,1.91,key_1,45,false
read,1.83,key_4,55,false
read,2.02,key_13,40,false
write,305.36,key_12,43,false
read,1.55,key_15,64,false
read,1.11,key_19,53,false
read,1.93,key_4,54,false
read,2.05,key_1,45,false
read,4.18,key_14,64,false
read,1.73,key_9,49,false
read,1.81,key_0,46,false
read,2.26,key_6,43,false
read,0.83,key_8,39,false
read,1.25,key_5,45,false
read,1.37,key_0,46,false
read,1.26,key_14,64,false
read,1.69,key_11,53,false
read,5.71,key_17,35,false
read,1.40,key_14,64,false
read,11.00,key_11,53,false
read,9.98,key_12,43,false
read,15.71,key_15,64,false
read,8.01,key_4,54,false
read,0.77,key_5,45,false
read,0.78,key_11,53,false
read,0.80,key_3,47,false
read,0.73,key_13,40,false
read,0.74,key_18,62,false
read,0.76,key_8,39,false
read,0.62,key_7,49,false
read,0.51,key_9,49,false
read,0.47,key_1,45,false
read,0.50,key_15,64,false
read,1.94,key_9,49,false
read,0.43,key_2,45,false
read,0.47,key_9,49,false
read,0.46,key_19,53,false
read,0.54,key_17,35,false
read,0.48,key_12,43,false
read,0.50,key_10,48,false
read,0.43,key_13,40,false
read,1.61,key_13,40,false
read,0.46,key_5,45,false
read,0.50,key_8,39,false
read,0.44,key_3,48,false
read,0.52,key_17,35,false
read,0.48,key_0,46,false
read,0.42,key_16,56,false
read,0.40,key_10,48,false
read,0.44,key_18,62,false
read,0.47,key_12,43,false
read,0.43,key_4,54,false
read,0.45,key_17,35,false
read,0.39,key_1,45,false
read,0.42,key_9,49,false
read,0.40,key_15,64,false
read,0.45,key_19,53,false
write,307.97,key_15,65,false
write,305.48,key_17,36,false
write,309.79,key_7,50,false
write,313.17,key_14,65,false
read,10.41,key_4,55,false
read,10.52,key_15,65,false
read,10.49,key_16,56,false
write,322.49,key_4,55,false
write,309.24,key_3,48,false
read,1.03,key_9,49,false
read,1.52,key_15,65,false
read,1.55,key_2,45,false
read,0.99,key_18,62,false
read,2.07,key_4,56,false
write,305.82,key_4,56,false
read,2.21,key_6,43,false
write,305.84,key_5,46,false
read,1.34,key_1,45,false
read,1.29,key_19,53,false
read,0.85,key_4,56,false
read,0.77,key_4,56,false
read,1.54,key_19,53,false
read,1.46,key_6,43,false
read,0.87,key_0,46,false
read,1.17,key_18,62,false
read,1.35,key_18,62,false
read,0.90,key_3,48,false
read,0.81,key_15,65,false
read,1.11,key_17,36,false
read,1.38,key_12,43,false
read,0.92,key_14,65,false
read,1.25,key_14,65,false
read,0.88,key_10,48,false
read,0.94,key_13,40,false
read,1.01,key_16,56,false
read,0.78,key_3,48,false
read,0.81,key_4,56,false
read,0.64,key_19,53,false
write,305.24,key_17,37,false
read,0.67,key_14,65,false
read,0.53,key_10,48,false
read,0.93,key_9,49,false
read,0.68,key_18,62,false
read,0.75,key_19,53,false
read,0.58,key_19,53,false
read,0.64,key_14,65,false
read,0.64,key_4,56,false
read,0.69,key_19,53,false
read,0.66,key_15,65,false
read,0.42,key_3,48,false
read,0.46,key_17,37,false
read,0.41,key_0,46,false
read,0.42,key_10,48,false
read,0.42,key_8,39,false
read,0.44,key_12,43,false
read,0.48,key_15,65,false
read,0.48,key_4,56,false
read,0.63,key_7,50,false
read,0.44,key_12,44,false
write,306.53,key_0,47,false
read,0.63,key_19,53,false
read,0.49,key_18,62,false
read,0.47,key_13,40,false
read,0.43,key_3,48,false
read,0.60,key_14,65,false
write,313.93,key_6,44,false
write,313.04,key_1,46,false
write,312.61,key_19,55,false
write,317.88,key_9,50,false
write,315.68,key_19,54,false
read,1.88,key_1,46,false
read,1.85,key_16,56,false
read,2.03,key_0,48,false
read,2.01,key_14,65,false
read,2.11,key_16,56,false
read,2.03,key_18,63,false
read,2.17,key_5,46,false
read,1.99,key_9,50,false
read,1.02,key_12,43,false
read,1.01,key_0,48,false
read,0.99,key_17,37,false
write,314.95,key_12,44,false
write,312.85,key_0,48,false
write,306.08,key_9,51,false
write,317.86,key_18,63,false
read,1.31,key_10,48,false
read,1.16,key_15,65,false
read,1.65,key_6,44,false
read,1.13,key_0,48,false
read,1.66,key_13,40,false
read,1.22,key_16,56,false
write,303.49,key_8,40,false
read,0.92,key_19,54,true
read,1.06,key_12,44,false
read,1.03,key_7,50,false
read,1.06,key_9,51,false
read,1.17,key_10,48,false
read,1.20,key_0,48,false
read,0.91,key_13,40,false
read,1.00,key_19,54,true
read,0.68,key_18,63,false
read,1.05,key_8,40,false
read,1.19,key_19,55,false
read,1.26,key_5,46,false
read,0.99,key_8,40,false
read,1.23,key_7,50,false
read,1.26,key_12,44,false
read,2.01,key_19,55,false
read,1.61,key_13,40,false
read,1.77,key_10,48,false
read,1.79,key_4,56,false
read,1.26,key_16,56,false
read,1.03,key_10,48,false
read,1.70,key_13,40,false
read,0.98,key_0,48,false
read,1.10,key_6,44,false
read,1.35,key_17,37,false
read,1.25,key_0,48,false
read,0.84,key_1,47,false
read,0.78,key_19,54,true
read,0.84,key_8,40,false
read,1.10,key_9,51,false
read,1.10,key_4,56,false
read,1.89,key_14,66,false
read,0.82,key_18,63,false
read,0.87,key_11,53,false
read,1.92,key_1,47,false
read,0.97,key_2,45,false
read,2.82,key_6,44,false
read,0.43,key_0,48,false
read,0.46,key_6,44,false
read,0.64,key_5,46,false
read,0.68,key_9,51,false
read,0.54,key_2,45,false
read,0.73,key_6,44,false
read,0.85,key_10,48,false
read,0.76,key_3,48,false
read,0.62,key_12,44,false
read,0.74,key_9,51,false
read,0.76,key_9,51,false
read,0.56,key_0,48,false
read,0.54,key_9,51,false
read,0.52,key_15,65,false
read,0.54,key_18,63,false
read,0.47,key_5,46,false
read,0.67,key_5,47,false
read,1.16,key_1,47,false
read,0.61,key_6,44,false
read,0.55,key_8,40,false
read,2.03,key_10,48,false
read,0.66,key_17,37,false
read,1.29,key_1,47,false
read,0.56,key_9,51,false
read,0.55,key_19,54,true
read,0.65,key_6,44,false
read,0.57,key_8,40,false
read,0.60,key_15,65,false
read,0.58,key_4,56,false
read,0.59,key_1,46,false
read,0.43,key_0,49,false
read,0.47,key_19,54,true
read,0.61,key_2,45,false
read,0.60,key_11,53,false
read,0.50,key_19,55,false
read,0.53,key_6,44,false
read,0.43,key_15,65,false
read,0.46,key_16,56,false
read,0.50,key_0,48,false
read,0.51,key_2,45,false
read,0.48,key_19,54,true
read,0.52,key_10,48,false
read,0.50,key_11,53,false
read,0.49,key_12,44,false
read,0.48,key_4,56,false
read,0.51,key_8,40,false
read,0.45,key_13,40,false
read,0.45,key_6,44,false
read,0.52,key_11,53,false
read,0.54,key_19,54,true
read,0.48,key_9,51,false
read,0.53,key_6,44,false
read,0.45,key_2,45,false
read,0.42,key_5,46,false
read,0.38,key_3,48,false
read,0.42,key_7,50,false
read,0.44,key_8,40,false
read,0.39,key_14,65,false
read,0.46,key_9,51,false
read,0.41,key_1,46,false
read,0.41,key_7,50,false
read,0.37,key_6,44,false
read,0.38,key_5,46,false
read,0.40,key_11,53,false
read,0.40,key_8,40,false
read,1.93,key_6,45,false
read,0.40,key_19,54,true
read,0.38,key_1,47,false
read,0.41,key_7,50,false
read,0.47,key_15,65,false
read,0.45,key_7,51,false
read,0.45,key_11,53,false
read,0.44,key_14,65,false
read,0.39,key_10,48,false
read,0.42,key_17,37,false
read,0.40,key_10,48,false
write,304.28,key_7,51,false
write,308.30,key_0,49,false
write,312.17,key_1,47,false
write,316.25,key_3,49,false
write,310.84,key_14,66,false
read,2.07,key_5,46,false
read,2.14,key_4,56,false
read,2.14,key_15,65,false
read,2.09,key_13,40,false
read,2.13,key_6,44,false
write,304.26,key_5,47,false
read,2.44,key_10,48,false
read,2.50,key_13,40,false
read,2.78,key_0,49,false
read,2.97,key_12,44,false
read,2.93,key_8,40,false
write,305.58,key_12,45,false
read,1.02,key_8,40,false
read,0.96,key_6,44,false
read,1.20,key_11,53,false
read,1.09,key_6,45,false
read,1.76,key_1,47,false
read,1.94,key_16,56,false
read,1.55,key_19,55,false
read,1.31,key_13,40,false
read,4.50,key_19,54,true
read,1.57,key_9,52,false
write,303.94,key_6,45,false
read,1.56,key_18,63,false
read,1.17,key_19,55,false
read,1.16,key_15,65,false
read,1.37,key_1,47,false
read,1.39,key_17,37,false
read,2.32,key_18,63,false
read,1.17,key_5,47,false
read,1.13,key_5,47,false
read,1.43,key_4,56,false
read,1.46,key_12,45,false
read,1.58,key_17,37,false
read,1.58,key_13,40,false
read,1.48,key_10,48,false
read,1.48,key_6,45,false
read,1.28,key_13,40,false
read,1.59,key_11,53,false
read,1.48,key_0,49,false
read,2.44,key_18,63,false
read,1.14,key_8,40,false
read,1.21,key_19,54,true
read,1.25,key_10,48,false
read,2.63,key_16,56,false
read,3.56,key_6,45,false
read,1.42,key_12,45,false
read,1.41,key_19,55,false
read,1.28,key_13,40,false
read,3.91,key_1,47,false
read,1.42,key_18,63,false
read,1.41,key_0,49,false
read,1.32,key_11,53,false
read,2.40,key_11,53,false
read,1.08,key_3,49,false
read,1.11,key_18,63,false
read,1.27,key_18,63,false
read,1.66,key_6,45,false
read,1.66,key_18,63,false
read,0.90,key_19,55,false
read,1.07,key_10,48,false
write,304.98,key_3,50,false
read,1.54,key_9,52,false
read,1.14,key_6,45,false
read,0.74,key_18,63,false
read,1.19,key_15,65,false
read,0.83,key_18,63,false
read,4.87,key_10,48,false
read,0.78,key_4,56,false
read,1.98,key_10,48,false
read,1.10,key_7,51,false
read,0.84,key_8,40,false
read,1.18,key_17,37,false
read,1.03,key_3,50,false
read,0.86,key_12,45,false
read,0.67,key_5,47,false
read,0.79,key_7,51,false
read,0.76,key_2,45,false
read,0.75,key_8,40,false
read,0.49,key_11,53,false
read,1.21,key_12,45,false
read,0.53,key_0,49,false
read,0.87,key_15,65,false
read,1.02,key_7,51,false
read,0.68,key_16,56,false
read,1.32,key_5,47,false
read,1.29,key_18,63,false
read,1.54,key_1,47,false
read,0.90,key_10,48,false
read,0.78,key_9,51,false
read,1.59,key_18,63,false
read,0.88,key_5,47,false
read,0.75,key_13,40,false
read,0.86,key_12,45,false
read,1.28,key_4,56,false
read,0.79,key_15,65,false
read,0.85,key_12,45,false
read,0.71,key_1,47,false
read,0.77,key_8,40,false
read,0.87,key_1,47,false
read,0.74,key_1,47,false
read,0.84,key_7,51,false
read,0.49,key_14,66,false
read,0.51,key_7,51,false
read,0.70,key_17,37,false
read,0.54,key_10,48,false
read,0.59,key_14,66,false
read,0.58,key_2,45,false
read,0.54,key_13,40,false
read,0.52,key_10,48,false
read,0.82,key_17,37,false
read,0.54,key_17,37,false
read,0.63,key_16,56,false
write,303.38,key_9,52,false
read,0.77,key_12,45,false
read,0.57,key_11,53,false
read,1.50,key_2,45,false
read,0.71,key_7,51,false
read,0.53,key_10,48,false
read,1.31,key_13,40,false
read,0.57,key_9,52,false
read,0.55,key_8,40,false
read,0.49,key_17,37,false
read,0.58,key_14,66,false
read,0.61,key_11,53,false
read,0.41,key_9,52,false
read,0.50,key_15,65,false
read,0.36,key_12,45,false
read,0.51,key_12,45,false
read,0.43,key_4,56,false
read,0.45,key_14,66,false
read,1.31,key_19,55,false
read,0.39,key_6,45,false
read,0.38,key_18,63,false
read,0.32,key_19,55,false
read,0.33,key_9,52,false
read,0.43,key_0,49,false
read,0.38,key_5,47,false
read,0.37,key_12,45,false
read,0.65,key_5,47,false
read,0.40,key_6,45,false
read,0.40,key_19,55,false
read,0.39,key_1,47,false
read,0.48,key_11,53,false
read,0.36,key_6,45,false
read,0.38,key_11,53,false
read,0.32,key_10,48,false
read,0.37,key_12,45,false
read,0.45,key_9,52,false
read,0.36,key_17,37,false
read,0.34,key_0,49,false
read,0.37,key_3,52,false
read,0.36,key_10,48,false
write,316.45,key_6,46,false
write,313.00,key_4,57,false
write,305.54,key_3,52,false
write,305.67,key_8,42,false
write,312.28,key_3,51,false
write,314.43,key_8,41,false
read,0.52,key_4,57,false
read,0.63,key_2,45,false
read,0.71,key_11,53,false
read,0.64,key_18,63,false
read,0.57,key_16,56,false
read,0.87,key_13,40,false
read,0.43,key_5,47,false
read,0.39,key_1,47,false
read,0.66,key_6,46,false
read,0.68,key_7,51,false
read,0.65,key_9,52,false
read,0.54,key_11,53,false
read,0.28,key_10,48,false
read,0.34,key_8,42,false
read,0.35,key_2,45,false
read,0.34,key_16,57,false
read,0.65,key_12,45,false
read,0.44,key_6,46,false
read,0.39,key_2,45,false
read,0.66,key_11,53,false
read,0.48,key_12,45,false
read,0.81,key_6,46,false
read,0.65,key_6,46,false
read,0.52,key_0,49,false
read,0.60,key_10,48,false
read,0.59,key_7,51,false
read,1.58,key_0,49,false
read,0.86,key_4,57,false
read,0.46,key_15,65,false
read,0.47,key_13,40,false
read,0.30,key_6,46,false
read,0.33,key_14,66,false
read,0.34,key_16,56,false
read,0.31,key_12,45,false
write,311.66,key_6,47,false
write,311.44,key_4,58,false
read,0.31,key_3,52,false
read,0.33,key_2,45,false
read,0.29,key_2,45,false
read,0.36,key_7,51,false
write,311.33,key_10,49,false
read,0.34,key_17,37,false
read,0.32,key_17,37,false
read,0.33,key_4,58,false
read,0.37,key_19,56,false
read,0.46,key_3,52,false
read,0.38,key_1,47,false
read,0.30,key_17,37,false
read,0.52,key_3,52,false
read,0.46,key_11,53,false
read,0.37,key_8,42,false
read,0.32,key_2,45,false
read,0.31,key_0,49,false
read,0.44,key_18,63,false
read,0.43,key_17,37,false
read,0.38,key_7,51,false
read,0.29,key_14,66,false
read,0.26,key_13,40,false
read,0.25,key_16,56,false
read,0.29,key_14,67,false
read,0.32,key_7,51,false
read,0.47,key_3,52,false
read,0.30,key_8,42,false
read,0.31,key_0,49,false
read,0.33,key_10,49,false
read,0.31,key_15,65,false
read,0.29,key_4,58,false
read,0.26,key_4,58,false
read,0.32,key_15,65,false
read,0.29,key_14,66,false
read,0.29,key_3,52,false
read,0.29,key_7,51,false
read,0.25,key_8,42,false
write,308.81,key_1,48,false
read,0.29,key_10,49,false
read,0.26,key_19,54,true
read,0.27,key_14,66,false
read,0.27,key_8,41,true
write,317.22,key_2,46,false
write,316.47,key_14,67,false
write,315.78,key_9,53,false
write,306.72,key_14,68,false
write,308.03,key_11,54,false
write,320.54,key_16,57,false
write,319.54,key_19,56,false
write,317.16,key_15,66,false
read,2.44,key_15,66,false
read,2.62,key_8,43,false
read,2.67,key_12,45,false
read,2.61,key_11,54,false
read,2.71,key_4,58,false
read,2.68,key_5,47,false
read,2.67,key_0,49,false
read,1.89,key_18,64,false
read,4.32,key_1,48,false
read,1.92,key_7,51,false
read,1.98,key_1,48,false
read,1.90,key_1,48,false
read,1.93,key_17,37,false
read,1.94,key_6,47,false
read,2.05,key_1,48,false
write,309.32,key_18,64,false
write,306.00,key_8,43,false
read,1.40,key_11,54,false
read,1.56,key_10,49,false
read,1.42,key_17,37,false
read,1.54,key_19,56,false
read,1.51,key_10,49,false
read,1.69,key_14,67,true
read,1.75,key_1,48,false
read,1.29,key_19,56,false
read,1.31,key_7,51,false
read,1.16,key_14,67,true
read,1.26,key_8,43,false
read,1.34,key_4,58,false
read,1.70,key_6,47,false
read,1.16,key_19,56,false
read,1.79,key_11,54,false
read,1.30,key_13,40,false
read,3.42,key_13,40,false
read,1.43,key_12,45,false
read,1.51,key_18,64,false
read,1.67,key_19,56,false
read,2.05,key_8,43,false
read,1.61,key_0,49,false
read,1.74,key_19,56,false
read,3.43,key_19,56,false
read,3.11,key_3,52,false
read,2.54,key_11,54,false
read,1.39,key_13,40,false
read,1.46,key_6,47,false
read,1.42,key_0,49,false
read,1.44,key_14,67,true
read,1.63,key_19,56,false
read,1.21,key_16,57,false
read,1.28,key_4,58,false
read,1.31,key_3,51,true
read,1.38,key_17,37,false
read,2.53,key_8,43,false
read,1.44,key_4,58,false
read,3.43,key_9,53,false
read,3.47,key_7,51,false
read,1.28,key_13,40,false
read,1.46,key_10,49,false
read,4.09,key_13,40,false
read,1.32,key_16,57,false
read,1.42,key_13,40,false
read,1.46,key_17,37,false
read,1.49,key_11,54,false
read,1.00,key_13,40,false
read,0.76,key_5,47,false
read,0.82,key_5,47,false
read,0.72,key_14,67,true
read,1.97,key_16,57,false
read,1.51,key_0,49,false
read,1.19,key_0,49,false
read,0.73,key_8,43,false
read,0.93,key_9,53,false
read,2.06,key_16,57,false
read,1.17,key_9,53,false
read,0.82,key_13,40,false
read,1.06,key_8,43,false
read,1.12,key_15,66,false
read,1.09,key_13,40,false
read,1.77,key_1,48,false
read,1.06,key_9,53,false
read,2.51,key_4,58,false
read,1.27,key_8,43,false
read,0.79,key_15,66,false
read,2.06,key_19,56,false
read,0.95,key_6,47,false
read,0.99,key_15,66,false
read,1.24,key_14,68,false
read,0.72,key_6,47,false
read,0.79,key_7,51,false
read,0.49,key_16,57,false
read,2.28,key_2,46,false
read,2.17,key_1,48,false
read,2.48,key_17,39,false
read,0.75,key_11,54,false
read,0.77,key_9,53,false
read,1.53,key_11,55,false
read,0.49,key_16,57,false
read,0.72,key_17,37,false
read,1.33,key_10,49,false
read,0.66,key_0,49,false
read,0.90,key_0,49,false
read,0.86,key_6,47,false
read,0.69,key_17,37,false
read,0.63,key_19,57,false
read,0.69,key_7,51,false
read,0.67,key_0,49,false
read,0.65,key_8,43,false
read,0.50,key_6,47,false
read,0.45,key_2,46,false
read,0.42,key_11,54,false
read,0.38,key_0,49,false
read,1.62,key_15,66,false
read,0.35,key_16,57,false
read,0.37,key_15,66,false
read,0.40,key_14,68,false
read,0.37,key_7,51,false
read,0.43,key_5,47,false
read,0.41,key_19,56,false
read,0.38,key_11,55,false
write,309.36,key_12,46,false
write,322.75,key_17,38,false
write,311.62,key_11,55,false
write,306.73,key_8,44,false
write,313.29,key_5,48,false
write,306.95,key_17,40,false
write,317.20,key_19,57,false
write,317.18,key_17,39,false
write,316.24,key_18,65,false
read,2.00,key_5,48,false
read,2.08,key_10,49,false
read,2.07,key_6,47,false
read,2.10,key_18,65,false
read,2.14,key_16,57,false
read,2.24,key_6,47,false
read,2.17,key_13,40,false
read,2.32,key_11,55,false
read,0.87,key_0,49,false
read,1.08,key_14,67,true
read,1.32,key_19,57,false
read,1.30,key_16,57,false
read,1.43,key_4,58,false
read,2.04,key_3,52,false
read,1.64,key_8,44,false
write,305.16,key_17,41,false
read,1.26,key_19,57,false
read,0.80,key_7,51,false
read,1.38,key_1,48,false
read,3.03,key_9,53,false
read,0.96,key_16,57,false
read,2.57,key_13,40,false
read,1.08,key_4,58,false
read,1.01,key_2,46,false
read,1.36,key_7,51,false
read,1.38,key_15,66,false
read,0.83,key_13,40,false
read,3.49,key_15,66,false
read,1.31,key_6,47,false
read,1.12,key_9,53,false
read,1.06,key_9,53,false
read,1.37,key_12,46,false
read,0.92,key_13,40,false
read,1.03,key_4,58,false
read,1.01,key_4,58,false
read,0.90,key_2,46,false
read,0.91,key_17,41,false
read,0.97,key_13,40,false
read,0.97,key_17,41,false
read,1.83,key_4,58,false
read,2.80,key_17,41,false
read,1.08,key_7,51,false
read,1.06,key_14,68,false
read,2.04,key_6,47,false
read,1.09,key_8,44,false
read,1.68,key_10,50,false
read,0.63,key_5,48,false
read,1.02,key_10,49,false
read,1.07,key_9,53,false
read,1.04,key_2,46,false
read,0.83,key_0,49,false
read,0.90,key_8,44,false
read,2.60,key_3,52,false
read,0.56,key_10,49,false
read,0.99,key_18,65,false
read,0.58,key_11,55,false
read,0.60,key_13,40,false
read,1.11,key_6,47,false
read,0.58,key_3,51,true
read,0.67,key_18,65,false
read,0.83,key_16,57,false
read,0.73,key_16,57,false
read,0.71,key_12,46,false
read,0.68,key_17,41,false
read,0.59,key_5,48,false
read,0.60,key_16,57,false
read,0.78,key_8,44,false
read,0.72,key_0,51,false
read,0.63,key_9,53,false
read,0.69,key_1,48,false
read,0.74,key_4,58,false
read,1.33,key_12,46,false
read,0.90,key_4,58,false
read,0.88,key_6,47,false
read,0.87,key_4,58,false
read,0.59,key_10,49,false
read,0.66,key_6,47,false
read,0.85,key_19,57,false
read,1.77,key_11,55,false
read,0.69,key_19,57,false
read,0.55,key_1,48,false
read,0.60,key_0,49,false
read,0.66,key_10,49,false
read,1.84,key_18,65,false
read,0.47,key_12,46,false
read,0.54,key_19,57,false
read,0.57,key_0,49,false
read,0.55,key_10,50,false
read,0.55,key_15,68,false
read,0.57,key_1,49,false
read,0.45,key_15,68,false
read,0.60,key_7,51,false
read,0.50,key_18,65,false
write,314.09,key_15,67,false
write,308.94,key_10,50,false
write,316.13,key_0,50,false
write,304.91,key_0,51,false
write,311.20,key_15,68,false
read,1.96,key_5,48,false
read,2.07,key_15,68,false
read,3.15,key_14,68,false
read,3.27,key_3,52,false
read,2.97,key_5,48,false
write,306.78,key_1,49,false
write,305.32,key_16,58,false
read,2.27,key_11,55,false
write,305.00,key_17,42,false
read,2.24,key_2,46,false
read,3.48,key_11,55,false
read,1.71,key_11,55,false
read,1.78,key_14,68,false
read,1.37,key_3,52,false
read,1.29,key_0,51,false
read,1.79,key_12,46,false
read,1.16,key_1,49,false
read,1.18,key_2,46,false
read,1.10,key_4,58,false
read,1.23,key_3,51,true
read,1.22,key_19,57,false
write,304.06,key_3,53,false
write,304.36,key_17,43,false
read,1.20,key_14,68,false
read,1.11,key_11,55,false
read,3.73,key_0,51,false
read,1.16,key_0,51,false
read,0.77,key_2,46,false
read,1.23,key_0,51,false
read,1.35,key_10,50,false
read,1.10,key_11,55,false
read,1.12,key_17,43,false
read,1.09,key_8,44,false
read,1.13,key_15,67,true
read,1.07,key_14,68,false
read,0.90,key_9,53,false
read,0.80,key_15,67,true
read,0.89,key_15,68,false
read,1.65,key_11,55,false
read,2.59,key_1,49,false
read,3.78,key_11,55,false
read,2.14,key_19,57,false
read,1.03,key_2,46,false
read,3.43,key_5,49,false
read,0.66,key_1,49,false
read,1.26,key_10,50,false
read,2.76,key_11,55,false
read,0.75,key_18,65,false
read,0.88,key_18,65,false
read,0.96,key_5,48,false
read,0.95,key_0,51,false
read,0.59,key_8,44,false
read,0.68,key_13,40,false
read,0.71,key_18,65,false
read,0.66,key_13,40,false
read,0.76,key_1,49,false
read,0.79,key_6,47,false
read,0.75,key_0,51,false
read,0.80,key_13,40,false
read,0.61,key_19,57,false
read,0.73,key_2,46,false
read,0.75,key_4,58,false
read,0.53,key_7,51,false
read,0.53,key_11,55,false
read,0.62,key_5,48,false
read,0.62,key_16,58,false
read,0.53,key_16,58,false
read,0.65,key_13,40,false
read,0.48,key_9,53,false
read,0.52,key_1,49,false
read,0.53,key_14,67,true
read,0.45,key_3,53,false
read,0.72,key_12,46,false
read,0.47,key_3,53,false
read,0.47,key_19,57,false
read,1.95,key_13,40,false
read,0.44,key_17,43,false
read,1.75,key_2,46,false
read,0.45,key_10,50,false
read,0.49,key_9,53,false
read,0.50,key_7,51,false
read,0.53,key_17,43,false
read,0.53,key_19,57,false
read,0.42,key_16,58,false
read,0.43,key_17,43,false
read,0.49,key_9,53,false
read,0.55,key_3,53,false
read,0.47,key_10,50,false
read,0.50,key_2,46,false
read,0.58,key_14,68,false
read,0.50,key_3,53,false
read,0.51,key_1,49,false
write,310.85,key_3,54,false
read,1.89,key_0,51,false
write,307.56,key_5,49,false
write,305.27,key_7,52,false
read,1.35,key_0,51,false
read,1.48,key_7,53,false
read,1.09,key_9,53,false
read,1.13,key_5,50,false
read,1.18,key_17,43,false
read,1.22,key_14,68,false
read,0.72,key_9,53,false
read,0.79,key_12,46,false
read,0.90,key_9,53,false
read,0.85,key_7,52,false
read,1.11,key_17,43,false
read,1.11,key_4,58,false
read,0.92,key_12,46,false
read,0.98,key_18,65,false
write,306.43,key_12,47,false
write,308.50,key_12,48,false
write,310.96,key_6,48,false
read,1.16,key_15,68,false
read,0.83,key_13,42,false
read,1.23,key_0,51,false
read,0.64,key_14,68,false
read,1.41,key_10,50,false
write,303.88,key_5,50,false
write,303.25,key_7,53,false
read,0.85,key_17,43,false
read,0.91,key_14,67,true
read,0.95,key_3,54,false
read,1.29,key_6,48,false
read,1.33,key_3,54,false
read,1.05,key_17,43,false
read,1.23,key_17,43,false
read,0.83,key_12,47,true
read,0.82,key_5,50,false
read,0.84,key_15,68,false
read,0.76,key_6,48,false
read,0.82,key_6,48,false
read,0.92,key_5,50,false
read,0.95,key_10,50,false
read,0.98,key_10,50,false
read,0.65,key_12,47,true
read,0.64,key_5,50,false
read,0.79,key_10,50,false
read,2.08,key_9,53,false
read,0.87,key_2,46,false
read,1.38,key_9,53,false
read,0.90,key_13,40,false
read,1.10,key_13,40,false
read,0.83,key_2,46,false
read,0.95,key_16,58,false
read,0.99,key_2,46,false
read,0.77,key_19,57,false
read,0.95,key_3,54,false
read,0.75,key_13,40,false
read,0.71,key_9,53,false
read,0.67,key_8,44,false
read,0.77,key_2,46,false
read,0.81,key_9,53,false
read,0.85,key_6,48,false
read,0.56,key_9,53,false
read,0.62,key_6,48,false
read,0.63,key_12,47,true
read,2.17,key_15,69,false
read,0.65,key_8,44,false
read,0.71,key_7,53,false
write,305.16,key_19,58,false
write,304.86,key_13,41,false
read,0.59,key_1,51,false
read,0.68,key_9,53,false
read,0.67,key_8,44,false
read,0.45,key_3,54,false
read,0.51,key_2,46,false
read,0.66,key_2,46,false
read,0.66,key_10,50,false
read,0.68,key_7,53,false
read,0.45,key_10,50,false
read,0.44,key_3,54,false
read,0.50,key_6,48,false
read,0.50,key_9,53,false
read,0.43,key_0,52,false
read,0.50,key_4,58,false
read,0.55,key_1,49,false
read,0.54,key_13,41,false
read,0.47,key_17,43,false
read,0.52,key_17,43,false
read,0.53,key_15,67,true
read,0.44,key_10,50,false
read,0.41,key_17,43,false
read,0.44,key_3,54,false
read,0.43,key_7,53,false
read,0.47,key_3,54,false
write,311.65,key_0,52,false
write,310.60,key_15,69,false
write,316.37,key_13,42,false
write,307.26,key_17,44,false
write,306.25,key_2,47,false
read,2.74,key_12,47,true
read,2.78,key_4,58,false
read,2.78,key_6,48,false
read,2.81,key_4,58,false
read,1.66,key_0,52,false
read,1.62,key_9,53,false
read,1.69,key_1,51,false
read,4.85,key_17,44,false
read,1.02,key_13,42,false
read,1.14,key_13,42,false
read,1.08,key_6,48,false
write,311.02,key_1,50,false
read,2.21,key_2,47,false
write,311.06,key_1,51,false
read,1.92,key_1,50,true
write,306.66,key_15,70,false
write,303.77,key_7,54,false
read,1.59,key_5,50,false
read,0.94,key_5,50,false
read,2.96,key_13,42,false
read,1.65,key_3,54,false
read,1.03,key_0,52,false
read,1.71,key_17,44,false
read,0.63,key_16,58,false
read,0.70,key_14,67,true
read,0.68,key_19,58,false
read,0.89,key_0,52,false
read,0.86,key_10,50,false
read,0.94,key_10,50,false
read,0.99,key_8,44,false
read,0.81,key_7,54,false
read,0.91,key_19,58,false
read,0.90,key_3,54,false
read,0.95,key_5,50,false
read,0.95,key_0,52,false
read,1.07,key_7,54,false
read,0.73,key_11,55,false
write,306.09,key_16,59,false
read,2.25,key_13,42,false
read,1.02,key_5,50,false
read,0.61,key_7,55,false
read,0.67,key_7,55,false
read,0.47,key_5,50,false
read,0.59,key_11,55,false
read,0.49,key_0,52,false
read,0.58,key_6,48,false
read,0.52,key_10,50,false
read,0.50,key_16,59,false
read,0.50,key_3,54,false
read,0.51,key_13,42,false
read,0.53,key_16,59,false
read,0.53,key_11,55,false
read,0.50,key_17,44,false
read,0.53,key_2,47,false
read,0.57,key_0,52,false
read,0.60,key_7,55,false
read,0.45,key_11,55,false
read,0.56,key_2,47,false
read,0.56,key_12,47,true
read,0.45,key_1,51,false
write,314.87,key_12,49,false
write,308.62,key_8,46,false
write,310.95,key_8,45,false
write,307.54,key_18,66,false
write,305.56,key_11,56,false
write,308.64,key_7,55,false
write,306.31,key_18,67,false
write,310.48,key_12,50,false
read,2.14,key_10,50,false
read,2.23,key_1,51,false
read,2.18,key_1,51,false
read,2.29,key_15,70,false
read,2.13,key_8,46,false
read,2.26,key_17,44,false
read,2.48,key_7,55,false
read,2.35,key_13,42,false
read,0.98,key_4,58,false
read,1.22,key_18,66,true
read,1.37,key_10,50,false
read,1.22,key_17,44,false
read,1.61,key_5,50,false
read,1.73,key_11,56,false
read,1.01,key_7,56,false
read,1.72,key_3,54,false
read,1.33,key_14,68,false
read,1.80,key_6,48,false
write,303.86,key_19,59,false
write,305.15,key_7,56,false
read,3.80,key_17,44,false
read,1.02,key_13,42,false
read,1.28,key_13,42,false
read,1.40,key_18,66,true
read,3.17,key_19,59,false
read,1.33,key_3,54,false
read,1.05,key_6,48,false
read,1.65,key_7,56,false
read,1.33,key_4,58,false
read,3.62,key_8,46,false
read,1.47,key_12,50,false
read,1.88,key_10,50,false
read,1.69,key_14,68,false
read,1.36,key_9,53,false
read,1.45,key_11,56,false
read,1.09,key_5,50,false
read,1.23,key_10,50,false
read,1.49,key_11,56,false
read,1.46,key_2,47,false
read,1.70,key_15,70,false
read,2.34,key_2,47,false
read,1.37,key_5,50,false
read,1.18,key_0,52,false
read,1.42,key_5,50,false
read,3.69,key_5,50,false
read,1.38,key_16,59,false
read,3.09,key_1,50,true
read,2.86,key_6,48,false
read,0.91,key_19,59,false
read,0.87,key_12,50,false
read,2.45,key_10,50,false
read,0.99,key_6,48,false
read,0.70,key_4,58,false
read,1.11,key_9,53,false
read,0.81,key_11,56,false
read,0.78,key_13,42,false
read,0.90,key_3,54,false
read,0.79,key_10,51,false
read,0.93,key_12,50,false
read,0.82,key_0,52,false
read,2.46,key_7,56,false
read,2.15,key_8,46,false
read,0.66,key_4,58,false
read,0.70,key_3,54,false
read,0.58,key_2,47,false
read,0.71,key_15,70,false
read,0.72,key_19,59,false
read,1.29,key_6,48,false
read,1.85,key_16,59,false
read,0.51,key_15,70,false
read,0.41,key_1,51,false
read,0.43,key_19,59,false
read,0.44,key_6,48,false
read,0.46,key_8,46,false
write,309.31,key_18,69,false
write,315.05,key_18,68,false
write,306.87,key_5,51,false
write,310.44,key_10,51,false
write,316.58,key_4,59,false
read,3.11,key_6,48,false
read,3.27,key_1,51,false
write,308.24,key_2,48,false
read,4.01,key_4,59,false
write,308.38,key_14,69,false
read,2.32,key_12,50,false
read,1.61,key_3,54,false
write,306.29,key_8,47,false
write,308.67,key_10,52,false
read,2.03,key_16,59,false
write,303.95,key_10,53,false
read,6.41,key_17,44,false
read,1.08,key_9,53,false
read,0.91,key_19,59,false
read,0.95,key_16,59,false
read,1.00,key_3,54,false
read,0.96,key_14,69,false
read,1.33,key_5,51,false
read,0.71,key_13,42,false
read,0.98,key_3,54,false
read,0.70,key_0,52,false
read,0.73,key_7,56,false
read,0.57,key_5,51,false
read,0.87,key_9,53,false
read,2.51,key_16,59,false
read,2.41,key_16,59,false
read,0.63,key_7,56,false
read,0.57,key_12,50,false
read,0.68,key_15,70,false
read,0.81,key_13,42,false
read,0.66,key_14,69,false
read,0.50,key_6,48,false
read,0.67,key_9,53,false
read,0.64,key_1,50,true
read,0.58,key_0,52,false
read,0.64,key_5,51,false
read,0.61,key_2,49,false
read,0.84,key_8,47,false
read,0.85,key_7,57,false
read,0.67,key_1,50,true
read,0.74,key_6,48,false
read,0.70,key_1,50,true
read,0.57,key_16,59,false
read,0.62,key_14,69,false
read,0.64,key_1,50,true
read,0.57,key_0,52,false
read,0.51,key_15,70,false
read,0.53,key_4,59,false
read,0.43,key_7,56,false
read,2.22,key_7,57,false
read,0.45,key_4,59,false
read,0.45,key_11,56,false
read,0.45,key_19,59,false
read,0.55,key_10,53,false
read,0.49,key_5,51,false
read,0.52,key_1,51,false
write,317.09,key_7,57,false
write,330.11,key_11,57,false
write,322.02,key_13,43,false
write,315.62,key_1,52,false
write,326.53,key_12,51,false
write,327.47,key_14,70,false
write,324.29,key_2,49,false
write,323.90,key_19,60,false
write,307.87,key_13,44,false
read,0.66,key_14,70,false
read,0.92,key_12,51,false
write,325.42,key_8,48,false
read,0.70,key_8,48,false
read,1.16,key_9,53,false
read,1.34,key_8,48,false
read,1.43,key_10,52,true
read,2.33,key_5,51,false
read,1.87,key_14,70,false
read,1.60,key_15,70,false
read,0.87,key_1,52,false
read,0.63,key_9,53,false
read,1.10,key_15,70,false
read,0.87,key_17,44,false
read,0.88,key_18,69,false
read,0.59,key_19,60,false
read,3.26,key_10,53,false
read,2.19,key_15,70,false
read,1.22,key_13,44,false
read,4.25,key_17,44,false
read,0.82,key_7,57,false
read,1.57,key_11,57,false
read,0.77,key_2,49,false
read,0.88,key_11,57,false
read,0.42,key_11,57,false
read,1.50,key_3,54,false
read,0.42,key_15,70,false
read,0.51,key_2,49,false
read,0.50,key_19,60,false
read,1.05,key_2,49,false
read,0.30,key_6,48,false
read,1.36,key_6,49,false
read,1.34,key_13,44,false
read,0.28,key_18,69,false
read,0.38,key_13,43,true
read,1.24,key_10,54,false
read,1.14,key_17,44,false
read,0.30,key_17,44,false
read,0.47,key_18,69,false
read,0.52,key_14,70,false
read,0.42,key_10,54,false
read,0.37,key_10,53,false
read,0.31,key_12,51,false
read,0.30,key_7,57,false
read,0.34,key_13,44,false
read,0.31,key_18,69,false
read,0.27,key_19,60,false
read,0.25,key_9,53,false
read,0.33,key_7,57,false
read,0.35,key_12,51,false
read,0.39,key_8,48,false
read,0.30,key_1,52,false
read,0.32,key_3,54,false
read,0.30,key_7,57,false
read,0.32,key_11,57,false
read,0.32,key_19,60,false
read,0.28,key_2,49,false
read,0.31,key_3,54,false
read,0.34,key_1,52,false
read,0.38,key_7,57,false
read,0.31,key_19,60,false
read,0.29,key_18,68,true
read,0.32,key_9,53,false
read,0.30,key_13,44,false
read,0.30,key_13,44,false
read,0.29,key_12,51,false
read,0.27,key_19,60,false
read,0.38,key_13,43,true
read,0.40,key_0,52,false
read,0.32,key_5,51,false
read,0.42,key_17,44,false
read,0.44,key_9,53,false
read,0.44,key_11,57,false
read,0.32,key_8,48,false
read,0.34,key_4,59,false
read,0.33,key_18,69,false
read,0.41,key_17,44,false
read,0.43,key_1,52,false
read,0.43,key_2,49,false
read,0.28,key_8,48,false
read,0.31,key_7,57,false
read,0.30,key_17,44,false
read,0.31,key_1,52,false
read,0.24,key_9,53,false
write,314.83,key_13,45,false
write,318.68,key_6,49,false
write,310.30,key_16,60,false
write,309.83,key_16,61,false
write,317.89,key_1,53,false
write,310.49,key_5,52,false
write,317.39,key_3,55,false
write,321.73,key_15,71,false
write,320.49,key_15,72,false
write,322.73,key_10,54,false
read,3.51,key_3,55,false
read,3.70,key_8,48,false
read,3.46,key_3,55,false
read,3.58,key_14,70,false
read,3.58,key_4,59,false
read,3.48,key_19,60,false
read,3.81,key_16,61,false
read,3.82,key_11,57,false
read,1.17,key_4,59,false
read,1.24,key_10,54,false
read,1.43,key_6,49,false
read,1.18,key_9,53,false
read,1.35,key_14,70,false
read,1.19,key_8,48,false
read,1.81,key_8,48,false
read,2.09,key_8,48,false
read,1.90,key_3,55,false
read,3.06,key_2,49,false
read,4.38,key_9,53,false
read,1.20,key_13,45,false
read,0.91,key_1,53,false
read,0.87,key_5,52,false
read,0.94,key_0,52,false
read,1.25,key_6,49,false
read,0.61,key_10,54,false
read,1.00,key_11,57,false
read,0.96,key_0,53,false
read,0.96,key_0,52,false
read,0.57,key_9,53,false
read,0.64,key_7,57,false
read,0.54,key_14,70,false
read,0.61,key_5,52,false
read,0.51,key_16,60,true
read,0.57,key_7,58,false
read,0.45,key_18,69,false
read,0.58,key_9,53,false
read,0.58,key_12,51,false
read,0.50,key_16,61,false
read,0.66,key_19,60,false
read,0.64,key_4,59,false
read,0.54,key_5,52,false
read,0.48,key_17,44,false
read,0.67,key_15,72,false
read,0.81,key_2,49,false
read,0.38,key_6,49,false
read,0.50,key_0,52,false
read,0.50,key_17,44,false
read,0.43,key_8,48,false
read,0.49,key_6,49,false
read,0.60,key_7,57,false
read,0.54,key_11,58,false
read,0.41,key_4,59,false
read,0.52,key_9,53,false
read,0.60,key_12,51,false
read,0.51,key_5,52,false
read,0.52,key_10,54,false
read,0.54,key_18,69,false
read,0.54,key_12,51,false
read,0.51,key_19,60,false
read,0.54,key_15,71,true
read,0.51,key_16,62,false
read,1.01,key_10,55,false
read,1.06,key_11,58,false
read,0.58,key_15,72,false
read,0.76,key_17,44,false
read,0.76,key_16,61,false
read,0.50,key_16,60,true
read,0.54,key_2,49,false
read,0.55,key_3,55,false
read,0.57,key_14,70,false
read,0.46,key_12,51,false
read,0.56,key_3,55,false
read,0.57,key_13,45,false
read,0.52,key_15,71,true
read,0.47,key_7,57,false
read,0.50,key_11,57,false
read,0.46,key_4,59,false
read,0.40,key_3,55,false
read,0.46,key_5,52,false
read,0.50,key_17,44,false
read,0.42,key_14,70,false
read,0.48,key_8,48,false
write,314.45,key_7,58,false
write,311.19,key_12,52,false
write,317.83,key_10,55,false
write,317.81,key_0,53,false
write,321.37,key_14,71,false
write,316.50,key_11,58,false
write,321.48,key_16,62,false
write,312.59,key_5,53,false
read,2.59,key_15,71,true
read,2.50,key_6,49,false
read,2.71,key_6,49,false
read,2.30,key_1,53,false
read,2.46,key_7,58,false
read,1.80,key_5,53,false
read,4.20,key_15,71,true
read,4.08,key_8,48,false
read,1.94,key_14,71,false
read,2.04,key_18,68,true
read,2.04,key_10,55,false
read,1.07,key_9,53,false
read,4.31,key_11,58,false
read,1.94,key_2,49,false
read,2.34,key_15,72,false
read,2.40,key_0,53,false
read,2.56,key_18,68,true
write,305.15,key_14,72,false
read,1.92,key_13,45,false
read,1.85,key_14,72,false
read,1.84,key_10,55,false
read,1.28,key_4,59,false
read,4.55,key_8,48,false
read,3.06,key_7,58,false
read,1.25,key_9,53,false
read,1.08,key_15,71,true
write,303.85,key_14,73,false
read,1.55,key_8,48,false
read,1.08,key_19,60,false
read,1.40,key_17,44,false
read,1.37,key_13,45,false
read,0.99,key_14,73,false
read,0.93,key_5,53,false
read,0.92,key_3,55,false
read,1.12,key_14,73,false
read,0.81,key_16,62,false
read,2.24,key_17,44,false
read,0.57,key_15,72,false
read,0.58,key_7,58,false
read,0.58,key_12,52,false
read,0.67,key_11,58,false
read,0.73,key_3,55,false
read,0.74,key_17,44,false
read,0.68,key_6,49,false
read,0.77,key_14,73,false
read,0.57,key_15,71,true
read,0.48,key_10,55,false
read,0.48,key_18,68,true
read,0.77,key_16,62,false
read,0.73,key_13,45,false
read,0.48,key_18,69,false
read,0.38,key_4,59,false
read,2.08,key_1,54,false
read,0.45,key_9,53,false
read,1.24,key_16,62,false
read,0.52,key_7,58,false
read,0.67,key_8,49,false
read,0.39,key_18,68,true
read,0.41,key_10,55,false
read,0.49,key_5,53,false
read,0.43,key_12,52,false
write,317.48,key_0,54,false
write,311.68,key_1,54,false
write,310.40,key_4,60,false
write,308.56,key_8,49,false
write,308.57,key_18,70,false
write,307.94,key_11,59,false
read,3.44,key_17,45,false
write,306.59,key_12,53,false
read,3.58,key_18,70,false
read,3.63,key_13,45,false
read,3.65,key_2,49,false
read,0.91,key_9,53,false
read,1.53,key_2,50,false
read,4.74,key_15,72,false
read,1.90,key_6,49,false
read,1.79,key_4,60,false
write,308.49,key_17,45,false
write,303.85,key_0,55,false
read,1.83,key_11,59,false
write,305.02,key_2,50,false
read,2.40,key_5,53,false
read,1.41,key_1,54,false
read,1.64,key_14,73,false
read,1.09,key_12,53,false
read,1.36,key_0,55,false
read,1.33,key_16,62,false
read,1.40,key_4,60,false
read,2.26,key_12,53,false
read,1.75,key_17,45,false
read,1.28,key_11,59,false
read,1.46,key_5,53,false
read,1.74,key_11,59,false
read,2.49,key_18,70,false
read,1.32,key_3,55,false
read,1.65,key_2,50,false
read,1.27,key_11,59,false
read,1.81,key_14,73,false
read,1.02,key_7,58,false
read,1.55,key_7,58,false
read,2.40,key_12,53,false
read,3.64,key_13,45,false
read,1.72,key_17,45,false
read,2.57,key_9,53,false
read,2.28,key_1,54,false
read,0.98,key_17,45,false
read,0.95,key_9,53,false
read,1.06,key_2,50,false
read,1.05,key_2,50,false
read,1.21,key_2,50,false
read,1.28,key_19,60,false
read,1.30,key_4,60,false
read,1.25,key_9,53,false
read,1.39,key_7,58,false
read,1.44,key_4,60,false
read,2.69,key_16,62,false
read,1.11,key_19,60,false
read,1.17,key_16,62,false
read,1.09,key_12,53,false
read,2.02,key_16,62,false
read,0.98,key_8,49,false
read,1.09,key_12,53,false
read,1.76,key_6,49,false
read,1.15,key_14,73,false
read,2.25,key_19,61,false
read,3.46,key_6,49,false
read,1.27,key_18,70,false
read,1.35,key_4,60,false
read,0.70,key_8,49,false
read,0.82,key_4,60,false
read,0.87,key_16,62,false
read,1.02,key_5,53,false
read,1.11,key_17,45,false
read,0.73,key_17,45,false
read,0.83,key_3,55,false
read,1.12,key_14,73,false
read,0.91,key_8,49,false
read,1.20,key_19,60,false
read,0.97,key_0,55,false
read,0.80,key_13,45,false
read,0.99,key_13,45,false
read,0.81,key_6,49,false
read,0.86,key_4,60,false
read,0.94,key_19,61,false
read,0.67,key_6,49,false
read,0.93,key_4,60,false
read,0.94,key_13,45,false
read,0.98,key_12,53,false
read,0.57,key_2,50,false
read,0.74,key_11,59,false
read,0.67,key_11,59,false
read,0.71,key_0,55,false
read,1.26,key_13,45,false
read,0.52,key_18,70,false
read,0.58,key_0,55,false
read,0.60,key_1,54,false
read,0.67,key_7,58,false
read,0.50,key_6,49,false
read,0.54,key_0,55,false
read,0.81,key_0,55,false
read,0.54,key_4,60,false
read,0.59,key_8,49,false
read,0.50,key_17,45,false
read,1.60,key_13,45,false
read,1.46,key_13,45,false
read,0.67,key_5,53,false
read,0.52,key_9,53,false
read,0.63,key_10,55,false
read,0.49,key_14,73,false
read,0.54,key_1,54,false
read,0.50,key_12,53,false
read,0.59,key_13,45,false
read,0.56,key_18,70,false
read,0.47,key_19,60,false
read,0.52,key_16,62,false
read,0.50,key_17,46,false
read,0.52,key_12,53,false
read,0.44,key_19,60,false
read,0.34,key_17,46,false
read,0.41,key_12,53,false
read,0.48,key_2,50,false
read,0.47,key_8,49,false
read,0.43,key_9,53,false
read,0.41,key_11,59,false
read,0.52,key_2,50,false
read,0.52,key_15,71,true
read,0.36,key_11,59,false
read,0.42,key_1,54,false
write,312.67,key_5,54,false
write,308.04,key_14,74,false
write,311.73,key_3,56,false
write,305.84,key_19,61,false
write,314.14,key_4,61,false
read,2.62,key_16,62,false
read,2.68,key_13,45,false
read,2.79,key_2,50,false
read,3.00,key_19,61,false
write,304.24,key_7,59,false
read,0.79,key_15,71,true
read,1.47,key_11,59,false
read,0.85,key_10,55,false
write,303.78,key_17,46,false
read,1.35,key_1,54,false
read,3.69,key_11,59,false
read,1.64,key_10,55,false
read,1.20,key_7,59,false
read,1.43,key_14,74,false
read,1.45,key_16,62,false
read,1.41,key_7,59,false
read,2.43,key_18,70,false
read,1.51,key_19,62,false
read,1.17,key_3,56,false
read,0.97,key_5,54,false
read,1.61,key_12,53,false
read,1.20,key_3,56,false
read,1.03,key_6,49,false
read,0.65,key_19,62,false
read,0.76,key_17,46,false
read,0.92,key_5,54,false
read,0.92,key_6,49,false
read,2.03,key_11,59,false
read,0.83,key_9,53,false
read,1.52,key_0,55,false
read,1.32,key_5,54,false
read,1.36,key_14,74,false
write,307.60,key_8,50,false
read,1.41,key_19,61,false
read,1.64,key_15,72,false
read,1.36,key_19,61,false
read,0.97,key_14,74,false
read,0.96,key_8,50,false
read,1.08,key_2,50,false
read,1.17,key_11,59,false
read,2.66,key_18,70,false
read,1.30,key_12,53,false
read,1.00,key_14,74,false
read,1.15,key_7,59,false
read,1.29,key_1,54,false
read,1.32,key_1,54,false
read,1.12,key_17,46,false
read,1.18,key_13,45,false
read,1.48,key_17,46,false
read,0.61,key_15,72,false
read,1.46,key_5,55,false
read,1.43,key_12,53,false
write,303.79,key_16,63,false
write,304.78,key_5,55,false
read,1.36,key_10,55,false
read,1.12,key_1,54,false
read,1.22,key_12,53,false
read,1.03,key_17,46,false
read,2.85,key_9,53,false
read,1.91,key_2,50,false
read,0.78,key_2,50,false
read,1.13,key_17,46,false
read,1.29,key_8,50,false
read,0.98,key_11,59,false
read,1.16,key_17,46,false
read,2.55,key_8,50,false
read,2.83,key_13,45,false
read,0.81,key_11,59,false
read,0.88,key_15,73,false
read,0.99,key_17,46,false
read,0.74,key_12,53,false
read,0.81,key_10,55,false
read,0.80,key_4,61,false
read,0.90,key_12,53,false
read,1.09,key_6,49,false
read,0.98,key_12,53,false
read,0.62,key_11,59,false
read,0.66,key_11,59,false
read,0.77,key_18,70,false
read,0.74,key_12,53,false
read,0.90,key_11,59,false
read,0.93,key_10,55,false
read,0.54,key_2,50,false
read,0.81,key_3,56,false
read,1.42,key_10,55,false
read,0.63,key_3,56,false
read,1.05,key_6,49,false
read,1.23,key_1,54,false
read,1.13,key_16,63,false
read,1.07,key_8,50,false
read,0.81,key_9,53,false
read,0.90,key_10,55,false
read,1.00,key_4,61,false
read,0.97,key_0,55,false
read,1.86,key_0,55,false
read,0.90,key_15,72,false
read,1.31,key_2,50,false
read,2.12,key_15,73,false
read,0.93,key_0,55,false
read,0.98,key_17,46,false
read,0.67,key_7,59,false
read,0.70,key_1,54,false
read,0.65,key_17,46,false
read,2.60,key_18,70,false
read,0.67,key_14,74,false
read,0.73,key_4,61,false
read,0.67,key_7,59,false
read,0.44,key_17,46,false
read,0.42,key_5,55,false
read,0.77,key_9,53,false
read,0.81,key_9,53,false
read,0.62,key_14,74,false
read,1.02,key_15,72,false
read,0.72,key_5,55,false
read,0.66,key_0,55,false
read,0.68,key_5,55,false
read,0.63,key_16,63,false
read,0.68,key_18,70,false
read,0.63,key_6,49,false
read,0.55,key_3,56,false
read,0.80,key_18,70,false
read,0.65,key_0,55,false
read,0.62,key_19,61,false
read,0.68,key_19,61,false
read,0.82,key_16,63,false
read,0.86,key_16,63,false
read,0.87,key_7,59,false
read,0.49,key_4,61,false
read,0.87,key_13,45,false
read,1.38,key_4,61,false
read,0.91,key_16,63,false
read,0.59,key_3,56,false
read,0.46,key_15,74,false
read,0.52,key_10,55,false
read,0.47,key_0,55,false
read,0.43,key_0,55,false
read,0.55,key_0,55,false
read,0.99,key_13,45,false
read,0.49,key_2,50,false
read,0.59,key_14,74,false
read,0.53,key_4,61,false
read,0.65,key_11,59,false
read,0.37,key_17,46,false
read,0.48,key_1,54,false
read,1.23,key_0,55,false
read,0.56,key_9,53,false
read,0.44,key_10,55,false
read,0.55,key_0,55,false
read,0.65,key_3,56,false
read,0.38,key_4,61,false
read,0.50,key_6,49,false
read,0.66,key_7,59,false
read,0.58,key_10,55,false
read,0.34,key_15,71,true
read,1.54,key_7,59,false
read,0.36,key_1,54,false
read,0.34,key_14,74,false
read,0.41,key_15,71,true
read,0.33,key_14,74,false
read,0.36,key_10,55,false
read,0.36,key_6,49,false
read,0.34,key_17,46,false
read,0.31,key_16,63,false
read,0.33,key_7,59,false
read,0.31,key_14,74,false
read,0.27,key_6,49,false
read,0.32,key_5,55,false
read,0.28,key_10,55,false
read,0.25,key_10,56,false
write,308.07,key_17,47,false
write,305.69,key_11,60,false
write,311.96,key_15,73,false
write,316.65,key_19,62,false
read,1.93,key_13,45,false
read,1.85,key_4,61,false
read,1.86,key_17,47,false
read,1.89,key_18,70,false
read,1.07,key_4,61,false
read,1.06,key_16,63,false
read,1.06,key_0,55,false
read,1.06,key_13,45,false
read,0.90,key_12,53,false
read,0.89,key_10,55,false
read,0.90,key_7,59,false
read,0.98,key_14,74,false
read,1.08,key_5,55,false
read,0.69,key_3,56,false
read,0.76,key_4,61,false
read,0.48,key_6,49,false
read,0.65,key_10,55,false
write,307.75,key_15,74,false
read,0.75,key_9,53,false
read,0.50,key_19,62,false
read,0.78,key_14,74,false
read,0.69,key_8,50,false
read,0.91,key_19,62,false
read,0.52,key_19,62,false
read,0.46,key_11,60,false
read,0.57,key_18,70,false
read,0.73,key_1,54,false
read,0.51,key_19,62,false
read,0.76,key_19,62,false
read,0.67,key_18,70,false
read,0.69,key_0,55,false
read,0.84,key_16,63,false
write,306.35,key_2,51,false
read,0.48,key_13,45,false
read,0.76,key_10,57,false
read,0.90,key_10,55,false
read,0.77,key_9,53,false
read,0.84,key_13,46,false
write,304.53,key_13,46,false
read,0.57,key_16,63,false
write,303.48,key_10,56,false
read,2.40,key_7,59,false
write,303.76,key_15,75,false
read,0.88,key_15,75,false
read,0.82,key_0,55,false
read,0.58,key_2,51,false
read,1.44,key_18,70,false
read,2.34,key_13,48,false
read,0.55,key_4,61,false
read,0.54,key_13,46,false
read,0.50,key_18,70,false
read,0.55,key_15,75,false
read,0.51,key_13,46,false
read,0.54,key_19,62,false
read,0.73,key_13,46,false
read,0.50,key_7,59,false
read,0.61,key_1,54,false
read,0.46,key_18,70,false
read,0.50,key_8,50,false
read,0.59,key_14,74,false
write,303.88,key_10,57,false
read,0.57,key_9,53,false
read,0.51,key_4,61,false
read,0.57,key_8,50,false
read,0.53,key_14,74,false
read,0.46,key_9,53,false
read,0.48,key_1,55,false
write,304.41,key_0,56,false
write,311.02,key_16,64,false
write,310.12,key_6,50,false
read,0.61,key_10,57,false
read,0.73,key_6,50,false
read,0.79,key_2,51,false
read,0.51,key_18,70,false
read,0.92,key_3,56,false
read,1.13,key_3,56,false
write,305.00,key_13,47,false
write,304.93,key_4,62,false
read,0.87,key_1,54,false
read,0.68,key_7,59,false
read,0.64,key_18,70,false
read,1.07,key_2,51,false
read,0.79,key_16,64,false
read,0.51,key_12,53,false
write,304.40,key_1,55,false
read,0.67,key_7,59,false
read,0.68,key_13,48,false
write,304.61,key_13,48,false
read,0.74,key_9,53,false
read,0.74,key_19,62,false
read,0.53,key_9,53,false
read,0.46,key_8,50,false
read,0.51,key_14,74,false
read,0.54,key_9,53,false
read,0.97,key_13,48,false
read,0.74,key_13,48,false
read,0.58,key_0,56,false
read,1.01,key_9,53,false
read,0.36,key_6,50,false
read,0.30,key_12,53,false
read,1.06,key_15,75,false
read,0.59,key_12,53,false
read,0.42,key_11,60,false
read,0.81,key_9,53,false
read,0.70,key_0,56,false
read,0.64,key_11,60,false
read,1.43,key_10,58,false
read,1.48,key_2,51,false
read,0.48,key_14,74,false
read,0.49,key_18,70,false
read,0.46,key_3,56,false
read,0.85,key_0,56,false
read,0.38,key_12,53,false
read,0.90,key_15,75,false
read,0.73,key_13,48,false
read,0.53,key_13,48,false
read,1.11,key_2,51,false
read,0.81,key_0,56,false
read,0.59,key_5,55,false
read,1.24,key_18,70,false
read,0.69,key_15,75,false
read,0.59,key_9,53,false
read,0.66,key_13,48,false
read,0.54,key_16,64,false
read,0.63,key_5,55,false
write,303.28,key_19,63,false
read,0.51,key_15,75,false
read,0.47,key_11,60,false
read,0.34,key_18,70,false
read,0.34,key_7,59,false
read,0.37,key_2,51,false
read,0.35,key_7,59,false
read,0.35,key_9,53,false
read,0.36,key_9,53,false
read,0.27,key_10,57,false
read,0.35,key_4,62,false
read,0.26,key_7,59,false
read,0.34,key_9,53,false
read,1.36,key_19,63,false
read,0.66,key_12,53,false
read,1.87,key_18,70,false
read,0.50,key_16,64,false
read,0.55,key_3,56,false
read,0.59,key_19,63,false
read,0.52,key_19,63,false
read,0.55,key_9,53,false
read,0.54,key_4,62,false
write,305.83,key_14,75,false
read,0.38,key_19,63,false
read,0.40,key_16,64,false
read,0.39,key_18,70,false
read,0.39,key_8,50,false
read,0.53,key_7,59,false
read,0.56,key_5,55,false
read,0.55,key_1,55,false
read,0.77,key_16,64,false
read,0.76,key_14,75,false
read,0.77,key_11,60,false
read,0.37,key_11,60,false
read,0.37,key_4,62,false
write,307.70,key_13,49,false
read,0.34,key_17,47,false
read,0.37,key_16,64,false
read,0.34,key_11,60,false
read,0.48,key_12,53,false
read,0.35,key_0,56,false
read,0.26,key_8,50,false
read,1.65,key_16,64,false
read,1.62,key_10,58,false
read,0.35,key_7,59,false
read,0.37,key_16,64,false
read,0.26,key_14,75,false
read,0.28,key_11,60,false
read,0.31,key_9,53,false
read,0.47,key_13,49,false
read,0.49,key_3,56,false
read,0.34,key_10,57,false
read,0.37,key_15,75,false
read,0.41,key_1,56,false
read,0.43,key_15,75,false
read,0.29,key_4,62,false
read,0.35,key_17,47,false
read,0.34,key_8,51,false
read,0.33,key_1,55,false
read,0.28,key_1,55,false
read,0.30,key_13,49,false
read,0.37,key_16,64,false
read,0.30,key_10,57,false
write,326.39,key_10,58,false
write,319.40,key_2,52,false
write,307.70,key_4,63,false
write,321.13,key_11,62,false
write,316.15,key_8,51,false
write,313.67,key_17,49,false
write,324.99,key_11,61,false
write,309.49,key_16,65,false
write,315.12,key_1,56,false
write,321.16,key_17,48,false
read,0.99,key_14,75,false
read,1.18,key_4,63,false
read,1.29,key_8,51,false
read,1.33,key_7,59,false
read,1.32,key_17,49,false
read,1.40,key_17,49,false
read,1.55,key_5,55,false
read,1.40,key_15,75,false
read,0.43,key_17,49,false
read,0.55,key_15,75,false
read,1.78,key_7,59,false
read,0.67,key_4,63,false
read,0.72,key_5,55,false
read,0.79,key_8,51,false
read,0.81,key_14,75,false
read,0.84,key_16,65,false
read,2.20,key_7,59,false
read,1.08,key_8,51,false
read,1.11,key_10,58,false
read,1.55,key_16,65,false
read,1.00,key_1,56,false
read,1.20,key_16,65,false
read,0.93,key_3,56,false
read,0.94,key_14,75,false
read,1.52,key_12,53,false
read,1.26,key_6,50,false
read,1.06,key_9,53,false
read,1.48,key_9,53,false
read,1.75,key_11,62,false
read,1.55,key_7,59,false
read,2.28,key_13,49,false
read,1.23,key_8,51,false
read,2.75,key_6,50,false
read,1.45,key_12,53,false
read,1.46,key_15,75,false
read,2.67,key_9,53,false
read,1.71,key_18,70,false
read,1.58,key_11,62,false
read,2.88,key_15,75,false
read,2.31,key_8,51,false
read,1.24,key_18,70,false
read,0.74,key_5,55,false
read,0.80,key_4,63,false
read,0.84,key_16,65,false
read,0.85,key_2,52,false
read,0.80,key_7,59,false
read,0.46,key_13,49,false
read,1.19,key_15,75,false
read,0.56,key_6,50,false
read,0.60,key_15,75,false
read,0.55,key_14,75,false
read,0.49,key_4,63,false
read,0.91,key_6,50,false
read,1.10,key_1,56,false
read,0.80,key_3,56,false
read,0.85,key_4,63,false
read,1.35,key_15,76,false
read,0.71,key_3,56,false
read,1.08,key_0,56,false
read,1.57,key_10,58,false
read,2.04,key_15,75,false
read,0.68,key_11,61,true
read,2.12,key_10,58,false
read,0.95,key_12,53,false
read,0.60,key_12,53,false
read,1.36,key_18,70,false
read,0.74,key_8,51,false
read,0.83,key_2,52,false
read,0.91,key_14,75,false
read,1.17,key_10,58,false
read,1.01,key_2,52,false
read,0.87,key_3,56,false
read,1.01,key_6,50,false
read,0.56,key_4,63,false
read,0.39,key_18,70,false
read,0.39,key_14,75,false
read,1.49,key_6,52,false
read,1.30,key_19,63,false
read,0.39,key_17,49,false
read,0.29,key_3,56,false
read,0.48,key_1,56,false
read,0.35,key_3,56,false
read,0.31,key_3,56,false
read,0.49,key_1,56,false
read,0.29,key_5,55,false
read,0.28,key_2,53,false
read,0.25,key_12,53,false
read,0.26,key_17,49,false
read,0.23,key_6,50,false
read,0.69,key_16,65,false
read,0.22,key_5,55,false
write,314.26,key_6,52,false
write,314.98,key_11,63,false
write,313.48,key_9,54,false
write,322.51,key_15,76,false
write,308.24,key_15,77,false
write,313.13,key_16,66,false
write,317.86,key_2,53,false
write,320.75,key_8,52,false
write,310.90,key_1,57,false
write,314.89,key_6,51,false
read,1.03,key_0,56,false
read,1.00,key_0,56,false
read,1.14,key_10,58,false
read,1.31,key_4,63,false
read,1.53,key_15,76,true
read,1.15,key_15,77,false
read,1.06,key_3,56,false
read,1.11,key_8,52,false
read,1.00,key_13,49,false
read,1.92,key_14,75,false
read,0.80,key_8,52,false
read,1.08,key_5,55,false
read,0.92,key_16,66,false
read,0.97,key_1,57,false
read,0.85,key_15,77,false
read,0.52,key_19,63,false
read,0.53,key_18,70,false
read,0.57,key_15,77,false
read,1.12,key_12,53,false
read,1.10,key_9,54,false
read,0.55,key_18,70,false
read,0.62,key_4,63,false
read,0.46,key_6,51,true
read,0.77,key_10,58,false
read,1.45,key_10,58,false
read,0.76,key_19,63,false
read,0.75,key_4,63,false
read,0.91,key_1,57,false
read,0.80,key_0,56,false
read,0.54,key_10,58,false
read,0.35,key_0,56,false
read,0.36,key_17,49,false
read,0.36,key_19,63,false
read,0.45,key_17,49,false
read,0.47,key_17,49,false
read,0.52,key_11,63,false
read,0.72,key_19,63,false
read,0.95,key_8,52,false
read,0.56,key_14,75,false
read,0.60,key_12,53,false
read,0.72,key_7,59,false
read,0.74,key_13,49,false
read,0.70,key_8,52,false
read,0.66,key_14,75,false
read,0.81,key_16,66,false
read,0.44,key_10,58,false
read,0.74,key_12,53,false
read,0.75,key_2,53,false
read,0.56,key_4,63,false
read,0.96,key_18,70,false
read,1.05,key_15,76,true
read,1.07,key_15,77,false
read,0.63,key_11,63,false
read,0.74,key_10,58,false
read,0.82,key_1,57,false
read,0.63,key_18,70,false
read,0.71,key_16,66,false
read,0.60,key_9,54,false
read,1.52,key_7,59,false
read,0.65,key_5,55,false
read,1.34,key_2,53,false
read,1.44,key_4,63,false
read,0.82,key_9,54,false
read,0.79,key_7,59,false
read,0.82,key_19,63,false
read,0.95,key_7,59,false
read,0.68,key_0,56,false
read,0.83,key_1,57,false
read,0.77,key_3,56,false
read,1.41,key_14,75,false
read,0.89,key_2,53,false
read,0.91,key_1,57,false
read,0.75,key_5,55,false
read,0.44,key_11,63,false
read,0.50,key_9,54,false
read,0.53,key_13,49,false
read,0.72,key_8,52,false
read,1.43,key_11,63,false
read,0.80,key_2,53,false
read,0.42,key_2,53,false
read,0.36,key_13,49,false
read,0.39,key_15,77,false
read,0.55,key_19,63,false
read,1.03,key_9,54,false
read,0.66,key_16,66,false
read,0.61,key_14,75,false
read,0.54,key_8,52,false
read,0.43,key_12,53,false
read,1.17,key_17,49,false
read,0.50,key_13,49,false
read,0.44,key_15,77,false
read,0.40,key_19,63,false
read,0.37,key_3,56,false
read,1.48,key_11,63,false
read,0.33,key_15,77,false
read,1.03,key_7,59,false
read,0.40,key_13,49,false
read,0.42,key_0,57,false
read,0.83,key_8,52,false
read,0.32,key_15,77,false
read,0.50,key_16,66,false
read,0.39,key_8,52,false
read,0.34,key_7,59,false
read,0.26,key_9,54,false
read,0.29,key_0,57,false
read,0.20,key_8,52,false
read,0.29,key_8,52,false
read,0.30,key_17,49,false
read,0.23,key_19,63,false
read,0.26,key_14,75,false
read,0.23,key_3,56,false
read,0.22,key_0,56,false
read,0.24,key_16,66,false
read,0.27,key_11,63,false
read,0.22,key_13,49,false
write,311.57,key_14,76,false
write,317.63,key_6,53,false
write,319.38,key_0,57,false
write,311.73,key_5,56,false
write,310.68,key_2,54,false
write,310.25,key_2,55,false
read,2.11,key_5,56,false
read,3.05,key_14,76,false
read,2.03,key_2,55,false
read,3.11,key_18,70,false
read,3.36,key_0,57,false
read,2.29,key_17,49,false
read,1.81,key_10,58,false
write,315.45,key_16,67,false
read,2.88,key_4,63,false
read,2.67,key_4,63,false
read,3.00,key_0,58,false
read,2.14,key_10,58,false
read,0.90,key_3,56,false
read,3.50,key_1,58,false
write,313.03,key_0,58,false
read,3.68,key_4,63,false
read,0.95,key_4,63,false
read,1.27,key_1,58,false
write,312.76,key_13,50,false
write,315.92,key_1,58,false
read,1.23,key_12,53,false
read,1.01,key_8,52,false
read,1.73,key_4,63,false
read,1.38,key_5,56,false
read,1.55,key_1,58,false
read,1.97,key_1,58,false
read,2.63,key_8,52,false
read,1.53,key_2,55,false
read,1.55,key_15,77,false
read,1.74,key_1,58,false
read,3.30,key_19,63,false
read,2.44,key_1,58,false
read,1.62,key_19,63,false
read,3.92,key_4,63,false
read,2.09,key_6,53,false
read,2.00,key_8,52,false
read,0.67,key_11,63,false
read,0.77,key_1,58,false
read,2.23,key_15,77,false
read,0.69,key_6,53,false
read,0.66,key_4,63,false
read,0.63,key_12,53,false
read,0.75,key_2,55,false
read,0.65,key_1,58,false
read,0.77,key_16,68,false
read,0.67,key_7,59,false
read,0.42,key_16,67,false
read,0.73,key_4,63,false
read,1.15,key_16,67,false
read,0.53,key_6,53,false
read,0.73,key_8,52,false
read,0.68,key_4,63,false
read,0.86,key_0,58,false
read,0.47,key_6,53,false
read,1.01,key_8,52,false
read,0.66,key_9,54,false
read,1.93,key_19,63,false
read,0.32,key_2,55,false
read,0.43,key_5,56,false
read,0.57,key_11,63,false
read,0.63,key_14,76,false
read,0.51,key_18,70,false
read,1.85,key_15,78,false
read,2.33,key_5,56,false
read,2.29,key_15,78,false
read,0.55,key_18,70,false
read,0.53,key_4,63,false
read,0.54,key_0,58,false
read,0.45,key_2,55,false
read,0.50,key_8,52,false
read,0.50,key_4,64,false
read,0.35,key_13,50,false
read,0.40,key_18,70,false
read,0.44,key_0,58,false
read,0.37,key_11,63,false
read,0.42,key_5,56,false
read,0.46,key_13,50,false
write,318.57,key_16,68,false
write,314.49,key_2,57,false
write,317.77,key_15,78,false
write,315.24,key_2,56,false
write,316.37,key_13,51,false
write,311.78,key_17,50,false
write,310.98,key_14,77,false
write,307.62,key_2,58,false
write,318.56,key_4,64,false
write,310.84,key_12,54,false
read,2.19,key_3,56,false
read,2.48,key_6,53,false
read,2.51,key_8,52,false
read,2.58,key_10,58,false
read,2.45,key_10,58,false
read,2.49,key_18,70,false
read,1.07,key_19,63,false
read,1.10,key_10,58,false
read,1.11,key_11,63,false
read,1.12,key_10,58,false
read,1.08,key_17,50,false
read,3.71,key_7,59,false
read,0.88,key_0,58,false
read,0.97,key_0,58,false
read,0.96,key_10,58,false
read,0.86,key_7,59,false
read,1.12,key_10,58,false
read,0.97,key_4,64,false
read,0.68,key_11,63,false
read,0.59,key_2,56,true
read,0.61,key_5,56,false
read,0.65,key_3,56,false
read,0.44,key_2,56,true
read,0.43,key_15,78,false
read,1.84,key_19,63,false
read,0.61,key_12,54,false
read,1.76,key_8,52,false
read,0.48,key_7,59,false
read,0.46,key_7,59,false
read,0.46,key_5,56,false
read,0.37,key_15,78,false
read,0.44,key_17,50,false
read,0.51,key_1,58,false
read,0.48,key_19,63,false
read,0.48,key_7,59,false
read,0.34,key_13,51,false
read,0.35,key_11,63,false
read,0.34,key_6,53,false
read,0.33,key_5,56,false
read,0.35,key_3,56,false
read,0.44,key_18,70,false
read,0.37,key_9,54,false
write,309.86,key_17,51,false
write,317.13,key_5,57,false
write,322.73,key_4,65,false
write,322.75,key_16,69,false
write,317.15,key_8,53,false
write,318.11,key_10,59,false
write,322.76,key_3,57,false
write,320.16,key_4,66,false
write,314.90,key_18,71,false
write,316.12,key_3,58,false
read,2.76,key_6,53,false
read,3.08,key_12,54,false
read,2.92,key_2,58,false
read,3.02,key_18,71,false
read,3.16,key_13,51,false
read,3.12,key_3,58,false
read,3.38,key_11,63,false
read,4.78,key_1,58,false
read,1.77,key_18,71,false
read,1.54,key_18,71,false
read,2.02,key_11,63,false
read,1.84,key_18,72,false
read,1.93,key_8,53,false
read,1.40,key_3,58,false
read,1.38,key_0,58,false
read,1.45,key_16,69,false
read,1.52,key_7,59,false
read,1.45,key_10,59,false
read,1.80,key_15,78,false
read,0.90,key_19,63,false
read,0.89,key_6,53,false
read,1.06,key_10,59,false
read,1.01,key_6,53,false
read,1.04,key_5,57,false
read,1.10,key_1,58,false
read,1.49,key_17,51,false
read,1.72,key_15,78,false
read,1.15,key_14,77,false
read,3.85,key_7,59,false
read,1.00,key_0,58,false
read,0.72,key_14,77,false
read,4.37,key_10,59,false
read,1.41,key_2,56,true
read,3.15,key_15,78,false
read,5.49,key_1,58,false
read,0.77,key_4,66,false
read,0.83,key_3,58,false
read,0.86,key_6,53,false
read,2.32,key_13,51,false
read,0.82,key_13,51,false
read,0.75,key_5,57,false
read,0.98,key_11,63,false
read,0.73,key_0,58,false
read,1.29,key_5,57,false
read,1.10,key_17,51,false
read,1.18,key_0,58,false
read,1.12,key_8,53,false
read,0.98,key_11,63,false
read,1.06,key_6,53,false
read,1.14,key_7,59,false
read,2.11,key_3,59,false
read,0.94,key_0,58,false
read,3.58,key_6,53,false
read,2.64,key_14,77,false
read,0.71,key_5,58,false
read,1.22,key_16,69,false
read,0.76,key_0,58,false
read,0.78,key_10,59,false
read,0.48,key_17,51,false
read,0.57,key_18,72,false
read,0.47,key_19,63,false
read,0.42,key_0,58,false
read,0.44,key_17,51,false
read,0.49,key_10,59,false
read,0.50,key_6,53,false
read,0.44,key_7,59,false
read,0.44,key_18,71,false
read,0.42,key_19,63,false
read,0.49,key_16,69,false
write,311.57,key_15,79,false
write,309.78,key_5,58,false
write,307.01,key_2,59,false
write,307.22,key_13,52,false
write,325.94,key_18,72,false
write,325.87,key_11,64,false
write,323.02,key_4,67,false
write,322.81,key_12,55,false
write,317.24,key_3,59,false
read,2.81,key_9,54,false
read,2.82,key_3,59,false
read,2.71,key_5,58,false
read,2.71,key_11,64,false
read,2.80,key_1,58,false
read,2.84,key_9,54,false
read,3.46,key_4,67,false
read,4.81,key_2,59,false
read,2.02,key_1,58,false
read,2.06,key_7,59,false
read,2.06,key_5,58,false
read,1.98,key_14,77,false
read,2.08,key_11,64,false
read,2.04,key_16,69,false
write,304.44,key_12,56,false
read,0.97,key_8,53,false
read,0.73,key_4,67,false
read,0.92,key_4,67,false
read,1.03,key_16,69,false
read,1.00,key_13,52,false
read,1.10,key_2,59,false
read,2.50,key_5,58,false
read,0.84,key_15,79,false
read,1.03,key_17,51,false
read,0.79,key_0,58,false
read,1.02,key_11,64,false
read,2.52,key_2,59,false
read,0.64,key_17,51,false
read,0.96,key_15,79,false
read,1.99,key_19,63,false
read,2.96,key_13,52,false
read,1.04,key_4,67,false
read,1.08,key_12,56,false
read,0.74,key_3,59,false
read,0.80,key_3,59,false
read,0.82,key_17,51,false
read,0.60,key_1,58,false
read,0.96,key_7,59,false
read,0.57,key_17,51,false
read,0.71,key_16,69,false
read,1.82,key_2,59,false
read,0.69,key_18,72,false
read,0.65,key_13,52,false
read,0.71,key_13,52,false
read,0.66,key_16,69,false
read,1.92,key_2,59,false
read,0.50,key_3,59,false
read,0.55,key_5,58,false
read,0.89,key_13,53,false
read,0.44,key_1,58,false
read,0.52,key_8,53,false
read,0.62,key_14,77,false
read,0.70,key_15,79,false
read,0.79,key_5,58,false
read,0.81,key_13,53,false
read,0.71,key_2,59,false
read,0.77,key_12,56,false
read,0.72,key_11,64,false
read,0.62,key_18,72,false
read,0.62,key_19,63,false
read,0.64,key_8,53,false
read,0.64,key_1,58,false
read,0.60,key_3,59,false
read,0.71,key_1,58,false
read,0.43,key_9,54,false
read,0.69,key_0,58,false
read,1.07,key_8,53,false
read,0.59,key_2,59,false
read,0.60,key_9,54,false
read,0.53,key_18,72,false
read,0.49,key_12,56,false
read,0.44,key_19,63,false
read,0.49,key_4,68,false
read,0.55,key_10,59,false
read,0.51,key_14,77,false
read,0.55,key_18,72,false
read,0.56,key_16,69,false
read,0.47,key_10,59,false
read,0.52,key_4,68,false
read,0.60,key_0,58,false
read,0.59,key_15,79,false
read,0.53,key_1,58,false
read,0.51,key_11,64,false
read,0.60,key_9,54,false
read,0.60,key_5,58,false
read,0.56,key_4,67,false
read,0.56,key_19,63,false
read,0.57,key_16,71,false
read,0.53,key_10,59,false
read,0.39,key_6,53,false
read,0.46,key_7,59,false
read,0.44,key_12,56,false
read,0.57,key_7,59,false
read,0.40,key_17,51,false
read,0.48,key_1,58,false
read,0.38,key_8,53,false
read,0.38,key_16,71,false
read,0.41,key_17,51,false
read,0.36,key_18,72,false
read,0.39,key_14,77,false
read,0.38,key_10,59,false
read,0.44,key_17,51,false
read,0.39,key_4,67,false
read,0.42,key_14,77,false
read,0.38,key_12,56,false
read,0.41,key_7,59,false
write,307.14,key_15,81,false
write,311.37,key_16,71,false
write,308.53,key_7,60,false
write,311.34,key_16,70,false
write,309.27,key_4,68,false
write,317.40,key_13,53,false
write,309.78,key_15,80,false
read,3.13,key_16,71,false
read,2.95,key_17,51,false
read,2.71,key_16,70,true
read,3.25,key_9,54,false
read,3.19,key_16,71,false
write,307.56,key_5,59,false
read,0.81,key_14,77,false
read,4.01,key_6,53,false
read,0.91,key_3,59,false
read,1.13,key_8,53,false
read,1.17,key_4,68,false
read,1.58,key_4,68,false
read,0.69,key_18,72,false
read,0.91,key_17,51,false
read,1.64,key_5,59,false
read,1.03,key_18,72,false
read,1.02,key_13,53,false
read,0.94,key_15,81,false
read,1.17,key_1,58,false
read,1.18,key_0,58,false
read,1.19,key_15,81,false
read,0.83,key_18,72,false
read,1.85,key_18,72,false
read,1.88,key_6,53,false
read,1.39,key_12,56,false
read,1.09,key_15,81,false
read,1.06,key_11,64,false
read,1.38,key_4,68,false
read,3.13,key_9,55,false
read,1.41,key_13,53,false
write,304.65,key_9,55,false
read,1.49,key_4,68,false
read,3.43,key_6,53,false
read,1.05,key_9,55,false
read,1.34,key_2,59,false
read,1.37,key_7,60,false
read,1.34,key_13,53,false
read,3.96,key_7,60,false
read,1.35,key_6,53,false
read,0.86,key_14,77,false
read,1.13,key_13,54,false
read,1.50,key_14,77,false
read,1.19,key_0,58,false
read,0.88,key_17,51,false
read,2.19,key_19,63,false
read,2.28,key_12,56,false
read,0.96,key_2,59,false
read,0.91,key_13,53,false
read,0.85,key_17,51,false
read,0.97,key_18,72,false
read,1.05,key_4,68,false
read,1.03,key_11,64,false
read,0.78,key_5,59,false
read,0.81,key_0,58,false
read,1.63,key_12,56,false
read,0.61,key_18,72,false
read,0.64,key_6,53,false
read,0.87,key_14,77,false
read,0.73,key_7,60,false
read,0.92,key_12,56,false
read,0.93,key_18,72,false
read,0.94,key_7,60,false
read,0.92,key_19,63,false
read,0.59,key_17,51,false
write,304.89,key_6,54,false
read,0.89,key_10,59,false
read,0.69,key_2,59,false
read,0.54,key_14,77,false
read,0.57,key_9,55,false
read,0.71,key_3,59,false
read,0.60,key_5,59,false
read,0.57,key_12,56,false
read,0.45,key_11,64,false
read,0.56,key_4,68,false
read,0.37,key_3,59,false
read,0.54,key_19,63,false
read,0.52,key_5,59,false
read,0.59,key_13,53,false
read,0.52,key_14,77,false
read,0.54,key_6,54,false
read,0.48,key_11,64,false
read,0.44,key_14,77,false
write,321.32,key_10,60,false
write,315.42,key_16,72,false
write,308.18,key_13,55,false
write,311.35,key_13,54,false
write,305.86,key_10,61,false
write,312.80,key_6,55,false
read,2.50,key_11,64,false
read,2.36,key_7,60,false
write,305.18,key_8,54,false
write,308.03,key_2,60,false
read,0.99,key_4,68,false
read,1.49,key_19,63,false
read,1.39,key_10,61,false
read,0.99,key_2,60,false
read,0.94,key_2,60,false
read,0.98,key_19,63,false
write,304.93,key_15,82,false
read,1.04,key_7,60,false
read,0.99,key_3,59,false
read,1.23,key_16,72,false
read,1.21,key_1,58,false
read,1.24,key_19,63,false
read,1.32,key_15,82,false
read,1.61,key_7,60,false
read,0.78,key_19,63,false
read,0.84,key_15,82,false
read,0.87,key_17,51,false
write,306.60,key_10,62,false
read,1.02,key_10,62,false
read,1.52,key_10,62,false
read,1.24,key_3,59,false
read,1.20,key_3,59,false
read,0.95,key_19,63,false
read,1.18,key_3,59,false
read,1.26,key_5,59,false
read,1.03,key_15,82,false
read,1.51,key_17,51,false
read,1.04,key_18,72,false
read,1.56,key_12,56,false
read,1.12,key_12,56,false
read,2.29,key_6,55,false
read,0.74,key_2,60,false
read,0.86,key_3,59,false
read,0.76,key_9,55,false
read,1.89,key_14,77,false
read,1.95,key_9,55,false
read,0.57,key_0,58,false
read,0.47,key_0,58,false
read,0.63,key_2,60,false
read,0.53,key_2,60,false
read,0.48,key_13,55,false
read,0.46,key_16,72,false
read,0.54,key_14,77,false
read,0.45,key_8,54,false
read,0.51,key_17,51,false
write,312.34,key_10,63,false
write,305.28,key_12,57,false
write,312.38,key_11,66,false
write,312.53,key_11,65,false
write,312.27,key_4,69,false
read,2.19,key_7,60,false
read,2.20,key_0,58,false
read,2.28,key_3,59,false
read,2.37,key_2,60,false
read,0.76,key_2,60,false
read,0.96,key_0,58,false
read,0.87,key_10,63,false
read,1.22,key_8,54,false
write,306.17,key_19,65,false
write,306.17,key_7,61,false
write,306.20,key_19,64,false
read,1.14,key_9,55,false
read,1.38,key_17,51,false
read,1.04,key_14,77,false
read,1.17,key_12,57,false
read,1.37,key_8,54,false
read,1.48,key_7,62,false
read,1.66,key_2,60,false
read,0.92,key_6,55,false
read,0.82,key_4,69,false
read,1.21,key_11,65,true
read,0.73,key_0,58,false
read,4.47,key_14,77,false
write,306.79,key_12,58,false
read,0.96,key_0,58,false
read,0.94,key_15,82,false
read,1.54,key_11,66,false
read,5.58,key_4,69,false
read,1.56,key_3,59,false
read,1.13,key_11,66,false
read,1.51,key_2,60,false
read,5.85,key_8,54,false
read,1.78,key_0,58,false
read,1.66,key_7,62,false
read,1.38,key_5,59,false
read,1.22,key_10,63,false
write,304.02,key_7,62,false
read,1.67,key_7,62,false
read,1.59,key_5,59,false
read,1.58,key_3,59,false
read,1.33,key_5,59,false
read,2.90,key_2,60,false
read,1.28,key_5,59,false
read,0.77,key_2,60,false
read,1.11,key_15,82,false
read,0.97,key_18,72,false
read,0.85,key_17,51,false
read,1.10,key_18,72,false
read,1.15,key_12,58,false
read,0.87,key_16,72,false
read,1.26,key_2,60,false
read,0.92,key_7,62,false
read,3.33,key_3,59,false
read,0.97,key_12,58,false
read,1.88,key_19,65,false
read,0.94,key_16,72,false
read,0.94,key_4,69,false
read,0.71,key_8,54,false
read,1.95,key_15,82,false
read,0.99,key_7,62,false
read,1.27,key_1,58,false
read,0.67,key_11,65,true
read,0.49,key_6,55,false
read,0.61,key_16,72,false
read,0.56,key_14,77,false
read,0.89,key_12,58,false
read,0.69,key_18,72,false
read,0.56,key_8,54,false
read,0.61,key_9,55,false
read,0.47,key_12,58,false
read,1.10,key_0,58,false
read,0.50,key_2,60,false
read,0.60,key_3,59,false
read,0.60,key_15,82,false
read,0.51,key_18,72,false
read,0.55,key_19,65,false
read,1.40,key_17,51,false
read,0.49,key_19,65,false
read,0.89,key_10,63,false
read,0.60,key_13,54,true
read,0.59,key_1,58,false
read,0.53,key_15,82,false
read,0.74,key_5,59,false
read,0.75,key_3,59,false
read,0.69,key_8,54,false
read,0.72,key_17,51,false
read,0.71,key_4,69,false
read,0.55,key_2,60,false
read,0.55,key_13,54,true
read,0.64,key_9,55,false
read,0.65,key_18,72,false
read,0.51,key_2,60,false
read,0.51,key_10,63,false
read,0.77,key_9,55,false
read,0.43,key_3,59,false
read,0.63,key_11,65,true
read,0.63,key_19,65,false
read,0.53,key_13,54,true
read,0.51,key_0,58,false
read,0.60,key_16,72,false
read,0.63,key_3,59,false
read,0.62,key_6,55,false
read,0.59,key_11,65,true
read,0.42,key_16,72,false
read,1.00,key_18,73,false
read,0.57,key_9,55,false
read,0.46,key_1,58,false
read,0.88,key_13,55,false
read,0.45,key_16,72,false
read,0.36,key_9,55,false
read,0.46,key_6,55,false
read,0.44,key_12,58,false
read,0.42,key_17,51,false
read,0.45,key_15,82,false
read,0.49,key_0,58,false
read,0.46,key_7,62,false
read,0.44,key_16,72,false
write,313.93,key_12,59,false
write,310.30,key_14,78,false
read,1.12,key_9,55,false
read,1.14,key_11,65,true
read,1.47,key_7,62,false
write,305.50,key_12,60,false
write,308.33,key_18,73,false
read,1.13,key_17,53,false
read,1.15,key_18,73,false
read,1.16,key_12,60,false
write,304.55,key_1,59,false
write,305.96,key_5,60,false
write,307.88,key_5,61,false
read,1.03,key_8,54,false
read,1.09,key_18,73,false
read,1.07,key_3,59,false
read,0.92,key_2,60,false
read,1.88,key_19,65,false
read,0.94,key_5,60,true
read,0.98,key_10,63,false
read,0.73,key_15,82,false
read,0.73,key_14,78,false
read,0.91,key_6,55,false
read,0.93,key_13,54,true
read,0.54,key_18,73,false
read,0.63,key_4,69,false
read,0.57,key_16,72,false
read,0.63,key_2,60,false
read,0.78,key_6,55,false
read,0.89,key_0,58,false
read,0.83,key_1,59,false
read,0.71,key_15,82,false
read,0.73,key_2,60,false
read,0.79,key_3,59,false
write,304.34,key_5,62,false
read,0.69,key_17,51,false
read,0.69,key_13,54,true
read,0.68,key_14,78,false
read,0.78,key_18,73,false
read,0.56,key_11,66,false
read,0.73,key_16,72,false
read,0.76,key_10,64,false
read,0.63,key_12,60,false
read,0.67,key_15,82,false
read,0.59,key_0,58,false
read,2.51,key_2,60,false
read,0.58,key_8,54,false
write,303.76,key_17,53,false
write,304.74,key_17,52,false
read,0.56,key_1,59,false
read,0.68,key_3,59,false
read,0.60,key_19,65,false
read,0.64,key_7,62,false
read,0.61,key_6,55,false
read,0.52,key_16,72,false
read,0.45,key_14,78,false
read,0.39,key_15,82,false
read,0.49,key_16,72,false
read,0.45,key_15,82,false
read,0.44,key_9,55,false
write,307.33,key_6,56,false
write,304.36,key_12,61,false
write,316.59,key_11,67,false
write,315.23,key_16,73,false
write,305.14,key_10,64,false
write,312.27,key_19,66,false
read,2.27,key_18,73,false
read,2.34,key_12,62,false
read,2.39,key_19,66,false
read,1.17,key_6,56,false
write,305.35,key_0,59,false
read,1.11,key_2,60,false
write,305.47,key_12,62,false
read,0.87,key_1,59,false
read,1.02,key_7,62,false
read,1.09,key_7,62,false
read,0.97,key_12,62,false
read,0.67,key_0,59,false
read,0.77,key_15,83,false
read,1.18,key_7,62,false
read,0.64,key_10,64,false
read,1.16,key_10,64,false
read,0.69,key_17,54,false
read,0.67,key_13,54,true
read,0.74,key_8,54,false
read,0.77,key_5,62,false
read,0.71,key_7,62,false
read,0.77,key_15,82,false
read,0.84,key_9,55,false
read,0.60,key_8,54,false
read,0.66,key_18,73,false
read,0.64,key_9,55,false
read,0.52,key_15,82,false
read,0.58,key_18,73,false
read,0.66,key_8,54,false
read,0.72,key_15,82,false
read,0.66,key_18,73,false
read,0.80,key_10,64,false
write,305.48,key_8,55,false
read,0.74,key_8,55,false
write,304.04,key_17,54,false
read,0.58,key_18,73,false
read,0.84,key_9,55,false
read,0.57,key_4,69,false
read,0.54,key_10,64,false
read,0.48,key_17,54,false
read,0.53,key_2,60,false
read,0.53,key_9,55,false
read,0.55,key_4,69,false
read,0.56,key_16,73,false
read,0.57,key_15,82,false
read,0.41,key_4,69,false
read,0.47,key_6,56,false
read,0.44,key_9,55,false
read,0.49,key_0,59,false
read,0.42,key_12,62,false
read,0.51,key_1,60,false
read,0.46,key_18,73,false
read,0.47,key_13,54,true
read,0.43,key_14,78,false
read,0.48,key_1,59,false
read,0.46,key_0,59,false
read,0.47,key_18,73,false
read,0.47,key_3,59,false
read,0.51,key_9,55,false
write,311.08,key_16,74,false
write,307.61,key_0,61,false
write,310.05,key_10,65,false
write,311.79,key_11,69,false
write,318.12,key_1,60,false
write,320.29,key_11,68,false
write,320.24,key_15,83,false
write,314.37,key_6,57,false
write,320.37,key_0,60,false
read,1.79,key_5,62,false
read,1.81,key_17,54,false
read,1.97,key_4,69,false
read,1.92,key_17,54,false
read,1.95,key_3,59,false
read,1.97,key_17,54,false
read,2.03,key_15,83,false
read,1.03,key_4,69,false
read,1.10,key_12,62,false
read,1.16,key_4,69,false
read,1.16,key_6,57,false
read,1.10,key_0,60,true
read,1.09,key_5,62,false
read,1.32,key_11,70,false
read,2.10,key_8,55,false
read,1.65,key_3,59,false
read,4.52,key_16,74,false
read,1.38,key_10,65,false
read,1.42,key_1,60,false
read,1.78,key_14,78,false
read,1.61,key_12,62,false
read,1.80,key_15,83,false
read,1.43,key_7,62,false
read,1.46,key_2,60,false
read,1.55,key_13,54,true
read,2.90,key_5,62,false
read,1.56,key_15,83,false
write,305.52,key_11,70,false
read,1.94,key_8,55,false
read,1.45,key_8,55,false
read,1.54,key_15,83,false
read,1.53,key_4,69,false
read,1.55,key_17,54,false
read,1.65,key_2,60,false
read,1.82,key_2,60,false
read,1.32,key_5,62,false
read,1.23,key_9,55,false
read,1.45,key_16,74,false
read,2.90,key_15,83,false
read,1.44,key_11,70,false
read,1.39,key_16,74,false
read,1.75,key_18,73,false
read,1.17,key_2,60,false
read,0.77,key_14,78,false
read,2.11,key_6,57,false
read,1.07,key_9,55,false
read,1.09,key_2,60,false
read,1.59,key_3,59,false
read,1.26,key_9,55,false
read,1.31,key_5,62,false
read,0.98,key_2,60,false
read,1.07,key_15,83,false
read,1.67,key_14,78,false
read,1.19,key_19,66,false
read,1.24,key_6,57,false
read,1.74,key_12,62,false
read,1.08,key_10,65,false
read,0.76,key_14,78,false
read,0.77,key_1,60,false
read,2.02,key_14,79,false
read,0.92,key_16,74,false
read,2.25,key_16,74,false
read,1.20,key_15,83,false
read,0.96,key_6,57,false
read,0.98,key_10,65,false
read,0.70,key_5,62,false
read,0.98,key_2,60,false
read,0.74,key_14,78,false
read,0.68,key_19,66,false
read,0.78,key_3,59,false
read,0.57,key_4,69,false
read,0.68,key_17,54,false
read,2.28,key_4,69,false
read,0.77,key_7,62,false
read,2.25,key_14,79,false
read,0.84,key_8,55,false
read,0.79,key_14,78,false
read,0.80,key_10,65,false
read,0.78,key_14,78,false
read,0.82,key_8,56,false
read,0.56,key_13,55,false
read,0.58,key_19,66,false
read,0.65,key_5,62,false
read,0.67,key_14,78,false
read,0.77,key_7,62,false
read,0.66,key_9,55,false
read,0.79,key_15,83,false
read,0.48,key_13,54,true
read,0.52,key_15,83,false
read,0.48,key_7,62,false
read,0.45,key_15,83,false
read,0.49,key_0,61,false
read,1.97,key_12,62,false
read,0.49,key_16,74,false
read,2.03,key_8,56,false
read,0.53,key_5,62,false
read,0.42,key_8,56,false
read,0.64,key_11,71,false
read,0.59,key_8,55,false
read,0.48,key_5,62,false
read,0.44,key_11,70,false
read,0.48,key_6,57,false
write,320.10,key_14,79,false
write,306.57,key_15,84,false
write,308.37,key_7,63,false
write,313.42,key_3,60,false
write,307.36,key_8,56,false
write,311.18,key_18,74,false
read,2.35,key_0,60,true
read,2.39,key_16,74,false
read,2.44,key_1,60,false
read,2.52,key_1,60,false
read,2.52,key_18,74,false
write,306.38,key_11,71,false
read,1.69,key_10,65,false
read,1.89,key_15,86,false
read,0.97,key_11,71,false
write,305.35,key_15,85,false
read,0.97,key_3,60,false
read,0.79,key_1,61,false
read,1.11,key_10,65,false
read,1.06,key_16,74,false
read,1.73,key_14,79,false
read,1.07,key_1,60,false
read,4.03,key_0,61,false
read,1.61,key_9,55,false
read,1.28,key_7,64,false
write,305.69,key_1,61,false
read,1.19,key_4,69,false
write,304.64,key_7,64,false
read,1.13,key_19,66,false
read,0.86,key_19,66,false
read,1.10,key_13,54,true
read,1.24,key_14,79,false
read,1.28,key_11,71,false
read,0.98,key_12,62,false
read,2.52,key_10,65,false
read,1.16,key_11,71,false
read,1.11,key_5,62,false
read,1.09,key_10,65,false
read,1.01,key_7,64,false
read,0.98,key_2,60,false
read,0.87,key_5,62,false
read,0.89,key_1,61,false
read,3.24,key_9,55,false
read,0.95,key_15,85,false
read,0.97,key_7,64,false
read,3.38,key_13,54,true
read,0.93,key_7,64,false
read,0.88,key_1,61,false
read,1.01,key_12,62,false
read,0.91,key_11,71,false
read,1.05,key_2,60,false
read,0.89,key_17,54,false
read,0.96,key_2,60,false
read,1.86,key_4,69,false
read,0.92,key_4,69,false
read,0.96,key_12,62,false
read,0.93,key_19,66,false
read,0.92,key_10,65,false
read,0.82,key_9,55,false
read,0.90,key_0,60,true
read,2.84,key_3,60,false
read,2.22,key_13,55,false
read,2.23,key_19,66,false
read,0.78,key_12,62,false
read,0.85,key_0,60,true
read,1.12,key_12,62,false
read,0.91,key_3,60,false
read,0.77,key_11,71,false
read,0.64,key_4,69,false
read,0.67,key_18,74,false
read,0.60,key_18,75,false
read,0.67,key_13,54,true
read,0.71,key_5,62,false
read,0.64,key_14,79,false
read,0.59,key_12,62,false
read,0.64,key_5,62,false
read,0.57,key_1,61,false
read,1.71,key_12,62,false
read,0.46,key_5,62,false
read,0.49,key_15,85,false
read,0.41,key_9,55,false
read,0.51,key_14,79,false
read,0.47,key_5,62,false
read,0.46,key_5,62,false
read,0.56,key_19,66,false
read,0.58,key_6,57,false
write,311.68,key_16,75,false
write,309.15,key_2,61,false
write,309.22,key_15,86,false
read,1.18,key_12,62,false
read,1.22,key_6,57,false
read,0.81,key_0,60,true
read,0.84,key_2,61,false
read,0.69,key_0,60,true
read,0.68,key_8,56,false
read,0.58,key_7,64,false
read,0.64,key_14,79,false
read,0.73,key_7,64,false
read,0.74,key_17,54,false
read,0.76,key_2,61,false
read,0.87,key_6,57,false
read,0.79,key_6,57,false
read,1.05,key_8,56,false
write,308.62,key_0,62,false
write,303.97,key_11,72,false
write,305.86,key_18,75,false
write,303.46,key_15,87,false
read,1.08,key_7,64,false
read,1.07,key_13,54,true
read,1.10,key_15,87,false
read,1.15,key_18,75,false
read,0.70,key_11,72,false
read,0.89,key_9,55,false
read,0.90,key_12,62,false
read,1.26,key_14,79,false
read,0.89,key_9,55,false
read,0.59,key_7,64,false
read,1.04,key_2,61,false
read,1.07,key_19,66,false
read,1.16,key_9,55,false
read,1.04,key_12,62,false
read,0.84,key_2,61,false
read,0.81,key_5,62,false
read,0.91,key_19,66,false
read,1.55,key_11,72,false
read,0.91,key_13,55,false
read,1.11,key_17,55,false
read,1.02,key_0,62,false
write,305.78,key_1,62,false
write,305.76,key_17,55,false
read,1.18,key_7,64,false
read,1.10,key_17,55,false
read,1.16,key_12,62,false
read,1.31,key_19,66,false
read,1.32,key_6,57,false
read,1.31,key_13,54,true
read,1.29,key_15,87,false
read,1.31,key_0,62,false
read,1.36,key_18,75,false
read,0.75,key_5,62,false
read,1.14,key_14,79,false
read,1.19,key_19,66,false
read,1.14,key_5,62,false
read,2.54,key_18,75,false
read,1.20,key_18,75,false
write,303.69,key_18,76,false
read,1.40,key_9,55,false
read,1.40,key_2,61,false
read,2.67,key_14,79,false
read,1.35,key_19,66,false
read,1.93,key_2,61,false
read,0.78,key_16,75,false
read,1.54,key_8,56,false
read,0.94,key_12,62,false
read,1.19,key_7,64,false
read,1.20,key_15,87,false
read,1.33,key_2,61,false
read,0.68,key_19,66,false
read,1.05,key_9,55,false
read,0.81,key_4,69,false
read,0.75,key_16,75,false
read,0.71,key_6,57,false
read,0.85,key_11,72,false
read,0.64,key_16,75,false
read,0.54,key_18,76,false
read,1.81,key_15,87,false
read,2.35,key_11,72,false
read,1.01,key_2,61,false
read,0.70,key_14,80,false
read,2.09,key_1,62,false
read,0.84,key_11,72,false
read,0.48,key_16,75,false
read,0.72,key_5,63,false
read,0.67,key_13,54,true
read,0.42,key_12,62,false
read,0.76,key_13,54,true
read,0.45,key_5,62,false
read,0.57,key_2,61,false
read,0.43,key_18,76,false
read,0.46,key_3,60,false
read,0.45,key_12,62,false
read,0.45,key_5,62,false
read,0.44,key_13,54,true
write,316.83,key_8,57,false
write,311.82,key_6,58,false
read,1.93,key_11,72,false
read,1.98,key_16,75,false
write,305.54,key_12,63,false
read,1.48,key_14,81,false
read,1.38,key_1,62,false
read,1.14,key_1,62,false
read,1.60,key_11,72,false
write,305.55,key_6,59,false
write,305.39,key_14,80,false
read,1.43,key_15,87,false
write,305.19,key_5,63,false
read,1.48,key_5,63,false
read,1.65,key_15,87,false
read,1.45,key_13,54,true
write,305.00,key_16,76,false
read,0.96,key_18,76,false
write,304.51,key_7,65,false
read,1.21,key_8,57,false
write,303.55,key_14,81,false
read,1.40,key_12,63,false
read,1.87,key_1,62,false
read,0.90,key_3,60,false
read,1.09,key_19,66,false
read,1.33,key_11,72,false
read,0.99,key_15,87,false
read,2.20,key_16,76,false
read,0.97,key_4,69,false
read,0.82,key_0,62,false
read,0.88,key_7,65,false
read,4.11,key_9,55,false
read,3.21,key_4,69,false
write,305.60,key_2,62,false
read,1.59,key_11,72,false
read,1.03,key_9,55,false
read,0.89,key_19,66,false
read,0.92,key_7,65,false
read,3.01,key_7,65,false
read,1.06,key_12,63,false
read,0.90,key_16,76,false
read,1.17,key_19,66,false
read,0.78,key_10,65,false
read,1.06,key_12,63,false
read,0.79,key_5,63,false
read,0.78,key_0,65,false
read,0.73,key_5,63,false
read,0.78,key_17,55,false
read,0.83,key_1,62,false
read,0.84,key_16,76,false
read,0.58,key_10,65,false
read,0.64,key_15,87,false
read,1.78,key_0,65,false
write,306.96,key_14,82,false
write,313.86,key_18,78,false
write,318.09,key_18,77,false
write,311.57,key_0,65,false
write,316.40,key_2,63,false
write,318.62,key_0,64,false
write,309.31,key_11,73,false
write,309.63,key_16,77,false
write,322.24,key_0,63,false
write,307.34,key_1,63,false
read,2.09,key_2,63,false
read,1.46,key_8,57,false
read,2.71,key_17,55,false
read,2.59,key_4,69,false
read,2.31,key_1,63,false
read,2.60,key_16,77,false
read,2.39,key_12,63,false
read,3.25,key_12,63,false
read,1.91,key_0,65,false
read,1.38,key_10,65,false
read,1.10,key_17,55,false
read,1.91,key_19,66,false
read,1.75,key_13,54,true
read,1.70,key_6,59,false
read,1.15,key_4,69,false
read,1.19,key_4,69,false
read,1.12,key_3,60,false
read,1.66,key_3,60,false
read,0.98,key_7,65,false
read,0.95,key_17,55,false
read,1.00,key_7,65,false
read,1.02,key_19,66,false
read,1.06,key_6,59,false
read,3.04,key_12,63,false
read,0.59,key_3,60,false
read,0.80,key_6,59,false
read,0.70,key_1,63,false
read,0.76,key_0,63,true
read,0.84,key_9,55,false
read,1.02,key_3,60,false
read,1.09,key_16,77,false
read,0.83,key_11,73,false
read,0.83,key_12,63,false
read,0.77,key_2,63,false
read,0.79,key_15,87,false
read,0.79,key_19,66,false
read,1.12,key_9,55,false
read,1.75,key_8,57,false
read,0.94,key_0,65,false
read,0.96,key_8,57,false
read,1.02,key_3,60,false
read,0.76,key_0,65,false
read,0.79,key_0,65,false
read,1.86,key_4,69,false
read,0.81,key_5,64,false
read,1.62,key_9,55,false
read,0.81,key_2,63,false
read,0.63,key_15,87,false
read,1.56,key_12,63,false
read,1.61,key_4,69,false
read,0.85,key_3,60,false
read,1.06,key_1,63,false
read,0.72,key_9,55,false
read,0.68,key_15,87,false
read,0.79,key_13,54,true
read,0.63,key_0,63,true
read,0.65,key_9,55,false
read,0.59,key_15,87,false
read,0.65,key_16,77,false
read,0.52,key_3,60,false
read,0.56,key_19,66,false
read,0.59,key_5,63,false
read,0.60,key_12,63,false
read,0.50,key_18,77,true
read,0.51,key_9,55,false
read,0.53,key_17,55,false
read,0.55,key_12,63,false
write,316.49,key_5,64,false
read,1.15,key_16,78,false
read,1.09,key_14,82,false
read,1.02,key_6,59,false
read,0.73,key_7,65,false
read,0.82,key_11,73,false
read,1.36,key_17,55,false
read,0.83,key_10,65,false
read,1.26,key_9,55,false
write,306.42,key_3,61,false
read,0.64,key_12,63,false
write,305.10,key_11,74,false
read,0.79,key_12,63,false
read,0.92,key_11,74,false
read,0.88,key_0,65,false
read,0.98,key_1,63,false
read,0.67,key_11,74,false
read,0.77,key_13,54,true
read,0.84,key_15,87,false
read,0.80,key_6,59,false
read,1.15,key_3,61,false
read,0.97,key_14,82,false
read,1.07,key_0,65,false
read,0.90,key_16,78,false
write,304.84,key_13,56,false
read,0.96,key_19,66,false
write,305.63,key_3,62,false
read,0.81,key_19,66,false
read,0.81,key_19,67,false
read,0.92,key_8,57,false
read,0.95,key_16,77,false
read,0.82,key_2,63,false
read,0.90,key_14,85,false
read,0.93,key_1,63,false
read,0.58,key_7,65,false
read,0.68,key_2,63,false
read,0.86,key_18,78,false
write,305.89,key_19,67,false
read,0.77,key_6,59,false
read,0.81,key_15,87,false
read,1.02,key_9,55,false
read,1.20,key_5,64,false
read,1.22,key_2,63,false
read,0.80,key_19,67,false
read,1.51,key_13,56,false
write,305.89,key_14,83,false
read,0.90,key_13,56,false
read,0.98,key_12,63,false
write,304.16,key_16,78,false
read,1.75,key_2,63,false
read,0.88,key_15,87,false
read,1.53,key_7,65,false
read,1.05,key_2,63,false
read,1.05,key_19,68,false
read,1.66,key_3,62,false
read,1.13,key_8,57,false
read,0.66,key_5,64,false
read,0.78,key_1,63,false
write,303.50,key_14,84,false
read,0.91,key_15,87,false
read,2.22,key_8,57,false
read,0.78,key_0,63,true
read,0.86,key_14,84,false
read,0.98,key_13,56,false
read,1.01,key_15,87,false
read,0.95,key_14,84,false
read,0.94,key_0,63,true
read,0.91,key_14,85,false
write,305.29,key_14,85,false
read,0.71,key_12,63,false
read,0.74,key_1,63,false
read,0.86,key_5,64,false
read,0.61,key_11,74,false
read,0.60,key_19,67,false
read,0.77,key_14,85,false
read,0.59,key_12,63,false
read,0.59,key_14,85,false
read,0.54,key_11,74,false
read,0.57,key_14,85,false
read,0.53,key_10,65,false
read,0.80,key_1,63,false
read,0.81,key_4,69,false
read,0.60,key_17,55,false
read,0.65,key_4,69,false
read,0.51,key_2,63,false
read,0.54,key_3,62,false
read,0.59,key_4,69,false
read,0.59,key_16,78,false
read,0.57,key_3,62,false
read,0.50,key_16,78,false
read,0.49,key_3,62,false
read,0.54,key_6,59,false
read,0.54,key_9,55,false
read,0.58,key_15,87,false
read,0.62,key_9,55,false
read,0.57,key_19,67,false
read,0.53,key_15,87,false
read,0.55,key_13,56,false
read,0.57,key_17,55,false
read,0.50,key_3,62,false
read,0.53,key_17,55,false
read,0.54,key_14,85,false
read,0.68,key_9,55,false
read,0.44,key_10,65,false
read,0.63,key_14,85,false
read,0.54,key_10,66,false
read,0.53,key_12,63,false
read,0.50,key_16,78,false
read,0.51,key_14,85,false
read,0.51,key_9,55,false
read,0.63,key_18,78,false
read,0.35,key_8,57,false
read,0.48,key_12,63,false
read,0.45,key_2,63,false
read,0.51,key_10,65,false
read,0.45,key_3,62,false
read,0.43,key_2,63,false
read,0.46,key_19,67,false
read,0.49,key_8,57,false
read,0.38,key_0,65,false
read,0.49,key_10,65,false
read,0.46,key_4,69,false
read,0.42,key_11,74,false
read,0.50,key_4,69,false
read,0.42,key_16,78,false
read,0.37,key_11,74,false
read,0.39,key_12,65,false
read,0.39,key_17,55,false
write,312.37,key_10,66,false
write,317.02,key_15,88,false
write,321.83,key_12,64,false
write,312.83,key_12,65,false
write,308.50,key_8,58,false
write,321.63,key_11,75,false
write,313.44,key_11,76,false
write,316.87,key_19,68,false
read,2.70,key_9,55,false
read,2.82,key_11,75,true
read,1.97,key_13,56,false
read,2.17,key_3,62,false
read,2.08,key_5,64,false
read,2.14,key_7,65,false
read,1.44,key_5,64,false
read,1.69,key_10,66,false
read,1.69,key_7,65,false
read,1.56,key_6,59,false
read,1.50,key_12,65,false
read,1.59,key_10,66,false
read,1.26,key_7,65,false
write,304.40,key_16,79,false
read,4.30,key_15,88,false
read,1.39,key_3,62,false
read,1.31,key_10,66,false
read,1.33,key_0,65,false
read,1.32,key_15,88,false
read,1.49,key_13,56,false
read,2.85,key_4,69,false
read,1.62,key_17,55,false
read,1.57,key_3,62,false
read,1.70,key_11,76,false
read,1.81,key_4,69,false
read,0.98,key_10,66,false
read,0.99,key_7,65,false
read,0.94,key_5,64,false
read,1.56,key_19,69,false
read,1.45,key_6,59,false
read,0.98,key_7,65,false
read,1.04,key_7,65,false
read,1.08,key_2,63,false
write,305.29,key_0,66,false
read,1.05,key_11,76,false
read,1.07,key_10,66,false
read,0.97,key_11,76,false
read,1.05,key_14,85,false
read,0.76,key_18,78,false
read,0.75,key_19,69,false
read,0.75,key_3,62,false
read,0.76,key_19,68,false
read,1.40,key_15,88,false
read,0.77,key_16,79,false
read,0.82,key_16,79,false
read,0.84,key_8,59,false
read,0.94,key_17,55,false
read,0.80,key_1,63,false
read,0.68,key_16,79,false
read,0.81,key_7,65,false
read,0.86,key_14,85,false
read,0.45,key_4,69,false
read,0.59,key_16,79,false
read,0.53,key_12,65,false
read,0.58,key_3,62,false
read,0.41,key_15,88,false
read,2.09,key_13,57,false
read,0.56,key_15,88,false
read,0.55,key_14,85,false
read,0.37,key_0,66,false
write,313.94,key_19,69,false
write,308.74,key_1,64,false
read,1.61,key_14,86,false
read,2.75,key_11,76,false
write,309.80,key_6,60,false
write,311.59,key_8,59,false
write,305.77,key_14,87,false
read,2.92,key_19,69,false
write,309.37,key_14,86,false
write,307.21,key_13,57,false
write,307.58,key_16,80,false
read,3.05,key_16,80,false
read,1.83,key_6,60,false
read,1.68,key_11,76,false
read,1.91,key_16,80,false
read,3.10,key_0,66,false
read,3.38,key_17,55,false
read,1.67,key_11,75,true
read,1.69,key_4,69,false
read,1.65,key_18,77,true
read,1.76,key_6,60,false
read,2.08,key_18,78,false
read,5.17,key_15,88,false
write,306.65,key_12,66,false
read,3.85,key_9,55,false
write,306.47,key_14,88,false
read,1.04,key_19,69,false
read,1.11,key_16,80,false
read,1.54,key_0,66,false
read,1.60,key_11,75,true
read,1.14,key_12,66,false
read,1.17,key_16,80,false
read,1.64,key_14,88,false
read,1.59,key_13,57,false
read,1.79,key_12,66,false
read,0.92,key_13,57,false
read,0.94,key_3,62,false
read,0.98,key_6,60,false
read,1.26,key_13,57,false
read,1.21,key_19,69,false
read,1.28,key_2,63,false
read,1.12,key_9,55,false
read,1.17,key_13,57,false
read,1.57,key_10,66,false
read,2.55,key_12,66,false
read,1.19,key_10,66,false
read,1.81,key_19,69,false
read,1.07,key_10,66,false
read,1.71,key_14,88,false
read,1.24,key_11,75,true
read,1.36,key_18,78,false
read,2.76,key_14,88,false
read,1.26,key_14,88,false
read,1.37,key_12,66,false
read,1.04,key_6,60,false
read,1.48,key_3,62,false
read,1.30,key_4,69,false
read,3.12,key_13,57,false
read,1.08,key_7,65,false
read,0.95,key_2,63,false
read,1.21,key_14,88,false
read,3.60,key_5,64,false
read,0.92,key_6,60,false
read,0.94,key_18,77,true
read,1.26,key_6,60,false
read,1.66,key_4,69,false
read,1.30,key_3,62,false
read,1.31,key_15,88,false
read,0.67,key_2,63,false
read,0.80,key_18,78,false
read,1.00,key_0,66,false
read,0.47,key_10,66,false
read,0.83,key_8,59,false
read,1.11,key_16,80,false
read,0.89,key_1,64,false
read,2.34,key_16,80,false
read,0.94,key_9,55,false
read,2.75,key_2,64,false
read,0.93,key_12,66,false
read,0.60,key_7,65,false
read,0.70,key_16,80,false
read,0.78,key_3,62,false
read,0.78,key_7,65,false
read,0.89,key_4,69,false
read,0.59,key_11,76,false
read,0.59,key_13,57,false
read,0.65,key_19,69,false
read,1.24,key_10,66,false
read,0.75,key_17,55,false
read,0.73,key_15,88,false
read,0.56,key_16,80,false
read,0.66,key_15,88,false
read,0.68,key_9,55,false
read,0.72,key_3,62,false
read,0.55,key_2,63,false
read,0.42,key_5,64,false
read,0.47,key_17,56,false
read,0.50,key_0,66,false
read,0.53,key_12,66,false
read,0.67,key_14,88,false
read,0.80,key_12,66,false
read,0.73,key_9,55,false
read,1.20,key_4,69,false
read,0.57,key_8,59,false
read,0.60,key_4,69,false
read,0.67,key_14,88,false
read,0.57,key_14,88,false
read,0.67,key_10,66,false
read,0.64,key_7,65,false
read,0.72,key_0,66,false
read,0.61,key_2,64,false
read,0.74,key_13,57,false
read,0.74,key_0,66,false
read,0.76,key_11,76,false
read,0.66,key_10,66,false
read,0.72,key_14,88,false
read,0.72,key_11,76,false
read,0.67,key_14,88,false
read,0.64,key_12,66,false
read,0.66,key_1,64,false
read,0.67,key_2,63,false
read,0.45,key_1,64,false
read,0.53,key_19,69,false
read,0.43,key_3,62,false
read,0.39,key_8,59,false
read,0.37,key_0,66,false
read,0.37,key_6,60,false
read,0.48,key_19,69,false
read,0.41,key_11,76,false
read,1.76,key_19,69,false
read,0.43,key_14,88,false
read,0.56,key_10,66,false
read,0.37,key_0,66,false
read,0.45,key_6,60,false
read,0.48,key_19,69,false
read,0.54,key_13,57,false
read,1.59,key_0,67,false
read,0.41,key_16,80,false
read,0.42,key_15,88,false
read,0.37,key_18,78,false
read,0.41,key_11,76,false
read,0.41,key_1,64,false
read,0.44,key_11,76,false
read,0.39,key_14,88,false
read,0.47,key_9,55,false
write,318.05,key_17,56,false
write,317.14,key_2,64,false
write,307.61,key_1,65,false
write,311.16,key_7,66,false
write,312.06,key_6,61,false
write,317.50,key_4,70,false
read,1.85,key_9,55,false
read,2.07,key_11,75,true
read,1.80,key_10,66,false
read,1.82,key_5,64,false
read,2.09,key_8,59,false
read,1.84,key_19,69,false
read,0.90,key_12,66,false
read,0.89,key_4,70,false
read,0.98,key_3,62,false
read,1.04,key_6,62,false
read,1.02,key_19,69,false
read,0.94,key_1,65,false
read,1.16,key_9,55,false
read,1.05,key_13,57,false
read,1.09,key_3,62,false
read,1.11,key_11,76,false
read,1.19,key_12,66,false
read,1.25,key_12,66,false
read,0.77,key_16,81,false
read,0.99,key_19,69,false
read,1.05,key_6,62,false
read,0.93,key_17,56,false
read,2.10,key_2,64,false
read,1.00,key_17,56,false
write,307.51,key_0,67,false
write,306.89,key_16,81,false
read,1.16,key_12,66,false
read,0.81,key_13,57,false
read,0.92,key_3,62,false
read,3.48,key_5,64,false
read,3.50,key_19,69,false
read,1.02,key_1,65,false
read,0.81,key_4,70,false
read,0.65,key_2,64,false
write,305.58,key_6,62,false
read,1.07,key_11,76,false
read,1.50,key_18,78,false
read,1.54,key_5,64,false
read,1.00,key_7,66,false
read,1.07,key_18,78,false
read,1.37,key_3,62,false
read,2.17,key_5,64,false
read,0.87,key_4,70,false
read,0.87,key_18,78,false
read,0.71,key_7,66,false
read,0.71,key_7,66,false
read,1.09,key_15,88,false
read,0.79,key_18,78,false
read,1.01,key_7,66,false
read,1.16,key_7,66,false
read,0.94,key_17,56,false
read,1.04,key_3,62,false
read,0.99,key_15,88,false
read,1.04,key_14,88,false
read,1.01,key_19,69,false
read,1.11,key_14,88,false
read,1.08,key_19,69,false
read,0.73,key_14,88,false
read,0.65,key_4,70,false
write,305.49,key_11,77,false
read,1.89,key_13,57,false
read,0.87,key_18,78,false
read,0.97,key_8,59,false
read,0.57,key_3,62,false
read,0.97,key_3,62,false
read,0.89,key_13,57,false
read,0.82,key_17,56,false
read,0.65,key_19,70,false
read,1.38,key_4,70,false
read,0.75,key_3,62,false
read,1.19,key_9,55,false
read,1.03,key_8,59,false
read,1.30,key_2,64,false
read,0.89,key_8,60,false
read,0.86,key_5,64,false
read,0.82,key_19,69,false
read,0.86,key_19,69,false
read,0.79,key_6,63,false
read,0.88,key_8,59,false
read,0.63,key_19,69,false
read,0.69,key_5,64,false
read,1.18,key_11,77,false
read,0.68,key_17,56,false
read,0.73,key_12,66,false
read,1.54,key_14,88,false
read,2.27,key_0,67,false
read,2.29,key_1,65,false
read,0.65,key_7,66,false
read,0.56,key_14,88,false
read,0.76,key_0,67,false
read,0.68,key_5,64,false
read,2.68,key_2,64,false
read,0.69,key_11,77,false
read,0.70,key_15,88,false
read,0.63,key_10,66,false
read,0.65,key_16,81,false
read,1.64,key_14,88,false
read,1.73,key_11,77,false
read,0.65,key_3,62,false
read,1.28,key_8,59,false
read,0.62,key_18,77,true
read,0.58,key_11,77,false
read,0.64,key_9,55,false
read,0.76,key_18,77,true
read,0.61,key_18,78,false
read,0.70,key_12,66,false
read,0.45,key_3,62,false
read,0.87,key_19,69,false
read,0.70,key_5,64,false
read,0.61,key_5,65,false
read,0.92,key_15,88,false
read,0.70,key_16,81,false
read,0.69,key_9,55,false
read,0.67,key_7,66,false
read,0.74,key_12,66,false
read,0.48,key_16,81,false
read,0.62,key_0,67,false
read,0.64,key_10,66,false
read,1.15,key_11,77,false
read,0.67,key_0,67,false
read,0.51,key_0,67,false
read,0.98,key_15,88,false
read,1.96,key_11,77,false
read,0.86,key_16,81,false
read,0.59,key_18,78,false
read,0.32,key_7,66,false
read,0.58,key_12,66,false
read,0.45,key_19,69,false
read,0.55,key_14,88,false
read,0.39,key_8,59,false
read,1.66,key_10,66,false
read,0.50,key_1,65,false
read,0.42,key_16,81,false
read,1.13,key_6,63,false
read,0.40,key_6,62,false
read,0.56,key_1,65,false
read,0.51,key_9,55,false
read,0.58,key_2,64,false
read,0.54,key_13,57,false
read,0.38,key_6,62,false
read,0.46,key_3,62,false
read,0.51,key_0,67,false
read,0.45,key_10,66,false
read,0.40,key_9,55,false
read,0.39,key_13,57,false
read,0.43,key_5,64,false
read,0.51,key_12,66,false
read,0.36,key_4,70,false
read,0.43,key_1,65,false
read,0.42,key_13,57,false
read,0.49,key_16,81,false
read,1.51,key_4,71,false
read,0.42,key_0,67,false
read,0.35,key_4,70,false
read,0.33,key_18,78,false
read,0.34,key_15,88,false
read,0.35,key_13,57,false
read,0.40,key_7,66,false
read,0.35,key_12,66,false
write,317.95,key_6,63,false
write,313.94,key_5,65,false
write,315.64,key_12,67,false
write,318.01,key_8,60,false
write,306.83,key_19,70,false
read,1.94,key_4,70,false
read,2.10,key_10,66,false
read,2.00,key_11,77,false
read,2.08,key_6,63,false
read,2.27,key_3,62,false
read,1.87,key_14,88,false
read,1.87,key_14,88,false
read,1.93,key_9,55,false
read,1.85,key_16,81,false
read,0.85,key_7,66,false
read,0.95,key_6,63,false
read,2.70,key_0,67,false
read,1.29,key_6,63,false
read,1.09,key_7,66,false
read,0.99,key_11,77,false
read,2.04,key_5,65,false
read,1.08,key_10,66,false
read,1.02,key_1,65,false
read,1.10,key_12,67,false
write,304.92,key_2,65,false
read,1.11,key_3,62,false
read,0.83,key_13,57,false
read,0.93,key_3,62,false
read,0.99,key_17,56,false
read,0.95,key_9,55,false
read,0.97,key_18,78,false
read,0.97,key_13,57,false
read,0.90,key_3,62,false
read,1.20,key_4,70,false
read,1.19,key_5,66,false
write,306.35,key_5,66,false
read,0.94,key_19,70,false
read,1.38,key_4,70,false
read,0.81,key_0,67,false
read,1.48,key_8,60,false
read,0.61,key_10,67,false
read,1.10,key_19,70,false
read,0.89,key_1,65,false
read,0.97,key_6,63,false
read,0.54,key_14,88,false
read,0.77,key_2,65,false
read,0.63,key_18,78,false
read,1.68,key_1,65,false
read,1.25,key_9,55,false
read,2.82,key_4,71,false
write,305.61,key_13,58,false
read,0.87,key_5,66,false
read,0.90,key_19,70,false
read,1.02,key_14,89,false
read,1.10,key_14,88,false
read,0.84,key_12,67,false
read,0.81,key_7,66,false
write,304.52,key_4,71,false
read,0.58,key_8,60,false
read,0.55,key_12,67,false
read,0.48,key_8,62,false
read,0.59,key_8,60,false
read,0.47,key_5,66,false
read,0.57,key_8,60,false
read,0.74,key_0,67,false
read,0.79,key_8,60,false
read,1.40,key_13,59,false
write,304.33,key_7,67,false
read,1.07,key_16,81,false
read,0.58,key_10,66,false
read,0.73,key_6,63,false
read,0.46,key_7,67,false
read,0.74,key_6,63,false
read,0.52,key_4,71,false
read,0.56,key_7,67,false
read,0.60,key_16,81,false
read,0.69,key_13,58,false
read,0.68,key_5,66,false
read,0.58,key_7,67,false
read,0.70,key_3,62,false
read,0.46,key_4,71,false
read,0.58,key_7,67,false
read,0.60,key_13,59,false
read,0.46,key_6,63,false
write,310.89,key_15,89,false
write,309.98,key_13,59,false
write,312.56,key_14,89,false
write,307.03,key_19,71,false
write,311.13,key_8,62,false
write,317.88,key_11,78,false
write,317.91,key_8,61,false
write,321.21,key_10,67,false
read,2.85,key_1,65,false
read,3.02,key_9,55,false
read,3.57,key_18,78,false
read,1.82,key_12,67,false
read,3.69,key_10,67,false
read,3.62,key_7,67,false
read,3.92,key_13,59,false
read,4.00,key_11,78,false
write,304.91,key_2,66,false
write,306.17,key_15,90,false
read,4.04,key_5,66,false
read,1.39,key_11,78,false
read,1.58,key_16,81,false
read,1.20,key_15,90,false
read,1.47,key_10,67,false
read,2.11,key_15,90,false
read,2.18,key_16,81,false
read,2.01,key_10,67,false
read,2.00,key_13,59,false
read,3.46,key_3,62,false
read,2.33,key_16,81,false
read,0.68,key_0,67,false
read,3.08,key_11,79,false
read,3.23,key_10,67,false
read,4.83,key_0,67,false
read,1.23,key_12,67,false
read,3.55,key_15,90,false
read,1.09,key_19,71,false
read,1.10,key_12,67,false
read,1.31,key_12,67,false
read,0.86,key_14,89,false
read,2.61,key_17,56,false
read,1.69,key_9,55,false
read,1.77,key_5,66,false
read,2.17,key_10,68,false
read,0.60,key_18,78,false
read,0.68,key_5,66,false
read,0.70,key_19,71,false
read,0.62,key_10,67,false
read,0.53,key_15,90,false
read,0.61,key_19,71,false
read,0.69,key_11,78,false
read,0.80,key_18,78,false
read,0.59,key_12,67,false
read,0.73,key_2,66,false
read,0.74,key_11,79,false
read,1.54,key_12,67,false
read,0.82,key_5,66,false
read,1.97,key_5,67,false
read,0.66,key_5,66,false
read,1.24,key_5,67,false
read,0.60,key_2,66,false
read,0.50,key_6,63,false
read,0.58,key_6,63,false
read,0.69,key_19,71,false
read,0.83,key_13,59,false
read,0.54,key_2,66,false
read,0.50,key_9,55,false
read,0.46,key_3,62,false
read,0.44,key_0,67,false
read,0.75,key_17,56,false
read,1.95,key_5,66,false
read,0.84,key_3,62,false
read,0.71,key_13,59,false
read,0.46,key_12,67,false
read,0.53,key_18,77,true
read,0.48,key_13,59,false
read,0.52,key_8,62,false
read,0.51,key_7,67,false
read,0.48,key_19,71,false
read,0.53,key_17,56,false
read,0.43,key_1,65,false
read,0.45,key_7,69,false
read,0.43,key_14,89,false
read,0.41,key_15,90,false
read,0.38,key_6,63,false
read,0.44,key_5,66,false
read,0.46,key_0,67,false
read,0.40,key_14,89,false
read,0.47,key_1,65,false
read,0.43,key_1,65,false
read,0.47,key_7,67,false
read,0.41,key_0,67,false
read,2.49,key_1,65,false
read,0.67,key_6,63,false
read,0.39,key_14,89,false
read,0.57,key_4,71,false
read,0.54,key_14,89,false
read,0.57,key_6,63,false
read,0.54,key_11,78,false
read,0.38,key_11,78,false
read,0.42,key_13,59,false
read,0.40,key_14,89,false
read,0.39,key_1,65,false
read,0.41,key_10,68,false
read,0.35,key_8,62,false
write,318.01,key_11,79,false
write,312.06,key_2,67,false
write,316.47,key_16,82,false
write,308.37,key_5,67,false
write,316.42,key_10,68,false
write,310.66,key_7,68,false
write,316.63,key_18,79,false
write,313.21,key_13,60,false
read,1.67,key_12,67,false
read,1.63,key_2,67,false
read,2.46,key_15,90,false
read,2.42,key_0,67,false
read,2.58,key_9,55,false
read,2.67,key_13,60,false
read,2.57,key_2,67,false
read,3.64,key_15,90,false
read,1.42,key_15,90,false
read,1.41,key_16,82,false
read,2.17,key_8,62,false
read,1.37,key_0,67,false
read,2.29,key_19,71,false
read,2.00,key_4,71,false
read,1.13,key_7,69,false
read,1.29,key_13,60,false
read,1.25,key_19,71,false
write,304.30,key_7,69,false
read,1.84,key_8,62,false
read,1.36,key_12,67,false
read,3.33,key_0,67,false
read,2.11,key_16,82,false
read,1.42,key_19,71,false
read,1.52,key_19,71,false
read,2.61,key_5,67,false
read,1.17,key_6,63,false
read,1.29,key_17,56,false
read,1.14,key_12,67,false
read,1.28,key_15,90,false
read,0.82,key_16,82,false
read,2.34,key_8,62,false
read,0.85,key_2,67,false
read,1.28,key_3,62,false
read,1.19,key_1,65,false
read,0.93,key_2,67,false
read,2.62,key_7,69,false
read,1.49,key_12,67,false
read,1.12,key_13,60,false
read,0.92,key_7,69,false
read,1.02,key_19,71,false
read,1.04,key_0,67,false
read,1.47,key_7,69,false
read,3.66,key_12,67,false
read,1.20,key_8,62,false
read,3.29,key_11,79,false
read,1.60,key_0,67,false
read,2.51,key_2,67,false
read,0.97,key_16,82,false
read,1.30,key_9,55,false
read,0.80,key_1,65,false
read,0.97,key_0,67,false
read,1.32,key_18,79,false
read,1.49,key_14,89,false
read,2.77,key_17,57,false
read,1.36,key_18,79,false
read,1.21,key_14,89,false
read,1.21,key_12,67,false
read,2.16,key_14,89,false
read,1.32,key_15,90,false
read,1.37,key_5,68,false
read,0.95,key_1,65,false
read,1.00,key_2,67,false
read,1.05,key_4,71,false
read,1.17,key_0,67,false
read,3.12,key_3,62,false
read,1.21,key_2,67,false
read,1.25,key_16,82,false
read,0.78,key_17,56,false
read,0.86,key_14,89,false
read,0.92,key_5,67,false
read,0.97,key_16,82,false
read,1.72,key_14,89,false
read,1.02,key_11,79,false
read,1.88,key_12,67,false
read,1.08,key_6,63,false
read,1.02,key_6,63,false
read,1.27,key_7,69,false
read,1.24,key_19,71,false
read,3.10,key_18,79,false
read,1.42,key_11,79,false
read,1.40,key_4,71,false
read,2.49,key_14,89,false
read,1.41,key_18,79,false
read,0.98,key_7,69,false
read,0.94,key_12,67,false
read,0.89,key_6,63,false
read,1.02,key_5,67,false
read,1.13,key_16,83,false
read,0.68,key_12,67,false
read,1.05,key_7,69,false
read,2.16,key_11,79,false
read,1.94,key_16,83,false
read,0.79,key_17,56,false
read,2.10,key_2,67,false
read,1.67,key_7,69,false
read,0.74,key_5,67,false
read,2.90,key_13,60,false
read,1.14,key_5,67,false
read,2.54,key_12,67,false
read,1.85,key_19,71,false
read,1.35,key_15,90,false
read,2.04,key_11,79,false
read,1.49,key_3,62,false
read,1.10,key_1,65,false
read,1.09,key_6,63,false
write,306.81,key_5,68,false
read,1.03,key_15,90,false
read,1.73,key_10,68,false
read,0.76,key_11,79,false
read,1.01,key_16,83,false
read,0.90,key_8,61,true
read,1.14,key_16,82,false
read,2.34,key_17,56,false
read,2.34,key_10,68,false
read,1.28,key_6,63,false
read,0.68,key_9,55,false
read,1.43,key_17,56,false
read,0.88,key_6,63,false
read,1.04,key_16,82,false
read,1.07,key_11,79,false
read,0.98,key_1,65,false
read,1.02,key_2,67,false
read,1.05,key_2,67,false
read,1.49,key_7,69,false
read,1.10,key_12,67,false
read,0.71,key_1,65,false
read,1.19,key_18,79,false
read,0.74,key_5,68,false
read,0.75,key_2,67,false
read,0.83,key_4,71,false
read,0.88,key_6,63,false
read,0.59,key_2,67,false
read,1.56,key_19,71,false
read,2.33,key_13,60,false
read,0.81,key_19,71,false
read,0.93,key_10,68,false
read,2.47,key_8,62,false
read,0.78,key_19,71,false
read,0.84,key_3,62,false
read,0.60,key_4,71,false
read,0.78,key_4,71,false
read,0.78,key_3,62,false
read,0.72,key_1,65,false
read,0.48,key_14,89,false
read,0.55,key_4,71,false
read,0.60,key_5,68,false
read,0.84,key_7,69,false
read,0.83,key_13,60,false
read,0.99,key_11,79,false
read,1.52,key_9,55,false
read,1.49,key_19,71,false
read,0.72,key_13,60,false
read,0.66,key_13,60,false
read,0.84,key_5,68,false
read,0.91,key_4,71,false
read,0.87,key_14,89,false
read,1.99,key_0,67,false
read,0.87,key_13,60,false
read,1.11,key_14,89,false
read,0.89,key_19,71,false
read,2.80,key_1,65,false
read,0.75,key_9,55,false
read,0.89,key_19,71,false
read,0.82,key_10,68,false
read,0.88,key_6,63,false
read,0.55,key_17,56,false
read,0.76,key_12,67,false
read,1.68,key_3,63,false
read,0.85,key_18,79,false
read,0.58,key_8,62,false
read,0.51,key_18,79,false
read,0.58,key_19,71,false
read,0.54,key_9,55,false
read,0.57,key_5,68,false
read,0.38,key_8,62,false
read,0.48,key_8,61,true
read,0.49,key_3,62,false
read,0.72,key_14,89,false
read,0.46,key_12,67,false
read,0.53,key_7,69,false
read,0.44,key_5,68,false
read,0.39,key_9,55,false
read,0.45,key_0,67,false
read,0.35,key_11,79,false
read,1.31,key_3,63,false
read,0.62,key_13,60,false
read,0.34,key_18,79,false
read,0.37,key_8,62,false
read,1.09,key_17,57,false
read,0.45,key_13,60,false
read,0.42,key_6,63,false
read,0.32,key_14,89,false
read,0.37,key_10,68,false
read,0.33,key_15,90,false
read,0.33,key_9,55,false
read,0.38,key_19,71,false
read,0.30,key_9,56,false
read,0.29,key_4,71,false
read,0.41,key_18,79,false
write,311.18,key_17,57,false
write,312.73,key_16,83,false
read,1.01,key_13,60,false
read,1.06,key_0,67,false
read,0.79,key_10,68,false
read,0.83,key_0,67,false
read,0.86,key_6,63,false
read,0.94,key_12,67,false
read,1.03,key_9,55,false
write,306.82,key_3,63,false
read,0.78,key_19,71,false
read,0.94,key_16,83,false
read,0.95,key_3,63,false
read,0.70,key_19,71,false
read,0.80,key_2,67,false
read,0.50,key_19,71,false
read,0.65,key_9,55,false
read,0.59,key_14,90,false
read,0.62,key_2,67,false
read,0.73,key_13,60,false
read,0.70,key_7,69,false
read,0.58,key_0,67,false
read,0.69,key_2,67,false
read,0.47,key_1,65,false
read,0.55,key_0,67,false
read,0.76,key_19,71,false
read,0.85,key_0,67,false
write,307.15,key_5,69,false
read,0.65,key_7,69,false
read,0.63,key_17,57,false
read,0.77,key_5,69,false
read,0.68,key_11,79,false
read,0.65,key_11,79,false
read,0.55,key_8,62,false
read,0.63,key_18,79,false
read,0.58,key_18,79,false
read,0.55,key_5,69,false
read,0.60,key_15,90,false
read,0.50,key_19,71,false
read,0.59,key_7,69,false
read,2.92,key_12,68,false
write,305.68,key_9,56,false
write,303.97,key_2,68,false
read,0.63,key_10,68,false
read,0.94,key_9,56,false
read,1.05,key_3,63,false
read,1.36,key_6,63,false
read,0.83,key_13,60,false
write,303.69,key_14,90,false
write,304.31,key_15,91,false
read,0.94,key_11,79,false
read,0.98,key_11,79,false
read,0.83,key_18,79,false
read,0.87,key_17,57,false
read,0.74,key_10,68,false
read,0.52,key_10,68,false
read,0.91,key_10,68,false
read,1.02,key_1,65,false
read,0.88,key_10,68,false
read,0.78,key_1,65,false
read,0.73,key_6,63,false
read,0.66,key_13,60,false
read,0.67,key_3,63,false
read,0.69,key_1,65,false
write,304.38,key_12,68,false
read,0.49,key_11,79,false
read,2.18,key_4,72,false
read,2.57,key_18,80,false
read,0.40,key_12,68,false
read,0.77,key_6,63,false
read,0.69,key_18,80,false
read,0.44,key_9,56,false
read,0.47,key_9,56,false
read,0.46,key_19,71,false
read,0.54,key_1,65,false
write,304.34,key_4,72,false
read,0.57,key_1,66,false
read,0.47,key_7,69,false
read,0.70,key_7,69,false
read,0.57,key_15,91,false
read,0.63,key_19,71,false
read,0.51,key_19,71,false
read,0.58,key_13,60,false
read,1.92,key_7,69,false
read,0.47,key_5,69,false
read,0.48,key_11,79,false
read,0.45,key_10,68,false
read,0.48,key_4,73,false
read,0.45,key_13,60,false
read,0.46,key_3,63,false
read,0.46,key_12,68,false
read,0.46,key_14,90,false
read,0.48,key_5,69,false
read,0.47,key_11,79,false
read,0.42,key_9,56,false
read,0.36,key_19,71,false
read,0.40,key_19,71,false
read,0.41,key_8,61,true
write,306.18,key_16,84,false
write,307.41,key_18,80,false
write,315.81,key_1,66,false
read,1.24,key_7,69,false
read,1.25,key_16,84,false
read,1.31,key_9,56,false
read,0.86,key_14,90,false
read,0.82,key_14,90,false
read,1.09,key_12,68,false
read,1.21,key_8,62,false
read,0.59,key_3,63,false
read,0.77,key_8,62,false
read,0.73,key_18,80,false
write,304.82,key_11,80,false
write,304.46,key_6,64,false
read,0.87,key_16,84,false
read,3.57,key_4,73,false
read,1.15,key_18,80,false
write,305.68,key_15,92,false
read,0.92,key_8,62,false
write,303.86,key_3,64,false
read,0.58,key_0,67,false
read,0.66,key_12,68,false
read,1.09,key_5,69,false
read,0.66,key_6,64,false
read,0.65,key_15,92,false
read,0.66,key_8,61,true
read,0.59,key_7,69,false
read,0.62,key_8,62,false
read,0.62,key_18,80,false
write,304.22,key_4,73,false
read,0.61,key_17,57,false
write,304.13,key_2,69,false
read,0.67,key_15,92,false
read,1.09,key_17,57,false
read,1.84,key_14,90,false
write,305.04,key_12,69,false
read,0.57,key_6,64,false
read,0.57,key_1,66,false
read,0.54,key_10,68,false
read,0.58,key_8,62,false
write,313.23,key_18,81,false
write,310.85,key_12,70,false
write,307.41,key_6,65,false
write,306.98,key_3,65,false
read,1.84,key_8,62,false
write,306.08,key_4,74,false
read,1.75,key_13,60,false
read,1.29,key_0,67,false
read,1.40,key_6,65,false
read,0.93,key_6,65,false
read,1.69,key_5,69,false
read,0.93,key_18,81,false
write,304.47,key_11,81,false
read,1.29,key_15,92,false
read,1.31,key_15,92,false
read,1.01,key_14,90,false
read,1.41,key_3,65,false
write,306.23,key_13,61,false
write,306.14,key_17,58,false
read,0.99,key_5,69,false
read,1.02,key_2,69,false
read,1.02,key_14,90,false
write,304.33,key_8,63,false
read,1.22,key_17,58,false
read,1.07,key_16,84,false
read,0.65,key_4,74,false
read,0.85,key_6,65,false
read,0.81,key_3,65,false
read,0.99,key_8,63,false
read,2.05,key_7,69,false
read,0.66,key_8,63,false
read,1.02,key_0,67,false
read,0.82,key_15,92,false
read,2.15,key_11,81,false
read,1.94,key_5,69,false
read,0.69,key_1,66,false
read,1.09,key_7,69,false
read,1.09,key_5,69,false
read,0.78,key_0,67,false
read,1.84,key_16,84,false
read,2.51,key_10,68,false
read,3.46,key_12,70,false
read,3.73,key_15,92,false
read,1.29,key_0,67,false
read,5.04,key_18,82,false
read,4.94,key_10,68,false
read,1.69,key_2,69,false
read,1.00,key_1,66,false
read,1.39,key_2,69,false
write,306.49,key_11,82,false
read,4.08,key_0,67,false
read,1.69,key_10,68,false
read,0.90,key_6,65,false
read,0.79,key_18,81,false
read,0.72,key_13,61,false
read,0.69,key_14,90,false
read,0.84,key_4,74,false
read,0.82,key_14,91,false
read,0.87,key_16,84,false
read,1.00,key_16,84,false
read,0.54,key_3,65,false
read,0.89,key_15,92,false
read,1.43,key_15,92,false
read,0.36,key_11,84,false
read,0.55,key_5,69,false
read,0.44,key_6,65,false
read,0.32,key_12,70,false
read,0.41,key_11,82,false
read,0.32,key_15,92,false
read,0.39,key_2,69,false
read,0.31,key_18,81,false
read,0.33,key_11,82,false
read,0.38,key_17,58,false
read,0.38,key_8,64,false
read,0.30,key_18,81,false
read,0.38,key_16,84,false
read,0.31,key_6,65,false
read,0.32,key_2,70,false
read,0.32,key_14,90,false
read,0.27,key_7,70,false
read,0.27,key_1,66,false
read,0.35,key_17,58,false
write,316.13,key_7,70,false
write,315.62,key_2,70,false
write,308.95,key_18,82,false
write,309.73,key_11,83,false
read,1.48,key_11,83,false
read,1.53,key_14,90,false
read,1.57,key_13,61,false
read,0.89,key_13,61,false
read,1.02,key_9,56,false
read,0.90,key_7,70,false
read,1.87,key_9,56,false
read,0.72,key_10,68,false
read,0.81,key_5,69,false
read,0.65,key_19,71,false
read,0.61,key_6,65,false
write,308.01,key_11,84,false
write,313.48,key_14,91,false
write,306.30,key_8,64,false
read,0.87,key_8,64,false
read,0.87,key_17,58,false
write,313.34,key_0,68,false
write,306.97,key_18,83,false
read,0.99,key_17,58,false
read,1.11,key_6,65,false
read,1.14,key_11,84,false
read,1.14,key_2,70,false
read,0.68,key_12,70,false
read,1.05,key_17,58,false
read,0.86,key_0,68,false
read,0.92,key_12,70,false
read,2.06,key_8,64,false
read,0.65,key_3,65,false
read,0.84,key_15,92,false
read,0.90,key_6,65,false
read,0.90,key_12,70,false
read,1.17,key_19,71,false
read,0.90,key_9,56,false
read,1.05,key_12,70,false
read,1.19,key_13,61,false
read,0.89,key_4,75,false
read,0.79,key_2,70,false
read,0.65,key_4,75,false
read,0.76,key_12,70,false
read,1.66,key_2,70,false
read,0.77,key_0,68,false
read,0.60,key_16,84,false
write,304.30,key_4,75,false
read,0.88,key_1,66,false
read,0.88,key_3,65,false
read,0.88,key_10,68,false
read,0.84,key_4,75,false
read,0.85,key_11,84,false
read,0.70,key_13,61,false
read,0.97,key_11,84,false
read,0.64,key_15,92,false
read,0.94,key_15,92,false
read,0.70,key_4,75,false
read,0.55,key_0,68,false
read,0.75,key_8,64,false
read,0.51,key_2,70,false
read,0.60,key_15,92,false
read,0.53,key_4,75,false
read,0.69,key_18,83,false
read,0.81,key_0,68,false
read,0.75,key_3,65,false
read,0.53,key_18,83,false
read,0.55,key_19,71,false
read,0.98,key_2,70,false
read,0.61,key_3,65,false
read,0.73,key_11,84,false
read,0.93,key_8,64,false
read,0.66,key_12,70,false
read,0.56,key_4,75,false
read,0.43,key_4,75,false
read,1.80,key_17,58,false
read,0.55,key_5,69,false
read,0.43,key_16,84,false
read,0.50,key_0,68,false
read,1.75,key_19,73,false
read,0.48,key_16,84,false
read,0.43,key_8,64,false
read,0.47,key_6,65,false
read,0.43,key_19,71,false
read,0.43,key_0,68,false
read,0.47,key_7,70,false
read,0.46,key_1,66,false
read,0.42,key_16,85,false
read,0.50,key_17,58,false
read,0.46,key_10,68,false
read,0.53,key_11,84,false
read,0.39,key_1,66,false
read,0.41,key_12,70,false
read,0.42,key_5,69,false
read,0.39,key_8,64,false
read,0.39,key_6,65,false
read,0.55,key_2,70,false
read,0.43,key_4,75,false
read,0.38,key_5,69,false
write,309.26,key_1,67,false
write,313.53,key_16,85,false
write,311.03,key_0,69,false
write,308.12,key_19,72,false
read,1.59,key_1,67,false
read,1.57,key_19,72,false
read,1.72,key_16,85,false
read,1.62,key_8,64,false
read,2.93,key_17,58,false
read,2.91,key_8,64,false
read,3.04,key_6,65,false
write,305.31,key_18,84,false
write,304.55,key_19,73,false
read,0.80,key_11,85,false
read,0.84,key_6,65,false
read,1.29,key_15,92,false
read,1.33,key_8,64,false
read,0.86,key_7,70,false
read,0.91,key_6,65,false
read,0.96,key_11,85,false
read,5.17,key_12,70,false
read,0.59,key_16,85,false
read,1.07,key_13,61,false
read,0.76,key_13,61,false
read,0.80,key_18,84,false
read,0.80,key_6,65,false
read,1.06,key_1,67,false
read,0.54,key_18,84,false
read,1.14,key_2,70,false
read,1.99,key_3,65,false
read,1.00,key_16,85,false
read,1.25,key_11,84,false
write,303.54,key_1,68,false
read,0.98,key_12,70,false
read,0.95,key_14,91,false
read,1.73,key_17,58,false
read,1.26,key_8,64,false
read,0.93,key_3,65,false
read,1.07,key_19,73,false
read,1.15,key_7,70,false
read,1.15,key_3,65,false
read,2.57,key_12,70,false
read,1.01,key_5,69,false
read,1.17,key_11,84,false
read,1.91,key_13,61,false
read,1.52,key_13,61,false
read,1.03,key_19,73,false
write,303.95,key_1,69,false
read,1.12,key_2,70,false
read,1.15,key_13,61,false
read,0.99,key_14,91,false
read,3.18,key_3,65,false
read,1.65,key_8,64,false
read,1.60,key_4,75,false
read,1.04,key_7,70,false
write,303.76,key_0,70,false
read,0.72,key_5,69,false
read,1.10,key_4,75,false
read,1.20,key_9,56,false
read,2.17,key_11,84,false
read,1.27,key_15,92,false
read,1.01,key_11,84,false
read,0.99,key_0,70,false
read,1.06,key_16,85,false
read,1.17,key_1,69,false
read,2.26,key_2,70,false
read,2.60,key_0,70,false
read,0.81,key_1,69,false
read,0.89,key_6,65,false
read,0.91,key_12,70,false
read,0.84,key_3,65,false
read,0.80,key_4,75,false
read,0.91,key_2,70,false
read,0.82,key_2,70,false
read,0.87,key_3,65,false
read,0.95,key_0,70,false
read,0.95,key_12,70,false
read,1.35,key_18,84,false
read,1.04,key_17,58,false
read,1.14,key_1,69,false
read,0.71,key_13,61,false
read,0.73,key_4,75,false
read,2.21,key_5,69,false
read,2.09,key_7,70,false
read,2.06,key_15,92,false
read,0.91,key_5,69,false
read,0.92,key_19,73,false
read,1.29,key_14,91,false
read,1.31,key_9,56,false
read,0.78,key_9,56,false
read,1.53,key_11,84,false
read,1.66,key_8,64,false
read,0.58,key_9,56,false
read,1.49,key_5,69,false
read,0.83,key_10,68,false
read,0.60,key_5,70,false
read,1.33,key_5,70,false
read,0.64,key_11,84,false
read,0.49,key_7,70,false
read,0.54,key_3,65,false
read,0.53,key_12,70,false
read,0.42,key_5,69,false
write,305.18,key_11,85,false
read,0.73,key_7,70,false
read,0.64,key_6,65,false
read,0.46,key_15,92,false
read,0.51,key_19,73,false
read,0.37,key_4,75,false
read,0.55,key_10,68,false
read,0.38,key_13,61,false
read,0.43,key_11,85,false
read,0.34,key_6,65,false
read,0.34,key_19,73,false
read,0.42,key_0,70,false
read,0.39,key_12,70,false
read,0.38,key_10,68,false
read,0.36,key_0,70,false
read,0.39,key_6,65,false
read,0.40,key_5,69,false
read,0.39,key_19,75,false
read,0.38,key_0,70,false
read,0.38,key_9,56,false
write,309.16,key_14,92,false
read,1.24,key_18,84,false
write,306.49,key_5,70,false
read,0.73,key_17,58,false
write,305.87,key_3,66,false
read,0.81,key_7,70,false
read,0.91,key_13,61,false
read,0.94,key_6,65,false
read,0.69,key_8,64,false
read,0.69,key_7,70,false
read,0.73,key_14,92,false
read,0.73,key_19,73,false
read,0.86,key_6,65,false
read,0.71,key_15,92,false
write,306.17,key_2,71,false
write,304.92,key_6,66,false
read,0.72,key_3,66,false
read,0.76,key_19,73,false
read,0.79,key_7,70,false
read,0.61,key_7,70,false
read,0.51,key_5,70,false
read,0.69,key_4,75,false
write,304.56,key_19,74,false
read,0.72,key_0,70,false
read,0.60,key_12,70,false
read,0.73,key_17,58,false
read,0.73,key_17,58,false
read,0.84,key_12,71,false
write,305.12,key_8,65,false
write,305.73,key_12,71,false
read,1.28,key_19,74,false
read,0.93,key_18,84,false
read,1.33,key_0,70,false
read,1.46,key_1,69,false
read,0.98,key_8,65,false
read,1.11,key_12,71,false
read,1.12,key_5,70,false
read,1.29,key_3,66,false
read,2.27,key_3,66,false
read,1.87,key_9,56,false
read,0.83,key_8,65,false
write,305.01,key_19,75,false
read,0.94,key_15,92,false
read,1.48,key_13,61,false
read,0.87,key_3,66,false
read,0.70,key_0,70,false
read,0.74,key_4,75,false
read,0.51,key_17,58,false
read,1.96,key_4,75,false
read,0.70,key_2,71,false
read,0.43,key_8,65,false
read,0.47,key_1,69,false
read,0.46,key_15,92,false
read,0.49,key_10,68,false
write,304.23,key_2,72,false
write,307.00,key_16,86,false
read,1.00,key_3,66,false
read,1.25,key_17,58,false
read,1.08,key_18,84,false
read,0.77,key_2,72,false
write,305.25,key_11,86,false
read,0.76,key_2,72,false
read,0.81,key_18,84,false
read,0.81,key_2,72,false
read,0.85,key_9,56,false
write,304.34,key_6,67,false
read,0.84,key_15,92,false
read,1.05,key_5,70,false
write,303.98,key_1,70,false
read,0.66,key_14,92,false
read,0.73,key_10,68,false
read,0.67,key_11,86,false
read,0.76,key_3,66,false
read,0.58,key_9,56,false
read,0.68,key_11,86,false
read,0.70,key_2,72,false
read,0.57,key_14,92,false
read,0.67,key_10,68,false
read,0.64,key_18,84,false
read,0.74,key_11,86,false
read,0.70,key_7,70,false
read,0.74,key_9,56,false
read,0.56,key_10,68,false
read,0.64,key_11,86,false
read,0.55,key_12,71,false
read,0.61,key_6,67,false
read,0.55,key_17,58,false
read,0.60,key_11,86,false
read,0.67,key_11,86,false
read,0.74,key_7,70,false
read,0.56,key_8,65,false
read,0.62,key_2,72,false
read,1.02,key_11,86,false
write,305.87,key_10,70,false
read,1.80,key_9,56,false
read,0.83,key_18,84,false
write,305.93,key_10,69,false
write,305.30,key_12,72,false
read,0.88,key_14,92,false
read,0.90,key_16,86,false
read,0.87,key_0,70,false
read,1.01,key_10,70,false
write,304.54,key_13,62,false
read,1.86,key_19,75,false
read,1.13,key_18,84,false
read,0.90,key_15,92,false
write,303.58,key_10,71,false
read,1.35,key_19,75,false
read,0.73,key_3,66,false
read,0.72,key_9,56,false
read,0.77,key_17,58,false
read,0.85,key_1,70,false
read,0.68,key_12,72,false
read,0.59,key_1,70,false
read,1.03,key_1,70,false
read,0.69,key_6,67,false
read,0.69,key_1,70,false
read,0.68,key_16,86,false
read,0.75,key_8,65,false
write,304.78,key_6,68,false
read,0.61,key_10,71,false
read,0.72,key_7,70,false
read,0.47,key_13,62,false
read,0.57,key_17,58,false
read,0.65,key_1,70,false
read,0.57,key_3,66,false
read,0.62,key_6,68,false
read,0.57,key_16,86,false
read,0.54,key_18,84,false
read,0.61,key_18,84,false
read,0.67,key_7,70,false
read,0.36,key_6,68,false
read,0.41,key_2,72,false
read,0.38,key_7,70,false
read,0.49,key_10,71,false
read,0.52,key_4,75,false
read,0.59,key_6,68,false
read,1.34,key_13,62,false
read,0.65,key_12,72,false
read,0.70,key_1,70,false
read,0.46,key_4,75,false
read,0.59,key_12,73,false
read,0.53,key_19,75,false
read,0.51,key_10,71,false
read,0.76,key_17,58,false
read,1.53,key_10,71,false
write,313.63,key_2,73,false
write,304.88,key_16,87,false
write,306.38,key_12,73,false
write,319.98,key_18,85,false
write,307.69,key_4,76,false
write,306.09,key_14,93,false
write,307.94,key_19,76,false
read,1.09,key_10,71,false
read,1.19,key_14,94,false
read,1.20,key_16,87,false
read,1.26,key_8,65,false
read,1.16,key_16,87,false
read,0.81,key_17,58,false
read,0.87,key_0,70,false
read,2.06,key_17,58,false
read,0.84,key_15,92,false
read,0.93,key_14,93,false
read,1.10,key_8,65,false
read,1.17,key_14,93,false
read,2.09,key_12,73,false
read,1.33,key_4,77,false
write,304.40,key_14,94,false
read,0.89,key_5,70,false
read,0.99,key_1,70,false
read,1.24,key_14,94,false
read,1.09,key_15,92,false
read,3.22,key_0,70,false
read,1.11,key_6,68,false
read,1.23,key_9,56,false
read,1.07,key_6,68,false
read,0.87,key_5,70,false
read,0.91,key_0,70,false
read,0.82,key_5,70,false
read,0.82,key_6,68,false
write,304.75,key_9,57,false
read,1.64,key_12,73,false
read,0.83,key_7,70,false
read,0.94,key_19,76,false
read,0.98,key_12,73,false
read,0.91,key_1,70,false
read,1.86,key_3,66,false
read,0.60,key_11,86,false
read,1.68,key_6,68,false
read,0.87,key_4,77,false
write,306.04,key_2,74,false
read,0.70,key_5,70,false
read,0.72,key_10,71,false
read,0.80,key_14,94,false
read,0.62,key_3,66,false
read,0.59,key_8,65,false
read,0.52,key_9,57,false
read,0.55,key_6,68,false
read,0.58,key_5,70,false
read,0.56,key_13,62,false
read,0.54,key_13,62,false
read,0.59,key_0,70,false
read,0.53,key_1,70,false
read,0.59,key_0,70,false
read,0.41,key_6,68,false
read,0.56,key_15,92,false
read,0.49,key_16,87,false
read,0.50,key_12,73,false
read,0.41,key_18,85,false
read,0.61,key_18,86,false
read,0.53,key_14,94,false
read,0.50,key_5,70,false
write,313.27,key_6,69,false
write,307.67,key_17,59,false
write,315.77,key_3,67,false
write,313.40,key_7,71,false
write,307.95,key_14,95,false
write,317.72,key_4,77,false
write,312.36,key_19,77,false
write,309.84,key_18,86,false
read,5.16,key_15,92,false
write,305.09,key_17,60,false
read,5.45,key_14,95,false
read,5.40,key_7,71,false
read,5.57,key_18,86,false
write,308.71,key_9,58,false
read,5.56,key_9,58,false
read,5.51,key_11,86,false
read,7.39,key_0,70,false
read,2.27,key_2,74,false
read,2.19,key_16,87,false
read,2.32,key_1,70,false
read,2.12,key_7,71,false
read,2.22,key_4,77,false
read,2.30,key_18,86,false
read,1.20,key_8,65,false
read,1.41,key_13,62,false
read,1.37,key_12,73,false
read,1.40,key_15,92,false
read,1.42,key_13,62,false
read,1.06,key_18,86,false
read,2.30,key_6,69,false
read,1.07,key_16,87,false
read,2.27,key_2,74,false
read,1.25,key_15,92,false
read,4.67,key_12,73,false
read,1.27,key_13,62,false
read,4.97,key_6,69,false
read,1.03,key_3,67,false
read,0.86,key_10,71,false
read,0.83,key_2,74,false
read,1.07,key_12,73,false
read,0.88,key_0,70,false
read,1.15,key_10,72,false
read,1.00,key_1,70,false
read,1.04,key_0,70,false
read,1.15,key_14,95,false
read,1.13,key_9,58,false
read,1.09,key_18,86,false
read,1.26,key_5,70,false
read,0.73,key_1,70,false
read,0.52,key_7,71,false
read,0.91,key_8,65,false
read,0.88,key_1,70,false
read,0.99,key_12,73,false
read,1.05,key_14,95,false
read,0.93,key_13,62,false
read,0.97,key_18,86,false
read,3.16,key_6,69,false
read,0.92,key_17,61,false
read,0.93,key_1,70,false
read,0.61,key_9,58,false
read,1.35,key_1,70,false
read,0.81,key_14,95,false
read,0.83,key_18,86,false
read,1.89,key_10,72,false
read,0.86,key_4,77,false
read,0.78,key_13,62,false
read,1.01,key_5,70,false
read,0.98,key_18,86,false
read,1.42,key_6,69,false
read,0.58,key_14,95,false
read,2.46,key_7,71,false
read,1.11,key_15,92,false
read,1.00,key_10,71,false
read,2.27,key_9,58,false
read,0.67,key_12,73,false
read,0.70,key_11,86,false
read,1.02,key_15,92,false
read,0.55,key_16,87,false
read,0.57,key_6,69,false
read,0.48,key_9,58,false
read,1.53,key_11,87,false
read,0.46,key_4,77,false
read,0.44,key_12,73,false
read,0.45,key_11,86,false
read,0.42,key_15,92,false
read,0.41,key_13,62,false
read,0.44,key_18,86,false
read,0.43,key_4,77,false
read,0.40,key_7,71,false
read,0.37,key_1,70,false
read,0.43,key_2,74,false
read,0.38,key_12,73,false
read,0.50,key_13,62,false
read,0.38,key_7,71,false
read,0.47,key_12,73,false
read,0.45,key_2,74,false
write,312.72,key_9,59,false
read,2.13,key_2,74,false
write,305.51,key_17,61,false
write,306.58,key_10,72,false
read,1.07,key_7,71,false
read,1.63,key_8,65,false
read,2.28,key_13,62,false
read,2.91,key_18,86,false
read,2.17,key_13,62,false
write,307.77,key_16,88,false
read,1.50,key_18,86,false
read,1.54,key_14,95,false
read,1.11,key_11,86,false
read,0.92,key_0,70,false
read,1.05,key_11,86,false
read,1.05,key_7,71,false
read,1.01,key_10,72,false
read,0.82,key_13,62,false
read,1.00,key_9,60,false
read,1.14,key_1,70,false
write,306.29,key_11,87,false
write,307.46,key_9,60,false
read,0.68,key_7,71,false
read,1.19,key_8,65,false
read,0.70,key_18,87,false
read,1.15,key_9,60,false
read,1.55,key_11,87,false
read,2.02,key_7,71,false
read,1.73,key_16,88,false
write,306.50,key_19,78,false
read,1.83,key_13,62,false
write,306.36,key_18,87,false
write,306.43,key_18,88,false
read,1.40,key_5,70,false
read,1.79,key_8,65,false
read,1.68,key_6,69,false
read,1.48,key_3,67,false
read,2.25,key_1,70,false
read,1.58,key_7,71,false
read,1.93,key_14,95,false
read,2.35,key_18,87,true
read,2.00,key_11,87,false
read,1.46,key_1,70,false
read,1.32,key_18,88,false
read,2.64,key_19,78,false
read,2.04,key_11,87,false
read,2.27,key_7,71,false
read,2.34,key_10,72,false
read,1.57,key_7,71,false
read,3.88,key_3,67,false
read,1.31,key_8,65,false
read,3.38,key_15,92,false
read,1.98,key_0,70,false
read,1.07,key_5,70,false
read,1.32,key_15,92,false
read,1.25,key_8,65,false
read,3.64,key_19,78,false
read,1.40,key_6,69,false
read,1.59,key_5,70,false
read,1.51,key_17,61,false
read,1.49,key_14,95,false
read,1.29,key_9,60,false
read,1.35,key_10,72,false
read,1.30,key_13,62,false
read,1.66,key_8,65,false
read,0.80,key_8,65,false
read,0.74,key_16,88,false
read,0.81,key_10,72,false
read,0.84,key_11,87,false
read,1.15,key_18,88,false
read,0.77,key_3,67,false
read,3.07,key_2,74,false
read,1.84,key_19,78,false
read,1.09,key_0,70,false
write,304.80,key_16,89,false
read,0.60,key_11,87,false
read,1.40,key_7,71,false
read,1.70,key_15,92,false
read,1.02,key_13,62,false
read,0.90,key_1,70,false
read,0.97,key_10,72,false
read,0.82,key_12,73,false
read,0.63,key_11,87,false
read,1.74,key_10,72,false
read,3.37,key_13,62,false
read,2.37,key_7,71,false
read,1.20,key_16,89,false
read,0.94,key_6,69,false
read,2.80,key_14,95,false
read,0.77,key_1,70,false
read,0.89,key_9,60,false
read,0.79,key_19,78,false
read,0.80,key_10,72,false
read,0.81,key_7,71,false
read,0.76,key_19,78,false
read,0.81,key_1,70,false
read,0.67,key_13,62,false
read,0.80,key_13,62,false
read,1.12,key_19,78,false
read,0.78,key_9,60,false
read,1.20,key_6,69,false
read,6.13,key_3,67,false
read,6.21,key_4,77,false
read,6.90,key_15,92,false
read,0.70,key_4,77,false
read,0.74,key_1,70,false
read,0.70,key_16,90,false
read,0.68,key_2,74,false
read,0.68,key_14,95,false
read,0.49,key_18,89,false
read,0.56,key_1,70,false
read,0.62,key_5,70,false
read,0.51,key_19,78,false
read,1.65,key_16,90,false
read,0.51,key_5,70,false
read,0.41,key_13,62,false
read,0.54,key_6,70,false
read,0.48,key_0,70,false
read,0.50,key_14,95,false
read,0.41,key_0,70,false
read,0.37,key_9,60,false
read,0.42,key_19,78,false
write,304.65,key_6,70,false
write,308.06,key_10,73,false
write,306.91,key_17,63,false
write,313.74,key_8,66,false
write,313.92,key_16,90,false
write,308.18,key_12,74,false
write,310.88,key_17,62,false
read,1.44,key_8,66,false
read,1.73,key_6,70,false
read,1.88,key_4,77,false
read,1.90,key_4,77,false
read,1.92,key_6,70,false
read,1.18,key_3,67,false
read,1.85,key_12,74,false
read,1.57,key_13,62,false
read,1.55,key_3,67,false
read,1.68,key_2,74,false
read,1.78,key_4,77,false
read,3.79,key_18,87,true
read,1.73,key_10,73,false
read,1.31,key_19,78,false
read,1.33,key_12,74,false
read,1.43,key_7,71,false
read,1.50,key_16,90,false
read,1.50,key_15,92,false
read,3.37,key_9,60,false
write,304.35,key_18,89,false
write,303.15,key_14,96,false
read,1.05,key_19,78,false
read,1.07,key_5,70,false
read,1.18,key_1,70,false
read,1.22,key_16,90,false
read,0.98,key_10,73,false
read,1.08,key_15,92,false
read,1.87,key_18,89,false
read,1.20,key_6,70,false
read,1.36,key_7,71,false
read,1.02,key_0,70,false
read,0.76,key_15,92,false
read,1.36,key_3,67,false
read,0.79,key_8,66,false
read,2.02,key_3,68,false
read,1.99,key_13,62,false
read,0.97,key_3,67,false
read,1.00,key_3,67,false
read,0.96,key_5,70,false
read,1.04,key_1,70,false
read,1.00,key_13,62,false
read,0.68,key_19,78,false
read,2.30,key_14,96,false
read,0.73,key_4,77,false
read,0.85,key_15,92,false
read,0.86,key_19,78,false
read,0.85,key_14,96,false
read,2.33,key_12,75,false
read,0.77,key_15,92,false
read,0.89,key_14,97,false
read,1.01,key_15,92,false
read,0.78,key_0,70,false
read,2.64,key_16,90,false
write,304.25,key_14,97,false
read,0.67,key_11,87,false
read,0.71,key_9,60,false
read,0.75,key_0,70,false
read,2.27,key_11,87,false
read,0.62,key_13,62,false
read,0.73,key_0,70,false
read,0.64,key_19,78,false
read,0.59,key_14,97,false
read,0.69,key_1,70,false
read,0.66,key_16,90,false
read,0.64,key_2,74,false
read,0.63,key_6,70,false
read,0.43,key_8,68,false
read,0.98,key_19,78,false
read,0.51,key_0,70,false
read,1.23,key_17,63,false
write,314.77,key_3,68,false
write,311.73,key_14,98,false
write,304.91,key_17,64,false
write,317.46,key_13,63,false
write,308.80,key_8,68,false
write,306.89,key_9,61,false
write,304.41,key_6,71,false
write,311.89,key_8,67,false
write,316.08,key_12,75,false
write,304.01,key_13,64,false
read,2.36,key_8,68,false
read,2.56,key_7,71,false
read,2.54,key_2,74,false
read,2.52,key_18,89,false
read,2.56,key_10,73,false
read,2.67,key_14,98,false
read,2.78,key_0,70,false
read,2.75,key_8,68,false
read,1.09,key_6,71,false
read,1.78,key_15,92,false
read,1.63,key_8,68,false
read,1.67,key_1,70,false
read,1.38,key_10,73,false
read,1.63,key_4,77,false
read,1.90,key_5,71,false
read,1.87,key_17,64,false
read,1.11,key_11,87,false
read,1.20,key_8,68,false
read,1.14,key_0,70,false
read,1.27,key_15,92,false
read,1.29,key_17,64,false
read,0.89,key_0,70,false
read,0.95,key_15,92,false
read,1.01,key_10,73,false
read,1.02,key_4,77,false
read,3.86,key_3,68,false
read,0.77,key_12,75,false
read,0.77,key_6,71,false
read,1.09,key_13,64,false
read,3.22,key_9,61,false
read,1.04,key_18,89,false
read,1.03,key_6,71,false
read,2.64,key_19,78,false
read,1.16,key_4,77,false
read,1.14,key_0,70,false
read,1.15,key_16,90,false
read,0.83,key_16,90,false
read,0.85,key_17,64,false
read,0.85,key_16,90,false
read,1.00,key_8,68,false
read,0.73,key_13,64,false
read,2.62,key_5,70,false
read,0.94,key_7,71,false
read,0.94,key_0,70,false
read,0.73,key_1,70,false
read,0.79,key_3,68,false
read,0.83,key_13,64,false
read,0.64,key_9,61,false
read,0.90,key_0,70,false
read,0.89,key_11,87,false
read,0.96,key_17,64,false
read,0.81,key_11,87,false
read,2.59,key_18,89,false
read,0.94,key_7,71,false
read,0.97,key_7,71,false
read,2.67,key_1,70,false
read,0.63,key_6,71,false
read,0.68,key_12,75,false
read,0.56,key_7,71,false
read,0.48,key_12,75,false
read,1.91,key_11,87,false
read,2.27,key_8,68,false
read,0.65,key_18,89,false
read,0.54,key_19,78,false
read,0.47,key_15,92,false
read,0.53,key_19,78,false
read,0.50,key_9,61,false
read,0.49,key_17,64,false
read,0.44,key_7,74,false
read,0.47,key_3,68,false
read,0.56,key_3,68,false
read,0.42,key_6,71,false
read,0.49,key_3,68,false
read,0.50,key_3,68,false
read,0.48,key_14,100,false
write,312.08,key_13,65,false
write,313.74,key_5,71,false
write,309.23,key_14,99,false
write,316.66,key_7,72,false
write,308.99,key_2,75,false
read,2.62,key_5,71,false
read,2.70,key_16,90,false
read,2.75,key_15,92,false
read,2.72,key_10,73,false
write,308.80,key_14,100,false
read,1.24,key_3,68,false
write,307.16,key_7,73,false
read,1.24,key_1,70,false
write,307.27,key_7,74,false
read,1.41,key_8,68,false
read,1.50,key_14,100,false
write,303.68,key_4,78,false
read,1.76,key_5,71,false
read,1.76,key_17,64,false
read,1.90,key_17,64,false
read,1.59,key_10,73,false
read,6.25,key_18,89,false
read,1.89,key_6,71,false
read,2.48,key_19,78,false
read,0.97,key_3,68,false
read,1.08,key_11,87,false
read,1.07,key_14,100,false
read,1.24,key_5,71,false
read,3.47,key_7,73,true
read,1.25,key_10,73,false
read,1.12,key_9,61,false
read,0.94,key_18,89,false
read,1.24,key_4,78,false
read,1.61,key_14,101,false
read,1.19,key_10,73,false
read,1.14,key_13,65,false
read,1.54,key_4,78,false
read,1.20,key_3,68,false
read,1.98,key_7,74,false
read,1.04,key_18,89,false
read,0.99,key_9,61,false
read,2.56,key_15,92,false
read,0.96,key_19,78,false
read,1.28,key_19,78,false
read,1.67,key_10,73,false
write,304.63,key_14,101,false
read,1.77,key_15,92,false
read,3.02,key_14,101,false
read,1.00,key_4,78,false
read,1.49,key_0,70,false
read,1.54,key_8,68,false
read,1.21,key_18,89,false
read,1.44,key_9,61,false
read,1.51,key_2,75,false
read,1.56,key_19,78,false
read,1.89,key_9,61,false
read,0.95,key_7,73,true
read,2.56,key_19,78,false
read,1.09,key_5,71,false
read,1.20,key_16,90,false
read,0.85,key_19,78,false
read,0.68,key_10,73,false
read,2.32,key_11,87,false
read,0.93,key_9,61,false
read,1.70,key_8,68,false
read,2.17,key_15,92,false
read,1.29,key_2,75,false
read,0.55,key_18,89,false
read,0.66,key_3,68,false
read,0.77,key_12,76,false
read,0.48,key_19,78,false
read,0.52,key_18,89,false
read,0.52,key_4,78,false
read,0.40,key_3,68,false
read,0.67,key_4,78,false
read,0.50,key_10,73,false
write,310.15,key_17,66,false
write,318.55,key_17,65,false
write,309.09,key_12,76,false
write,310.40,key_5,72,false
write,310.10,key_5,73,false
write,317.97,key_16,91,false
write,311.30,key_0,71,false
read,2.36,key_2,75,false
read,3.00,key_17,66,false
read,2.93,key_18,89,false
read,2.10,key_0,71,false
read,2.22,key_6,71,false
read,2.27,key_9,61,false
write,308.98,key_15,93,false
write,307.97,key_7,75,false
write,308.34,key_19,79,false
read,2.01,key_1,70,false
read,1.80,key_10,73,false
read,1.63,key_2,75,false
read,1.83,key_18,89,false
read,0.91,key_9,61,false
read,1.86,key_19,79,false
read,1.82,key_0,71,false
read,1.86,key_18,89,false
read,1.44,key_16,91,false
read,1.81,key_14,101,false
read,4.13,key_5,73,false
read,4.02,key_15,93,false
read,1.42,key_13,65,false
read,1.40,key_2,75,false
read,1.12,key_15,93,false
read,1.17,key_5,72,true
read,1.26,key_2,75,false
read,1.27,key_19,79,false
read,1.27,key_11,87,false
read,1.30,key_3,68,false
read,0.66,key_11,87,false
read,0.73,key_2,75,false
read,0.69,key_1,70,false
read,0.77,key_12,76,false
read,0.74,key_13,65,false
read,0.79,key_3,68,false
read,0.82,key_10,73,false
read,0.88,key_6,71,false
read,0.89,key_14,101,false
read,0.85,key_7,76,false
read,0.49,key_1,70,false
read,0.95,key_18,89,false
read,1.04,key_12,76,false
read,1.09,key_17,68,false
read,1.87,key_15,93,false
read,0.87,key_14,101,false
read,0.98,key_10,73,false
read,1.02,key_12,76,false
read,2.01,key_5,73,false
read,0.81,key_15,93,false
read,0.84,key_3,68,false
read,0.85,key_18,89,false
read,0.94,key_17,66,false
write,305.01,key_2,77,false
write,305.11,key_2,76,false
write,313.36,key_17,68,false
write,313.43,key_8,69,false
write,312.86,key_7,76,false
write,319.37,key_19,80,false
write,314.25,key_17,67,false
write,308.69,key_1,71,false
write,307.77,key_8,70,false
read,3.02,key_14,101,false
read,3.05,key_19,80,false
read,3.16,key_11,87,false
read,3.01,key_0,71,false
read,3.07,key_15,93,false
read,3.06,key_1,71,false
write,307.48,key_6,72,false
read,3.28,key_15,93,false
read,1.94,key_7,76,false
read,2.08,key_16,91,false
read,2.05,key_7,76,false
read,2.16,key_19,80,false
read,2.25,key_15,93,false
read,2.17,key_10,73,false
read,5.22,key_13,65,false
read,2.14,key_11,87,false
read,1.03,key_2,76,true
read,1.18,key_1,71,false
read,1.13,key_2,77,false
read,1.19,key_1,71,false
read,1.16,key_14,101,false
read,1.17,key_6,72,false
read,0.73,key_14,101,false
read,0.79,key_19,80,false
read,0.85,key_5,73,false
read,1.07,key_13,65,false
read,1.45,key_7,76,false
read,1.41,key_15,93,false
read,3.24,key_4,78,false
read,3.21,key_10,73,false
read,1.44,key_16,91,false
read,1.29,key_17,67,true
read,1.08,key_1,71,false
read,1.37,key_6,72,false
read,2.04,key_5,72,true
read,0.93,key_1,71,false
read,1.24,key_18,89,false
read,0.96,key_19,80,false
read,2.64,key_8,69,true
read,2.01,key_3,68,false
read,1.93,key_2,77,false
read,1.13,key_19,80,false
read,2.53,key_3,68,false
read,1.21,key_15,93,false
read,2.14,key_0,71,false
read,0.96,key_0,71,false
read,0.59,key_7,76,false
read,2.86,key_0,71,false
read,1.44,key_4,78,false
read,0.66,key_14,101,false
read,0.79,key_5,73,false
read,0.84,key_3,68,false
read,0.81,key_5,72,true
read,0.80,key_13,65,false
read,0.69,key_6,73,false
read,0.78,key_19,80,false
read,0.76,key_17,68,false
read,1.35,key_15,93,false
read,0.60,key_1,71,false
read,0.62,key_17,68,false
read,0.67,key_12,76,false
read,0.53,key_13,65,false
read,0.57,key_6,72,false
read,0.61,key_8,70,false
read,0.77,key_16,91,false
read,0.73,key_4,78,false
read,0.77,key_10,73,false
read,0.76,key_16,91,false
read,1.01,key_1,71,false
read,0.76,key_4,78,false
read,0.56,key_2,76,true
read,0.70,key_14,101,false
read,1.18,key_12,76,false
read,0.84,key_18,89,false
read,0.76,key_19,80,false
read,0.68,key_14,101,false
read,0.71,key_18,89,false
read,0.70,key_3,68,false
read,0.76,key_10,73,false
read,0.64,key_19,80,false
read,0.51,key_2,77,false
read,0.44,key_6,73,false
read,0.58,key_3,68,false
read,0.88,key_10,74,false
read,0.64,key_2,77,false
read,1.55,key_7,76,false
read,0.52,key_15,93,false
read,0.50,key_15,93,false
read,0.64,key_8,70,false
read,0.43,key_3,68,false
read,0.48,key_2,77,false
read,0.50,key_4,78,false
read,0.49,key_12,76,false
read,0.47,key_1,71,false
read,0.54,key_8,70,false
read,0.47,key_4,78,false
read,0.41,key_0,71,false
read,0.39,key_7,76,false
read,0.49,key_6,73,false
read,0.49,key_19,80,false
read,0.40,key_6,72,false
read,0.37,key_13,65,false
write,308.91,key_19,82,false
write,312.18,key_19,81,false
read,1.47,key_11,87,false
read,1.51,key_4,78,false
read,1.90,key_4,78,false
read,1.85,key_6,73,false
write,305.30,key_5,74,false
write,304.04,key_10,74,false
write,307.39,key_6,73,false
write,307.42,key_12,77,false
read,1.60,key_12,77,false
read,1.60,key_8,69,true
read,1.23,key_5,74,false
read,1.50,key_6,73,false
read,1.35,key_15,93,false
read,1.56,key_0,71,false
read,0.92,key_0,71,false
read,0.99,key_8,70,false
read,1.14,key_5,74,false
read,1.25,key_19,81,true
read,1.26,key_19,81,true
read,1.19,key_17,67,true
read,0.97,key_6,73,false
read,1.03,key_2,76,true
read,0.95,key_3,68,false
read,1.11,key_4,78,false
read,1.16,key_5,74,false
read,1.12,key_0,71,false
read,2.14,key_16,91,false
read,1.23,key_0,71,false
read,0.95,key_11,87,false
read,0.95,key_8,70,false
read,0.98,key_13,66,false
read,0.94,key_3,68,false
read,0.92,key_6,73,false
read,0.92,key_10,74,false
read,0.94,key_10,74,false
read,0.96,key_11,87,false
read,0.98,key_5,74,false
read,1.00,key_13,65,false
read,0.80,key_4,78,false
read,0.81,key_5,74,false
read,0.82,key_5,74,false
read,0.84,key_4,78,false
read,1.00,key_17,67,true
read,0.74,key_16,91,false
read,0.72,key_6,73,false
read,0.94,key_15,93,false
write,306.32,key_2,78,false
read,1.48,key_14,102,false
write,304.54,key_14,102,false
read,1.10,key_9,61,false
read,1.03,key_0,71,false
read,1.18,key_18,89,false
read,1.20,key_7,76,false
read,1.17,key_12,77,false
read,1.30,key_16,91,false
read,0.79,key_13,65,false
read,0.96,key_10,74,false
read,1.84,key_19,82,false
read,1.10,key_11,87,false
write,303.97,key_8,71,false
read,1.94,key_8,71,false
read,1.21,key_2,78,false
read,1.18,key_4,78,false
read,1.22,key_3,68,false
read,2.37,key_8,71,false
read,1.33,key_16,91,false
read,0.74,key_16,91,false
read,0.90,key_16,91,false
read,0.85,key_8,71,false
read,0.94,key_18,89,false
read,0.89,key_18,89,false
read,3.17,key_10,74,false
read,2.40,key_0,71,false
read,0.49,key_1,71,false
read,1.03,key_1,71,false
read,1.05,key_3,68,false
read,1.04,key_16,91,false
read,0.80,key_6,73,false
read,1.15,key_1,71,false
read,1.19,key_2,78,false
read,0.43,key_16,91,false
read,0.75,key_17,67,true
read,0.81,key_10,74,false
read,0.79,key_9,61,false
read,0.86,key_18,89,false
read,0.89,key_8,71,false
read,0.67,key_7,76,false
read,0.71,key_18,89,false
write,305.72,key_13,66,false
read,1.23,key_0,71,false
read,1.61,key_9,61,false
read,1.69,key_4,78,false
read,0.97,key_16,91,false
read,1.28,key_8,71,false
read,0.56,key_17,67,true
read,0.85,key_12,77,false
read,1.00,key_10,74,false
read,0.91,key_6,73,false
read,0.58,key_9,61,false
read,0.61,key_5,74,false
read,0.78,key_8,71,false
read,0.80,key_8,71,false
read,1.97,key_4,78,false
read,0.72,key_11,87,false
read,0.57,key_12,77,false
read,0.58,key_18,89,false
read,0.75,key_3,68,false
read,0.56,key_11,87,false
read,0.61,key_0,71,false
read,0.87,key_14,102,false
read,0.65,key_14,102,false
read,0.64,key_13,66,false
read,0.65,key_8,71,false
read,0.74,key_19,81,true
read,0.68,key_16,91,false
read,0.60,key_8,71,false
read,0.56,key_13,66,false
read,0.51,key_5,74,false
read,0.57,key_8,71,false
read,0.61,key_18,89,false
read,0.71,key_7,76,false
read,0.71,key_3,68,false
read,0.40,key_16,91,false
read,0.49,key_13,66,false
read,0.45,key_15,93,false
read,0.50,key_16,91,false
read,0.53,key_5,74,false
read,0.62,key_13,66,false
read,0.44,key_17,67,true
read,0.55,key_19,81,true
read,0.56,key_11,87,false
read,0.50,key_12,77,false
read,0.51,key_17,67,true
read,0.34,key_2,78,false
read,0.42,key_9,61,false
read,0.45,key_19,81,true
read,1.79,key_2,78,false
read,0.76,key_4,78,false
read,0.41,key_2,78,false
read,0.37,key_3,68,false
read,0.48,key_14,102,false
read,0.47,key_9,61,false
read,0.33,key_13,66,false
read,0.37,key_5,75,false
read,0.39,key_1,71,false
read,0.48,key_13,66,false
read,0.37,key_19,81,true
read,0.38,key_2,78,false
read,0.39,key_7,76,false
read,0.39,key_4,78,false
read,0.42,key_14,102,false
read,0.40,key_15,93,false
read,0.38,key_19,81,true
read,0.39,key_19,81,true
read,0.37,key_10,74,false
read,1.51,key_13,66,false
read,0.40,key_13,66,false
read,0.41,key_2,78,false
read,0.38,key_6,73,false
read,0.45,key_1,71,false
read,0.39,key_3,68,false
read,0.41,key_14,102,false
read,0.31,key_11,87,false
read,0.40,key_12,77,false
read,0.33,key_5,74,false
read,0.34,key_2,78,false
read,0.38,key_13,66,false
read,0.44,key_8,71,false
read,0.35,key_7,76,false
read,0.34,key_5,74,false
read,0.39,key_3,68,false
write,315.45,key_1,72,false
write,309.32,key_1,73,false
write,305.66,key_7,77,false
read,3.45,key_9,61,false
write,306.31,key_5,75,false
read,1.05,key_18,89,false
read,1.07,key_3,68,false
read,1.11,key_10,74,false
write,304.78,key_6,74,false
read,0.94,key_1,72,true
read,1.01,key_17,67,true
read,1.11,key_14,102,false
write,303.85,key_18,90,false
read,1.06,key_14,102,false
read,1.06,key_17,67,true
read,0.95,key_7,77,false
read,0.94,key_5,75,false
read,0.93,key_2,78,false
read,0.94,key_0,71,false
read,2.00,key_7,77,false
read,0.54,key_19,82,false
read,0.85,key_12,77,false
read,0.95,key_0,71,false
read,0.91,key_18,90,false
write,304.25,key_16,92,false
read,0.56,key_1,73,false
read,1.26,key_4,78,false
read,0.77,key_0,71,false
read,0.94,key_9,61,false
read,0.63,key_0,71,false
read,0.73,key_18,90,false
read,0.81,key_10,74,false
read,0.88,key_10,74,false
read,0.80,key_1,73,false
read,0.59,key_0,71,false
read,0.77,key_16,92,false
read,0.74,key_13,66,false
read,0.70,key_16,92,false
read,0.60,key_18,90,false
read,0.57,key_7,77,false
read,0.76,key_14,102,false
read,0.94,key_2,78,false
read,1.10,key_17,67,true
write,305.66,key_16,93,false
read,0.66,key_16,93,false
read,0.73,key_0,71,false
read,0.74,key_0,71,false
read,0.79,key_10,74,false
read,0.69,key_19,81,true
read,0.80,key_12,77,false
read,0.51,key_18,90,false
read,0.64,key_17,68,false
read,0.58,key_2,78,false
write,305.88,key_5,76,false
write,303.35,key_18,91,false
read,0.66,key_4,78,false
read,0.55,key_6,74,false
read,0.47,key_12,77,false
read,0.50,key_11,87,false
read,0.58,key_9,61,false
read,0.52,key_3,68,false
write,310.46,key_17,69,false
read,1.88,key_5,76,false
write,304.86,key_14,104,false
write,306.61,key_9,62,false
read,2.61,key_10,74,false
write,310.62,key_14,103,false
read,1.26,key_11,87,false
read,1.31,key_1,72,true
read,1.37,key_4,78,false
read,1.86,key_10,74,false
read,2.01,key_2,78,false
read,2.04,key_19,81,true
write,305.10,key_1,74,false
write,305.62,key_13,67,false
read,1.22,key_6,74,false
read,1.19,key_19,82,false
read,1.26,key_1,74,false
read,1.34,key_17,69,false
read,1.14,key_6,74,false
read,0.91,key_11,87,false
read,1.06,key_5,76,false
read,1.53,key_18,92,false
read,0.94,key_19,81,true
write,306.90,key_1,75,false
write,307.69,key_14,105,false
write,305.51,key_18,92,false
read,0.86,key_7,77,false
read,0.85,key_10,74,false
read,1.23,key_7,77,false
read,1.25,key_11,87,false
read,3.02,key_11,87,false
read,1.60,key_19,82,false
read,0.89,key_1,75,false
read,1.11,key_11,87,false
read,0.74,key_5,76,false
read,0.78,key_1,75,false
read,0.71,key_12,77,false
read,0.69,key_19,81,true
read,1.03,key_4,78,false
read,0.58,key_7,77,false
read,0.62,key_15,93,false
read,0.54,key_3,68,false
read,0.59,key_4,78,false
read,0.69,key_6,74,false
read,0.72,key_17,69,false
read,0.53,key_17,69,false
read,0.55,key_19,81,true
read,0.67,key_12,78,false
read,0.65,key_7,77,false
read,0.61,key_3,68,false
read,0.62,key_6,74,false
read,0.54,key_10,74,false
read,0.57,key_9,62,false
read,0.56,key_10,74,false
read,0.53,key_7,77,false
read,1.16,key_10,74,false
read,0.97,key_4,78,false
read,0.46,key_12,77,false
read,0.50,key_12,77,false
write,305.63,key_16,94,false
read,0.48,key_16,94,false
read,0.44,key_15,93,false
read,0.44,key_12,77,false
read,0.42,key_8,71,false
read,0.43,key_4,78,false
read,0.44,key_15,93,false
read,0.45,key_15,93,false
read,0.48,key_2,78,false
read,0.43,key_5,76,false
read,0.46,key_19,81,true
read,0.40,key_5,76,false
write,306.69,key_5,77,false
write,304.70,key_12,78,false
write,311.28,key_18,93,false
write,306.64,key_2,79,false
read,2.20,key_1,75,false
read,2.31,key_17,69,false
read,2.31,key_16,94,false
write,305.39,key_19,83,false
write,304.74,key_14,106,false
write,304.43,key_17,70,false
read,1.35,key_4,78,false
read,1.44,key_3,68,false
read,1.50,key_15,93,false
read,1.20,key_5,77,false
read,1.14,key_7,77,false
read,0.88,key_1,75,false
read,0.88,key_17,70,false
read,0.74,key_13,67,false
read,1.01,key_14,106,false
read,0.98,key_8,71,false
read,0.74,key_5,77,false
read,0.75,key_19,83,false
read,1.14,key_7,77,false
read,1.16,key_9,63,false
read,0.52,key_8,71,false
read,0.81,key_19,83,false
read,0.85,key_5,77,false
read,0.97,key_13,67,false
read,0.93,key_18,93,false
read,1.04,key_7,78,false
read,1.03,key_19,83,false
read,1.03,key_1,75,false
read,1.06,key_18,93,false
write,303.50,key_7,78,false
read,0.94,key_5,77,false
read,1.11,key_5,77,false
read,1.11,key_2,79,false
read,0.83,key_1,75,false
read,1.00,key_16,94,false
read,0.84,key_3,68,false
read,1.72,key_5,77,false
read,0.65,key_5,77,false
read,0.80,key_5,77,false
read,0.99,key_12,78,false
write,304.73,key_9,63,false
read,0.71,key_18,93,false
read,1.17,key_19,83,false
read,0.67,key_2,79,false
read,0.68,key_5,77,false
read,0.81,key_4,78,false
read,0.58,key_16,94,false
read,0.58,key_2,79,false
read,0.64,key_5,77,false
read,0.73,key_8,71,false
read,0.55,key_6,74,false
read,0.86,key_10,74,false
read,0.66,key_19,83,false
read,0.80,key_10,74,false
read,0.76,key_17,70,false
read,0.79,key_1,75,false
read,0.79,key_16,94,false
read,0.72,key_17,70,false
read,0.76,key_2,79,false
read,0.75,key_8,71,false
read,0.56,key_19,83,false
read,0.61,key_13,67,false
write,303.05,key_11,88,false
read,0.68,key_12,78,false
read,0.74,key_0,71,false
read,0.46,key_6,74,false
read,0.56,key_13,67,false
read,4.13,key_10,74,false
read,0.88,key_12,78,false
read,0.67,key_17,70,false
read,0.66,key_1,75,false
read,0.85,key_15,93,false
read,1.43,key_2,79,false
read,0.83,key_11,88,false
write,312.02,key_1,76,false
write,314.32,key_13,68,false
write,306.68,key_6,75,false
write,304.24,key_8,73,false
write,309.55,key_8,72,false
write,306.24,key_14,107,false
read,3.36,key_11,88,false
read,1.98,key_6,75,false
read,3.52,key_2,79,false
read,1.92,key_2,79,false
read,3.17,key_5,77,false
read,3.44,key_15,93,false
read,1.33,key_7,78,false
read,1.35,key_7,78,false
read,1.44,key_4,78,false
read,1.31,key_18,93,false
read,1.43,key_1,76,false
read,1.42,key_0,71,false
read,0.73,key_4,78,false
read,1.65,key_4,78,false
read,1.82,key_14,107,false
read,1.74,key_10,74,false
read,1.75,key_13,68,false
read,2.36,key_1,76,false
write,306.17,key_5,78,false
write,305.56,key_0,72,false
read,2.66,key_12,78,false
read,1.84,key_14,107,false
read,1.85,key_7,78,false
write,306.21,key_6,76,false
read,1.38,key_18,93,false
read,2.05,key_13,68,false
read,1.35,key_18,93,false
read,1.09,key_19,83,false
read,1.08,key_6,76,false
read,2.47,key_13,68,false
read,1.14,key_1,76,false
read,1.41,key_2,79,false
read,1.30,key_16,94,false
read,1.37,key_1,76,false
read,0.81,key_9,63,false
read,0.94,key_12,78,false
read,1.03,key_0,72,false
read,1.10,key_10,74,false
read,1.45,key_17,70,false
read,1.60,key_18,93,false
read,3.42,key_5,78,false
read,1.29,key_13,68,false
read,1.34,key_1,76,false
read,2.42,key_5,78,false
read,1.40,key_8,73,false
read,0.96,key_16,94,false
read,1.59,key_19,83,false
read,1.15,key_11,88,false
read,1.16,key_12,78,false
read,1.02,key_14,107,false
read,1.05,key_3,68,false
read,1.12,key_2,79,false
read,1.09,key_10,74,false
read,1.18,key_0,72,false
read,2.16,key_15,93,false
read,3.19,key_16,94,false
read,0.99,key_19,83,false
read,2.12,key_12,79,false
read,0.69,key_4,78,false
read,0.73,key_10,74,false
read,0.66,key_11,88,false
read,2.31,key_12,80,false
write,303.61,key_3,69,false
read,0.69,key_4,78,false
read,0.74,key_4,78,false
read,0.76,key_14,107,false
read,0.60,key_14,107,false
read,0.74,key_4,78,false
read,0.83,key_9,63,false
read,0.81,key_17,70,false
read,0.94,key_3,69,false
read,0.54,key_11,88,false
read,0.66,key_0,72,false
read,0.88,key_19,83,false
read,0.75,key_3,69,false
read,0.81,key_10,74,false
read,0.70,key_12,78,false
read,1.18,key_10,74,false
read,0.81,key_9,63,false
read,0.83,key_2,79,false
read,0.79,key_6,76,false
read,0.70,key_8,73,false
read,0.64,key_4,78,false
read,0.64,key_15,93,false
read,0.66,key_17,70,false
read,0.72,key_14,107,false
read,0.75,key_15,93,false
read,0.63,key_5,78,false
read,0.81,key_18,93,false
read,0.75,key_9,63,false
read,0.82,key_2,79,false
read,0.53,key_6,76,false
read,0.60,key_9,63,false
read,0.61,key_13,68,false
read,0.71,key_0,72,false
read,0.71,key_7,78,false
read,0.59,key_2,79,false
read,0.74,key_7,78,false
read,0.73,key_7,78,false
read,0.50,key_14,107,false
read,0.47,key_15,93,false
read,0.55,key_3,70,false
read,0.68,key_4,78,false
read,0.71,key_16,94,false
read,0.69,key_12,80,false
read,0.80,key_3,69,false
read,0.56,key_5,78,false
read,0.62,key_13,68,false
read,1.12,key_4,78,false
read,0.55,key_17,70,false
read,0.62,key_11,88,false
read,0.68,key_11,88,false
read,0.60,key_5,78,false
read,1.24,key_10,74,false
read,0.60,key_2,79,false
read,0.62,key_10,75,false
read,0.64,key_0,72,false
read,0.61,key_0,72,false
read,0.63,key_16,94,false
read,0.64,key_11,88,false
read,0.61,key_13,68,false
read,0.57,key_18,93,false
read,1.26,key_12,80,false
read,0.49,key_0,72,false
read,0.54,key_4,78,false
read,0.57,key_16,94,false
read,0.38,key_7,78,false
read,0.43,key_3,69,false
read,0.41,key_9,63,false
read,0.47,key_10,74,false
read,0.44,key_8,73,false
read,0.46,key_13,68,false
read,0.39,key_11,88,false
read,0.43,key_0,72,false
read,0.49,key_18,93,false
read,0.50,key_16,94,false
read,0.48,key_4,78,false
read,0.44,key_13,68,false
read,0.67,key_16,94,false
read,0.65,key_3,70,false
read,1.17,key_13,68,false
read,0.72,key_3,70,false
read,0.72,key_5,78,false
read,0.61,key_16,94,false
read,0.36,key_8,73,false
read,0.46,key_8,73,false
read,0.43,key_2,79,false
read,0.40,key_9,63,false
read,0.50,key_11,88,false
read,0.48,key_17,70,false
read,0.44,key_5,78,false
read,0.42,key_16,94,false
read,0.47,key_10,74,false
read,0.50,key_13,68,false
read,0.48,key_12,78,false
read,0.50,key_8,73,false
read,0.55,key_18,93,false
read,0.53,key_2,79,false
read,0.49,key_9,63,false
read,0.53,key_3,69,false
read,0.47,key_15,93,false
read,0.41,key_14,107,false
read,0.98,key_6,76,false
read,0.49,key_1,76,false
read,0.58,key_15,93,false
read,0.57,key_0,72,false
read,0.42,key_18,93,false
read,0.38,key_10,74,false
read,0.51,key_2,79,false
read,0.51,key_13,68,false
read,0.54,key_18,93,false
read,0.57,key_18,95,false
read,0.47,key_4,78,false
read,0.41,key_19,83,false
read,0.40,key_1,76,false
read,0.47,key_15,94,false
read,0.47,key_19,83,false
read,0.43,key_12,78,false
read,0.40,key_19,83,false
read,0.44,key_14,107,false
read,0.47,key_15,93,false
read,0.76,key_2,79,false
read,0.48,key_8,73,false
read,0.44,key_3,69,false
read,1.59,key_2,79,false
read,0.36,key_13,68,false
read,0.34,key_5,78,false
read,0.36,key_10,74,false
read,0.40,key_16,94,false
read,0.43,key_9,63,false
read,0.40,key_17,70,false
read,0.35,key_9,63,false
read,0.33,key_10,74,false
read,0.33,key_10,74,false
read,0.33,key_14,107,false
read,0.38,key_17,70,false
read,0.33,key_13,68,false
read,0.33,key_18,93,false
read,0.35,key_19,83,false
read,0.37,key_1,76,false
read,0.37,key_16,94,false
read,0.38,key_19,83,false
write,313.88,key_10,75,false
write,311.97,key_12,80,false
write,313.13,key_15,94,false
write,309.96,key_18,94,false
write,318.76,key_12,79,false
read,2.76,key_7,78,false
read,2.70,key_15,94,false
read,2.67,key_15,94,false
write,307.50,key_3,70,false
read,1.08,key_13,68,false
read,1.09,key_14,107,false
read,1.11,key_8,73,false
read,1.10,key_18,95,false
read,4.43,key_9,63,false
read,5.01,key_6,76,false
read,1.15,key_13,68,false
read,1.19,key_7,78,false
write,304.69,key_18,95,false
read,1.67,key_3,70,false
read,1.64,key_14,107,false
read,1.28,key_9,63,false
read,1.26,key_12,80,false
read,1.36,key_14,107,false
read,1.24,key_14,107,false
read,1.05,key_0,72,false
read,1.05,key_5,78,false
read,1.18,key_16,94,false
read,1.89,key_6,76,false
read,1.30,key_1,76,false
read,2.93,key_4,78,false
read,0.90,key_7,78,false
read,0.88,key_19,83,false
read,0.98,key_6,76,false
read,1.00,key_6,76,false
read,0.73,key_10,75,false
read,0.88,key_17,70,false
read,0.87,key_1,76,false
read,0.86,key_5,78,false
read,1.02,key_14,107,false
read,3.52,key_19,83,false
read,1.75,key_6,76,false
read,2.40,key_5,78,false
read,1.98,key_0,73,false
read,1.15,key_12,79,true
read,0.90,key_15,94,false
read,1.36,key_3,70,false
read,3.20,key_8,73,false
read,1.32,key_2,79,false
read,1.20,key_8,73,false
read,0.94,key_9,63,false
read,0.88,key_4,78,false
read,0.90,key_8,73,false
read,1.53,key_18,95,false
read,0.82,key_1,76,false
read,0.84,key_15,94,false
read,0.99,key_7,78,false
read,1.43,key_13,68,false
write,304.42,key_0,73,false
read,0.87,key_6,76,false
write,304.44,key_5,79,false
read,1.04,key_19,83,false
read,0.81,key_12,80,false
read,0.79,key_16,94,false
read,0.67,key_15,94,false
read,0.77,key_14,107,false
read,0.73,key_4,78,false
read,1.18,key_11,88,false
read,0.69,key_6,76,false
read,0.86,key_16,94,false
read,0.65,key_18,95,false
read,0.89,key_13,68,false
read,0.87,key_1,76,false
read,1.00,key_16,94,false
read,0.99,key_9,63,false
read,1.09,key_18,95,false
read,0.70,key_18,95,false
read,2.38,key_19,83,false
read,0.91,key_14,107,false
read,0.95,key_4,78,false
read,0.90,key_15,94,false
read,2.27,key_17,70,false
read,0.76,key_8,73,false
read,0.73,key_15,94,false
read,0.81,key_6,76,false
read,0.85,key_5,79,false
read,0.95,key_9,63,false
read,0.77,key_10,75,false
read,1.00,key_17,70,false
read,1.20,key_19,83,false
read,1.17,key_16,94,false
read,0.99,key_14,107,false
read,0.80,key_0,73,false
read,0.70,key_2,79,false
read,1.29,key_0,73,false
read,1.05,key_0,73,false
read,0.77,key_16,94,false
read,2.01,key_11,88,false
read,1.54,key_7,78,false
read,0.82,key_15,94,false
read,0.89,key_1,76,false
read,0.81,key_9,63,false
read,0.71,key_9,63,false
read,0.74,key_7,78,false
read,0.85,key_12,79,true
read,0.92,key_6,77,false
read,0.69,key_7,78,false
read,0.75,key_6,78,false
read,0.62,key_18,95,false
read,0.50,key_4,78,false
read,0.56,key_14,107,false
write,305.43,key_6,77,false
read,0.51,key_1,76,false
read,0.54,key_3,70,false
read,0.41,key_3,70,false
read,0.40,key_18,95,false
read,0.39,key_19,83,false
read,0.45,key_1,76,false
read,0.52,key_0,73,false
read,0.41,key_2,79,false
read,0.45,key_12,80,false
read,0.52,key_10,75,false
read,0.49,key_3,70,false
read,0.52,key_13,68,false
read,0.42,key_6,77,false
read,0.40,key_3,70,false
read,0.55,key_7,78,false
read,0.58,key_12,79,true
read,0.45,key_10,75,false
read,0.47,key_16,94,false
write,306.16,key_8,74,false
write,311.37,key_4,79,false
write,314.33,key_7,79,false
read,1.49,key_10,76,false
read,1.43,key_5,79,false
read,1.52,key_16,94,false
read,0.90,key_19,83,false
read,0.91,key_13,68,false
read,0.91,key_15,94,false
read,0.99,key_18,95,false
read,0.98,key_6,77,false
read,1.00,key_4,79,false
read,0.81,key_14,107,false
read,1.29,key_10,75,false
write,313.54,key_15,95,false
write,313.55,key_17,71,false
write,313.07,key_14,108,false
read,12.35,key_2,79,false
read,12.88,key_9,63,false
write,306.16,key_14,109,false
write,312.62,key_6,78,false
write,310.43,key_10,76,false
write,308.00,key_2,80,false
read,3.11,key_13,68,false
read,3.36,key_10,76,false
read,3.41,key_6,78,false
read,3.57,key_8,74,false
read,3.38,key_12,80,false
read,3.57,key_2,80,false
read,3.45,key_10,76,false
read,2.08,key_9,63,false
read,2.15,key_1,76,false
read,2.16,key_13,68,false
read,2.30,key_9,63,false
read,2.87,key_4,79,false
read,2.52,key_10,76,false
read,2.23,key_12,79,true
read,2.34,key_7,79,false
read,1.99,key_14,109,false
read,2.08,key_16,94,false
read,2.19,key_3,70,false
read,2.27,key_2,80,false
read,2.36,key_10,76,false
read,2.75,key_18,96,false
read,1.19,key_2,80,false
read,0.89,key_6,78,false
read,1.55,key_2,80,false
read,2.12,key_6,78,false
read,10.34,key_7,79,false
read,10.20,key_7,79,false
read,12.49,key_19,83,false
read,10.30,key_11,88,false
read,12.52,key_19,83,false
read,8.29,key_5,79,false
read,2.08,key_17,72,false
read,2.17,key_13,68,false
read,2.26,key_4,79,false
read,10.27,key_12,79,true
read,2.14,key_9,63,false
read,2.15,key_5,79,false
read,1.68,key_10,76,false
read,1.75,key_16,94,false
read,1.86,key_2,80,false
read,1.96,key_16,94,false
read,4.68,key_14,109,false
read,1.15,key_3,70,false
read,3.12,key_9,63,false
read,1.41,key_6,78,false
read,1.82,key_19,83,false
read,1.62,key_19,83,false
read,3.59,key_9,63,false
read,2.42,key_4,79,false
read,1.50,key_7,79,false
read,1.88,key_19,83,false
read,1.95,key_12,79,true
read,6.18,key_13,68,false
read,4.58,key_5,79,false
read,4.71,key_14,109,false
read,6.12,key_16,95,false
read,4.83,key_11,88,false
read,1.37,key_12,79,true
read,1.42,key_2,80,false
read,1.48,key_1,76,false
read,1.47,key_1,76,false
read,1.47,key_4,79,false
read,1.28,key_10,76,false
read,1.41,key_11,88,false
read,1.25,key_1,76,false
read,1.41,key_12,80,false
read,1.24,key_5,79,false
read,1.24,key_13,68,false
read,1.38,key_5,79,false
read,1.47,key_12,79,true
read,0.88,key_3,70,false
read,1.12,key_11,88,false
read,1.19,key_7,79,false
read,1.25,key_3,70,false
read,2.27,key_8,75,false
read,0.66,key_3,70,false
read,2.33,key_17,72,false
read,0.72,key_13,68,false
read,0.56,key_13,68,false
read,0.46,key_5,79,false
read,0.49,key_4,79,false
read,0.44,key_7,79,false
read,0.66,key_6,78,false
read,0.50,key_4,79,false
read,0.51,key_7,79,false
read,0.52,key_4,79,false
read,0.58,key_0,73,false
read,0.89,key_11,88,false
read,0.46,key_9,63,false
write,312.31,key_17,72,false
read,1.31,key_17,72,false
read,0.83,key_14,109,false
read,0.56,key_8,75,false
read,0.68,key_15,95,false
read,0.70,key_1,76,false
write,306.63,key_18,96,false
write,305.54,key_16,95,false
read,0.62,key_15,95,false
read,0.58,key_19,83,false
read,0.55,key_12,79,true
read,0.69,key_16,95,false
read,1.04,key_4,79,false
read,0.86,key_10,76,false
read,0.66,key_3,70,false
read,0.53,key_7,79,false
read,0.56,key_16,95,false
read,0.67,key_9,65,false
read,0.63,key_17,72,false
read,0.69,key_13,68,false
read,0.64,key_1,76,false
read,0.77,key_3,71,false
read,0.63,key_3,70,false
read,0.51,key_18,96,false
read,0.66,key_18,97,false
read,0.85,key_13,68,false
write,306.74,key_9,64,false
read,0.85,key_7,79,false
read,0.87,key_13,68,false
read,0.78,key_16,95,false
read,0.53,key_8,74,false
write,308.67,key_11,89,false
read,0.76,key_0,74,false
read,0.65,key_11,89,false
read,0.68,key_19,83,false
read,0.78,key_1,76,false
read,0.58,key_15,95,false
read,0.89,key_2,80,false
read,0.90,key_14,109,false
read,0.81,key_17,72,false
write,307.10,key_9,65,false
read,0.58,key_8,75,false
read,1.06,key_4,79,false
read,2.79,key_18,96,false
write,306.88,key_0,74,false
write,309.56,key_8,75,false
read,1.12,key_19,83,false
read,1.12,key_16,95,false
read,3.15,key_14,109,false
read,2.91,key_5,79,false
write,306.65,key_18,97,false
read,1.11,key_1,76,false
read,1.34,key_9,65,false
read,0.95,key_13,68,false
read,0.84,key_17,72,false
write,305.01,key_5,80,false
read,0.82,key_13,68,false
read,1.00,key_11,89,false
read,1.24,key_13,68,false
read,2.71,key_14,109,false
write,304.37,key_8,76,false
read,0.53,key_2,80,false
read,0.46,key_14,109,false
read,0.45,key_17,72,false
read,0.33,key_9,66,false
read,0.39,key_6,78,false
read,0.41,key_14,110,false
read,0.34,key_1,76,false
read,0.45,key_8,76,false
read,0.35,key_8,76,false
read,0.35,key_16,95,false
write,306.16,key_3,71,false
read,0.30,key_12,80,false
read,0.35,key_19,84,false
read,0.34,key_11,89,false
read,0.36,key_15,95,false
read,0.32,key_14,109,false
read,0.33,key_1,77,false
read,0.38,key_7,79,false
read,0.38,key_6,78,false
read,0.34,key_0,74,false
read,0.78,key_10,76,false
read,0.34,key_0,74,false
read,0.35,key_18,97,false
read,0.34,key_6,78,false
read,0.27,key_10,76,false
read,0.30,key_10,76,false
read,0.30,key_15,95,false
read,0.33,key_17,72,false
read,0.31,key_7,79,false
read,0.33,key_0,74,false
read,0.33,key_17,72,false
write,311.89,key_9,66,false
read,0.39,key_4,80,false
read,0.50,key_4,79,false
write,306.11,key_1,77,false
read,0.47,key_12,80,false
read,0.54,key_12,80,false
read,0.35,key_7,79,false
read,0.45,key_5,80,false
read,0.31,key_16,95,false
read,0.42,key_9,66,false
read,0.28,key_2,80,false
read,0.23,key_17,72,false
read,0.23,key_1,78,false
read,0.32,key_19,83,false
read,0.25,key_14,109,false
read,0.25,key_14,110,false
read,0.29,key_9,66,false
read,0.34,key_9,66,false
read,0.27,key_11,89,false
read,0.23,key_13,68,false
read,0.36,key_7,80,false
read,0.21,key_15,95,false
read,0.25,key_8,76,false
read,0.36,key_19,83,false
write,304.67,key_2,81,false
write,304.70,key_2,82,false
read,0.30,key_15,95,false
read,0.26,key_13,68,false
read,0.30,key_6,78,false
read,0.28,key_12,80,false
read,0.36,key_7,79,false
read,0.44,key_11,89,false
read,0.44,key_17,72,false
read,0.31,key_2,81,true
read,0.35,key_19,83,false
read,0.29,key_19,84,false
write,303.87,key_14,110,false
read,0.52,key_4,79,false
read,0.86,key_15,95,false
read,0.87,key_19,83,false
read,1.01,key_13,68,false
read,0.36,key_3,71,false
read,0.33,key_6,78,false
read,0.29,key_1,77,false
write,303.74,key_19,84,false
read,0.34,key_13,68,false
write,304.37,key_7,80,false
read,0.38,key_15,95,false
read,0.34,key_10,76,false
read,0.42,key_6,78,false
read,0.55,key_5,80,false
read,0.31,key_2,81,true
read,0.30,key_4,81,false
read,0.45,key_6,78,false
write,304.71,key_4,80,false
read,0.27,key_5,80,false
read,0.50,key_15,95,false
read,0.34,key_13,68,false
read,0.26,key_7,80,false
write,305.05,key_8,77,false
write,304.04,key_17,73,false
write,303.24,key_1,78,false
read,0.60,key_15,95,false
read,0.68,key_3,71,false
read,0.60,key_8,77,false
read,0.75,key_4,80,false
read,0.61,key_8,77,false
read,0.58,key_8,77,false
read,0.55,key_3,71,false
read,0.72,key_18,97,false
write,303.20,key_6,79,false
write,304.99,key_17,74,false
read,0.89,key_13,68,false
write,304.34,key_4,81,false
write,303.94,key_0,75,false
write,302.91,key_4,82,false
write,302.50,key_4,83,false
read,1.67,key_16,95,false
read,1.30,key_4,83,false
read,2.10,key_19,84,false
read,1.32,key_17,74,false
read,1.39,key_1,78,false
read,1.53,key_11,89,false
read,1.55,key_14,110,false
read,0.85,key_3,71,false
read,0.79,key_16,95,false
read,1.00,key_14,110,false
read,3.95,key_1,78,false
read,1.10,key_1,78,false
read,1.08,key_8,77,false
read,0.83,key_7,80,false
read,1.02,key_3,71,false
read,0.56,key_5,80,false
read,0.77,key_13,69,false
read,1.50,key_3,71,false
read,1.53,key_0,75,false
read,1.23,key_0,75,false
read,1.62,key_1,78,false
read,2.12,key_17,74,false
read,3.78,key_17,74,false
read,1.20,key_4,83,false
read,1.28,key_17,74,false
write,306.11,key_6,80,false
read,1.43,key_15,95,false
read,3.13,key_1,79,false
read,0.79,key_2,81,true
read,0.65,key_0,75,false
read,0.58,key_16,95,false
read,0.52,key_5,80,false
read,0.64,key_17,74,false
read,0.42,key_2,82,false
read,0.36,key_18,97,false
read,0.34,key_4,83,false
read,0.52,key_0,75,false
write,311.20,key_18,98,false
read,1.55,key_0,75,false
write,305.31,key_13,69,false
read,0.83,key_12,80,false
write,313.82,key_7,81,false
write,305.82,key_6,81,false
write,312.12,key_10,77,false
read,1.21,key_6,81,false
read,1.28,key_5,80,false
read,1.30,key_18,98,false
read,1.21,key_8,77,false
read,1.22,key_0,75,false
read,1.20,key_5,81,false
read,1.04,key_13,69,false
read,1.07,key_2,81,true
read,0.88,key_15,95,false
read,0.96,key_13,69,false
write,306.54,key_1,79,false
read,0.79,key_13,70,false
read,0.91,key_17,74,false
read,0.94,key_18,98,false
write,306.40,key_13,70,false
read,0.74,key_3,71,false
read,0.83,key_16,95,false
read,0.86,key_3,71,false
read,1.34,key_15,95,false
read,1.15,key_4,82,true
read,0.68,key_14,110,false
read,0.67,key_17,74,false
read,0.76,key_7,81,false
read,0.56,key_11,89,false
read,0.74,key_8,77,false
read,0.68,key_8,77,false
read,0.93,key_10,77,false
read,0.77,key_0,75,false
read,0.85,key_4,83,false
read,0.82,key_15,95,false
read,0.75,key_15,95,false
read,0.72,key_7,81,false
read,0.77,key_8,77,false
read,0.81,key_16,95,false
read,0.60,key_14,110,false
read,0.59,key_19,85,false
read,0.56,key_19,84,false
read,0.89,key_14,110,false
read,0.88,key_2,81,true
read,0.83,key_19,84,false
read,0.92,key_0,75,false
read,0.86,key_12,80,false
read,1.05,key_4,82,true
write,307.54,key_7,82,false
write,303.03,key_5,81,false
read,0.84,key_8,77,false
read,1.12,key_19,84,false
read,1.11,key_13,70,false
read,0.96,key_10,77,false
read,1.05,key_6,81,false
read,0.77,key_17,74,false
read,0.78,key_16,95,false
read,0.50,key_15,95,false
read,1.02,key_17,74,false
read,1.04,key_15,95,false
read,0.71,key_8,77,false
read,1.02,key_16,95,false
read,1.11,key_7,82,false
write,304.15,key_9,67,false
read,1.26,key_16,95,false
read,1.33,key_0,75,false
read,0.93,key_9,67,false
read,0.99,key_13,71,false
read,0.82,key_0,75,false
read,0.85,key_6,81,false
read,0.87,key_12,80,false
read,1.01,key_2,81,true
read,0.67,key_18,98,false
read,0.93,key_17,74,false
read,2.41,key_8,77,false
read,0.86,key_12,79,true
read,0.96,key_11,89,false
read,0.94,key_16,95,false
read,0.92,key_15,95,false
read,0.94,key_0,75,false
read,0.95,key_0,75,false
read,1.04,key_16,95,false
read,0.81,key_7,82,false
read,0.94,key_2,82,false
read,0.90,key_18,98,false
read,1.80,key_10,77,false
read,1.39,key_15,95,false
read,0.68,key_1,79,false
read,0.64,key_2,81,true
read,0.80,key_9,67,false
read,1.02,key_13,70,false
read,0.68,key_2,82,false
read,0.81,key_15,95,false
read,0.73,key_9,67,false
read,0.81,key_5,81,false
read,0.42,key_13,70,false
read,1.14,key_8,77,false
read,0.73,key_11,89,false
read,0.67,key_4,83,false
read,0.62,key_17,74,false
read,0.65,key_17,74,false
read,0.97,key_11,89,false
read,0.59,key_1,79,false
read,0.61,key_15,96,false
read,2.28,key_9,67,false
read,0.81,key_17,74,false
read,0.60,key_6,81,false
read,0.83,key_12,79,true
read,0.67,key_3,71,false
read,0.86,key_13,70,false
read,0.77,key_1,79,false
read,0.64,key_10,77,false
read,0.62,key_11,89,false
read,1.78,key_5,81,false
read,0.54,key_19,84,false
read,1.89,key_5,81,false
read,0.47,key_1,79,false
read,0.60,key_7,82,false
read,0.61,key_11,89,false
read,0.48,key_9,67,false
read,0.47,key_9,67,false
read,0.53,key_3,71,false
read,0.50,key_17,76,false
read,0.49,key_6,81,false
read,0.43,key_2,82,false
read,0.37,key_4,83,false
read,0.37,key_3,71,false
read,0.41,key_13,70,false
read,0.41,key_0,76,false
read,0.40,key_17,76,false
read,0.38,key_13,70,false
read,0.38,key_16,95,false
read,0.35,key_2,82,false
read,0.44,key_19,84,false
read,0.43,key_9,67,false
read,0.40,key_13,71,false
read,0.41,key_14,110,false
read,0.40,key_4,82,true
read,0.37,key_17,74,false
read,0.40,key_0,76,false
read,0.47,key_13,70,false
read,0.39,key_16,95,false
read,0.43,key_17,74,false
read,0.36,key_8,77,false
read,0.38,key_5,81,false
write,312.16,key_10,78,false
write,313.34,key_19,85,false
read,0.93,key_17,74,false
read,1.20,key_9,67,false
read,0.91,key_9,67,false
read,0.90,key_12,79,true
read,0.68,key_13,70,false
read,0.70,key_0,75,false
read,0.87,key_1,79,false
read,0.60,key_1,79,false
read,0.72,key_11,89,false
read,0.62,key_4,83,false
read,0.68,key_12,80,false
read,0.57,key_7,82,false
read,0.53,key_4,83,false
read,0.55,key_6,81,false
read,0.48,key_14,110,false
read,0.49,key_13,70,false
read,0.60,key_19,85,false
write,309.65,key_15,96,false
write,306.25,key_13,71,false
write,305.63,key_0,76,false
read,1.97,key_13,71,false
read,0.82,key_7,82,false
read,0.87,key_11,90,false
read,0.77,key_7,82,false
read,0.81,key_16,95,false
read,0.49,key_7,82,false
read,0.59,key_4,83,false
read,0.75,key_0,76,false
read,0.59,key_2,82,false
read,0.57,key_13,71,false
read,0.67,key_3,71,false
write,305.39,key_17,75,false
read,0.56,key_7,82,false
read,0.73,key_9,67,false
read,0.51,key_6,81,false
read,0.59,key_16,95,false
read,0.78,key_1,79,false
read,0.67,key_5,81,false
read,0.47,key_9,67,false
read,0.47,key_17,76,false
write,304.11,key_17,76,false
write,306.38,key_18,99,false
read,0.78,key_1,79,false
read,0.79,key_0,76,false
write,303.56,key_10,79,false
read,0.72,key_6,81,false
read,0.87,key_17,76,false
read,0.76,key_13,71,false
read,0.91,key_14,110,false
read,0.71,key_5,81,false
read,0.87,key_17,76,false
read,0.93,key_3,71,false
read,0.93,key_1,79,false
read,0.58,key_6,81,false
read,1.24,key_18,100,false
read,0.64,key_7,82,false
read,0.67,key_4,82,true
read,0.68,key_14,111,false
read,0.51,key_14,111,false
read,0.52,key_16,95,false
read,0.45,key_12,79,true
read,0.47,key_17,76,false
read,0.45,key_12,79,true
read,0.49,key_4,83,false
read,0.46,key_0,76,false
read,0.61,key_8,77,false
write,305.55,key_10,80,false
read,0.51,key_17,76,false
read,0.46,key_2,82,false
write,307.11,key_8,78,false
write,313.94,key_11,90,false
read,1.13,key_9,67,false
read,1.16,key_11,91,false
read,0.79,key_17,76,false
read,0.84,key_14,110,false
read,0.74,key_7,82,false
read,0.78,key_3,71,false
read,0.79,key_10,80,false
read,0.80,key_4,83,false
read,0.70,key_2,82,false
read,0.70,key_19,85,false
read,0.49,key_13,71,false
read,1.10,key_13,71,false
read,0.68,key_2,81,true
read,0.65,key_5,81,false
read,0.67,key_7,82,false
read,0.59,key_0,76,false
read,0.62,key_3,71,false
read,0.55,key_12,79,true
read,0.48,key_8,78,false
read,0.47,key_15,96,false
read,0.71,key_16,95,false
read,0.59,key_3,71,false
read,0.70,key_9,67,false
read,0.54,key_18,100,false
read,0.59,key_15,96,false
read,0.56,key_3,71,false
read,0.70,key_1,79,false
read,0.65,key_7,82,false
read,0.56,key_12,79,true
read,0.60,key_16,95,false
read,0.56,key_5,81,false
read,0.59,key_2,82,false
read,0.55,key_15,96,false
read,0.57,key_3,71,false
read,0.65,key_2,82,false
read,0.61,key_15,96,false
read,0.70,key_10,80,false
read,0.70,key_0,76,false
read,0.68,key_1,79,false
read,0.66,key_7,82,false
read,0.51,key_13,71,false
write,308.24,key_5,82,false
read,0.55,key_10,80,false
read,0.56,key_2,81,true
read,0.63,key_11,91,false
write,304.43,key_18,100,false
read,0.67,key_11,90,false
read,0.60,key_9,68,false
read,0.57,key_2,82,false
read,0.48,key_15,96,false
read,0.54,key_6,81,false
read,0.50,key_9,67,false
read,0.56,key_0,76,false
read,0.56,key_3,71,false
read,0.54,key_14,110,false
read,0.73,key_19,85,false
read,0.47,key_14,110,false
read,0.66,key_13,71,false
write,306.79,key_9,68,false
write,306.10,key_14,111,false
read,0.52,key_7,82,false
read,0.72,key_9,68,false
read,0.73,key_4,83,false
read,0.41,key_3,71,false
read,0.50,key_16,96,false
read,0.85,key_19,85,false
read,0.79,key_1,79,false
read,0.50,key_18,100,false
read,1.05,key_3,71,false
read,0.54,key_18,100,false
read,0.92,key_5,82,false
read,0.70,key_17,76,false
read,0.74,key_13,71,false
read,1.17,key_18,100,false
read,0.97,key_8,78,false
write,305.53,key_7,83,false
read,0.63,key_15,96,false
read,0.83,key_10,81,false
read,0.57,key_12,79,true
read,0.56,key_1,79,false
write,304.48,key_16,96,false
read,0.71,key_1,79,false
read,0.52,key_7,83,false
read,0.52,key_6,81,false
read,0.62,key_13,71,false
read,0.69,key_19,85,false
read,0.45,key_13,71,false
read,0.47,key_16,96,false
read,0.55,key_2,82,false
read,0.45,key_4,83,false
read,0.66,key_14,112,false
read,0.68,key_8,78,false
read,0.59,key_8,78,false
read,0.64,key_8,78,false
read,0.66,key_10,80,false
read,0.60,key_1,79,false
read,0.55,key_0,76,false
read,0.81,key_3,71,false
read,0.68,key_7,83,false
read,0.66,key_2,82,false
read,0.69,key_16,96,false
read,0.59,key_16,96,false
write,304.48,key_0,77,false
read,0.58,key_9,68,false
read,0.54,key_9,68,false
read,0.58,key_1,79,false
read,0.77,key_5,82,false
read,0.55,key_1,79,false
read,0.47,key_13,71,false
read,0.64,key_9,68,false
read,0.69,key_5,82,false
read,0.63,key_13,71,false
read,0.49,key_13,71,false
read,0.56,key_19,85,false
read,0.87,key_12,79,true
read,0.55,key_15,96,false
write,304.04,key_11,91,false
read,0.69,key_4,83,false
read,2.06,key_3,71,false
read,2.15,key_16,96,false
read,0.37,key_1,79,false
read,0.43,key_5,82,false
read,0.64,key_3,71,false
read,0.45,key_9,68,false
read,0.34,key_18,100,false
read,0.43,key_10,80,false
read,0.52,key_2,82,false
read,0.50,key_14,112,false
read,0.40,key_4,83,false
read,0.49,key_2,81,true
read,0.41,key_4,84,false
read,0.44,key_13,71,false
read,0.36,key_5,82,false
read,0.48,key_8,78,false
read,0.35,key_0,77,false
write,313.42,key_4,84,false
write,312.91,key_10,81,false
read,1.19,key_0,77,false
read,0.84,key_0,77,false
read,0.76,key_2,82,false
read,0.71,key_12,79,true
read,0.59,key_14,112,false
read,0.96,key_7,83,false
read,0.80,key_11,91,false
read,0.62,key_14,111,false
write,308.39,key_14,112,false
read,0.95,key_6,81,false
read,0.71,key_2,81,true
read,0.66,key_11,91,false
read,0.62,key_1,79,false
read,0.60,key_15,96,false
read,0.57,key_17,79,false
write,305.96,key_17,77,false
write,304.60,key_11,92,false
read,0.70,key_4,84,false
read,0.55,key_2,81,true
read,0.54,key_9,68,false
read,0.56,key_17,77,false
read,0.56,key_19,85,false
read,0.65,key_2,81,true
read,0.56,key_5,82,false
read,0.56,key_11,92,false
read,0.49,key_12,80,false
read,0.53,key_9,68,false
read,0.62,key_19,85,false
read,0.58,key_5,82,false
read,0.61,key_10,82,false
read,0.84,key_3,71,false
write,306.50,key_10,82,false
write,306.31,key_7,84,false
read,0.81,key_7,84,false
write,303.99,key_9,69,false
read,0.75,key_11,92,false
read,0.62,key_5,82,false
read,0.78,key_7,84,false
read,0.67,key_11,92,false
read,0.93,key_1,79,false
read,1.24,key_17,77,false
read,1.41,key_17,77,false
read,1.40,key_15,96,false
read,0.89,key_15,96,false
read,0.89,key_6,81,false
read,0.60,key_11,92,false
write,305.58,key_18,101,false
read,1.05,key_15,96,false
write,304.35,key_17,78,false
read,0.91,key_0,77,false
read,0.76,key_19,85,false
read,0.88,key_8,78,false
read,0.85,key_17,80,false
read,0.71,key_13,71,false
read,0.55,key_12,79,true
read,0.75,key_12,79,true
read,0.60,key_2,81,true
read,0.64,key_8,78,false
read,0.53,key_16,96,false
read,0.46,key_4,86,false
read,0.66,key_0,77,false
read,0.84,key_10,82,false
read,0.98,key_14,112,false
read,0.83,key_2,81,true
read,0.78,key_18,101,false
read,0.72,key_1,79,false
read,0.84,key_12,79,true
read,0.91,key_0,77,false
read,0.62,key_13,71,false
read,0.88,key_8,78,false
read,0.95,key_13,71,false
read,0.65,key_19,85,false
read,0.67,key_8,78,false
read,1.02,key_2,81,true
read,0.60,key_4,84,false
read,0.77,key_9,69,false
read,0.78,key_19,85,false
read,0.59,key_0,77,false
read,0.51,key_3,71,false
read,0.74,key_12,79,true
read,0.44,key_9,69,false
read,0.54,key_3,71,false
read,0.55,key_17,80,false
read,0.55,key_15,96,false
read,0.83,key_10,82,false
read,0.52,key_1,79,false
read,0.56,key_14,112,false
read,0.61,key_13,71,false
read,0.42,key_16,96,false
read,0.40,key_6,81,false
read,0.52,key_6,81,false
read,0.45,key_9,69,false
read,0.44,key_6,81,false
read,0.40,key_2,81,true
read,0.46,key_2,81,true
read,0.57,key_1,79,false
read,0.61,key_1,79,false
read,0.38,key_11,92,false
read,0.45,key_6,81,false
read,0.62,key_13,71,false
read,0.58,key_3,71,false
read,0.60,key_19,85,false
read,0.60,key_5,82,false
read,0.51,key_4,84,false
read,0.51,key_18,101,false
read,0.44,key_4,84,false
read,0.45,key_13,71,false
read,0.47,key_14,112,false
read,0.55,key_3,71,false
read,0.43,key_17,78,false
read,0.39,key_19,85,false
read,0.49,key_19,85,false
read,0.64,key_13,71,false
read,0.43,key_10,82,false
read,0.46,key_0,77,false
read,0.48,key_11,92,false
read,0.44,key_7,84,false
read,0.39,key_16,96,false
read,2.76,key_18,102,false
read,0.42,key_14,112,false
read,0.37,key_7,84,false
read,0.40,key_3,71,false
read,0.43,key_14,112,false
read,0.41,key_11,92,false
write,313.20,key_4,85,false
write,307.56,key_17,79,false
read,2.40,key_7,84,false
write,304.99,key_4,86,false
read,1.69,key_0,77,false
read,0.92,key_7,84,false
read,1.46,key_18,101,false
read,0.82,key_3,71,false
read,0.81,key_17,79,false
read,0.64,key_14,112,false
read,0.67,key_17,79,false
read,0.69,key_11,92,false
read,0.72,key_2,82,false
read,3.25,key_9,69,false
read,0.85,key_8,78,false
write,305.13,key_6,82,false
read,0.93,key_2,82,false
read,0.68,key_16,97,false
read,0.55,key_3,71,false
read,0.57,key_18,101,false
read,0.53,key_14,112,false
read,0.56,key_18,101,false
write,308.64,key_18,102,false
write,306.20,key_17,80,false
read,0.68,key_4,86,false
read,0.70,key_1,79,false
read,0.55,key_0,77,false
read,0.58,key_13,71,false
read,0.64,key_3,71,false
read,0.64,key_6,82,false
read,0.59,key_2,82,false
read,0.57,key_7,84,false
read,0.63,key_10,82,false
read,0.67,key_12,79,true
read,0.71,key_13,71,false
read,0.69,key_3,71,false
read,0.68,key_14,112,false
read,0.73,key_14,112,false
write,305.93,key_12,81,false
read,0.73,key_16,97,false
read,0.53,key_10,82,false
read,0.57,key_9,69,false
read,0.61,key_18,103,false
read,0.54,key_13,71,false
read,0.57,key_11,92,false
read,0.51,key_17,80,false
read,0.48,key_11,92,false
write,305.08,key_12,82,false
read,0.59,key_5,82,false
read,0.53,key_5,82,false
read,0.75,key_10,82,false
write,304.46,key_19,86,false
write,304.02,key_16,97,false
read,0.55,key_14,112,false
read,0.52,key_15,97,false
read,0.51,key_13,71,false
read,0.46,key_8,78,false
read,0.43,key_0,77,false
write,313.86,key_10,83,false
write,310.33,key_15,97,false
write,304.92,key_1,80,false
read,1.88,key_13,71,false
read,1.91,key_12,82,false
write,305.58,key_18,103,false
read,1.10,key_5,82,false
read,1.06,key_16,97,false
read,1.00,key_6,82,false
read,1.67,key_16,97,false
read,1.48,key_8,78,false
read,0.94,key_4,86,false
read,1.26,key_10,83,false
read,0.75,key_17,80,false
read,1.02,key_16,97,false
read,0.80,key_11,92,false
read,0.64,key_1,80,false
read,0.53,key_17,80,false
read,0.62,key_6,82,false
read,0.92,key_10,83,false
read,0.72,key_4,86,false
read,0.65,key_6,82,false
read,0.62,key_4,86,false
read,0.53,key_14,112,false
read,0.56,key_15,97,false
read,0.53,key_9,69,false
read,0.53,key_18,103,false
read,0.46,key_12,82,false
read,0.60,key_2,81,true
read,0.50,key_11,93,false
read,0.60,key_14,112,false
read,0.49,key_14,112,false
read,0.56,key_1,80,false
read,0.48,key_18,103,false
read,0.59,key_15,97,false
read,0.63,key_16,97,false
read,0.45,key_11,92,false
read,0.52,key_18,103,false
write,306.39,key_5,83,false
read,0.63,key_2,83,false
write,307.52,key_8,79,false
read,0.57,key_2,81,true
read,0.59,key_5,84,false
read,0.51,key_3,71,false
write,304.27,key_5,84,false
read,0.74,key_15,97,false
read,0.71,key_16,97,false
read,0.50,key_18,104,false
read,0.47,key_1,80,false
read,0.59,key_9,69,false
read,0.67,key_12,82,false
read,0.56,key_18,103,false
read,1.10,key_2,83,false
read,0.60,key_6,82,false
read,0.52,key_3,71,false
write,303.97,key_11,93,false
read,0.52,key_7,84,false
read,0.51,key_14,112,false
read,0.54,key_18,103,false
read,0.58,key_8,79,false
write,304.35,key_2,83,false
read,0.58,key_11,93,false
read,0.67,key_6,82,false
read,0.57,key_7,84,false
read,0.47,key_2,83,false
read,0.57,key_14,112,false
read,0.54,key_19,86,false
read,0.57,key_13,71,false
read,0.56,key_0,77,false
read,0.59,key_14,112,false
read,0.45,key_18,103,false
read,0.55,key_6,82,false
read,0.38,key_19,88,false
read,1.44,key_0,77,false
read,0.55,key_7,84,false
read,0.58,key_5,84,false
read,0.48,key_2,83,false
read,0.48,key_12,82,false
read,0.53,key_10,83,false
read,0.53,key_16,97,false
read,0.47,key_0,77,false
read,0.42,key_10,83,false
read,0.39,key_17,80,false
read,0.37,key_17,80,false
read,0.42,key_14,112,false
write,304.33,key_19,87,false
read,0.47,key_17,80,false
read,0.39,key_2,83,false
write,314.25,key_18,104,false
write,305.23,key_1,81,false
write,311.25,key_15,98,false
read,1.83,key_3,71,false
read,0.84,key_15,98,false
read,0.75,key_5,84,false
read,0.60,key_13,71,false
read,0.64,key_17,81,false
read,0.70,key_17,80,false
read,0.68,key_13,72,false
read,0.67,key_1,81,false
read,0.61,key_8,79,false
read,0.52,key_1,81,false
read,0.53,key_15,99,false
read,0.60,key_5,84,false
read,0.59,key_9,70,false
read,0.72,key_3,71,false
write,306.05,key_17,81,false
write,304.52,key_6,83,false
read,0.91,key_17,81,false
write,304.66,key_19,88,false
read,0.73,key_10,83,false
read,0.79,key_8,79,false
read,0.69,key_7,84,false
read,0.67,key_8,79,false
read,0.49,key_5,84,false
read,0.53,key_3,71,false
read,0.59,key_5,84,false
read,0.53,key_13,71,false
read,0.68,key_13,72,false
read,0.60,key_13,71,false
read,0.78,key_16,97,false
read,0.78,key_0,77,false
read,0.80,key_15,98,false
read,0.60,key_12,83,false
read,0.60,key_3,71,false
read,0.68,key_13,71,false
read,0.62,key_8,79,false
read,0.78,key_16,97,false
read,0.78,key_3,71,false
read,0.65,key_13,72,false
read,0.67,key_18,104,false
read,0.67,key_7,84,false
read,0.71,key_19,88,false
read,0.49,key_4,87,false
read,0.53,key_5,84,false
write,305.47,key_14,113,false
read,1.02,key_12,82,false
read,0.68,key_17,81,false
read,0.98,key_7,84,false
read,1.08,key_16,97,false
read,0.65,key_12,82,false
read,0.71,key_9,70,false
read,0.67,key_10,83,false
read,0.73,key_17,81,false
read,0.57,key_7,84,false
read,0.75,key_19,88,false
read,0.78,key_15,99,false
read,0.62,key_3,71,false
read,0.47,key_19,88,false
read,0.49,key_10,83,false
read,0.57,key_19,88,false
read,0.68,key_16,97,false
read,0.54,key_19,88,false
read,0.67,key_6,84,false
read,0.69,key_4,86,false
read,0.68,key_9,69,false
read,0.58,key_13,71,false
read,0.66,key_6,84,false
read,1.03,key_10,83,false
write,305.69,key_4,87,false
read,1.05,key_5,84,false
write,303.70,key_9,70,false
read,0.76,key_12,82,false
write,303.74,key_15,99,false
read,0.80,key_19,88,false
read,0.87,key_13,71,false
read,0.55,key_11,93,false
read,0.56,key_10,83,false
read,0.76,key_16,97,false
read,0.87,key_0,77,false
read,0.62,key_4,87,false
read,0.70,key_12,83,false
read,1.08,key_7,84,false
read,1.68,key_11,93,false
read,0.90,key_1,81,false
read,0.97,key_7,84,false
read,0.92,key_14,113,false
read,1.94,key_9,70,false
read,0.51,key_14,113,false
read,1.56,key_5,84,false
read,0.40,key_1,81,false
read,0.40,key_6,83,false
read,1.45,key_1,81,false
read,0.37,key_9,70,false
read,0.64,key_3,71,false
read,0.41,key_3,71,false
read,0.49,key_4,87,false
read,0.42,key_6,83,false
read,0.41,key_8,79,false
read,0.47,key_8,80,false
write,307.29,key_6,84,false
write,318.27,key_13,72,false
write,318.27,key_12,83,false
read,2.27,key_17,81,false
read,2.29,key_9,70,false
read,2.35,key_7,84,false
read,0.95,key_15,99,false
read,0.89,key_11,93,false
read,1.75,key_0,77,false
read,0.86,key_9,70,false
read,0.77,key_4,87,false
read,1.07,key_13,72,false
read,0.74,key_2,84,false
read,0.69,key_17,81,false
read,0.76,key_6,84,false
read,0.84,key_3,71,false
read,0.70,key_10,83,false
write,307.17,key_19,89,false
read,0.86,key_1,81,false
read,0.79,key_15,99,false
read,0.70,key_16,97,false
write,305.42,key_18,105,false
read,0.82,key_15,99,false
read,0.53,key_0,77,false
read,0.62,key_8,79,false
read,0.62,key_4,87,false
read,0.76,key_11,93,false
read,0.72,key_8,79,false
read,0.71,key_15,99,false
read,0.58,key_7,84,false
read,0.66,key_11,93,false
read,1.02,key_9,70,false
read,0.49,key_14,113,false
read,1.19,key_17,81,false
write,304.25,key_18,106,false
write,304.35,key_14,114,false
write,303.97,key_8,80,false
write,305.20,key_12,84,false
read,0.67,key_15,99,false
read,0.81,key_7,84,false
read,0.84,key_10,83,false
read,0.74,key_18,106,false
read,0.75,key_18,106,false
read,0.83,key_14,114,false
read,0.79,key_17,81,false
read,0.89,key_4,87,false
read,0.79,key_15,99,false
read,0.79,key_13,72,false
read,0.86,key_7,84,false
read,0.66,key_4,87,false
read,0.93,key_14,114,false
read,0.87,key_6,84,false
read,0.91,key_13,72,false
read,0.57,key_8,80,false
read,0.55,key_0,77,false
read,0.70,key_16,97,false
read,0.71,key_10,83,false
read,0.77,key_8,81,false
read,0.75,key_8,80,false
read,0.58,key_17,81,false
read,0.58,key_17,81,false
read,0.58,key_5,84,false
read,0.57,key_1,81,false
read,0.60,key_14,114,false
read,0.60,key_14,114,false
write,303.74,key_2,84,false
read,0.69,key_11,93,false
read,0.77,key_10,83,false
read,0.91,key_12,84,false
read,0.89,key_3,71,false
read,0.70,key_12,84,false
read,0.79,key_5,84,false
read,0.73,key_15,99,false
read,1.16,key_18,106,false
read,0.94,key_2,84,false
read,0.84,key_10,83,false
read,0.69,key_2,84,false
read,0.83,key_13,72,false
read,0.96,key_9,70,false
read,0.59,key_4,87,false
read,0.47,key_4,87,false
read,0.51,key_19,89,false
read,0.61,key_15,99,false
read,0.58,key_15,99,false
read,0.60,key_6,84,false
read,0.78,key_12,84,false
read,0.62,key_9,70,false
read,0.57,key_17,81,false
read,0.46,key_8,80,false
read,0.49,key_9,70,false
read,0.42,key_9,70,false
read,1.94,key_9,70,false
read,0.53,key_4,87,false
read,1.07,key_14,114,false
read,0.55,key_9,70,false
read,0.56,key_13,72,false
read,0.51,key_0,77,false
read,0.54,key_13,72,false
read,0.55,key_14,114,false
read,0.43,key_10,84,false
write,313.17,key_0,78,false
write,307.24,key_12,85,false
write,306.73,key_0,79,false
read,2.09,key_11,93,false
read,2.22,key_17,82,false
read,3.05,key_19,89,false
write,309.55,key_8,81,false
write,305.50,key_17,82,false
write,306.39,key_12,86,false
read,1.90,key_17,82,false
read,1.09,key_12,86,false
read,1.99,key_9,70,false
read,1.27,key_16,97,false
read,1.47,key_10,83,false
read,1.57,key_10,83,false
read,1.60,key_17,82,false
read,1.10,key_10,83,false
read,1.55,key_18,106,false
read,1.10,key_2,84,false
read,1.27,key_4,87,false
read,1.20,key_6,84,false
read,1.27,key_12,86,false
read,1.54,key_4,87,false
read,1.68,key_4,87,false
read,1.98,key_10,84,false
read,3.32,key_5,84,false
read,2.19,key_11,93,false
write,305.92,key_15,100,false
write,303.59,key_10,84,false
read,1.27,key_6,84,false
read,1.81,key_2,84,false
read,1.88,key_6,84,false
read,1.40,key_2,84,false
read,1.72,key_6,84,false
read,1.56,key_4,87,false
read,1.50,key_2,84,false
read,1.73,key_19,89,false
read,1.68,key_10,84,false
read,2.14,key_19,89,false
read,1.35,key_15,100,false
read,4.67,key_3,71,false
read,4.52,key_11,93,false
read,1.92,key_14,114,false
read,2.54,key_14,114,false
write,305.43,key_18,107,false
write,304.61,key_9,71,false
read,2.70,key_11,93,false
read,1.31,key_10,84,false
read,2.73,key_11,93,false
read,2.21,key_15,100,false
read,1.08,key_1,81,false
read,1.11,key_17,82,false
read,1.30,key_14,114,false
read,1.40,key_7,84,false
read,3.82,key_14,115,false
read,1.95,key_7,84,false
read,1.02,key_0,79,false
read,1.05,key_14,115,false
read,0.69,key_5,84,false
read,2.55,key_13,72,false
read,0.85,key_2,84,false
read,2.02,key_18,107,false
read,0.68,key_11,93,false
read,0.53,key_10,84,false
read,0.59,key_19,89,false
read,0.59,key_16,97,false
read,0.77,key_8,81,false
read,1.85,key_15,100,false
read,0.84,key_10,84,false
read,0.97,key_17,82,false
read,1.11,key_4,87,false
read,0.79,key_10,85,false
read,1.18,key_18,107,false
read,0.72,key_8,81,false
read,0.69,key_14,114,false
read,0.59,key_7,84,false
read,0.52,key_13,72,false
read,0.54,key_11,93,false
read,0.62,key_11,93,false
read,0.57,key_9,71,false
read,0.70,key_19,89,false
read,0.82,key_8,81,false
read,0.66,key_15,100,false
read,1.44,key_2,84,false
read,0.79,key_4,87,false
read,0.69,key_14,114,false
read,0.50,key_18,107,false
read,0.58,key_11,93,false
read,0.64,key_9,71,false
read,0.72,key_17,82,false
read,0.56,key_8,81,false
read,0.43,key_6,84,false
read,0.77,key_11,93,false
read,0.61,key_14,114,false
read,0.61,key_18,107,false
read,0.62,key_8,81,false
read,0.46,key_17,83,false
read,0.53,key_8,81,false
read,0.57,key_11,93,false
read,0.72,key_2,84,false
read,0.64,key_10,84,false
read,0.61,key_18,107,false
read,0.54,key_9,71,false
read,0.57,key_10,84,false
read,0.64,key_13,72,false
read,0.66,key_7,84,false
read,0.50,key_8,81,false
read,0.50,key_17,82,false
read,0.58,key_2,84,false
read,0.64,key_8,81,false
read,0.84,key_1,81,false
read,0.78,key_10,84,false
read,0.70,key_9,71,false
read,0.61,key_18,107,false
read,0.57,key_16,97,false
read,0.58,key_9,71,false
read,0.53,key_3,71,false
read,0.41,key_17,82,false
read,0.42,key_17,82,false
read,0.57,key_16,97,false
read,0.42,key_7,84,false
read,0.47,key_10,84,false
read,0.56,key_3,71,false
read,0.46,key_1,81,false
read,0.31,key_9,71,false
read,0.39,key_1,81,false
write,310.38,key_6,85,false
read,0.99,key_2,84,false
read,0.91,key_5,84,false
read,0.90,key_4,87,false
read,0.96,key_12,86,false
read,1.13,key_15,100,false
write,308.59,key_14,115,false
write,306.96,key_10,85,false
read,1.29,key_4,87,false
write,306.16,key_17,83,false
read,0.97,key_19,89,false
write,305.18,key_5,85,false
read,1.53,key_8,81,false
read,1.16,key_1,81,false
read,1.27,key_12,86,false
read,0.86,key_13,72,false
read,1.51,key_11,93,false
read,0.94,key_13,72,false
read,1.14,key_15,101,false
read,1.13,key_8,81,false
read,0.57,key_5,85,false
read,0.61,key_8,81,false
write,305.35,key_4,88,false
read,0.81,key_3,71,false
read,0.79,key_8,81,false
read,0.68,key_1,81,false
read,0.65,key_7,84,false
read,0.77,key_6,85,false
read,0.74,key_6,85,false
read,0.57,key_17,83,false
read,0.74,key_5,85,false
read,0.75,key_12,86,false
read,0.64,key_13,72,false
read,0.76,key_15,100,false
read,0.60,key_3,71,false
read,0.67,key_8,81,false
read,0.62,key_17,83,false
read,0.54,key_9,71,false
read,0.57,key_8,82,false
read,0.64,key_1,81,false
read,0.52,key_15,100,false
read,0.72,key_0,79,false
write,304.76,key_17,84,false
read,0.74,key_3,71,false
read,1.85,key_11,94,false
write,304.33,key_8,82,false
read,0.65,key_4,88,false
read,0.74,key_5,85,false
read,0.84,key_15,100,false
write,304.25,key_17,85,false
write,303.74,key_15,101,false
read,0.81,key_15,101,false
read,0.56,key_10,85,false
read,0.72,key_1,81,false
read,0.66,key_12,86,false
read,1.25,key_9,71,false
read,0.52,key_7,84,false
read,0.50,key_1,81,false
read,0.60,key_18,107,false
read,0.57,key_6,85,false
read,0.73,key_8,82,false
read,0.72,key_1,81,false
read,0.49,key_9,71,false
read,0.52,key_7,84,false
read,0.56,key_16,97,false
read,0.58,key_3,71,false
read,0.63,key_0,79,false
read,0.48,key_8,82,false
read,0.44,key_11,93,false
read,0.50,key_13,72,false
read,2.12,key_4,88,false
read,0.50,key_13,72,false
write,318.87,key_17,87,false
write,310.57,key_11,94,false
write,311.10,key_2,85,false
write,319.70,key_17,86,false
write,317.00,key_5,86,false
write,308.85,key_10,86,false
write,308.33,key_12,87,false
read,4.87,key_15,101,false
read,4.70,key_18,107,false
write,304.73,key_1,82,false
read,2.89,key_4,88,false
write,310.01,key_0,80,false
write,309.42,key_12,88,false
read,7.66,key_0,80,false
read,1.12,key_15,101,false
read,2.99,key_14,115,false
read,1.70,key_10,86,false
read,1.20,key_16,97,false
read,1.71,key_1,82,false
read,0.91,key_15,101,false
read,0.94,key_18,107,false
read,0.91,key_13,72,false
read,1.03,key_12,88,false
read,4.02,key_4,88,false
read,1.02,key_1,82,false
read,1.23,key_16,97,false
read,1.19,key_10,86,false
read,1.44,key_6,85,false
read,1.38,key_19,89,false
read,1.49,key_15,101,false
read,1.37,key_1,82,false
read,1.37,key_5,87,false
read,1.49,key_16,97,false
read,1.40,key_0,80,false
read,1.34,key_6,85,false
read,0.82,key_6,85,false
read,0.89,key_0,80,false
read,1.13,key_15,101,false
read,0.87,key_9,71,false
read,1.21,key_6,85,false
read,0.81,key_5,87,false
read,0.82,key_2,85,false
read,0.75,key_11,94,false
read,0.75,key_14,115,false
read,1.83,key_11,94,false
read,1.86,key_3,72,false
read,1.49,key_5,87,false
read,0.61,key_13,72,false
read,0.59,key_17,87,false
read,1.85,key_6,85,false
read,0.44,key_13,72,false
write,309.14,key_4,89,false
write,317.96,key_5,87,false
write,305.18,key_10,87,false
write,310.27,key_1,83,false
write,314.89,key_0,81,false
write,317.55,key_3,72,false
write,305.55,key_9,72,false
read,1.75,key_6,85,false
read,1.74,key_4,89,false
read,1.94,key_17,87,false
read,1.83,key_17,87,false
read,1.92,key_1,83,false
read,1.43,key_15,101,false
read,1.50,key_5,87,false
read,1.51,key_8,82,false
read,1.44,key_14,115,false
write,305.92,key_11,95,false
write,305.62,key_6,86,false
read,1.00,key_2,86,false
read,1.03,key_11,95,false
read,2.50,key_15,101,false
read,0.54,key_0,81,false
read,1.01,key_0,81,false
read,0.97,key_18,107,false
read,0.58,key_4,89,false
read,1.80,key_8,82,false
write,305.57,key_2,86,false
read,0.80,key_8,82,false
read,0.62,key_8,82,false
read,0.64,key_15,103,false
read,0.72,key_2,86,false
read,0.70,key_7,84,false
read,0.48,key_18,107,false
read,0.88,key_0,81,false
read,0.40,key_12,88,false
read,0.47,key_19,89,false
read,0.47,key_5,87,false
read,0.50,key_15,101,false
read,0.57,key_14,115,false
read,0.55,key_12,88,false
read,0.66,key_12,88,false
read,0.64,key_4,89,false
read,1.22,key_14,115,false
read,0.73,key_1,84,false
read,0.56,key_12,88,false
read,0.61,key_4,89,false
read,0.52,key_14,115,false
read,0.56,key_5,87,false
read,0.36,key_19,89,false
read,0.42,key_16,97,false
read,0.42,key_11,95,false
read,0.44,key_2,86,false
read,0.45,key_1,83,false
read,0.57,key_4,89,false
read,0.32,key_8,82,false
read,0.34,key_8,82,false
read,0.41,key_12,88,false
read,0.31,key_0,81,false
read,0.34,key_10,87,false
read,0.60,key_6,86,false
read,1.85,key_9,72,false
read,0.64,key_12,88,false
read,0.43,key_0,81,false
read,0.29,key_11,95,false
read,0.28,key_8,82,false
read,0.29,key_1,83,false
read,0.25,key_6,86,false
read,0.45,key_1,83,false
read,0.53,key_7,84,false
read,0.28,key_11,96,false
read,0.32,key_5,87,false
read,0.23,key_13,72,false
read,0.28,key_9,72,false
read,0.30,key_15,101,false
read,0.25,key_18,107,false
read,0.24,key_17,87,false
write,312.62,key_15,103,false
write,310.37,key_2,88,false
write,310.89,key_16,98,false
write,307.67,key_7,85,false
write,310.54,key_2,87,false
write,316.17,key_15,102,false
write,316.18,key_1,84,false
write,307.64,key_11,96,false
read,2.96,key_11,96,false
read,3.05,key_12,88,false
read,3.06,key_5,87,false
write,306.02,key_4,90,false
read,3.29,key_10,87,false
write,305.38,key_17,88,false
read,3.27,key_11,96,false
read,2.24,key_14,115,false
read,1.99,key_17,88,false
read,2.01,key_2,88,false
read,2.31,key_4,90,false
read,2.30,key_14,115,false
read,2.36,key_17,88,false
read,2.16,key_7,85,false
read,1.44,key_14,115,false
read,1.45,key_13,72,false
read,1.38,key_0,81,false
read,6.58,key_8,82,false
read,1.37,key_13,72,false
read,6.78,key_3,72,false
read,6.91,key_19,89,false
read,1.41,key_1,84,false
read,1.59,key_15,102,true
read,1.24,key_3,72,false
read,1.11,key_4,90,false
read,1.33,key_2,87,true
read,1.34,key_17,88,false
read,1.43,key_9,72,false
read,1.35,key_9,72,false
read,1.38,key_16,98,false
read,0.92,key_0,81,false
read,3.79,key_1,84,false
read,1.60,key_19,89,false
read,1.62,key_13,72,false
read,2.91,key_6,86,false
read,1.66,key_9,72,false
read,1.87,key_4,90,false
read,1.68,key_12,88,false
read,2.02,key_14,115,false
read,1.42,key_1,84,false
read,1.42,key_9,72,false
read,1.62,key_12,88,false
read,2.58,key_8,82,false
read,1.51,key_14,115,false
read,1.54,key_1,84,false
read,1.02,key_15,102,true
read,3.38,key_13,72,false
read,3.84,key_5,87,false
read,1.76,key_7,85,false
read,1.31,key_18,107,false
read,1.46,key_19,89,false
read,7.82,key_2,88,false
read,0.93,key_13,72,false
read,3.42,key_10,87,false
read,1.04,key_16,98,false
read,0.99,key_2,88,false
read,2.50,key_14,115,false
read,0.95,key_13,72,false
read,0.93,key_19,89,false
read,3.44,key_1,84,false
read,0.82,key_16,98,false
read,1.45,key_15,102,true
read,0.79,key_17,88,false
read,0.90,key_19,89,false
read,0.82,key_16,98,false
read,1.24,key_8,82,false
read,0.76,key_17,88,false
read,1.55,key_17,88,false
read,0.79,key_6,86,false
read,0.75,key_5,87,false
read,1.94,key_12,88,false
read,0.79,key_2,88,false
read,0.87,key_0,81,false
read,0.61,key_2,88,false
read,0.71,key_14,115,false
read,2.23,key_15,103,false
read,0.81,key_3,72,false
read,2.33,key_12,89,false
read,1.83,key_19,89,false
read,0.51,key_16,98,false
read,0.56,key_15,102,true
read,0.48,key_2,88,false
read,0.57,key_15,102,true
read,0.46,key_3,72,false
read,0.46,key_18,107,false
read,0.45,key_9,72,false
read,0.47,key_1,84,false
read,0.43,key_7,85,false
read,0.39,key_8,82,false
read,0.38,key_19,89,false
write,307.06,key_5,88,false
write,314.69,key_12,89,false
write,307.59,key_4,91,false
write,316.57,key_11,97,false
write,311.21,key_6,87,false
write,312.16,key_18,108,false
read,3.74,key_19,89,false
read,3.81,key_6,87,false
write,306.87,key_10,88,false
read,3.43,key_16,98,false
write,307.99,key_7,86,false
read,3.87,key_5,88,false
write,308.02,key_19,90,false
read,3.84,key_5,88,false
write,304.32,key_7,87,false
read,2.64,key_0,81,false
read,2.79,key_1,84,false
read,2.87,key_0,81,false
read,2.94,key_9,72,false
read,3.01,key_5,88,false
read,2.99,key_3,72,false
read,4.14,key_19,90,false
read,1.53,key_10,88,false
read,1.39,key_18,108,false
read,1.48,key_5,88,false
read,1.25,key_15,102,true
read,1.72,key_16,98,false
read,1.34,key_0,81,false
read,5.09,key_16,98,false
read,0.88,key_13,72,false
read,0.93,key_9,72,false
read,1.00,key_13,72,false
read,1.44,key_1,84,false
read,1.36,key_10,88,false
read,1.47,key_15,102,true
read,1.14,key_9,72,false
read,1.36,key_6,87,false
read,0.83,key_9,72,false
read,0.88,key_9,72,false
read,3.06,key_7,87,false
read,1.20,key_10,88,false
read,1.68,key_3,72,false
read,2.41,key_5,88,false
read,1.02,key_17,88,false
read,1.99,key_7,87,false
read,1.00,key_2,88,false
read,0.76,key_6,87,false
read,1.02,key_6,87,false
read,2.54,key_6,87,false
read,2.86,key_13,72,false
read,0.68,key_17,88,false
read,0.71,key_8,82,false
read,2.05,key_3,72,false
read,0.59,key_15,102,true
read,0.68,key_6,87,false
read,0.63,key_4,91,false
read,0.77,key_18,108,false
read,0.62,key_1,84,false
read,0.58,key_1,84,false
read,0.60,key_11,97,false
read,0.63,key_9,72,false
read,0.64,key_15,103,false
read,0.56,key_2,87,true
read,0.47,key_0,81,false
read,0.56,key_3,72,false
read,0.62,key_4,91,false
read,0.48,key_9,72,false
read,0.60,key_10,88,false
read,0.55,key_19,90,false
read,0.49,key_6,87,false
read,0.43,key_0,81,false
read,0.50,key_3,72,false
read,0.45,key_6,87,false
read,0.51,key_5,88,false
read,0.46,key_10,88,false
read,0.52,key_19,90,false
read,0.43,key_6,87,false
read,0.52,key_6,87,false
read,0.45,key_1,84,false
read,0.53,key_6,87,false
read,0.43,key_18,108,false
read,0.50,key_16,98,false
write,306.64,key_11,98,false
write,315.94,key_19,91,false
write,306.88,key_14,116,false
write,309.47,key_8,83,false
read,0.73,key_4,91,false
read,0.70,key_18,108,false
read,0.65,key_19,91,false
read,0.61,key_7,87,false
read,0.69,key_11,98,false
write,307.01,key_18,109,false
read,1.24,key_8,83,false
read,0.76,key_5,89,false
read,1.75,key_9,72,false
write,308.18,key_4,92,false
read,3.15,key_5,88,false
read,2.54,key_18,109,false
write,307.41,key_5,89,false
read,0.42,key_14,116,false
read,0.73,key_1,84,false
read,1.68,key_3,72,false
read,1.58,key_7,87,false
write,306.71,key_4,93,false
read,1.85,key_19,91,false
read,0.31,key_2,88,false
read,0.44,key_17,88,false
read,0.42,key_8,83,false
read,0.36,key_15,102,true
read,0.57,key_8,83,false
read,0.57,key_4,93,false
read,0.46,key_14,116,false
read,0.59,key_1,84,false
read,0.61,key_12,89,false
read,0.50,key_3,72,false
read,0.47,key_1,85,false
read,0.47,key_17,88,false
read,0.45,key_8,83,false
read,0.48,key_17,88,false
read,0.56,key_1,84,false
write,303.82,key_5,90,false
read,0.49,key_8,83,false
read,0.59,key_11,98,false
read,0.35,key_15,103,false
read,0.30,key_12,89,false
read,0.51,key_19,91,false
read,0.30,key_0,81,false
read,0.46,key_18,109,false
read,0.33,key_5,90,false
read,0.30,key_7,87,false
read,0.24,key_18,109,false
read,0.35,key_18,109,false
read,0.35,key_8,83,false
read,0.34,key_12,89,false
read,0.37,key_14,116,false
read,0.39,key_8,83,false
read,0.29,key_15,102,true
read,0.31,key_11,98,false
read,0.29,key_14,116,false
read,0.33,key_18,109,false
read,0.32,key_10,88,false
read,0.44,key_1,85,false
read,0.48,key_0,81,false
write,304.49,key_5,91,false
read,0.27,key_3,72,false
read,0.27,key_6,87,false
read,0.24,key_8,83,false
read,0.25,key_15,102,true
read,0.25,key_12,89,false
read,0.24,key_19,91,false
read,0.25,key_0,81,false
read,0.22,key_12,89,false
write,307.32,key_14,117,false
write,311.62,key_7,88,false
write,313.31,key_1,85,false
write,316.32,key_4,94,false
write,308.32,key_19,92,false
write,310.72,key_2,89,false
write,318.07,key_3,73,false
write,308.10,key_5,92,false
write,318.56,key_6,88,false
read,3.56,key_14,117,false
read,3.64,key_11,98,false
read,3.65,key_11,98,false
write,306.07,key_1,86,false
read,3.90,key_11,98,false
read,3.76,key_4,94,false
read,4.01,key_9,72,false
read,4.16,key_12,89,false
read,5.21,key_16,98,false
read,1.61,key_15,102,true
read,1.40,key_12,89,false
read,1.82,key_6,88,false
read,2.17,key_14,117,false
read,1.91,key_9,72,false
read,2.27,key_13,72,false
read,5.80,key_13,72,false
read,2.02,key_11,98,false
read,0.89,key_14,117,false
read,1.49,key_15,102,true
read,1.13,key_12,89,false
read,1.24,key_2,89,false
read,2.01,key_16,98,false
read,1.35,key_2,89,false
read,1.58,key_19,92,false
read,1.79,key_18,109,false
read,1.13,key_7,88,false
read,1.78,key_7,88,false
read,1.79,key_10,88,false
read,1.39,key_19,92,false
read,1.23,key_13,72,false
read,1.28,key_5,92,false
read,1.34,key_0,81,false
read,1.29,key_1,86,false
read,1.28,key_6,88,false
read,0.94,key_14,117,false
read,0.97,key_18,109,false
read,0.93,key_3,73,false
read,1.04,key_10,88,false
read,1.03,key_12,89,false
read,0.95,key_17,88,false
read,1.07,key_4,94,false
read,1.02,key_2,89,false
read,1.07,key_3,73,false
read,0.84,key_10,88,false
read,0.88,key_0,81,false
read,0.85,key_1,86,false
read,1.84,key_5,92,false
read,1.03,key_6,88,false
read,1.11,key_5,92,false
read,1.05,key_16,98,false
read,0.73,key_12,89,false
read,0.75,key_15,102,true
read,1.07,key_14,117,false
read,0.55,key_9,72,false
read,0.65,key_5,92,false
read,0.50,key_18,109,false
read,1.50,key_12,89,false
read,0.58,key_3,73,false
read,0.55,key_0,81,false
read,0.59,key_18,110,false
read,0.47,key_10,88,false
read,0.42,key_2,89,false
read,0.52,key_17,88,false
read,0.51,key_13,73,false
read,0.47,key_17,88,false
read,0.52,key_0,81,false
read,0.47,key_16,98,false
read,0.49,key_8,83,false
read,0.75,key_1,86,false
read,0.51,key_12,89,false
read,0.48,key_2,89,false
read,0.55,key_14,117,false
write,309.80,key_7,89,false
write,310.76,key_18,110,false
write,312.62,key_13,73,false
write,309.25,key_11,99,false
write,310.68,key_8,84,false
write,305.60,key_16,99,false
read,3.06,key_18,110,false
read,3.05,key_5,92,false
read,2.93,key_18,110,false
read,3.07,key_6,88,false
write,306.28,key_3,74,false
write,305.57,key_8,85,false
read,0.84,key_17,88,false
read,1.62,key_4,94,false
read,1.62,key_18,110,false
read,1.73,key_16,99,false
read,1.68,key_18,110,false
read,2.22,key_9,72,false
read,1.46,key_8,85,false
read,1.09,key_14,117,false
read,1.26,key_19,92,false
write,304.44,key_0,82,false
read,0.93,key_12,89,false
read,1.03,key_2,89,false
read,1.07,key_7,89,false
read,0.82,key_14,117,false
read,0.84,key_10,88,false
read,0.90,key_2,89,false
read,0.81,key_13,73,false
read,0.78,key_18,110,false
read,0.75,key_0,82,false
read,0.55,key_6,88,false
read,0.53,key_10,88,false
read,0.58,key_19,92,false
read,0.73,key_1,86,false
read,0.60,key_16,99,false
read,0.56,key_18,110,false
read,0.49,key_19,92,false
read,2.30,key_0,82,false
write,307.11,key_15,104,false
read,0.48,key_8,85,false
read,0.58,key_6,90,false
read,0.51,key_5,92,false
read,0.59,key_3,74,false
read,0.58,key_7,89,false
read,0.45,key_14,117,false
read,0.43,key_8,85,false
read,0.45,key_5,92,false
read,0.41,key_3,74,false
read,0.43,key_18,110,false
read,0.49,key_17,88,false
read,0.47,key_16,99,false
read,0.47,key_14,117,false
read,0.46,key_11,99,false
read,0.42,key_10,88,false
read,0.47,key_6,88,false
read,0.45,key_14,117,false
read,0.44,key_15,104,false
write,310.80,key_6,89,false
write,311.96,key_19,93,false
write,312.19,key_14,118,false
write,316.97,key_10,89,false
write,310.85,key_6,90,false
write,317.01,key_13,74,false
write,308.35,key_16,100,false
write,305.82,key_15,105,false
write,307.62,key_11,100,false
read,2.13,key_18,110,false
read,2.52,key_16,100,false
read,2.30,key_5,92,false
read,2.38,key_9,72,false
read,3.11,key_13,75,false
read,3.06,key_7,89,false
read,2.18,key_4,94,false
read,3.05,key_18,110,false
read,2.21,key_13,74,false
read,2.29,key_12,89,false
read,1.83,key_0,82,false
read,3.12,key_17,88,false
read,1.81,key_15,105,false
read,0.93,key_7,89,false
read,1.09,key_7,89,false
read,1.07,key_7,89,false
read,1.18,key_18,110,false
read,1.21,key_14,118,false
read,1.26,key_10,89,false
read,0.91,key_18,110,false
read,0.94,key_6,90,false
read,0.98,key_4,94,false
read,0.97,key_1,86,false
read,0.95,key_0,82,false
read,2.49,key_9,72,false
read,0.81,key_16,100,false
read,1.11,key_3,74,false
read,1.10,key_19,93,false
read,1.06,key_12,90,false
read,1.05,key_13,74,false
read,0.77,key_1,86,false
read,0.77,key_13,74,false
read,0.97,key_11,100,false
read,0.66,key_5,92,false
read,1.52,key_0,82,false
read,0.73,key_3,74,false
read,2.53,key_16,101,false
write,306.25,key_13,75,false
read,0.99,key_19,93,false
read,0.60,key_4,94,false
read,3.45,key_15,105,false
read,0.88,key_7,89,false
read,0.76,key_3,74,false
read,0.83,key_16,100,false
read,0.76,key_7,89,false
read,0.79,key_10,89,false
read,0.79,key_12,89,false
read,0.64,key_15,105,false
read,0.47,key_2,90,false
read,0.59,key_15,105,false
read,0.61,key_13,75,false
read,0.65,key_17,88,false
read,0.60,key_14,118,false
read,0.77,key_8,85,false
read,0.69,key_11,101,false
read,0.97,key_1,87,false
read,0.71,key_7,89,false
read,0.80,key_13,75,false
read,0.65,key_13,75,false
read,0.71,key_18,110,false
read,0.58,key_10,89,false
read,0.60,key_18,110,false
read,0.62,key_19,93,false
read,0.67,key_1,86,false
read,0.58,key_18,110,false
read,0.64,key_6,90,false
read,0.53,key_1,86,false
read,0.53,key_16,100,false
read,0.42,key_8,85,false
read,0.49,key_12,89,false
read,0.46,key_11,100,false
read,0.52,key_5,92,false
read,0.62,key_5,92,false
read,0.72,key_6,91,false
read,0.44,key_6,90,false
read,0.40,key_4,94,false
read,0.49,key_17,88,false
read,0.56,key_16,100,false
read,0.88,key_13,75,false
read,0.89,key_5,92,false
read,0.61,key_17,88,false
read,0.58,key_0,82,false
read,0.80,key_11,100,false
read,0.96,key_12,89,false
read,0.82,key_5,92,false
read,1.00,key_6,90,false
read,0.57,key_7,89,false
read,1.09,key_15,105,false
read,1.05,key_16,100,false
read,0.64,key_16,100,false
read,0.60,key_6,90,false
read,0.51,key_8,85,false
read,0.57,key_12,89,false
read,0.56,key_8,85,false
read,0.94,key_10,89,false
read,2.02,key_16,100,false
read,1.06,key_18,110,false
read,0.76,key_7,89,false
read,0.91,key_10,89,false
read,0.52,key_13,75,false
read,0.49,key_19,93,false
read,1.72,key_8,85,false
read,1.72,key_11,100,false
read,0.48,key_19,93,false
read,0.57,key_9,72,false
read,0.47,key_16,100,false
read,0.57,key_13,75,false
read,0.41,key_1,86,false
read,0.48,key_1,86,false
read,0.47,key_8,85,false
read,0.41,key_5,92,false
read,0.56,key_1,86,false
read,0.39,key_4,94,false
read,0.37,key_3,74,false
read,0.42,key_15,105,false
read,0.37,key_1,86,false
read,0.41,key_4,94,false
read,0.39,key_13,75,false
read,0.40,key_8,85,false
read,0.38,key_0,82,false
read,0.33,key_13,75,false
read,0.40,key_13,75,false
read,0.32,key_0,82,false
read,0.30,key_12,89,false
read,0.38,key_19,93,false
read,0.34,key_3,74,false
read,0.35,key_18,110,false
read,0.34,key_0,82,false
read,0.34,key_2,89,false
read,0.37,key_3,74,false
read,0.32,key_17,88,false
read,0.40,key_10,89,false
read,0.43,key_7,89,false
write,306.73,key_11,101,false
write,311.57,key_12,90,false
write,313.84,key_1,87,false
write,307.66,key_2,90,false
write,306.30,key_16,101,false
read,3.50,key_0,82,false
read,3.58,key_11,102,false
read,3.59,key_6,91,false
write,308.39,key_14,119,false
write,305.71,key_6,91,false
read,1.33,key_10,89,false
read,1.89,key_18,110,false
read,1.91,key_0,82,false
read,1.90,key_3,74,false
read,1.52,key_16,101,false
read,5.87,key_1,87,false
read,1.43,key_13,75,false
read,1.77,key_5,92,false
read,1.79,key_11,101,false
read,1.83,key_17,88,false
read,1.70,key_0,82,false
read,0.95,key_10,89,false
write,304.80,key_14,120,false
read,1.07,key_0,82,false
read,1.07,key_17,88,false
read,1.15,key_18,111,false
read,1.11,key_2,90,false
read,0.97,key_8,85,false
read,1.09,key_16,101,false
read,1.23,key_11,102,false
read,1.20,key_3,74,false
read,1.81,key_4,94,false
read,0.80,key_2,90,false
read,1.99,key_18,110,false
read,0.94,key_10,89,false
read,1.10,key_19,93,false
read,0.95,key_16,101,false
read,1.92,key_14,120,false
read,1.05,key_15,105,false
read,1.11,key_13,75,false
read,1.04,key_14,121,false
read,1.56,key_0,82,false
read,0.94,key_3,74,false
read,0.93,key_16,101,false
read,1.08,key_18,111,false
read,0.97,key_16,101,false
read,0.80,key_9,72,false
read,0.90,key_19,93,false
read,0.85,key_1,87,false
read,1.58,key_10,89,false
read,0.84,key_10,89,false
read,0.86,key_17,88,false
read,0.81,key_14,121,false
read,0.82,key_17,88,false
read,0.78,key_4,95,false
read,1.00,key_1,87,false
read,0.77,key_2,90,false
read,0.51,key_9,72,false
read,0.49,key_13,76,false
read,0.64,key_10,89,false
read,0.54,key_4,95,false
read,0.51,key_17,88,false
write,303.85,key_11,102,false
read,0.59,key_12,90,false
read,0.51,key_4,96,false
read,0.49,key_2,90,false
read,0.44,key_17,88,false
read,0.50,key_0,83,false
read,0.49,key_1,87,false
read,0.48,key_17,88,false
read,0.50,key_17,88,false
read,0.54,key_19,93,false
read,0.41,key_16,101,false
read,0.53,key_15,105,false
read,0.47,key_1,87,false
read,0.51,key_5,92,false
read,0.43,key_14,121,false
read,0.72,key_10,89,false
read,0.46,key_13,76,false
read,0.59,key_2,90,false
write,304.46,key_0,83,false
read,0.47,key_7,89,false
read,0.54,key_4,94,false
read,0.54,key_9,72,false
read,0.51,key_2,91,false
read,0.69,key_11,102,false
read,0.64,key_18,110,false
read,0.52,key_7,89,false
read,0.35,key_2,90,false
read,0.46,key_5,92,false
read,0.45,key_8,85,false
read,0.44,key_1,87,false
read,0.39,key_4,96,false
read,0.48,key_15,105,false
read,0.52,key_5,92,false
read,0.48,key_18,110,false
read,0.45,key_8,85,false
read,0.56,key_15,105,false
read,0.57,key_11,102,false
read,0.39,key_12,90,false
read,0.44,key_11,102,false
read,0.46,key_15,105,false
read,0.40,key_10,89,false
read,0.33,key_12,90,false
read,0.38,key_10,89,false
read,0.36,key_9,72,false
read,0.40,key_7,89,false
read,0.46,key_19,93,false
read,0.40,key_11,102,false
write,315.35,key_18,111,false
write,311.14,key_14,121,false
read,1.64,key_9,72,false
read,0.83,key_16,101,false
read,0.44,key_11,102,false
write,309.77,key_4,95,false
read,0.81,key_8,85,false
write,309.68,key_6,92,false
read,0.77,key_1,87,false
read,0.83,key_3,74,false
read,0.88,key_15,105,false
read,0.90,key_3,74,false
read,0.85,key_11,102,false
read,0.86,key_8,85,false
write,306.57,key_13,76,false
write,304.94,key_2,91,false
write,306.24,key_16,102,false
read,0.71,key_10,89,false
read,0.72,key_13,76,false
read,0.49,key_7,89,false
read,0.70,key_12,90,false
read,0.72,key_19,93,false
read,1.00,key_15,105,false
read,0.72,key_19,93,false
read,1.25,key_11,102,false
write,305.42,key_4,96,false
read,0.64,key_0,83,false
read,0.95,key_18,111,false
read,1.13,key_4,96,false
read,0.76,key_18,112,false
read,1.39,key_5,92,false
read,0.97,key_6,92,false
read,1.03,key_17,88,false
read,0.68,key_4,96,false
read,0.77,key_5,92,false
read,0.74,key_9,72,false
read,1.21,key_10,89,false
read,0.73,key_3,74,false
read,0.71,key_9,72,false
read,0.50,key_10,89,false
read,1.46,key_4,96,false
read,0.41,key_18,112,false
read,0.40,key_4,96,false
read,0.37,key_0,83,false
read,0.42,key_13,76,false
read,0.39,key_7,89,false
write,305.19,key_6,93,false
write,304.66,key_14,122,false
write,315.26,key_2,92,false
write,312.72,key_5,93,false
write,308.37,key_9,73,false
write,308.75,key_18,112,false
write,307.43,key_10,90,false
write,306.75,key_16,103,false
write,307.10,key_3,75,false
write,304.22,key_2,93,false
