type,latency_ms,key,version,stale
write,5.22,key_13,41,false
write,5.30,key_3,36,false
write,8.51,key_16,27,false
write,8.59,key_13,42,false
write,8.71,key_15,24,false
write,1.82,key_3,37,false
write,0.66,key_15,25,false
read,57.39,key_17,38,false
read,60.19,key_9,25,false
read,60.22,key_15,25,false
read,60.07,key_0,26,false
read,60.12,key_16,27,false
read,56.92,key_9,25,false
write,2.08,key_2,30,false
write,2.13,key_17,39,false
read,57.39,key_11,31,false
read,54.14,key_18,35,false
write,3.27,key_11,32,false
write,1.00,key_12,34,false
read,53.03,key_18,35,false
read,55.68,key_19,41,false
write,0.80,key_17,40,false
write,0.49,key_9,26,false
read,53.88,key_9,26,false
read,54.49,key_0,26,false
read,54.59,key_3,37,false
read,58.63,key_13,42,false
read,56.39,key_3,37,false
read,61.31,key_2,30,false
read,54.91,key_13,42,false
read,56.66,key_16,27,false
read,56.56,key_3,37,false
read,56.15,key_13,42,false
write,2.27,key_16,28,false
write,2.31,key_0,27,false
write,2.40,key_7,33,false
write,1.41,key_6,40,false
write,1.55,key_0,28,false
write,0.59,key_17,41,false
write,0.70,key_6,41,false
write,4.62,key_1,35,false
read,55.74,key_12,34,false
read,53.44,key_15,25,false
read,55.73,key_13,42,false
read,55.71,key_1,35,false
read,55.68,key_8,38,false
write,2.31,key_9,27,false
read,53.90,key_0,28,false
read,54.04,key_17,41,false
write,2.95,key_16,29,false
read,54.16,key_18,35,false
read,58.71,key_6,41,false
write,2.00,key_1,36,false
write,1.95,key_19,42,false
read,60.61,key_6,41,false
write,1.58,key_12,35,false
write,3.48,key_8,39,false
write,1.66,key_14,41,false
write,3.55,key_2,31,false
write,1.15,key_3,38,false
write,1.17,key_9,28,false
write,2.82,key_3,39,false
write,1.22,key_5,30,false
write,1.22,key_18,36,false
read,53.71,key_11,32,false
read,53.40,key_14,41,false
read,56.29,key_12,35,false
read,56.80,key_6,41,false
read,56.77,key_8,38,true
write,1.14,key_15,26,false
write,1.08,key_1,37,false
write,1.64,key_12,36,false
write,1.81,key_13,43,false
write,0.96,key_10,39,false
read,55.05,key_8,39,false
read,55.05,key_17,41,false
read,54.21,key_18,36,false
write,0.94,key_12,37,false
write,1.00,key_5,31,false
read,54.31,key_0,28,false
write,0.89,key_0,29,false
write,0.83,key_4,30,false
read,55.43,key_0,29,false
write,0.88,key_0,30,false
write,0.79,key_12,38,false
write,0.78,key_7,34,false
write,0.95,key_4,31,false
write,0.81,key_9,29,false
write,0.86,key_0,31,false
read,53.19,key_11,32,false
read,52.31,key_14,41,false
read,53.33,key_11,32,false
read,54.05,key_2,31,false
read,53.97,key_1,37,false
write,0.62,key_16,30,false
write,0.93,key_19,43,false
write,1.44,key_16,31,false
read,53.25,key_15,26,false
read,53.92,key_2,31,false
read,51.91,key_17,41,false
write,0.90,key_16,32,false
write,1.18,key_17,42,false
read,55.83,key_7,34,false
read,53.03,key_19,43,false
write,0.93,key_19,44,false
read,53.79,key_5,31,false
read,52.08,key_1,37,false
write,0.63,key_2,32,false
write,0.78,key_14,42,false
write,0.64,key_4,32,false
write,0.62,key_19,45,false
write,0.60,key_4,33,false
write,0.85,key_12,39,false
read,57.00,key_2,32,false
read,51.53,key_18,36,false
read,57.09,key_13,43,false
read,52.89,key_11,32,false
read,51.84,key_15,26,false
write,1.23,key_2,33,false
write,1.32,key_6,42,false
write,1.05,key_10,40,false
write,2.01,key_1,38,false
write,0.64,key_18,37,false
write,1.76,key_17,43,false
read,51.70,key_13,43,false
write,1.21,key_12,40,false
read,56.84,key_16,32,false
write,0.89,key_1,39,false
write,0.72,key_17,44,false
write,0.86,key_8,40,false
read,51.60,key_0,31,false
write,0.62,key_6,43,false
write,0.77,key_13,44,false
read,52.14,key_4,33,false
write,0.92,key_5,32,false
read,52.20,key_6,43,false
read,55.41,key_12,40,false
read,52.84,key_3,39,false
read,51.42,key_19,45,false
write,1.00,key_4,34,false
write,1.47,key_13,45,false
read,52.34,key_8,40,false
write,1.03,key_7,35,false
write,1.33,key_11,33,false
read,52.25,key_17,44,false
read,52.73,key_18,37,false
read,52.47,key_0,31,false
read,55.33,key_5,32,false
write,0.78,key_10,41,false
write,0.63,key_7,36,false
write,0.51,key_11,34,false
read,56.06,key_9,29,false
read,53.47,key_17,44,false
write,0.69,key_4,35,false
read,52.69,key_17,44,false
write,0.74,key_6,44,false
write,0.93,key_2,34,false
write,0.99,key_12,41,false
read,53.30,key_17,44,false
read,51.85,key_11,33,true
write,0.83,key_3,40,false
write,0.73,key_7,37,false
read,51.14,key_9,29,false
write,0.85,key_10,42,false
read,54.65,key_3,40,false
read,54.19,key_9,29,false
write,0.85,key_19,46,false
write,0.80,key_5,33,false
write,0.72,key_15,27,false
read,55.42,key_16,32,false
read,51.85,key_13,45,false
write,2.74,key_14,43,false
write,1.42,key_15,28,false
write,1.18,key_6,45,false
read,53.19,key_3,40,false
read,52.13,key_0,31,false
read,52.13,key_2,34,false
read,52.40,key_8,40,false
write,1.86,key_19,47,false
read,53.04,key_6,44,true
read,53.62,key_3,40,false
write,0.91,key_6,46,false
read,54.04,key_13,45,false
write,0.61,key_5,34,false
write,0.41,key_9,30,false
write,0.48,key_18,38,false
write,0.63,key_5,35,false
read,53.81,key_3,40,false
write,0.65,key_6,47,false
read,52.00,key_15,28,false
read,51.66,key_8,40,false
write,0.67,key_6,48,false
read,53.21,key_12,41,false
read,52.61,key_19,47,false
read,52.51,key_14,43,false
write,0.71,key_12,42,false
read,56.90,key_8,40,false
read,55.04,key_14,43,false
read,52.67,key_6,46,true
write,0.78,key_15,29,false
write,1.48,key_15,30,false
write,0.60,key_13,46,false
write,0.62,key_19,48,false
read,51.68,key_17,44,false
write,1.02,key_15,31,false
read,52.13,key_13,46,false
read,51.22,key_19,48,false
write,0.66,key_3,41,false
write,0.70,key_6,49,false
write,0.54,key_2,35,false
write,1.01,key_1,40,false
read,52.20,key_3,41,false
write,1.46,key_9,31,false
write,0.74,key_18,39,false
write,0.68,key_5,36,false
write,0.83,key_4,36,false
write,0.70,key_5,37,false
read,52.58,key_5,37,false
read,54.28,key_12,42,false
read,56.11,key_9,31,false
read,57.59,key_3,41,false
read,52.85,key_6,49,false
read,54.99,key_6,49,false
write,3.48,key_4,37,false
write,2.50,key_5,38,false
write,6.08,key_14,44,false
write,4.65,key_14,45,false
read,55.95,key_11,34,false
read,56.60,key_11,34,false
read,54.58,key_7,37,false
read,52.67,key_16,32,false
write,1.25,key_1,41,false
write,1.80,key_2,36,false
write,0.86,key_1,42,false
read,54.98,key_12,42,false
write,0.58,key_7,38,false
read,54.88,key_13,46,false
read,53.05,key_11,34,false
read,55.60,key_3,41,false
read,61.61,key_11,34,false
read,60.47,key_13,46,false
read,55.72,key_16,32,false
read,55.62,key_18,39,false
write,1.11,key_2,37,false
write,1.20,key_10,43,false
read,56.15,key_5,38,false
write,1.37,key_5,39,false
read,54.00,key_16,32,false
write,2.31,key_3,42,false
write,1.21,key_14,46,false
write,2.31,key_10,44,false
write,1.01,key_2,38,false
write,2.47,key_17,45,false
write,1.60,key_13,47,false
write,2.22,key_7,39,false
write,0.61,key_3,43,false
read,60.10,key_8,40,false
write,0.60,key_7,40,false
read,52.66,key_9,31,false
read,52.75,key_2,38,false
write,0.75,key_13,48,false
read,52.48,key_0,31,false
read,51.63,key_7,40,false
read,52.91,key_8,40,false
write,0.89,key_1,43,false
read,51.56,key_0,31,false
read,51.77,key_13,48,false
write,0.58,key_19,49,false
write,0.69,key_19,50,false
write,0.63,key_0,32,false
write,0.56,key_0,33,false
write,0.58,key_18,40,false
read,53.33,key_17,45,false
write,0.63,key_19,51,false
write,0.55,key_9,32,false
write,1.00,key_19,52,false
write,1.33,key_3,44,false
read,56.02,key_0,33,false
write,1.00,key_12,43,false
write,0.64,key_11,35,false
read,53.56,key_5,39,false
read,52.45,key_1,43,false
read,51.89,key_14,46,false
read,53.28,key_9,32,false
write,0.99,key_7,41,false
read,53.20,key_8,40,false
read,52.95,key_14,46,false
write,0.84,key_9,33,false
read,51.81,key_1,43,false
read,51.16,key_11,35,false
read,56.22,key_5,39,false
write,0.64,key_2,39,false
read,54.16,key_0,33,false
read,52.87,key_13,48,false
write,0.56,key_16,33,false
read,53.20,key_2,38,true
read,53.44,key_9,33,false
read,52.76,key_12,43,false
write,0.86,key_18,41,false
write,0.61,key_14,47,false
write,0.83,key_9,34,false
read,54.49,key_15,31,false
read,52.10,key_14,47,false
read,52.25,key_16,33,false
read,51.95,key_18,41,false
write,2.56,key_0,34,false
read,52.62,key_19,52,false
write,2.67,key_4,38,false
read,53.64,key_0,34,false
read,52.08,key_12,43,false
read,55.07,key_15,31,false
write,0.44,key_6,50,false
write,0.58,key_10,45,false
write,0.67,key_19,53,false
read,52.28,key_13,48,false
read,51.49,key_11,35,false
write,0.41,key_2,40,false
read,52.50,key_16,33,false
write,0.41,key_19,54,false
read,53.09,key_9,34,false
read,52.74,key_18,41,false
write,0.54,key_16,34,false
read,51.52,key_12,43,false
read,54.35,key_12,43,false
write,0.49,key_15,32,false
read,51.41,key_19,54,false
write,0.42,key_10,46,false
read,51.79,key_13,48,false
read,51.71,key_3,44,false
read,51.68,key_10,46,false
read,51.55,key_18,41,false
write,0.39,key_6,51,false
write,0.50,key_16,35,false
read,51.77,key_6,51,false
write,0.73,key_17,46,false
write,0.47,key_12,44,false
read,58.32,key_13,48,false
read,59.73,key_14,47,false
read,60.93,key_5,39,false
read,61.53,key_1,43,false
read,60.59,key_3,44,false
write,0.77,key_15,33,false
write,0.57,key_13,49,false
read,53.76,key_6,51,false
read,52.98,key_9,34,false
read,61.98,key_18,41,false
read,65.14,key_1,43,false
read,52.04,key_17,46,false
read,51.71,key_2,40,false
read,52.76,key_10,46,false
read,52.91,key_12,44,false
read,52.02,key_4,38,false
write,2.38,key_15,34,false
write,2.21,key_8,41,false
write,0.83,key_6,52,false
write,2.58,key_6,53,false
write,2.55,key_9,35,false
write,2.17,key_16,36,false
read,71.05,key_9,34,true
write,0.69,key_7,42,false
write,0.65,key_13,50,false
read,52.06,key_19,54,false
read,51.65,key_6,53,false
write,0.72,key_3,45,false
write,0.41,key_14,48,false
read,52.04,key_13,50,false
read,52.74,key_12,44,false
read,52.72,key_6,51,true
write,0.53,key_3,46,false
read,53.49,key_9,35,false
write,0.41,key_0,35,false
read,55.06,key_4,38,false
read,51.71,key_15,34,false
write,0.51,key_7,43,false
write,0.53,key_1,44,false
read,55.68,key_7,43,false
read,64.45,key_14,48,false
read,52.66,key_15,34,false
read,52.78,key_14,48,false
write,2.04,key_3,47,false
write,0.49,key_19,55,false
write,0.61,key_3,48,false
write,0.56,key_11,36,false
write,0.66,key_14,49,false
write,0.54,key_9,36,false
write,0.39,key_9,37,false
read,51.28,key_4,38,false
write,0.54,key_8,42,false
write,0.39,key_6,54,false
read,51.80,key_19,54,true
read,52.81,key_13,50,false
read,51.79,key_18,41,false
write,0.55,key_1,45,false
write,0.41,key_3,49,false
write,0.51,key_5,40,false
write,0.65,key_8,43,false
write,0.44,key_6,55,false
write,0.35,key_5,41,false
write,0.35,key_9,38,false
read,54.23,key_11,35,true
read,54.48,key_7,43,false
read,54.37,key_16,36,false
read,52.91,key_14,49,false
read,54.99,key_13,50,false
write,0.57,key_11,37,false
read,52.84,key_2,40,false
read,52.64,key_8,43,false
write,0.44,key_10,47,false
read,51.32,key_4,38,false
read,51.73,key_1,45,false
write,0.52,key_1,46,false
write,0.54,key_13,51,false
read,52.49,key_6,55,false
read,52.33,key_11,36,true
read,55.59,key_4,38,false
read,56.08,key_14,49,false
read,53.43,key_1,46,false
read,53.72,key_13,51,false
read,52.33,key_1,46,false
write,2.38,key_3,50,false
write,0.41,key_15,35,false
write,0.43,key_13,52,false
write,0.41,key_6,56,false
read,52.53,key_17,46,false
read,51.20,key_6,56,false
read,51.20,key_6,56,false
read,55.16,key_4,38,false
write,0.44,key_11,38,false
write,0.38,key_16,37,false
write,0.49,key_15,36,false
read,53.59,key_9,38,false
read,57.89,key_3,50,false
read,53.77,key_9,38,false
write,0.47,key_0,36,false
write,0.56,key_9,39,false
write,0.59,key_18,42,false
write,1.07,key_4,39,false
write,0.90,key_1,47,false
read,56.50,key_8,43,false
read,52.81,key_6,55,true
write,0.44,key_16,38,false
read,51.58,key_15,36,false
read,51.41,key_1,47,false
read,52.01,key_13,52,false
read,53.02,key_19,55,false
write,0.49,key_3,51,false
write,0.60,key_9,40,false
read,51.98,key_19,55,false
write,0.44,key_12,45,false
read,51.87,key_14,49,false
read,52.48,key_10,47,false
read,51.83,key_16,38,false
write,0.55,key_10,48,false
read,54.51,key_8,43,false
read,54.16,key_0,36,false
write,0.53,key_0,37,false
read,55.12,key_11,38,false
read,51.23,key_0,37,false
write,0.46,key_4,40,false
read,51.94,key_8,43,false
read,54.68,key_17,46,false
write,1.79,key_13,53,false
write,0.38,key_3,52,false
write,0.35,key_0,38,false
read,53.03,key_5,41,false
read,52.08,key_2,40,false
read,52.07,key_14,49,false
write,0.47,key_5,42,false
write,0.47,key_5,43,false
write,0.87,key_14,50,false
write,0.49,key_5,44,false
write,0.91,key_16,39,false
write,0.56,key_6,57,false
write,0.52,key_9,41,false
write,0.67,key_7,44,false
write,0.44,key_15,37,false
write,0.39,key_18,43,false
read,53.85,key_7,44,false
write,0.54,key_7,45,false
write,0.46,key_7,46,false
write,0.35,key_10,49,false
read,51.98,key_8,43,false
read,53.26,key_19,55,false
read,51.81,key_3,52,false
read,53.35,key_11,38,false
read,54.01,key_2,40,false
write,0.42,key_10,50,false
write,0.53,key_8,44,false
write,0.52,key_4,41,false
read,51.41,key_4,41,false
write,1.60,key_16,40,false
write,0.36,key_2,41,false
read,52.97,key_2,41,false
read,51.74,key_7,46,false
read,53.05,key_17,46,false
read,53.36,key_13,53,false
write,1.99,key_15,38,false
write,0.60,key_12,46,false
write,1.12,key_6,58,false
read,52.33,key_19,55,false
write,0.42,key_6,59,false
read,51.97,key_18,43,false
write,0.46,key_3,53,false
write,0.45,key_4,42,false
read,52.93,key_8,43,true
write,0.43,key_4,43,false
read,52.90,key_0,38,false
read,55.95,key_3,53,false
read,51.27,key_13,53,false
write,0.58,key_1,48,false
read,54.00,key_4,41,true
read,54.01,key_15,38,false
write,0.46,key_17,47,false
write,0.59,key_4,44,false
read,52.08,key_3,53,false
read,51.72,key_7,46,false
write,0.45,key_18,44,false
read,51.45,key_1,48,false
write,0.38,key_16,41,false
read,51.62,key_8,44,false
read,51.57,key_6,59,false
read,56.13,key_1,48,false
write,0.41,key_7,47,false
read,51.69,key_0,38,false
read,52.82,key_14,50,false
write,0.54,key_5,45,false
write,0.43,key_11,39,false
write,0.34,key_13,54,false
write,0.33,key_12,47,false
read,52.78,key_13,53,true
read,52.79,key_2,41,false
write,0.40,key_3,54,false
read,51.90,key_3,53,true
read,52.45,key_17,47,false
read,52.32,key_12,47,false
write,0.43,key_14,51,false
read,53.00,key_13,54,false
read,53.42,key_12,47,false
read,53.87,key_18,44,false
read,51.76,key_14,51,false
write,0.80,key_12,48,false
write,0.72,key_11,40,false
write,0.65,key_14,52,false
write,0.66,key_4,45,false
write,1.31,key_2,42,false
read,52.72,key_7,47,false
write,0.64,key_16,42,false
read,52.09,key_12,48,false
write,0.46,key_18,45,false
write,0.50,key_16,43,false
read,51.95,key_6,59,false
read,51.73,key_16,43,false
write,0.92,key_0,39,false
write,1.09,key_1,49,false
write,1.50,key_0,40,false
write,0.35,key_18,46,false
read,53.72,key_14,52,false
read,53.80,key_7,47,false
read,54.00,key_10,50,false
read,56.32,key_8,44,false
write,1.21,key_15,39,false
read,63.03,key_0,40,false
read,65.51,key_19,55,false
read,64.05,key_15,38,true
read,52.12,key_11,40,false
write,1.65,key_1,50,false
write,1.40,key_12,49,false
read,53.50,key_0,40,false
read,52.42,key_1,50,false
write,1.40,key_9,42,false
read,52.94,key_6,59,false
write,1.24,key_10,51,false
write,1.06,key_6,60,false
write,1.13,key_13,55,false
write,1.21,key_8,45,false
write,1.55,key_1,51,false
write,1.47,key_18,47,false
write,1.50,key_0,41,false
read,52.52,key_19,55,false
write,0.99,key_17,48,false
write,0.94,key_7,48,false
write,0.64,key_8,46,false
write,0.42,key_2,43,false
read,57.87,key_18,47,false
read,56.38,key_4,45,false
write,1.14,key_19,56,false
read,53.14,key_19,56,false
read,56.06,key_0,41,false
write,0.62,key_1,52,false
write,0.74,key_10,52,false
write,0.38,key_17,49,false
write,1.03,key_4,46,false
read,58.47,key_3,54,false
read,56.82,key_5,45,false
read,52.68,key_16,43,false
read,52.68,key_0,41,false
write,0.79,key_8,47,false
read,53.84,key_1,52,false
write,0.71,key_9,43,false
read,52.45,key_1,52,false
read,51.92,key_3,54,false
read,52.14,key_6,60,false
read,51.68,key_8,47,false
read,52.40,key_2,43,false
read,52.51,key_13,55,false
read,53.33,key_0,41,false
read,51.93,key_7,48,false
read,51.82,key_15,39,false
read,53.21,key_1,52,false
read,51.32,key_19,56,false
write,2.16,key_4,47,false
read,51.35,key_6,60,false
write,0.54,key_8,48,false
read,54.53,key_7,48,false
read,51.20,key_1,52,false
write,1.64,key_3,55,false
write,0.35,key_3,56,false
write,0.32,key_10,53,false
read,51.97,key_10,52,true
read,52.13,key_5,45,false
read,52.65,key_3,56,false
read,52.89,key_3,54,true
read,51.87,key_8,47,true
read,53.74,key_10,52,true
read,51.55,key_16,43,false
write,0.33,key_2,44,false
write,0.38,key_10,54,false
read,52.94,key_9,43,false
read,51.76,key_5,45,false
write,0.46,key_17,50,false
read,52.71,key_7,48,false
read,51.40,key_13,55,false
read,50.95,key_12,49,false
read,52.95,key_12,49,false
read,53.23,key_0,41,false
write,0.40,key_14,53,false
write,0.57,key_17,51,false
write,0.73,key_7,49,false
write,0.40,key_12,50,false
write,0.54,key_13,56,false
read,51.88,key_4,47,false
write,0.47,key_8,49,false
write,0.64,key_4,48,false
write,0.36,key_1,53,false
write,0.30,key_3,57,false
write,0.31,key_19,57,false
read,51.19,key_0,41,false
read,51.41,key_8,48,true
read,51.13,key_0,41,false
read,51.38,key_5,45,false
write,0.38,key_17,52,false
write,0.36,key_18,48,false
write,0.40,key_10,55,false
write,0.41,key_17,53,false
write,0.35,key_3,58,false
write,0.36,key_13,57,false
read,52.79,key_4,48,false
read,51.90,key_18,48,false
read,51.53,key_13,56,true
read,54.80,key_4,48,false
read,53.76,key_5,45,false
read,54.83,key_12,50,false
read,52.26,key_19,57,false
read,52.51,key_18,47,true
write,0.57,key_19,58,false
write,0.73,key_8,50,false
write,0.57,key_14,54,false
write,1.15,key_0,42,false
write,1.07,key_5,46,false
write,1.56,key_8,51,false
write,0.97,key_1,54,false
write,1.64,key_12,51,false
write,0.43,key_2,45,false
read,51.98,key_16,43,false
read,52.73,key_14,54,false
write,0.36,key_3,59,false
read,51.89,key_14,53,true
read,51.38,key_16,43,false
read,52.22,key_8,51,false
write,0.39,key_11,41,false
write,1.88,key_15,40,false
read,51.39,key_11,40,true
read,54.16,key_8,51,false
read,51.50,key_2,45,false
read,52.29,key_10,55,false
write,0.62,key_15,41,false
write,0.43,key_8,52,false
write,0.43,key_16,44,false
write,0.50,key_3,60,false
read,52.66,key_19,58,false
write,0.52,key_0,43,false
write,0.42,key_2,46,false
write,0.40,key_10,56,false
write,0.36,key_2,47,false
read,52.86,key_5,46,false
write,0.47,key_1,55,false
read,51.88,key_5,46,false
write,0.50,key_10,57,false
write,0.37,key_12,52,false
read,50.99,key_7,49,false
read,52.65,key_3,59,true
read,52.73,key_17,53,false
read,51.29,key_15,41,false
write,0.38,key_11,42,false
read,51.47,key_17,53,false
read,53.07,key_13,57,false
read,51.01,key_0,43,false
write,2.02,key_9,44,false
write,0.49,key_13,58,false
write,0.48,key_19,59,false
read,50.89,key_8,52,false
write,0.56,key_5,47,false
read,52.09,key_4,48,false
write,0.61,key_3,61,false
write,0.46,key_14,55,false
write,0.38,key_16,45,false
read,52.00,key_12,52,false
read,52.51,key_7,49,false
write,0.45,key_5,48,false
write,0.55,key_19,60,false
read,51.94,key_3,61,false
read,52.03,key_9,43,true
write,0.47,key_8,53,false
read,52.28,key_9,43,true
write,0.41,key_0,44,false
write,0.40,key_0,45,false
write,0.32,key_12,53,false
read,51.25,key_5,48,false
write,0.63,key_14,56,false
read,53.11,key_5,48,false
read,53.22,key_2,47,false
read,56.53,key_10,57,false
write,10.98,key_12,54,false
read,54.91,key_7,49,false
read,53.27,key_18,48,false
write,1.71,key_12,55,false
write,0.41,key_13,59,false
read,51.24,key_2,47,false
read,51.26,key_17,53,false
write,0.62,key_18,49,false
read,52.53,key_0,45,false
read,52.69,key_19,60,false
write,0.37,key_18,50,false
read,54.13,key_11,42,false
write,0.40,key_9,45,false
read,61.34,key_10,57,false
read,57.95,key_7,49,false
write,0.34,key_5,49,false
read,51.66,key_3,61,false
write,0.50,key_3,62,false
read,52.06,key_9,44,true
write,0.45,key_17,54,false
write,0.45,key_13,60,false
read,51.20,key_11,42,false
write,0.46,key_5,50,false
read,51.45,key_2,47,false
read,52.20,key_6,60,false
write,0.56,key_19,61,false
read,50.82,key_7,49,false
read,51.20,key_14,56,false
write,0.45,key_7,50,false
read,52.67,key_9,45,false
write,0.61,key_16,46,false
read,51.29,key_7,50,false
read,51.11,key_3,62,false
write,0.53,key_6,61,false
write,0.38,key_5,51,false
read,53.76,key_9,45,false
read,51.82,key_19,61,false
read,55.77,key_1,55,false
write,0.44,key_10,58,false
read,52.79,key_19,61,false
read,53.95,key_18,50,false
read,51.99,key_18,50,false
read,53.34,key_18,50,false
write,0.36,key_14,57,false
read,54.15,key_3,62,false
write,0.43,key_8,54,false
write,0.41,key_9,46,false
read,50.84,key_6,61,false
write,0.38,key_1,56,false
read,51.48,key_2,47,false
read,52.31,key_13,60,false
write,0.63,key_12,56,false
write,0.35,key_1,57,false
read,50.98,key_15,41,false
read,51.42,key_2,47,false
read,52.10,key_15,41,false
read,53.88,key_18,50,false
write,0.47,key_18,51,false
write,0.55,key_11,43,false
read,51.44,key_9,46,false
read,51.22,key_2,47,false
write,0.45,key_17,55,false
write,0.42,key_8,55,false
read,53.12,key_13,60,false
read,54.13,key_10,58,false
read,51.29,key_15,41,false
read,52.38,key_6,61,false
write,0.40,key_6,62,false
write,0.67,key_8,56,false
write,0.71,key_7,51,false
read,51.25,key_11,43,false
write,0.51,key_10,59,false
write,0.35,key_19,62,false
read,51.21,key_7,51,false
write,2.32,key_0,46,false
read,53.12,key_7,51,false
read,52.23,key_12,56,false
read,52.18,key_1,57,false
write,0.75,key_14,58,false
write,1.18,key_12,57,false
write,1.17,key_6,63,false
read,53.22,key_8,56,false
write,0.48,key_12,58,false
read,54.06,key_9,46,false
read,51.69,key_13,60,false
write,0.46,key_17,56,false
read,53.06,key_19,61,true
read,52.70,key_2,47,false
write,0.41,key_2,48,false
write,0.39,key_17,57,false
read,52.55,key_15,41,false
write,2.42,key_6,64,false
write,0.69,key_10,60,false
write,0.48,key_0,47,false
read,51.46,key_11,43,false
read,53.42,key_1,57,false
read,54.36,key_9,46,false
read,52.63,key_17,57,false
write,1.06,key_17,58,false
read,52.40,key_1,57,false
write,1.05,key_5,52,false
write,1.17,key_9,47,false
write,1.05,key_19,63,false
write,0.52,key_1,58,false
write,0.57,key_1,59,false
write,0.51,key_3,63,false
write,0.42,key_11,44,false
write,0.36,key_17,59,false
write,0.47,key_4,49,false
write,0.74,key_16,47,false
write,0.51,key_13,61,false
read,52.29,key_16,47,false
write,0.42,key_9,48,false
write,0.34,key_2,49,false
write,0.39,key_16,48,false
write,0.35,key_18,52,false
read,53.43,key_9,48,false
read,52.98,key_7,51,false
read,51.47,key_11,44,false
write,2.05,key_15,42,false
write,0.64,key_2,50,false
write,0.37,key_5,53,false
read,51.25,key_12,58,false
read,61.17,key_12,58,false
read,52.64,key_0,47,false
write,2.09,key_8,57,false
write,1.54,key_7,52,false
read,52.94,key_5,53,false
read,51.52,key_12,58,false
read,54.55,key_19,63,false
write,0.90,key_18,53,false
write,0.72,key_5,54,false
write,0.99,key_19,64,false
write,1.97,key_10,61,false
write,1.03,key_18,54,false
write,0.51,key_5,55,false
write,0.56,key_6,65,false
read,51.80,key_11,44,false
read,52.05,key_0,47,false
read,54.42,key_3,63,false
read,51.18,key_7,52,false
write,0.44,key_12,59,false
write,0.53,key_4,50,false
write,0.38,key_12,60,false
read,52.80,key_9,48,false
write,0.45,key_18,55,false
write,0.41,key_6,66,false
read,51.16,key_12,58,true
read,51.76,key_5,55,false
write,0.42,key_12,61,false
write,0.39,key_10,62,false
read,53.38,key_12,58,true
write,0.39,key_7,53,false
write,0.42,key_15,43,false
read,52.48,key_8,57,false
read,54.04,key_7,53,false
read,51.32,key_2,50,false
write,0.66,key_7,54,false
read,53.83,key_8,57,false
write,0.42,key_1,60,false
read,51.78,key_10,62,false
write,0.52,key_6,67,false
write,0.64,key_16,49,false
write,0.35,key_5,56,false
read,52.53,key_3,63,false
write,0.62,key_12,62,false
write,0.49,key_4,51,false
write,0.42,key_11,45,false
read,51.58,key_2,50,false
read,52.75,key_11,44,true
read,51.06,key_19,64,false
write,0.52,key_15,44,false
write,0.51,key_11,46,false
read,52.47,key_17,59,false
read,54.46,key_3,63,false
write,0.62,key_4,52,false
write,0.42,key_4,53,false
write,0.48,key_1,61,false
write,0.36,key_2,51,false
write,0.46,key_18,56,false
read,54.57,key_14,58,false
write,0.48,key_9,49,false
read,51.81,key_18,56,false
write,0.40,key_13,62,false
write,0.54,key_11,47,false
read,52.11,key_11,44,true
read,52.77,key_15,44,false
read,51.44,key_18,56,false
write,0.89,key_18,57,false
write,0.42,key_15,45,false
read,51.55,key_6,67,false
write,0.52,key_3,64,false
write,0.43,key_11,48,false
write,0.40,key_8,58,false
read,52.75,key_7,54,false
read,53.46,key_12,62,false
write,0.37,key_12,63,false
read,54.02,key_15,45,false
read,52.00,key_13,62,false
write,0.34,key_14,59,false
write,0.43,key_11,49,false
read,52.12,key_9,49,false
write,0.31,key_7,55,false
read,52.34,key_11,47,true
read,51.21,key_4,53,false
read,51.40,key_9,49,false
read,51.19,key_6,67,false
read,51.54,key_5,56,false
write,0.55,key_8,59,false
read,51.80,key_7,55,false
read,53.86,key_6,67,false
read,51.21,key_15,45,false
read,52.85,key_14,59,false
write,0.49,key_11,50,false
read,54.26,key_7,55,false
read,53.18,key_11,49,true
write,0.42,key_15,46,false
write,1.76,key_3,65,false
read,52.37,key_9,49,false
read,52.54,key_9,49,false
write,0.45,key_17,60,false
read,54.23,key_17,60,false
read,53.59,key_11,50,false
write,0.50,key_2,52,false
write,0.33,key_1,62,false
write,0.45,key_19,65,false
write,1.92,key_18,58,false
write,0.47,key_16,50,false
write,0.36,key_3,66,false
read,52.72,key_11,49,true
read,52.66,key_5,56,false
read,52.68,key_1,62,false
write,0.42,key_16,51,false
read,51.88,key_13,62,false
read,52.29,key_1,61,true
read,53.06,key_10,62,false
write,0.44,key_6,68,false
read,51.95,key_15,46,false
write,0.46,key_8,60,false
read,52.00,key_11,50,false
write,0.57,key_13,63,false
write,0.59,key_9,50,false
write,0.36,key_11,51,false
read,53.86,key_13,63,false
write,0.35,key_4,54,false
write,0.40,key_11,52,false
read,51.59,key_4,54,false
write,0.58,key_15,47,false
write,0.41,key_14,60,false
write,0.46,key_13,64,false
write,0.35,key_12,64,false
write,0.35,key_14,61,false
write,0.69,key_19,66,false
write,3.76,key_18,59,false
write,1.15,key_1,63,false
read,53.38,key_17,60,false
write,1.42,key_15,48,false
read,52.20,key_8,60,false
read,51.89,key_8,60,false
write,0.76,key_13,65,false
write,0.84,key_12,65,false
read,53.75,key_4,54,false
read,53.17,key_6,68,false
read,55.09,key_17,60,false
read,52.96,key_19,66,false
read,54.69,key_18,59,false
write,2.50,key_12,66,false
write,2.73,key_10,63,false
write,2.63,key_6,69,false
read,53.52,key_2,52,false
write,5.12,key_5,57,false
write,2.62,key_16,52,false
write,0.83,key_5,58,false
read,51.82,key_17,60,false
write,0.63,key_14,62,false
read,52.86,key_14,61,true
write,1.70,key_12,67,false
read,54.47,key_0,47,false
read,57.35,key_6,69,false
write,1.70,key_10,64,false
read,60.49,key_1,63,false
write,14.52,key_9,51,false
write,12.41,key_16,53,false
read,61.62,key_13,65,false
write,3.33,key_0,48,false
write,14.98,key_10,65,false
read,53.38,key_1,63,false
write,3.36,key_19,67,false
write,0.72,key_8,61,false
write,0.69,key_11,53,false
read,55.57,key_3,66,false
read,53.62,key_17,60,false
read,54.39,key_5,58,false
read,60.64,key_4,54,false
read,53.15,key_17,60,false
read,51.80,key_0,48,false
write,0.53,key_5,59,false
read,51.37,key_1,63,false
read,51.38,key_12,67,false
write,0.39,key_1,64,false
read,52.47,key_9,51,false
write,0.34,key_4,55,false
write,0.50,key_15,49,false
read,51.53,key_18,59,false
read,53.62,key_12,67,false
read,51.44,key_7,55,false
read,52.02,key_10,65,false
write,1.96,key_4,56,false
write,1.95,key_19,68,false
write,0.56,key_7,56,false
write,0.45,key_13,66,false
write,0.45,key_5,60,false
read,52.17,key_11,53,false
write,0.40,key_0,49,false
write,0.35,key_7,57,false
read,52.79,key_13,66,false
read,52.28,key_2,52,false
write,0.41,key_1,65,false
read,51.97,key_13,65,true
write,0.38,key_13,67,false
write,0.38,key_3,67,false
read,56.94,key_3,67,false
read,53.62,key_7,57,false
read,55.40,key_5,60,false
write,0.72,key_11,54,false
read,52.36,key_4,56,false
read,50.92,key_15,49,false
read,54.12,key_5,60,false
write,0.77,key_3,68,false
write,0.75,key_15,50,false
write,1.04,key_11,55,false
read,52.04,key_7,57,false
read,52.34,key_6,69,false
read,52.95,key_16,53,false
write,0.42,key_15,51,false
write,0.37,key_19,69,false
read,53.08,key_19,69,false
write,1.62,key_8,62,false
write,0.58,key_0,50,false
read,51.59,key_19,69,false
read,51.12,key_7,57,false
read,51.94,key_1,65,false
write,0.48,key_2,53,false
read,51.35,key_4,56,false
read,52.14,key_8,62,false
write,1.90,key_1,66,false
read,52.43,key_9,51,false
read,51.59,key_14,62,false
read,52.04,key_6,69,false
read,52.20,key_3,68,false
read,51.78,key_7,57,false
write,0.37,key_1,67,false
write,0.36,key_5,61,false
read,55.77,key_9,51,false
read,54.10,key_15,51,false
read,53.45,key_6,69,false
read,54.25,key_11,55,false
read,55.05,key_0,50,false
write,0.84,key_9,52,false
write,1.81,key_19,70,false
write,1.46,key_1,68,false
write,0.61,key_6,70,false
write,1.13,key_16,54,false
write,0.42,key_13,68,false
write,0.56,key_16,55,false
read,60.23,key_10,65,false
write,0.41,key_12,68,false
write,0.31,key_14,63,false
read,53.28,key_12,68,false
read,51.95,key_7,57,false
write,0.41,key_6,71,false
read,52.27,key_3,68,false
write,0.68,key_12,69,false
write,0.37,key_17,61,false
write,0.38,key_14,64,false
read,51.49,key_18,59,false
read,52.61,key_9,52,false
read,52.92,key_4,56,false
write,0.90,key_11,56,false
write,1.15,key_2,54,false
read,51.45,key_6,71,false
write,0.78,key_11,57,false
read,51.37,key_7,57,false
read,54.93,key_11,55,true
write,0.54,key_9,53,false
read,52.43,key_19,70,false
read,52.67,key_19,70,false
read,51.41,key_3,68,false
write,0.41,key_17,62,false
write,0.40,key_12,70,false
read,52.09,key_11,57,false
write,0.38,key_1,69,false
read,52.05,key_0,50,false
read,52.32,key_2,54,false
read,51.70,key_13,68,false
read,51.80,key_7,57,false
write,0.81,key_15,52,false
read,53.43,key_0,50,false
read,51.17,key_19,70,false
read,53.04,key_6,71,false
write,0.79,key_4,57,false
write,2.72,key_1,70,false
write,2.80,key_5,62,false
write,0.47,key_17,63,false
write,0.43,key_2,55,false
write,0.42,key_1,71,false
read,53.80,key_15,52,false
write,0.41,key_9,54,false
read,51.78,key_10,65,false
write,0.40,key_14,65,false
read,50.96,key_15,51,true
read,54.62,key_16,55,false
write,0.81,key_7,58,false
write,0.38,key_15,53,false
write,0.36,key_19,71,false
write,0.32,key_8,63,false
read,52.35,key_13,68,false
read,51.90,key_2,55,false
read,51.86,key_1,71,false
read,51.18,key_18,59,false
write,0.43,key_11,58,false
write,0.44,key_9,55,false
write,0.37,key_12,71,false
write,0.43,key_8,64,false
read,53.05,key_5,62,false
read,52.26,key_4,57,false
write,0.52,key_3,69,false
read,52.62,key_2,55,false
read,51.91,key_11,57,true
read,54.84,key_3,69,false
read,61.91,key_2,55,false
write,4.27,key_18,60,false
read,57.59,key_0,50,false
read,61.03,key_1,71,false
read,59.71,key_18,60,false
read,57.77,key_16,55,false
read,56.52,key_19,71,false
read,59.82,key_8,64,false
write,0.83,key_7,59,false
write,0.86,key_19,72,false
write,1.49,key_12,72,false
read,51.39,key_17,63,false
read,52.75,key_0,50,false
write,0.66,key_16,56,false
read,54.34,key_5,62,false
read,51.60,key_8,64,false
read,51.67,key_0,50,false
read,52.40,key_12,72,false
read,51.84,key_4,57,false
read,52.73,key_16,55,true
read,51.58,key_5,62,false
read,52.19,key_8,64,false
write,0.71,key_8,65,false
write,0.62,key_7,60,false
write,0.60,key_9,56,false
read,51.82,key_9,56,false
read,54.71,key_16,56,false
read,52.37,key_17,63,false
write,0.46,key_12,73,false
write,0.33,key_1,72,false
read,51.95,key_10,65,false
read,53.23,key_2,55,false
read,51.69,key_0,50,false
read,51.23,key_16,56,false
read,51.92,key_15,53,false
read,52.21,key_4,57,false
write,0.68,key_15,54,false
write,1.24,key_7,61,false
read,53.10,key_6,71,false
write,0.69,key_5,63,false
write,1.59,key_11,59,false
write,0.45,key_16,57,false
read,52.84,key_5,63,false
write,0.54,key_1,73,false
read,54.95,key_3,69,false
read,51.18,key_7,61,false
write,0.49,key_0,51,false
read,52.20,key_11,58,true
read,51.72,key_8,65,false
read,51.82,key_18,60,false
read,51.70,key_3,69,false
write,0.49,key_6,72,false
write,0.50,key_14,66,false
read,51.28,key_16,57,false
write,0.43,key_6,73,false
write,0.53,key_11,60,false
write,0.73,key_18,61,false
write,0.56,key_11,61,false
write,0.39,key_4,58,false
read,52.08,key_13,68,false
write,0.56,key_2,56,false
read,53.20,key_10,65,false
read,53.38,key_15,54,false
read,52.66,key_2,56,false
read,54.28,key_13,68,false
write,0.38,key_14,67,false
write,0.64,key_13,69,false
read,52.92,key_16,57,false
read,52.10,key_2,56,false
write,0.59,key_9,57,false
read,51.98,key_0,51,false
read,51.73,key_1,73,false
write,0.62,key_15,55,false
write,0.59,key_9,58,false
write,0.60,key_17,64,false
read,52.19,key_14,67,false
read,51.10,key_12,73,false
write,0.54,key_14,68,false
write,0.73,key_4,59,false
read,51.47,key_15,55,false
write,1.28,key_6,74,false
write,0.56,key_11,62,false
write,0.42,key_15,56,false
write,0.40,key_16,58,false
write,0.49,key_1,74,false
write,0.41,key_0,52,false
write,0.41,key_14,69,false
read,51.89,key_2,56,false
write,0.53,key_7,62,false
write,0.46,key_4,60,false
write,0.39,key_1,75,false
write,0.50,key_4,61,false
read,52.99,key_15,54,true
read,55.43,key_12,73,false
write,0.57,key_4,62,false
write,0.51,key_10,66,false
read,51.60,key_10,66,false
read,51.63,key_7,62,false
write,0.40,key_13,70,false
read,51.68,key_3,69,false
read,51.41,key_19,72,false
read,52.05,key_9,58,false
write,0.58,key_16,59,false
read,51.62,key_1,73,true
read,52.79,key_17,64,false
write,0.50,key_11,63,false
write,0.40,key_16,60,false
write,0.41,key_15,57,false
read,51.08,key_10,66,false
write,0.55,key_7,63,false
read,52.62,key_12,73,false
read,51.82,key_3,69,false
write,0.33,key_8,66,false
write,0.40,key_14,70,false
write,0.47,key_17,65,false
write,0.44,key_18,62,false
read,51.96,key_1,75,false
write,0.47,key_11,64,false
write,0.54,key_12,74,false
write,0.45,key_11,65,false
read,52.23,key_15,57,false
write,0.55,key_3,70,false
read,51.91,key_10,66,false
read,52.09,key_18,62,false
write,0.38,key_9,59,false
read,51.70,key_4,62,false
write,0.47,key_1,76,false
write,0.35,key_15,58,false
read,53.31,key_5,63,false
read,53.16,key_2,56,false
write,0.42,key_2,57,false
write,0.60,key_16,61,false
write,0.39,key_14,71,false
read,51.45,key_18,62,false
read,55.10,key_15,58,false
read,55.10,key_10,66,false
write,0.57,key_9,60,false
write,1.09,key_5,64,false
write,0.54,key_2,58,false
write,0.35,key_6,75,false
read,51.58,key_3,70,false
read,52.00,key_7,63,false
write,0.60,key_17,66,false
read,51.04,key_4,62,false
read,52.09,key_6,75,false
read,51.23,key_12,74,false
write,0.60,key_16,62,false
read,50.91,key_12,74,false
write,1.10,key_12,75,false
write,1.00,key_14,72,false
write,1.33,key_5,65,false
write,0.61,key_6,76,false
write,0.41,key_2,59,false
read,52.52,key_7,63,false
write,0.38,key_6,77,false
write,0.53,key_3,71,false
read,53.72,key_15,58,false
write,0.49,key_19,73,false
read,52.46,key_8,66,false
write,0.64,key_16,63,false
write,0.46,key_9,61,false
read,53.70,key_17,65,true
read,52.89,key_13,70,false
read,52.70,key_12,75,false
write,0.60,key_12,76,false
write,0.60,key_11,66,false
write,0.44,key_15,59,false
write,0.65,key_0,53,false
read,52.09,key_12,75,true
read,53.96,key_19,72,true
read,53.35,key_18,62,false
read,51.16,key_14,72,false
write,0.99,key_5,66,false
write,0.67,key_9,62,false
write,0.69,key_6,78,false
read,53.17,key_17,66,false
write,0.50,key_3,72,false
read,51.51,key_10,66,false
write,0.55,key_14,73,false
write,0.45,key_5,67,false
read,52.66,key_4,62,false
read,54.01,key_3,72,false
write,0.46,key_11,67,false
read,51.81,key_13,70,false
read,50.92,key_17,66,false
read,51.39,key_8,66,false
write,0.53,key_11,68,false
write,0.64,key_1,77,false
write,0.67,key_10,67,false
write,0.69,key_19,74,false
read,52.13,key_15,59,false
write,0.73,key_14,74,false
read,51.99,key_15,59,false
write,0.46,key_10,68,false
read,53.95,key_19,74,false
write,0.49,key_2,60,false
read,52.37,key_10,68,false
read,54.88,key_13,70,false
read,53.07,key_15,59,false
write,0.57,key_2,61,false
read,51.46,key_9,62,false
read,51.63,key_1,77,false
write,0.53,key_7,64,false
read,52.30,key_8,66,false
read,52.50,key_9,62,false
read,51.36,key_19,74,false
write,1.95,key_5,68,false
write,1.50,key_2,62,false
read,54.61,key_1,77,false
write,0.75,key_0,54,false
write,0.49,key_14,75,false
write,0.54,key_1,78,false
write,0.47,key_9,63,false
write,0.39,key_3,73,false
write,0.42,key_5,69,false
read,53.93,key_5,68,true
write,0.58,key_0,55,false
read,54.19,key_11,68,false
read,52.08,key_4,62,false
read,51.51,key_9,63,false
read,54.06,key_8,66,false
read,52.42,key_14,74,true
read,51.27,key_3,73,false
write,0.50,key_16,64,false
read,52.89,key_18,62,false
write,1.98,key_1,79,false
read,53.50,key_19,74,false
read,51.80,key_4,62,false
read,52.03,key_18,62,false
write,0.80,key_2,63,false
write,1.21,key_8,67,false
write,0.56,key_13,71,false
write,1.24,key_1,80,false
write,0.59,key_17,67,false
write,0.59,key_6,79,false
read,51.93,key_5,69,false
read,52.18,key_2,63,false
write,0.52,key_7,65,false
write,0.49,key_2,64,false
read,52.44,key_5,69,false
read,51.94,key_3,73,false
read,51.47,key_5,69,false
write,0.33,key_16,65,false
write,0.40,key_14,76,false
write,0.50,key_6,80,false
write,0.36,key_4,63,false
read,53.13,key_1,78,true
read,52.85,key_19,74,false
read,52.63,key_7,65,false
write,0.52,key_1,81,false
read,51.77,key_9,63,false
write,0.42,key_13,72,false
write,0.45,key_9,64,false
read,51.58,key_10,68,false
write,0.33,key_2,65,false
write,0.42,key_8,68,false
read,51.06,key_11,68,false
read,51.40,key_19,74,false
write,0.52,key_8,69,false
read,51.56,key_4,63,false
read,52.55,key_11,68,false
read,53.18,key_16,65,false
write,0.47,key_14,77,false
write,0.38,key_16,66,false
write,0.36,key_0,56,false
read,55.61,key_1,81,false
read,53.03,key_2,65,false
read,52.12,key_11,68,false
read,51.19,key_1,81,false
read,51.81,key_15,59,false
read,55.60,key_3,73,false
read,53.51,key_8,69,false
write,0.51,key_0,57,false
read,52.34,key_8,69,false
read,52.47,key_19,74,false
write,0.38,key_5,70,false
write,0.82,key_6,81,false
write,1.08,key_10,69,false
write,1.07,key_8,70,false
write,0.43,key_19,75,false
read,52.12,key_6,81,false
read,51.49,key_3,73,false
write,0.47,key_7,66,false
write,0.51,key_6,82,false
read,51.12,key_5,70,false
read,51.99,key_5,70,false
read,52.16,key_16,66,false
write,0.37,key_3,74,false
write,0.62,key_2,66,false
write,0.47,key_10,70,false
write,0.37,key_17,68,false
read,51.94,key_14,77,false
write,0.48,key_6,83,false
write,0.47,key_6,84,false
read,53.71,key_11,68,false
write,0.44,key_14,78,false
write,0.43,key_7,67,false
write,0.40,key_5,71,false
write,0.43,key_7,68,false
write,0.36,key_14,79,false
read,52.45,key_12,76,false
write,0.94,key_7,69,false
read,51.88,key_1,81,false
read,53.02,key_1,81,false
write,0.49,key_0,58,false
write,0.35,key_7,70,false
write,0.38,key_15,60,false
write,0.39,key_0,59,false
write,0.57,key_3,75,false
read,51.15,key_3,75,false
read,51.19,key_18,62,false
write,0.44,key_19,76,false
read,51.79,key_15,60,false
read,52.13,key_2,66,false
read,53.26,key_18,62,false
write,0.50,key_19,77,false
read,51.89,key_0,59,false
read,51.69,key_14,79,false
write,0.44,key_7,71,false
write,0.51,key_13,73,false
write,0.38,key_19,78,false
read,50.95,key_9,64,false
write,0.73,key_16,67,false
write,0.38,key_13,74,false
read,51.52,key_7,71,false
read,51.99,key_15,60,false
read,52.80,key_9,64,false
read,54.96,key_9,64,false
write,0.73,key_8,71,false
write,1.28,key_1,82,false
read,52.66,key_8,71,false
read,52.51,key_14,79,false
read,53.09,key_4,63,false
write,0.53,key_0,60,false
write,0.54,key_8,72,false
write,0.52,key_6,85,false
write,0.54,key_17,69,false
write,0.36,key_16,68,false
read,51.15,key_8,70,true
write,0.38,key_3,76,false
read,51.98,key_18,62,false
read,53.56,key_13,74,false
read,51.69,key_2,66,false
read,51.65,key_0,60,false
read,51.64,key_18,62,false
write,0.68,key_4,64,false
read,51.49,key_9,64,false
write,0.44,key_16,69,false
write,0.69,key_9,65,false
write,0.51,key_10,71,false
write,0.46,key_11,69,false
read,51.59,key_17,69,false
read,52.56,key_13,74,false
read,52.69,key_18,62,false
read,51.77,key_11,69,false
write,1.69,key_17,70,false
write,0.41,key_7,72,false
read,51.81,key_3,76,false
write,0.41,key_4,65,false
write,0.43,key_5,72,false
write,0.38,key_0,61,false
read,53.19,key_3,76,false
write,0.51,key_13,75,false
read,52.24,key_17,70,false
read,51.91,key_9,65,false
read,52.98,key_14,79,false
write,0.60,key_3,77,false
read,51.38,key_9,65,false
write,1.55,key_11,70,false
write,1.63,key_4,66,false
write,0.69,key_0,62,false
write,0.98,key_16,70,false
write,0.58,key_18,63,false
write,0.50,key_14,80,false
read,52.17,key_11,69,true
write,0.58,key_18,64,false
write,0.44,key_18,65,false
write,0.55,key_7,73,false
read,54.03,key_17,70,false
read,52.65,key_19,78,false
write,0.62,key_12,77,false
write,0.59,key_0,63,false
write,0.55,key_10,72,false
read,52.24,key_16,70,false
write,0.40,key_11,71,false
write,0.43,key_9,66,false
write,0.40,key_9,67,false
read,53.71,key_9,67,false
write,0.59,key_3,78,false
read,54.58,key_4,66,false
write,0.72,key_18,66,false
write,0.61,key_15,61,false
write,0.47,key_9,68,false
write,0.50,key_14,81,false
write,0.35,key_19,79,false
read,54.21,key_1,82,false
read,50.92,key_14,81,false
read,52.16,key_3,77,true
read,52.67,key_14,81,false
write,0.56,key_19,80,false
write,0.51,key_2,67,false
write,0.67,key_16,71,false
write,0.63,key_3,79,false
write,2.85,key_7,74,false
read,51.08,key_10,72,false
read,52.56,key_13,75,false
read,51.83,key_6,85,false
write,0.67,key_19,81,false
read,51.84,key_19,81,false
write,0.42,key_0,64,false
read,52.41,key_18,66,false
write,0.40,key_7,75,false
read,54.04,key_1,82,false
read,52.05,key_1,82,false
read,51.91,key_19,81,false
write,0.52,key_18,67,false
write,0.52,key_8,73,false
write,0.42,key_18,68,false
write,0.50,key_11,72,false
read,54.82,key_2,67,false
read,52.68,key_11,72,false
read,52.45,key_3,79,false
read,53.13,key_8,73,false
write,0.46,key_2,68,false
write,0.57,key_16,72,false
read,52.78,key_10,72,false
write,0.79,key_7,76,false
read,51.21,key_2,67,true
read,52.74,key_1,82,false
read,52.95,key_10,72,false
write,1.96,key_18,69,false
read,51.38,key_4,66,false
read,51.34,key_8,73,false
read,51.50,key_15,61,false
write,1.90,key_15,62,false
write,0.70,key_15,63,false
read,51.28,key_6,85,false
read,52.52,key_8,73,false
read,52.47,key_17,70,false
read,51.84,key_7,76,false
write,2.54,key_5,73,false
write,1.41,key_12,78,false
read,53.74,key_2,68,false
write,0.76,key_1,83,false
read,56.34,key_14,81,false
read,52.30,key_0,64,false
write,0.53,key_8,74,false
write,0.33,key_15,64,false
write,0.45,key_4,67,false
read,52.36,key_5,73,false
read,54.88,key_10,72,false
write,0.45,key_18,70,false
read,52.98,key_5,72,true
write,0.62,key_1,84,false
read,53.51,key_12,78,false
read,53.20,key_5,73,false
read,51.80,key_0,64,false
read,51.98,key_13,75,false
read,53.73,key_19,81,false
write,3.02,key_17,71,false
write,3.02,key_6,86,false
write,0.66,key_9,69,false
write,0.51,key_16,73,false
write,0.48,key_13,76,false
write,0.35,key_2,69,false
write,0.34,key_18,71,false
write,0.30,key_6,87,false
write,0.28,key_14,82,false
write,0.54,key_15,65,false
write,0.56,key_6,88,false
write,0.30,key_19,82,false
read,53.31,key_3,79,false
read,52.12,key_12,78,false
write,0.41,key_7,77,false
write,0.38,key_6,89,false
write,0.34,key_16,74,false
write,0.48,key_2,70,false
write,0.40,key_11,73,false
read,54.37,key_12,78,false
read,51.25,key_19,81,true
write,0.39,key_18,72,false
write,0.36,key_7,78,false
read,53.23,key_14,81,true
read,53.33,key_0,64,false
read,53.19,key_1,84,false
read,55.50,key_7,78,false
write,0.66,key_2,71,false
write,0.69,key_2,72,false
write,0.52,key_10,73,false
read,51.66,key_13,75,true
write,0.39,key_9,70,false
write,0.37,key_3,80,false
read,53.07,key_7,76,true
read,52.13,key_11,73,false
read,52.04,key_6,89,false
write,0.47,key_11,74,false
read,51.01,key_7,78,false
read,52.20,key_6,89,false
read,51.05,key_16,74,false
read,51.82,key_14,82,false
read,51.99,key_5,73,false
write,0.43,key_18,73,false
write,0.93,key_16,75,false
read,52.16,key_14,82,false
write,1.64,key_18,74,false
write,0.46,key_9,71,false
read,52.98,key_13,76,false
read,51.99,key_4,67,false
read,51.78,key_10,73,false
write,0.44,key_4,68,false
read,52.34,key_0,64,false
write,0.47,key_1,85,false
read,52.40,key_3,80,false
write,0.43,key_18,75,false
write,0.35,key_17,72,false
write,0.49,key_8,75,false
read,51.66,key_4,68,false
write,0.31,key_15,66,false
read,51.88,key_12,78,false
read,53.85,key_6,89,false
read,53.14,key_13,76,false
write,0.40,key_8,76,false
write,0.78,key_7,79,false
write,0.60,key_11,75,false
read,52.00,key_5,73,false
write,0.57,key_18,76,false
read,53.29,key_7,79,false
write,0.32,key_9,72,false
write,0.42,key_8,77,false
read,52.09,key_15,66,false
read,51.85,key_10,73,false
write,0.54,key_13,77,false
read,54.54,key_17,72,false
read,52.06,key_8,77,false
read,51.10,key_5,73,false
write,2.17,key_17,73,false
write,0.48,key_19,83,false
read,52.04,key_4,68,false
read,52.96,key_1,85,false
read,51.27,key_1,85,false
read,51.96,key_3,80,false
read,53.17,key_18,76,false
write,0.58,key_16,76,false
write,0.34,key_1,86,false
write,0.30,key_11,76,false
write,0.29,key_19,84,false
read,52.77,key_15,66,false
write,0.30,key_13,78,false
read,52.90,key_12,78,false
write,0.32,key_1,87,false
write,0.39,key_10,74,false
read,51.39,key_14,82,false
read,50.76,key_14,82,false
read,51.56,key_11,76,false
write,0.63,key_11,77,false
read,52.88,key_12,78,false
read,52.78,key_18,76,false
read,52.88,key_12,78,false
read,51.50,key_15,66,false
read,51.07,key_6,89,false
read,51.11,key_12,78,false
read,52.37,key_13,78,false
read,52.48,key_12,78,false
read,53.04,key_7,79,false
read,53.73,key_1,87,false
write,0.74,key_8,78,false
write,1.08,key_13,79,false
write,0.82,key_0,65,false
read,51.41,key_9,72,false
read,51.48,key_10,74,false
read,51.45,key_0,65,false
read,51.51,key_5,73,false
write,0.67,key_16,77,false
read,51.17,key_0,65,false
write,1.08,key_12,79,false
write,0.89,key_3,81,false
write,1.23,key_7,80,false
write,0.98,key_8,79,false
write,1.11,key_9,73,false
write,0.56,key_18,77,false
read,51.07,key_11,77,false
read,52.09,key_13,78,true
read,51.82,key_11,77,false
read,52.01,key_2,72,false
read,53.41,key_8,79,false
write,0.85,key_6,90,false
read,51.81,key_9,73,false
read,51.82,key_8,78,true
write,0.56,key_10,75,false
write,0.59,key_10,76,false
read,51.10,key_14,82,false
write,0.45,key_2,73,false
write,0.45,key_14,83,false
read,52.55,key_7,80,false
read,52.57,key_8,79,false
write,0.35,key_12,80,false
read,52.62,key_16,77,false
write,0.44,key_2,74,false
read,51.23,key_12,80,false
read,51.39,key_3,81,false
read,52.73,key_10,74,true
write,0.57,key_7,81,false
read,52.60,key_16,77,false
write,0.56,key_18,78,false
write,0.73,key_3,82,false
write,0.47,key_3,83,false
write,0.51,key_5,74,false
write,0.48,key_15,67,false
write,0.48,key_2,75,false
write,0.36,key_4,69,false
read,51.80,key_12,80,false
read,51.83,key_3,83,false
read,52.01,key_5,74,false
write,0.58,key_8,80,false
write,0.45,key_13,80,false
read,52.37,key_8,79,true
read,51.47,key_1,87,false
write,0.48,key_7,82,false
read,53.74,key_4,69,false
write,0.49,key_18,79,false
write,0.47,key_18,80,false
read,52.56,key_12,80,false
read,52.56,key_13,80,false
write,0.60,key_2,76,false
read,52.85,key_16,77,false
read,51.84,key_6,90,false
write,0.46,key_14,84,false
write,0.88,key_8,81,false
write,0.68,key_4,70,false
read,52.22,key_9,73,false
read,52.27,key_0,65,false
write,0.60,key_19,85,false
write,0.51,key_14,85,false
write,0.51,key_6,91,false
read,50.95,key_11,77,false
write,0.59,key_5,75,false
read,51.03,key_18,80,false
write,0.42,key_10,77,false
write,0.73,key_8,82,false
write,0.47,key_12,81,false
read,52.04,key_6,91,false
write,0.37,key_18,81,false
write,0.38,key_10,78,false
write,0.37,key_5,76,false
write,0.48,key_4,71,false
read,53.52,key_17,73,false
write,0.55,key_16,78,false
read,52.23,key_17,73,false
read,51.50,key_5,76,false
write,0.60,key_16,79,false
read,51.84,key_2,76,false
read,52.42,key_1,87,false
read,51.80,key_16,79,false
read,53.48,key_14,84,true
write,1.31,key_13,81,false
write,1.33,key_14,86,false
read,52.52,key_14,85,true
read,53.68,key_8,82,false
read,53.36,key_18,81,false
read,54.93,key_14,86,false
read,53.57,key_5,76,false
write,4.94,key_9,74,false
write,2.38,key_17,74,false
read,53.80,key_10,78,false
write,0.48,key_14,87,false
read,51.98,key_1,87,false
write,0.43,key_8,83,false
read,52.74,key_12,81,false
write,0.32,key_0,66,false
read,52.32,key_16,79,false
read,53.45,key_10,78,false
read,53.44,key_5,76,false
write,0.49,key_3,84,false
read,54.52,key_1,87,false
write,1.15,key_10,79,false
read,54.90,key_4,71,false
write,0.41,key_14,88,false
read,56.18,key_18,81,false
read,57.04,key_9,74,false
write,0.32,key_13,82,false
write,0.29,key_19,86,false
read,55.67,key_12,81,false
read,51.05,key_13,82,false
write,0.44,key_4,72,false
write,0.92,key_17,75,false
write,1.46,key_1,88,false
read,51.15,key_4,72,false
write,0.41,key_2,77,false
write,0.34,key_0,67,false
read,52.05,key_0,66,true
write,0.39,key_19,87,false
read,52.01,key_5,76,false
read,52.45,key_15,67,false
write,0.47,key_2,78,false
read,54.31,key_0,67,false
read,50.86,key_18,81,false
write,1.21,key_14,89,false
read,51.94,key_15,67,false
write,0.43,key_8,84,false
write,0.40,key_6,92,false
write,0.31,key_8,85,false
write,0.30,key_9,75,false
read,51.99,key_17,74,true
read,52.99,key_3,84,false
read,52.19,key_13,82,false
write,0.58,key_10,80,false
write,0.54,key_7,83,false
read,51.57,key_8,85,false
write,0.53,key_12,82,false
write,0.56,key_7,84,false
write,0.30,key_16,80,false
write,0.31,key_19,88,false
write,0.30,key_2,79,false
write,0.35,key_8,86,false
read,51.44,key_16,79,true
write,0.42,key_8,87,false
read,52.15,key_14,88,true
read,51.10,key_16,80,false
write,0.41,key_10,81,false
write,0.34,key_10,82,false
write,0.36,key_3,85,false
write,0.47,key_11,78,false
read,53.05,key_16,80,false
read,53.98,key_2,79,false
write,0.56,key_18,82,false
write,0.32,key_9,76,false
write,0.37,key_5,77,false
write,0.33,key_16,81,false
write,0.34,key_0,68,false
read,52.31,key_1,88,false
write,0.39,key_2,80,false
write,0.50,key_19,89,false
write,0.65,key_17,76,false
read,52.06,key_9,76,false
read,51.55,key_18,82,false
read,51.27,key_1,88,false
write,0.58,key_7,85,false
write,0.41,key_15,68,false
read,54.82,key_17,76,false
read,53.41,key_13,82,false
write,0.34,key_19,90,false
read,54.69,key_3,85,false
read,53.14,key_7,84,true
read,52.14,key_17,76,false
write,0.37,key_8,88,false
write,0.47,key_2,81,false
write,0.58,key_3,86,false
write,0.51,key_6,93,false
read,51.61,key_1,88,false
write,0.34,key_19,91,false
read,51.91,key_19,91,false
write,0.46,key_11,79,false
write,0.44,key_8,89,false
write,0.37,key_16,82,false
write,0.32,key_0,69,false
write,0.33,key_15,69,false
read,51.99,key_4,72,false
write,0.36,key_6,94,false
write,0.39,key_8,90,false
read,52.94,key_13,82,false
read,54.02,key_19,91,false
write,0.49,key_13,83,false
write,0.47,key_9,77,false
read,51.73,key_9,77,false
read,52.07,key_13,82,true
write,0.41,key_9,78,false
write,0.41,key_12,83,false
read,52.18,key_16,81,true
read,51.97,key_18,82,false
read,53.44,key_1,88,false
read,54.90,key_0,69,false
read,54.46,key_9,78,false
write,0.40,key_4,73,false
write,0.81,key_19,92,false
write,0.65,key_11,80,false
read,51.68,key_15,69,false
read,52.70,key_15,69,false
write,0.43,key_7,86,false
read,53.23,key_8,90,false
read,51.05,key_11,80,false
read,52.97,key_2,81,false
read,51.40,key_6,94,false
read,51.51,key_5,77,false
write,0.50,key_1,89,false
read,51.94,key_7,85,true
write,0.43,key_13,84,false
write,0.38,key_19,93,false
write,0.32,key_18,83,false
write,0.40,key_14,90,false
write,0.43,key_11,81,false
write,0.34,key_0,70,false
write,0.32,key_0,71,false
read,52.63,key_11,81,false
read,51.48,key_2,81,false
write,0.50,key_19,94,false
write,0.48,key_1,90,false
write,0.36,key_12,84,false
read,51.99,key_17,76,false
read,51.85,key_7,86,false
read,51.27,key_7,86,false
write,0.42,key_5,78,false
write,0.43,key_19,95,false
write,0.59,key_6,95,false
write,0.75,key_0,72,false
read,52.51,key_0,71,true
write,0.59,key_6,96,false
read,51.38,key_6,95,true
write,0.40,key_8,91,false
write,0.46,key_17,77,false
write,0.44,key_3,87,false
read,51.18,key_15,69,false
write,0.37,key_13,85,false
read,51.45,key_0,72,false
write,0.58,key_4,74,false
write,0.55,key_19,96,false
write,0.70,key_5,79,false
read,52.23,key_4,74,false
write,0.32,key_17,78,false
write,0.34,key_13,86,false
write,0.29,key_3,88,false
read,51.79,key_13,86,false
read,52.22,key_10,82,false
read,53.98,key_4,74,false
write,0.38,key_2,82,false
read,54.74,key_5,79,false
read,51.26,key_18,83,false
read,50.99,key_13,86,false
read,52.48,key_18,83,false
write,0.70,key_7,87,false
write,0.45,key_5,80,false
write,0.64,key_10,83,false
write,1.11,key_11,82,false
write,1.08,key_19,97,false
write,1.00,key_19,98,false
write,0.51,key_4,75,false
write,0.32,key_11,83,false
write,0.32,key_6,97,false
write,0.32,key_0,73,false
write,0.64,key_16,83,false
read,51.15,key_9,78,false
read,54.75,key_19,98,false
read,51.74,key_6,97,false
write,1.61,key_5,81,false
read,51.12,key_2,82,false
read,54.13,key_12,84,false
write,0.38,key_7,88,false
read,52.10,key_18,83,false
write,0.39,key_14,91,false
read,52.20,key_16,83,false
read,51.99,key_18,83,false
read,52.60,key_13,86,false
write,1.75,key_6,98,false
read,52.49,key_0,73,false
read,52.49,key_8,91,false
write,0.53,key_4,76,false
write,0.50,key_0,74,false
read,50.98,key_3,88,false
write,0.38,key_19,99,false
write,0.32,key_13,87,false
write,0.32,key_10,84,false
read,52.51,key_14,91,false
write,1.90,key_3,89,false
read,51.40,key_7,88,false
write,0.39,key_7,89,false
read,51.72,key_2,82,false
read,51.58,key_12,84,false
write,0.32,key_4,77,false
read,52.66,key_1,90,false
read,52.66,key_9,78,false
write,0.64,key_0,75,false
write,0.45,key_5,82,false
write,0.59,key_18,84,false
read,52.27,key_11,83,false
write,0.35,key_2,83,false
read,51.69,key_3,88,true
read,51.80,key_10,84,false
write,0.35,key_13,88,false
read,51.72,key_0,74,true
write,0.34,key_19,100,false
read,51.93,key_18,84,false
read,51.63,key_8,91,false
read,52.85,key_17,78,false
read,51.85,key_2,83,false
write,0.44,key_16,84,false
write,0.38,key_3,90,false
write,0.35,key_13,89,false
write,0.39,key_19,101,false
read,52.89,key_8,91,false
read,51.98,key_8,91,false
read,50.88,key_4,77,false
write,0.53,key_19,102,false
write,0.55,key_0,76,false
read,51.01,key_5,82,false
write,0.32,key_13,90,false
write,0.46,key_12,85,false
write,0.39,key_3,91,false
read,52.84,key_8,91,false
write,0.66,key_2,84,false
write,0.36,key_2,85,false
read,52.71,key_17,78,false
read,52.44,key_5,82,false
read,52.68,key_12,85,false
write,0.48,key_13,91,false
write,0.32,key_12,86,false
read,52.20,key_12,86,false
write,0.30,key_5,83,false
read,54.72,key_18,84,false
read,51.98,key_4,77,false
read,51.60,key_16,84,false
read,51.98,key_7,89,false
read,53.25,key_12,86,false
read,50.91,key_1,90,false
read,53.43,key_5,83,false
write,0.39,key_0,77,false
read,52.08,key_15,69,false
read,52.85,key_17,78,false
read,51.20,key_0,77,false
read,51.85,key_16,84,false
write,0.43,key_0,78,false
write,0.41,key_9,79,false
write,0.37,key_16,85,false
write,0.36,key_8,92,false
write,0.53,key_6,99,false
read,51.73,key_13,91,false
read,52.25,key_16,85,false
write,2.00,key_3,92,false
write,0.36,key_9,80,false
read,51.78,key_3,91,true
write,0.38,key_13,92,false
write,0.43,key_8,93,false
read,51.96,key_17,78,false
read,53.66,key_2,85,false
read,51.69,key_2,85,false
read,54.72,key_10,84,false
read,52.87,key_8,93,false
write,1.80,key_6,100,false
read,51.42,key_18,84,false
read,52.99,key_16,85,false
read,52.32,key_1,90,false
read,53.94,key_2,85,false
read,52.15,key_4,77,false
read,52.32,key_10,84,false
write,0.42,key_7,90,false
read,54.02,key_14,91,false
read,51.25,key_18,84,false
read,52.71,key_9,80,false
read,51.09,key_3,92,false
read,52.38,key_13,92,false
write,0.41,key_7,91,false
write,0.86,key_15,70,false
read,54.84,key_5,83,false
write,0.43,key_6,101,false
read,51.83,key_9,80,false
write,0.40,key_12,87,false
write,0.35,key_11,84,false
write,0.33,key_19,103,false
write,0.35,key_5,84,false
write,0.31,key_15,71,false
write,0.30,key_1,91,false
read,51.47,key_4,77,false
read,51.97,key_9,80,false
read,51.99,key_17,78,false
write,0.34,key_17,79,false
write,0.38,key_8,94,false
write,0.49,key_11,85,false
write,0.33,key_18,85,false
write,0.38,key_19,104,false
write,0.39,key_5,85,false
write,0.35,key_17,80,false
write,0.39,key_5,86,false
read,51.22,key_9,80,false
read,53.13,key_1,91,false
write,0.48,key_16,86,false
write,0.34,key_7,92,false
write,0.31,key_2,86,false
write,0.44,key_8,95,false
read,52.04,key_11,85,false
write,0.32,key_8,96,false
read,52.47,key_7,92,false
write,0.36,key_2,87,false
read,52.66,key_15,71,false
write,0.45,key_5,87,false
write,0.52,key_9,81,false
write,0.86,key_14,92,false
write,1.47,key_2,88,false
read,54.73,key_14,92,false
write,0.33,key_3,93,false
write,0.33,key_0,79,false
write,0.33,key_19,105,false
write,0.38,key_7,93,false
write,0.30,key_14,93,false
read,52.71,key_18,85,false
read,51.72,key_12,87,false
write,0.80,key_17,81,false
read,51.71,key_3,92,true
read,51.52,key_10,84,false
write,0.51,key_0,80,false
write,0.39,key_10,85,false
write,0.35,key_14,94,false
read,51.10,key_12,87,false
read,52.45,key_17,81,false
read,52.62,key_10,84,true
read,52.15,key_12,87,false
read,52.28,key_0,80,false
write,2.28,key_8,97,false
write,0.32,key_8,98,false
write,0.30,key_4,78,false
read,52.25,key_19,105,false
write,0.40,key_5,88,false
read,52.04,key_3,93,false
read,52.14,key_7,93,false
write,0.60,key_19,106,false
read,51.66,key_18,85,false
read,53.01,key_14,94,false
write,0.44,key_5,89,false
write,0.40,key_19,107,false
write,0.46,key_10,86,false
read,51.79,key_10,85,true
write,0.42,key_5,90,false
write,0.50,key_18,86,false
read,51.89,key_16,86,false
write,0.36,key_0,81,false
read,51.93,key_5,87,true
write,0.34,key_5,91,false
read,52.84,key_3,93,false
write,0.32,key_11,86,false
read,54.91,key_2,88,false
read,52.39,key_2,88,false
read,52.14,key_11,86,false
read,51.11,key_8,98,false
read,54.05,key_14,94,false
read,52.34,key_7,93,false
read,53.07,key_2,88,false
write,0.62,key_13,93,false
write,0.32,key_5,92,false
write,0.32,key_16,87,false
write,0.38,key_18,87,false
write,0.34,key_1,92,false
write,0.34,key_1,93,false
read,52.25,key_10,86,false
read,52.95,key_12,87,false
write,0.46,key_19,108,false
read,53.33,key_19,108,false
read,52.52,key_1,93,false
read,53.56,key_18,87,false
read,52.84,key_9,81,false
read,52.82,key_9,81,false
write,0.53,key_15,72,false
read,51.18,key_19,108,false
read,51.37,key_0,81,false
write,0.57,key_10,87,false
write,0.59,key_11,87,false
read,52.40,key_8,98,false
read,52.59,key_10,87,false
write,0.47,key_3,94,false
write,0.39,key_16,88,false
write,0.41,key_4,79,false
read,52.08,key_8,98,false
read,54.34,key_1,93,false
write,0.59,key_11,88,false
write,0.74,key_1,94,false
read,51.26,key_6,101,false
write,0.55,key_19,109,false
write,0.46,key_3,95,false
write,1.11,key_0,82,false
write,0.60,key_0,83,false
write,1.79,key_19,110,false
write,0.53,key_2,89,false
write,0.32,key_19,111,false
write,0.30,key_3,96,false
write,0.55,key_6,102,false
read,54.34,key_4,79,false
write,0.63,key_5,93,false
write,0.56,key_3,97,false
write,0.48,key_11,89,false
write,0.36,key_0,84,false
write,0.38,key_19,112,false
write,0.33,key_2,90,false
write,0.33,key_2,91,false
read,51.78,key_5,93,false
read,51.84,key_11,89,false
read,51.30,key_18,87,false
write,0.39,key_7,94,false
write,0.60,key_18,88,false
read,51.40,key_19,112,false
write,0.44,key_10,88,false
write,0.41,key_2,92,false
write,0.93,key_17,82,false
read,54.90,key_12,87,false
read,53.62,key_13,93,false
write,0.45,key_11,90,false
write,0.52,key_8,99,false
write,0.46,key_12,88,false
read,51.38,key_15,72,false
write,0.45,key_13,94,false
write,0.30,key_19,113,false
write,0.26,key_19,114,false
write,0.36,key_7,95,false
read,51.48,key_0,84,false
write,0.30,key_12,89,false
write,0.36,key_19,115,false
write,0.35,key_14,95,false
read,54.28,key_13,93,true
write,0.50,key_5,94,false
write,0.32,key_13,95,false
read,52.50,key_4,79,false
write,0.36,key_7,96,false
read,52.63,key_2,92,false
read,51.66,key_5,94,false
write,0.47,key_3,98,false
write,0.34,key_1,95,false
write,0.41,key_3,99,false
read,52.93,key_11,89,true
read,53.02,key_18,88,false
write,0.82,key_8,100,false
read,52.28,key_16,88,false
read,57.01,key_4,79,false
read,52.07,key_15,72,false
write,0.49,key_18,89,false
write,0.38,key_13,96,false
read,53.03,key_10,88,false
write,0.69,key_17,83,false
read,51.96,key_16,88,false
read,51.46,key_1,94,true
read,51.52,key_17,83,false
write,0.50,key_15,73,false
read,50.84,key_15,73,false
write,1.95,key_10,89,false
write,0.38,key_12,90,false
write,0.60,key_10,90,false
read,55.20,key_0,84,false
read,52.95,key_16,88,false
write,0.60,key_18,90,false
read,54.78,key_5,94,false
write,0.43,key_4,80,false
read,53.96,key_10,90,false
read,53.05,key_3,99,false
write,1.82,key_1,96,false
write,0.40,key_8,101,false
write,0.41,key_15,74,false
write,0.38,key_0,85,false
write,0.38,key_17,84,false
write,0.37,key_11,91,false
read,50.95,key_2,92,false
write,1.70,key_1,97,false
read,52.80,key_9,81,false
write,0.45,key_19,116,false
write,0.40,key_7,97,false
write,0.51,key_2,93,false
read,50.99,key_13,96,false
read,52.15,key_0,84,true
read,52.09,key_2,93,false
read,52.27,key_5,94,false
write,0.53,key_6,103,false
read,51.66,key_3,99,false
write,0.34,key_2,94,false
write,0.34,key_2,95,false
read,53.66,key_10,90,false
write,0.34,key_8,102,false
read,51.66,key_2,92,true
write,0.49,key_1,98,false
write,0.31,key_11,92,false
read,51.49,key_11,91,true
read,52.20,key_14,95,false
write,0.40,key_2,96,false
read,51.45,key_16,88,false
read,53.61,key_7,97,false
write,0.40,key_0,86,false
write,0.58,key_16,89,false
write,1.32,key_1,99,false
write,0.51,key_5,95,false
read,53.93,key_4,80,false
read,50.80,key_9,81,false
read,51.73,key_2,96,false
read,51.99,key_8,102,false
write,2.21,key_18,91,false
write,0.48,key_19,117,false
write,0.33,key_19,118,false
write,0.40,key_2,97,false
write,0.38,key_17,85,false
write,0.35,key_17,86,false
write,0.35,key_11,93,false
read,51.59,key_15,74,false
write,0.42,key_7,98,false
read,52.56,key_15,74,false
read,51.43,key_10,90,false
write,0.49,key_7,99,false
write,0.48,key_18,92,false
write,0.43,key_14,96,false
write,0.51,key_4,81,false
write,0.35,key_9,82,false
write,0.30,key_1,100,false
write,0.36,key_8,103,false
read,52.56,key_15,74,false
write,1.80,key_10,91,false
write,0.34,key_19,119,false
read,53.76,key_1,100,false
write,0.42,key_2,98,false
read,51.61,key_1,99,true
write,0.53,key_5,96,false
read,52.32,key_16,89,false
read,51.19,key_3,99,false
write,0.74,key_9,83,false
read,55.15,key_18,92,false
write,0.52,key_14,97,false
read,54.14,key_0,86,false
read,51.53,key_8,103,false
write,0.42,key_3,100,false
read,52.07,key_11,93,false
read,52.33,key_19,118,true
read,50.90,key_7,99,false
write,0.35,key_11,94,false
read,54.40,key_4,81,false
write,1.80,key_18,93,false
read,53.86,key_5,96,false
read,52.68,key_1,100,false
read,51.92,key_0,86,false
write,2.10,key_10,92,false
write,2.10,key_19,120,false
write,0.43,key_13,97,false
write,0.42,key_18,94,false
write,0.37,key_4,82,false
write,0.41,key_13,98,false
write,0.31,key_10,93,false
write,0.33,key_17,87,false
write,0.35,key_11,95,false
read,51.94,key_13,96,true
write,0.35,key_19,121,false
read,51.86,key_12,90,false
read,51.30,key_6,103,false
read,51.05,key_10,91,true
read,51.76,key_15,74,false
write,0.36,key_16,90,false
write,0.61,key_10,94,false
read,52.56,key_9,83,false
read,51.28,key_8,103,false
write,0.51,key_19,122,false
write,0.35,key_18,95,false
write,0.36,key_8,104,false
read,53.40,key_14,97,false
write,0.41,key_18,96,false
write,0.32,key_13,99,false
read,52.23,key_5,96,false
read,52.31,key_0,86,false
write,0.50,key_8,105,false
read,53.19,key_12,90,false
read,51.25,key_12,90,false
write,0.48,key_15,75,false
read,52.26,key_0,86,false
write,0.45,key_17,88,false
write,0.35,key_19,123,false
read,52.65,key_10,94,false
read,53.70,key_5,96,false
write,0.43,key_3,101,false
write,0.89,key_17,89,false
write,0.95,key_9,84,false
write,0.66,key_6,104,false
read,51.09,key_6,104,false
write,0.38,key_13,100,false
write,0.33,key_15,76,false
write,0.31,key_11,96,false
read,51.41,key_3,101,false
write,0.37,key_4,83,false
write,0.41,key_15,77,false
read,51.58,key_7,99,false
read,55.19,key_11,96,false
read,53.86,key_8,105,false
write,0.65,key_14,98,false
read,52.59,key_12,90,false
write,0.71,key_7,100,false
write,0.85,key_14,99,false
read,52.19,key_16,90,false
write,0.56,key_8,106,false
write,0.83,key_16,91,false
write,1.00,key_2,99,false
write,0.81,key_1,101,false
write,1.28,key_12,91,false
read,52.13,key_11,96,false
write,0.48,key_5,97,false
write,0.51,key_0,87,false
write,0.47,key_19,124,false
write,0.52,key_13,101,false
read,52.36,key_18,96,false
write,0.48,key_6,105,false
read,51.76,key_2,99,false
write,0.34,key_9,85,false
write,0.37,key_1,102,false
write,0.62,key_13,102,false
write,0.49,key_19,125,false
write,0.56,key_1,103,false
read,51.49,key_1,103,false
write,0.38,key_5,98,false
write,0.35,key_10,95,false
write,0.35,key_15,78,false
read,52.18,key_5,98,false
write,1.82,key_12,92,false
read,53.31,key_10,95,false
write,1.38,key_13,103,false
read,54.97,key_1,103,false
read,52.02,key_2,99,false
read,51.95,key_10,95,false
read,51.32,key_15,78,false
write,2.04,key_0,88,false
write,1.39,key_15,79,false
read,53.02,key_4,83,false
write,0.45,key_14,100,false
read,51.25,key_13,102,true
read,51.31,key_9,85,false
write,0.51,key_13,104,false
write,0.53,key_10,96,false
read,51.90,key_3,101,false
read,53.26,key_13,102,true
read,51.97,key_7,100,false
write,0.54,key_13,105,false
write,0.38,key_18,97,false
read,53.88,key_18,96,true
read,53.08,key_6,105,false
write,0.44,key_3,102,false
read,50.79,key_7,100,false
read,51.64,key_4,83,false
write,0.35,key_2,100,false
read,50.95,key_4,83,false
write,0.44,key_3,103,false
write,0.44,key_16,92,false
write,0.61,key_3,104,false
write,0.40,key_12,93,false
write,0.57,key_17,90,false
write,0.67,key_8,107,false
write,0.46,key_16,93,false
write,0.73,key_17,91,false
write,0.31,key_12,94,false
write,0.31,key_4,84,false
read,51.56,key_10,96,false
read,51.57,key_18,96,true
write,0.34,key_15,80,false
write,0.34,key_4,85,false
read,52.30,key_13,105,false
read,52.24,key_12,94,false
write,0.43,key_19,126,false
write,0.34,key_3,105,false
write,0.50,key_6,106,false
read,52.76,key_8,106,true
write,0.32,key_6,107,false
write,0.35,key_8,108,false
write,0.50,key_6,108,false
read,51.94,key_12,94,false
read,51.11,key_8,108,false
read,51.78,key_12,94,false
write,0.46,key_7,101,false
write,0.60,key_15,81,false
write,0.65,key_13,106,false
read,53.16,key_7,101,false
read,53.39,key_6,108,false
read,51.05,key_16,93,false
write,0.52,key_2,101,false
write,0.28,key_0,89,false
read,53.29,key_18,97,false
read,51.02,key_19,126,false
write,0.34,key_18,98,false
write,0.38,key_3,106,false
read,51.65,key_1,103,false
read,51.40,key_14,100,false
write,0.46,key_19,127,false
read,51.84,key_16,93,false
read,52.12,key_10,96,false
read,54.35,key_3,106,false
read,50.83,key_11,96,false
read,53.00,key_0,89,false
read,52.07,key_11,96,false
write,1.59,key_12,95,false
read,53.70,key_9,85,false
write,0.32,key_7,102,false
read,53.01,key_15,81,false
read,52.44,key_15,81,false
write,0.41,key_14,101,false
write,0.54,key_7,103,false
read,53.60,key_19,127,false
write,0.43,key_1,104,false
read,53.10,key_10,96,false
read,52.63,key_2,101,false
read,51.54,key_11,96,false
read,51.46,key_2,101,false
read,52.35,key_16,93,false
read,51.26,key_4,85,false
write,0.45,key_17,92,false
read,51.48,key_1,104,false
write,0.40,key_9,86,false
write,0.35,key_8,109,false
write,0.39,key_15,82,false
write,0.49,key_17,93,false
write,0.34,key_8,110,false
read,51.81,key_11,96,false
write,0.41,key_14,102,false
write,0.40,key_16,94,false
write,0.32,key_19,128,false
read,51.39,key_18,98,false
read,50.97,key_19,128,false
write,0.59,key_14,103,false
read,51.80,key_7,103,false
read,52.14,key_3,106,false
write,0.43,key_17,94,false
read,51.21,key_15,82,false
read,51.21,key_4,85,false
write,0.35,key_19,129,false
read,54.73,key_9,86,false
read,52.28,key_4,85,false
read,53.67,key_5,98,false
write,0.42,key_18,99,false
write,0.36,key_8,111,false
read,51.98,key_12,95,false
read,52.66,key_3,106,false
write,0.64,key_8,112,false
read,53.67,key_7,103,false
read,51.14,key_9,86,false
read,52.85,key_1,104,false
read,51.54,key_1,104,false
read,54.10,key_8,112,false
write,0.68,key_9,87,false
write,0.37,key_3,107,false
read,51.82,key_16,94,false
write,0.36,key_16,95,false
read,54.18,key_9,87,false
read,52.23,key_12,95,false
read,51.35,key_18,99,false
write,0.63,key_9,88,false
read,51.63,key_9,88,false
write,0.70,key_11,97,false
read,52.30,key_19,129,false
write,1.77,key_16,96,false
write,0.32,key_16,97,false
read,53.00,key_3,107,false
read,53.01,key_18,99,false
read,52.92,key_13,106,false
read,54.02,key_15,82,false
read,50.91,key_15,82,false
write,2.46,key_15,83,false
write,1.12,key_8,113,false
read,52.89,key_13,106,false
write,0.36,key_0,90,false
read,56.98,key_2,101,false
read,54.01,key_15,83,false
write,0.53,key_3,108,false
write,0.43,key_16,98,false
write,0.42,key_7,104,false
write,0.43,key_8,114,false
read,52.83,key_1,104,false
read,52.77,key_2,101,false
write,0.36,key_2,102,false
read,51.63,key_4,85,false
read,51.63,key_10,96,false
write,1.17,key_8,115,false
write,1.20,key_3,109,false
write,0.68,key_18,100,false
read,53.65,key_7,104,false
read,56.86,key_11,97,false
read,54.54,key_5,98,false
write,0.51,key_12,96,false
write,0.56,key_5,99,false
read,52.06,key_4,85,false
read,52.68,key_5,99,false
read,51.22,key_10,96,false
write,0.46,key_11,98,false
write,0.59,key_13,107,false
write,0.56,key_8,116,false
write,0.48,key_17,95,false
write,0.58,key_5,100,false
write,0.47,key_9,89,false
read,51.90,key_10,96,false
read,52.20,key_10,96,false
read,52.90,key_3,109,false
write,0.65,key_7,105,false
read,53.75,key_3,109,false
read,51.30,key_9,88,true
read,54.59,key_4,85,false
read,54.18,key_14,103,false
write,0.54,key_19,130,false
write,0.43,key_8,117,false
read,54.53,key_12,96,false
read,51.32,key_2,102,false
read,51.90,key_9,89,false
write,0.56,key_3,110,false
write,0.41,key_18,101,false
write,0.51,key_12,97,false
read,51.14,key_14,103,false
read,52.59,key_10,96,false
write,0.52,key_4,86,false
write,0.41,key_14,104,false
read,52.26,key_19,130,false
read,52.16,key_6,108,false
read,52.55,key_4,85,true
write,0.57,key_8,118,false
write,0.42,key_0,91,false
read,51.05,key_0,91,false
write,0.39,key_2,103,false
write,0.41,key_3,111,false
write,0.42,key_14,105,false
read,51.93,key_15,83,false
write,0.63,key_13,108,false
write,0.44,key_13,109,false
write,0.44,key_18,102,false
read,51.83,key_3,111,false
write,0.51,key_10,97,false
write,0.40,key_12,98,false
write,0.36,key_11,99,false
read,51.94,key_16,98,false
write,0.52,key_5,101,false
write,0.39,key_2,104,false
read,54.26,key_3,111,false
read,51.82,key_8,118,false
read,51.92,key_0,91,false
read,53.10,key_19,130,false
read,51.64,key_6,108,false
read,52.74,key_17,95,false
write,0.42,key_15,84,false
write,0.52,key_7,106,false
write,0.45,key_3,112,false
write,0.79,key_11,100,false
read,51.46,key_15,84,false
write,0.44,key_13,110,false
write,0.46,key_15,85,false
read,54.42,key_10,97,false
read,52.59,key_4,86,false
read,52.77,key_12,98,false
write,0.43,key_13,111,false
read,54.76,key_13,111,false
write,0.42,key_15,86,false
read,53.08,key_2,104,false
write,0.46,key_0,92,false
write,0.52,key_6,109,false
read,51.27,key_8,118,false
write,0.38,key_0,93,false
read,53.15,key_2,104,false
read,52.94,key_10,97,false
read,54.93,key_9,89,false
write,0.55,key_1,105,false
read,52.15,key_9,89,false
write,1.40,key_11,101,false
write,0.69,key_12,99,false
write,1.90,key_7,107,false
write,0.74,key_3,113,false
write,0.54,key_12,100,false
write,0.56,key_19,131,false
write,0.77,key_12,101,false
write,0.81,key_1,106,false
write,0.41,key_15,87,false
read,52.91,key_16,98,false
write,0.47,key_8,119,false
write,0.50,key_13,112,false
write,0.47,key_2,105,false
read,51.14,key_16,98,false
read,52.75,key_14,105,false
write,0.62,key_16,99,false
write,0.36,key_1,107,false
read,53.52,key_3,113,false
write,0.51,key_14,106,false
read,52.28,key_13,112,false
write,0.52,key_3,114,false
read,51.56,key_6,109,false
read,52.95,key_0,93,false
read,52.53,key_15,87,false
read,52.07,key_4,86,false
read,51.03,key_4,86,false
read,51.78,key_14,106,false
write,0.57,key_3,115,false
read,51.02,key_9,89,false
read,52.95,key_7,107,false
write,0.55,key_12,102,false
write,0.39,key_3,116,false
write,0.35,key_6,110,false
write,0.46,key_15,88,false
write,0.74,key_12,103,false
read,54.45,key_8,119,false
write,0.39,key_16,100,false
write,0.55,key_19,132,false
write,0.35,key_15,89,false
read,53.47,key_8,119,false
write,0.48,key_7,108,false
read,51.62,key_2,105,false
read,53.20,key_3,116,false
read,52.31,key_13,112,false
write,0.59,key_18,103,false
write,0.49,key_7,109,false
read,51.61,key_18,103,false
write,0.38,key_2,106,false
write,0.37,key_12,104,false
write,0.49,key_17,96,false
read,51.91,key_9,89,false
read,52.05,key_19,131,true
read,51.87,key_11,101,false
write,0.35,key_15,90,false
write,0.74,key_18,104,false
write,0.83,key_6,111,false
write,0.84,key_3,117,false
write,0.68,key_9,90,false
write,0.36,key_7,110,false
write,0.35,key_9,91,false
read,51.42,key_13,112,false
write,0.51,key_15,91,false
write,0.42,key_19,133,false
read,52.63,key_12,104,false
read,52.06,key_1,107,false
read,54.98,key_7,108,true
write,0.40,key_9,92,false
read,52.66,key_6,111,false
read,51.11,key_15,91,false
read,52.68,key_14,106,false
read,51.90,key_18,103,true
write,0.50,key_4,87,false
read,51.69,key_12,104,false
write,0.43,key_2,107,false
write,0.33,key_4,88,false
write,0.41,key_3,118,false
write,0.40,key_13,113,false
write,0.40,key_6,112,false
read,51.82,key_0,93,false
write,0.37,key_4,89,false
read,51.99,key_5,101,false
read,51.17,key_5,101,false
write,0.49,key_16,101,false
write,0.40,key_7,111,false
write,0.48,key_13,114,false
read,51.82,key_19,133,false
write,0.55,key_0,94,false
write,0.41,key_12,105,false
read,51.84,key_14,106,false
write,0.48,key_16,102,false
read,57.23,key_3,118,false
read,56.41,key_3,118,false
read,53.67,key_12,105,false
read,56.60,key_7,111,false
write,2.91,key_7,112,false
read,56.03,key_7,111,true
read,61.53,key_18,104,false
write,3.56,key_13,115,false
write,4.07,key_2,108,false
read,54.37,key_19,133,false
write,0.96,key_13,116,false
write,1.19,key_5,102,false
write,0.54,key_5,103,false
read,52.45,key_10,97,false
read,53.04,key_5,103,false
read,53.87,key_15,91,false
read,56.30,key_11,101,false
read,57.68,key_16,102,false
read,59.52,key_14,106,false
read,59.22,key_7,112,false
read,61.66,key_14,106,false
read,57.51,key_7,112,false
write,2.13,key_3,119,false
read,53.16,key_17,96,false
write,7.50,key_3,120,false
read,54.32,key_18,104,false
read,59.03,key_0,94,false
write,0.52,key_0,95,false
read,63.01,key_10,97,false
write,0.40,key_16,103,false
write,0.79,key_2,109,false
write,0.30,key_2,110,false
read,57.05,key_18,104,false
read,57.06,key_12,105,false
write,0.36,key_16,104,false
read,58.01,key_13,116,false
read,52.80,key_7,112,false
write,1.94,key_18,105,false
read,52.59,key_12,105,false
read,55.55,key_17,96,false
write,0.48,key_14,107,false
write,0.31,key_0,96,false
write,0.30,key_4,90,false
read,51.88,key_15,91,false
read,54.47,key_19,133,false
write,0.32,key_2,111,false
write,0.37,key_16,105,false
write,0.34,key_9,93,false
read,55.58,key_13,116,false
write,0.35,key_16,106,false
write,0.31,key_16,107,false
read,51.72,key_2,111,false
read,51.97,key_8,119,false
read,53.47,key_18,105,false
read,53.08,key_3,120,false
write,0.70,key_10,98,false
write,0.39,key_5,104,false
write,0.33,key_3,121,false
write,0.47,key_4,91,false
read,51.45,key_18,105,false
read,52.88,key_9,93,false
read,52.06,key_0,96,false
read,51.66,key_4,91,false
read,51.33,key_0,96,false
write,1.59,key_1,108,false
read,52.31,key_6,112,false
write,0.32,key_13,117,false
read,51.74,key_11,101,false
read,51.96,key_17,96,false
read,52.41,key_5,104,false
read,54.78,key_12,105,false
write,0.53,key_3,122,false
read,52.20,key_0,96,false
write,0.48,key_1,109,false
write,0.35,key_18,106,false
read,52.43,key_9,93,false
read,51.78,key_8,119,false
read,51.33,key_5,104,false
read,52.64,key_6,112,false
read,51.84,key_4,91,false
read,51.30,key_18,106,false
read,52.09,key_0,96,false
write,0.62,key_7,113,false
read,52.01,key_18,106,false
read,52.12,key_15,91,false
read,51.21,key_9,93,false
write,0.62,key_3,123,false
write,0.99,key_8,120,false
write,0.80,key_15,92,false
write,0.44,key_18,107,false
write,0.59,key_12,106,false
read,52.00,key_16,107,false
read,54.32,key_3,123,false
read,54.47,key_7,113,false
write,0.58,key_7,114,false
read,54.34,key_16,107,false
write,0.67,key_19,134,false
write,0.96,key_12,107,false
write,1.38,key_15,93,false
write,0.75,key_14,108,false
read,52.38,key_16,107,false
write,0.49,key_5,105,false
read,52.91,key_13,117,false
write,0.49,key_15,94,false
read,51.26,key_12,107,false
read,52.87,key_14,108,false
write,0.41,key_7,115,false
read,52.90,key_4,91,false
read,51.76,key_5,104,true
read,52.14,key_5,105,false
read,51.70,key_2,111,false
read,51.17,key_16,107,false
read,51.27,key_12,107,false
write,2.08,key_13,118,false
write,2.08,key_7,116,false
write,0.40,key_5,106,false
write,0.44,key_2,112,false
write,0.46,key_10,99,false
read,51.14,key_13,118,false
write,0.35,key_15,95,false
write,0.28,key_12,108,false
read,53.93,key_1,109,false
read,51.79,key_15,95,false
write,0.45,key_8,121,false
read,51.84,key_8,120,true
read,52.91,key_14,108,false
write,0.57,key_17,97,false
read,51.85,key_17,96,true
read,55.01,key_11,101,false
read,51.89,key_19,134,false
write,0.50,key_6,113,false
write,0.60,key_12,109,false
write,0.47,key_4,92,false
read,51.29,key_13,118,false
read,51.17,key_19,134,false
read,54.14,key_6,113,false
read,51.93,key_11,101,false
read,53.56,key_0,96,false
read,52.60,key_15,95,false
read,52.15,key_8,121,false
write,0.46,key_18,108,false
write,0.50,key_4,93,false
read,51.86,key_19,134,false
read,51.91,key_5,106,false
write,0.44,key_8,122,false
write,0.48,key_12,110,false
read,51.58,key_4,92,true
read,52.96,key_8,122,false
read,53.59,key_9,93,false
read,54.16,key_4,92,true
read,53.26,key_11,101,false
read,52.79,key_18,108,false
write,0.47,key_19,135,false
read,51.90,key_7,116,false
read,52.25,key_12,110,false
read,53.25,key_18,108,false
write,0.87,key_7,117,false
read,52.38,key_10,99,false
write,0.92,key_3,124,false
write,0.76,key_9,94,false
write,1.22,key_3,125,false
read,52.33,key_13,118,false
write,0.38,key_16,108,false
write,0.28,key_9,95,false
write,0.38,key_9,96,false
read,51.09,key_12,110,false
read,51.49,key_6,113,false
write,0.61,key_16,109,false
write,0.54,key_15,96,false
write,0.39,key_11,102,false
read,54.75,key_13,118,false
read,53.92,key_10,99,false
read,52.47,key_4,93,false
read,51.98,key_10,99,false
write,1.81,key_12,111,false
write,1.02,key_0,97,false
write,0.38,key_9,97,false
read,52.80,key_6,113,false
read,54.88,key_7,117,false
read,51.18,key_2,112,false
read,52.54,key_8,122,false
read,51.15,key_5,106,false
read,54.19,key_14,108,false
read,51.81,key_6,113,false
read,53.18,key_4,93,false
read,52.92,key_2,112,false
read,52.76,key_4,93,false
read,51.73,key_12,111,false
read,51.39,key_10,99,false
write,0.66,key_12,112,false
write,0.99,key_14,109,false
read,52.40,key_0,97,false
write,1.03,key_12,113,false
write,0.52,key_3,126,false
read,52.77,key_16,109,false
read,52.68,key_6,113,false
read,54.21,key_0,97,false
read,52.00,key_19,135,false
read,51.30,key_3,126,false
write,1.85,key_3,127,false
read,51.40,key_9,97,false
read,52.08,key_16,109,false
read,52.39,key_8,122,false
read,51.81,key_12,113,false
read,52.42,key_12,113,false
write,2.19,key_6,114,false
write,0.91,key_6,115,false
write,1.11,key_5,107,false
write,1.26,key_16,110,false
read,51.27,key_10,99,false
read,51.31,key_12,113,false
write,0.63,key_11,103,false
write,0.64,key_1,110,false
write,0.57,key_6,116,false
read,51.98,key_13,118,false
read,52.15,key_1,110,false
write,0.45,key_12,114,false
write,0.49,key_17,98,false
read,52.72,key_11,103,false
read,52.89,key_18,108,false
read,51.90,key_4,93,false
read,51.91,key_15,96,false
write,0.58,key_8,123,false
read,51.45,key_1,110,false
write,0.60,key_4,94,false
read,51.12,key_18,108,false
write,0.60,key_10,100,false
write,0.49,key_7,118,false
write,0.43,key_19,136,false
write,0.55,key_16,111,false
read,54.29,key_9,97,false
read,54.27,key_5,107,false
write,2.11,key_5,108,false
read,51.98,key_11,103,false
write,0.65,key_17,99,false
read,51.06,key_3,127,false
read,58.02,key_10,100,false
write,0.64,key_16,112,false
read,54.68,key_10,100,false
read,52.60,key_14,109,false
read,51.18,key_5,108,false
read,53.39,key_1,110,false
write,0.65,key_18,109,false
write,0.55,key_4,95,false
write,0.41,key_12,115,false
read,52.24,key_4,94,true
read,54.55,key_9,97,false
read,52.92,key_9,97,false
write,0.39,key_1,111,false
read,53.81,key_0,97,false
read,51.48,key_14,109,false
read,52.49,key_10,100,false
write,0.60,key_4,96,false
read,52.11,key_6,116,false
write,0.62,key_0,98,false
write,0.46,key_10,101,false
write,0.60,key_16,113,false
write,0.43,key_4,97,false
write,0.47,key_10,102,false
read,51.38,key_8,123,false
read,51.94,key_0,98,false
write,0.47,key_19,137,false
read,51.96,key_0,97,true
read,51.23,key_5,108,false
read,52.24,key_11,103,false
write,0.58,key_13,119,false
read,51.66,key_3,127,false
read,52.31,key_12,115,false
read,51.24,key_8,123,false
write,0.46,key_10,103,false
write,0.46,key_14,110,false
read,55.19,key_4,97,false
read,54.16,key_10,103,false
write,0.56,key_8,124,false
read,51.77,key_8,124,false
write,0.40,key_13,120,false
write,0.32,key_18,110,false
read,53.17,key_9,97,false
read,54.30,key_10,103,false
read,52.96,key_8,124,false
write,0.66,key_1,112,false
write,1.05,key_9,98,false
read,52.43,key_1,112,false
read,51.55,key_14,110,false
write,0.62,key_17,100,false
read,51.51,key_2,112,false
read,53.13,key_8,124,false
write,0.40,key_2,113,false
read,51.95,key_19,137,false
write,0.58,key_18,111,false
write,0.49,key_3,128,false
read,52.43,key_13,120,false
write,0.60,key_3,129,false
read,52.49,key_17,100,false
read,52.10,key_17,100,false
read,51.19,key_10,103,false
write,0.50,key_10,104,false
write,0.57,key_19,138,false
write,0.63,key_9,99,false
read,53.74,key_16,113,false
write,0.65,key_12,116,false
read,51.01,key_14,110,false
write,0.43,key_18,112,false
read,51.35,key_0,98,false
read,51.74,key_15,96,false
write,0.55,key_2,114,false
read,51.22,key_8,124,false
write,1.45,key_10,105,false
read,54.70,key_13,120,false
read,51.43,key_0,98,false
write,0.54,key_10,106,false
read,54.24,key_11,103,false
write,0.47,key_3,130,false
write,0.49,key_9,100,false
write,0.64,key_19,139,false
read,52.53,key_6,116,false
read,52.98,key_6,116,false
write,0.53,key_16,114,false
write,0.71,key_1,113,false
read,51.60,key_2,114,false
write,0.55,key_4,98,false
read,50.92,key_14,110,false
read,51.53,key_14,110,false
write,1.79,key_10,107,false
read,52.87,key_5,108,false
read,51.06,key_9,100,false
write,0.58,key_3,131,false
write,0.47,key_12,117,false
write,0.48,key_0,99,false
read,51.18,key_12,117,false
write,0.42,key_2,115,false
read,51.27,key_5,108,false
read,51.48,key_17,100,false
read,51.20,key_18,112,false
read,51.45,key_5,108,false
read,51.05,key_12,116,true
write,0.52,key_7,119,false
write,0.53,key_15,97,false
read,51.58,key_11,103,false
write,0.54,key_4,99,false
read,52.73,key_18,112,false
read,52.33,key_2,115,false
write,0.42,key_9,101,false
read,55.11,key_2,115,false
read,52.37,key_9,100,true
write,0.49,key_10,108,false
read,52.76,key_2,115,false
write,0.54,key_15,98,false
write,0.56,key_9,102,false
read,51.84,key_15,98,false
read,51.25,key_17,100,false
read,51.82,key_5,108,false
read,51.30,key_13,120,false
write,2.46,key_14,111,false
write,2.37,key_6,117,false
read,52.65,key_14,110,true
write,2.54,key_18,113,false
write,0.66,key_10,109,false
write,0.65,key_3,132,false
write,0.56,key_14,112,false
read,52.05,key_14,112,false
read,52.28,key_3,131,true
read,52.90,key_3,132,false
write,0.45,key_15,99,false
write,0.49,key_9,103,false
write,0.41,key_9,104,false
read,52.53,key_15,97,true
read,52.67,key_11,103,false
write,0.60,key_18,114,false
write,0.51,key_9,105,false
write,0.45,key_10,110,false
write,0.52,key_18,115,false
write,0.42,key_19,140,false
write,0.58,key_15,100,false
read,52.89,key_7,119,false
read,51.20,key_19,140,false
read,52.25,key_11,103,false
read,51.86,key_18,115,false
read,52.54,key_2,115,false
write,0.73,key_8,125,false
read,52.17,key_17,100,false
read,54.32,key_13,120,false
read,52.34,key_4,99,false
write,0.42,key_9,106,false
write,0.46,key_14,113,false
read,55.95,key_7,119,false
write,0.54,key_0,100,false
read,51.19,key_3,132,false
read,53.29,key_16,114,false
write,0.62,key_13,121,false
read,51.93,key_18,115,false
read,52.14,key_4,99,false
read,52.10,key_8,125,false
read,51.44,key_9,106,false
write,0.50,key_16,115,false
write,0.96,key_5,109,false
write,1.53,key_16,116,false
write,2.34,key_19,141,false
read,51.73,key_12,117,false
write,0.79,key_7,120,false
read,51.93,key_15,100,false
write,0.43,key_12,118,false
read,52.10,key_11,103,false
write,0.42,key_11,104,false
write,0.42,key_17,101,false
write,0.40,key_15,101,false
read,53.55,key_11,103,true
write,0.55,key_17,102,false
write,0.41,key_0,101,false
write,0.38,key_12,119,false
write,0.45,key_2,116,false
write,0.36,key_12,120,false
write,0.52,key_5,110,false
write,0.38,key_7,121,false
write,0.46,key_7,122,false
read,55.07,key_19,141,false
read,52.73,key_7,122,false
read,51.54,key_16,116,false
read,52.22,key_16,116,false
read,52.32,key_15,101,false
read,52.33,key_3,132,false
read,51.67,key_16,116,false
write,0.44,key_19,142,false
write,1.78,key_18,116,false
write,0.79,key_10,111,false
write,0.83,key_4,100,false
write,0.57,key_15,102,false
write,0.33,key_7,123,false
write,0.36,key_16,117,false
read,51.81,key_16,117,false
read,52.74,key_8,125,false
write,0.66,key_3,133,false
read,52.11,key_12,120,false
read,52.94,key_18,116,false
read,53.36,key_15,101,true
read,51.63,key_6,117,false
write,0.64,key_3,134,false
read,54.09,key_1,113,false
read,52.16,key_1,113,false
write,0.47,key_4,101,false
read,52.85,key_16,117,false
read,54.01,key_12,120,false
read,53.98,key_18,116,false
write,0.39,key_7,124,false
write,0.61,key_19,143,false
write,0.33,key_8,126,false
read,52.40,key_9,106,false
read,51.27,key_7,124,false
read,51.59,key_18,116,false
read,52.01,key_13,121,false
read,51.24,key_4,101,false
read,51.36,key_5,110,false
write,0.55,key_18,117,false
write,1.95,key_14,114,false
write,1.36,key_7,125,false
write,0.62,key_16,118,false
read,50.91,key_6,117,false
write,2.20,key_13,122,false
write,0.51,key_7,126,false
read,54.33,key_13,122,false
read,55.26,key_5,110,false
read,54.84,key_2,116,false
write,0.58,key_3,135,false
write,0.99,key_0,102,false
read,51.65,key_19,143,false
write,0.51,key_12,121,false
write,0.41,key_16,119,false
write,0.36,key_0,103,false
write,0.41,key_18,118,false
read,51.93,key_0,101,true
write,0.42,key_9,107,false
write,0.35,key_12,122,false
write,0.43,key_5,111,false
read,52.49,key_1,113,false
read,52.33,key_6,117,false
read,51.30,key_13,122,false
read,52.04,key_4,101,false
read,51.53,key_4,101,false
write,0.99,key_11,105,false
write,0.78,key_18,119,false
write,0.46,key_6,118,false
write,0.33,key_19,144,false
read,52.65,key_3,135,false
write,0.63,key_0,104,false
write,0.40,key_10,112,false
write,0.75,key_6,119,false
read,53.47,key_6,117,true
read,53.91,key_19,143,true
read,51.31,key_10,112,false
write,0.42,key_8,127,false
read,53.45,key_6,119,false
read,51.90,key_14,114,false
read,52.15,key_9,107,false
read,50.90,key_17,102,false
read,51.06,key_19,144,false
write,0.93,key_16,120,false
read,50.94,key_18,119,false
write,1.44,key_19,145,false
read,52.79,key_13,122,false
read,52.87,key_17,102,false
read,52.95,key_3,135,false
read,51.90,key_0,104,false
write,0.82,key_16,121,false
write,0.92,key_2,117,false
write,0.69,key_0,105,false
write,0.76,key_9,108,false
read,55.01,key_0,105,false
read,51.60,key_14,114,false
read,51.63,key_13,122,false
read,52.07,key_13,122,false
read,51.30,key_5,111,false
read,51.31,key_15,102,false
write,0.68,key_0,106,false
write,0.70,key_3,136,false
write,0.60,key_10,113,false
write,0.61,key_17,103,false
write,0.51,key_12,123,false
write,0.46,key_16,122,false
read,52.56,key_12,123,false
write,0.57,key_16,123,false
read,52.26,key_18,119,false
read,53.98,key_6,119,false
read,52.33,key_1,113,false
write,0.59,key_6,120,false
write,0.65,key_15,103,false
write,1.01,key_3,137,false
write,1.04,key_1,114,false
write,0.48,key_3,138,false
write,1.30,key_13,123,false
write,0.71,key_16,124,false
write,0.60,key_11,106,false
write,0.51,key_13,124,false
write,0.37,key_18,120,false
write,0.41,key_9,109,false
read,54.31,key_13,124,false
read,51.88,key_11,106,false
read,51.93,key_9,109,false
write,1.28,key_0,107,false
write,1.91,key_18,121,false
write,1.66,key_9,110,false
read,53.73,key_9,109,true
write,0.40,key_11,107,false
write,0.71,key_10,114,false
read,57.90,key_16,124,false
read,57.03,key_7,126,false
read,51.04,key_15,103,false
read,51.91,key_1,114,false
write,0.44,key_9,111,false
write,0.46,key_7,127,false
write,0.44,key_4,102,false
read,51.19,key_14,114,false
write,0.50,key_7,128,false
write,0.35,key_11,108,false
write,0.33,key_0,108,false
write,0.43,key_3,139,false
write,0.33,key_15,104,false
write,0.29,key_8,128,false
read,52.12,key_8,127,true
write,0.77,key_13,125,false
write,0.29,key_7,129,false
write,0.30,key_3,140,false
write,0.56,key_2,118,false
read,55.35,key_17,103,false
read,51.92,key_0,108,false
read,53.85,key_14,114,false
write,0.38,key_7,130,false
read,56.72,key_1,114,false
read,52.63,key_8,128,false
write,0.48,key_4,103,false
write,0.47,key_13,126,false
write,0.36,key_6,121,false
read,54.12,key_19,145,false
read,52.24,key_18,121,false
read,51.57,key_9,111,false
write,0.34,key_14,115,false
write,0.29,key_0,109,false
read,53.73,key_16,124,false
write,0.35,key_11,109,false
read,53.95,key_3,140,false
read,51.94,key_18,121,false
read,51.60,key_18,121,false
write,0.38,key_5,112,false
read,52.42,key_15,104,false
read,51.22,key_2,118,false
read,53.17,key_17,103,false
read,53.93,key_2,118,false
write,0.36,key_7,131,false
write,0.81,key_3,141,false
write,0.44,key_4,104,false
read,51.25,key_19,145,false
write,0.36,key_9,112,false
read,50.93,key_8,128,false
read,51.04,key_11,109,false
write,0.37,key_5,113,false
write,0.36,key_12,124,false
write,0.32,key_17,104,false
write,0.45,key_11,110,false
write,0.45,key_16,125,false
write,0.34,key_0,110,false
write,0.30,key_9,113,false
write,0.34,key_15,105,false
write,0.35,key_5,114,false
read,54.05,key_13,126,false
write,0.35,key_12,125,false
read,53.12,key_16,124,true
read,53.80,key_11,110,false
read,51.26,key_19,145,false
read,52.15,key_3,141,false
read,51.58,key_0,110,false
read,52.18,key_17,104,false
read,53.34,key_2,118,false
read,51.79,key_1,114,false
read,51.50,key_16,125,false
write,1.53,key_7,132,false
write,0.49,key_2,119,false
write,0.52,key_3,142,false
write,0.38,key_10,115,false
write,0.31,key_14,116,false
write,0.41,key_14,117,false
read,52.60,key_18,121,false
write,0.42,key_10,116,false
read,52.63,key_16,125,false
read,51.79,key_11,110,false
read,51.69,key_19,145,false
read,53.56,key_19,145,false
write,0.40,key_14,118,false
read,53.80,key_12,125,false
read,51.73,key_17,104,false
read,51.67,key_7,132,false
write,0.50,key_11,111,false
read,52.12,key_4,104,false
write,0.60,key_8,129,false
read,51.41,key_13,126,false
read,51.05,key_11,111,false
read,52.41,key_2,119,false
write,0.44,key_14,119,false
write,0.34,key_14,120,false
write,0.36,key_1,115,false
read,51.04,key_11,111,false
write,0.35,key_19,146,false
read,51.04,key_19,146,false
read,52.66,key_7,132,false
write,0.65,key_14,121,false
read,51.01,key_14,121,false
write,0.51,key_5,115,false
write,0.44,key_16,126,false
write,0.38,key_4,105,false
write,0.44,key_16,127,false
write,0.32,key_6,122,false
write,0.32,key_6,123,false
read,51.78,key_4,105,false
read,51.88,key_19,146,false
read,52.39,key_6,121,true
write,0.81,key_18,122,false
write,1.35,key_9,114,false
write,1.09,key_0,111,false
write,0.60,key_2,120,false
write,0.34,key_13,127,false
write,0.40,key_7,133,false
read,52.39,key_5,115,false
read,53.15,key_13,127,false
read,54.91,key_14,121,false
read,52.75,key_12,125,false
write,0.48,key_11,112,false
write,0.39,key_11,113,false
write,0.45,key_3,143,false
write,0.70,key_19,147,false
read,52.42,key_1,115,false
write,0.54,key_5,116,false
write,0.33,key_5,117,false
write,0.38,key_13,128,false
read,52.19,key_0,110,true
read,51.14,key_8,129,false
read,54.10,key_2,120,false
read,51.92,key_13,128,false
write,0.48,key_0,112,false
write,1.33,key_12,126,false
read,51.59,key_19,147,false
write,2.28,key_13,129,false
write,1.84,key_9,115,false
write,0.64,key_19,148,false
write,0.60,key_10,117,false
write,0.36,key_6,125,false
write,0.40,key_6,124,false
write,0.36,key_4,106,false
write,0.48,key_8,130,false
write,0.44,key_11,114,false
write,0.37,key_9,116,false
read,51.40,key_1,115,false
write,0.39,key_2,121,false
write,0.32,key_18,123,false
write,0.34,key_2,122,false
read,52.29,key_7,133,false
read,52.44,key_15,105,false
write,0.53,key_18,124,false
write,0.44,key_9,117,false
write,0.36,key_18,125,false
read,52.69,key_8,130,false
read,52.15,key_1,115,false
write,0.37,key_14,122,false
write,0.38,key_12,127,false
write,0.29,key_3,144,false
read,51.27,key_5,117,false
read,51.64,key_1,115,false
read,52.70,key_0,112,false
read,50.89,key_15,105,false
read,52.62,key_0,112,false
write,0.50,key_2,123,false
read,51.95,key_1,115,false
read,52.53,key_10,117,false
read,52.75,key_5,117,false
write,0.53,key_12,128,false
write,0.41,key_15,106,false
write,0.46,key_19,149,false
read,52.88,key_10,117,false
read,54.18,key_4,106,false
read,53.07,key_15,106,false
read,51.02,key_3,144,false
read,52.00,key_18,125,false
write,1.52,key_13,130,false
read,54.02,key_19,149,false
write,0.46,key_1,116,false
read,51.73,key_1,116,false
write,1.71,key_2,124,false
write,0.52,key_11,115,false
write,0.50,key_9,118,false
write,0.39,key_5,118,false
write,0.38,key_8,131,false
read,52.09,key_9,117,true
write,0.37,key_11,116,false
read,53.35,key_1,116,false
write,0.50,key_15,107,false
write,0.38,key_6,126,false
read,51.49,key_2,124,false
write,0.46,key_15,108,false
read,52.93,key_6,125,true
write,0.37,key_10,118,false
write,0.40,key_18,126,false
write,0.55,key_15,109,false
write,0.41,key_12,129,false
write,0.34,key_11,117,false
read,54.91,key_6,125,true
read,52.75,key_15,109,false
read,51.95,key_19,149,false
read,52.44,key_2,123,true
read,52.65,key_17,104,false
read,51.70,key_2,124,false
write,0.46,key_14,123,false
read,51.72,key_0,112,false
write,0.71,key_7,134,false
write,0.40,key_2,125,false
write,0.42,key_16,128,false
read,52.69,key_2,124,true
read,51.47,key_4,106,false
write,0.47,key_6,127,false
write,0.54,key_14,124,false
write,0.38,key_4,107,false
read,51.88,key_7,133,true
write,0.48,key_9,119,false
read,51.88,key_19,149,false
write,0.35,key_12,130,false
write,0.43,key_9,120,false
write,0.42,key_7,135,false
write,0.56,key_19,150,false
write,0.70,key_7,136,false
read,51.92,key_19,150,false
read,52.02,key_1,116,false
read,54.65,key_13,130,false
read,52.50,key_5,118,false
read,52.54,key_0,112,false
write,0.60,key_7,137,false
write,0.33,key_6,128,false
write,0.39,key_3,145,false
read,51.55,key_18,126,false
read,52.84,key_5,118,false
read,52.34,key_2,125,false
write,1.85,key_14,125,false
read,51.39,key_15,109,false
write,0.40,key_1,117,false
read,51.23,key_0,112,false
write,0.42,key_13,131,false
read,52.72,key_10,118,false
read,52.26,key_5,118,false
read,52.06,key_13,131,false
read,52.83,key_0,112,false
write,1.77,key_11,118,false
read,53.49,key_3,145,false
read,51.63,key_2,125,false
read,51.59,key_5,118,false
write,0.38,key_4,108,false
write,0.36,key_8,132,false
read,52.06,key_16,128,false
read,52.57,key_6,128,false
read,52.27,key_0,112,false
read,51.63,key_1,117,false
write,0.41,key_6,129,false
read,52.78,key_1,117,false
write,0.64,key_16,129,false
write,0.46,key_1,118,false
read,51.28,key_17,104,false
read,51.24,key_16,129,false
read,52.56,key_8,132,false
read,51.42,key_3,145,false
read,52.60,key_14,125,false
write,0.40,key_1,119,false
write,0.38,key_7,138,false
write,0.32,key_2,126,false
read,53.16,key_3,145,false
read,52.18,key_17,104,false
write,0.41,key_19,151,false
write,0.41,key_8,133,false
write,0.35,key_19,152,false
read,53.06,key_9,120,false
read,51.18,key_5,118,false
read,53.57,key_6,129,false
write,0.49,key_13,132,false
write,1.00,key_17,105,false
write,0.43,key_14,126,false
read,51.31,key_12,130,false
read,52.38,key_14,125,true
read,51.47,key_4,108,false
read,50.97,key_15,109,false
write,0.56,key_19,153,false
write,0.55,key_1,120,false
write,0.36,key_2,127,false
read,50.99,key_17,105,false
read,52.51,key_5,118,false
read,52.59,key_3,145,false
read,52.21,key_15,109,false
read,52.74,key_5,118,false
read,51.94,key_15,109,false
write,0.41,key_10,119,false
write,0.42,key_8,134,false
write,0.34,key_6,130,false
write,0.37,key_14,127,false
read,51.64,key_16,129,false
read,51.62,key_10,119,false
write,0.62,key_5,119,false
write,0.38,key_9,121,false
write,0.38,key_11,119,false
read,52.09,key_7,138,false
read,55.74,key_11,119,false
read,55.35,key_15,109,false
write,0.45,key_13,133,false
read,52.05,key_1,120,false
read,51.90,key_2,127,false
read,52.84,key_0,112,false
read,52.87,key_0,112,false
read,51.28,key_4,108,false
write,0.71,key_4,109,false
write,0.44,key_0,113,false
read,51.74,key_7,138,false
read,51.11,key_18,126,false
read,52.85,key_12,130,false
write,0.39,key_7,139,false
write,0.42,key_10,120,false
read,52.05,key_14,127,false
read,51.39,key_14,127,false
write,1.71,key_16,130,false
write,0.34,key_9,122,false
write,0.33,key_16,131,false
read,54.37,key_19,153,false
read,52.06,key_13,133,false
write,0.60,key_5,120,false
write,0.37,key_0,114,false
read,52.08,key_7,139,false
write,0.55,key_13,134,false
read,52.04,key_15,109,false
read,52.27,key_1,120,false
write,0.37,key_4,110,false
write,0.39,key_9,123,false
read,52.04,key_1,120,false
read,51.22,key_13,134,false
write,0.45,key_0,115,false
write,0.41,key_2,128,false
write,0.39,key_16,132,false
read,51.26,key_4,109,true
write,0.37,key_10,121,false
read,52.07,key_10,121,false
write,0.52,key_11,120,false
read,52.37,key_9,123,false
write,0.58,key_16,133,false
read,54.21,key_0,115,false
read,51.48,key_3,145,false
write,0.48,key_19,154,false
write,0.44,key_18,127,false
read,50.93,key_17,105,false
read,51.12,key_7,139,false
read,52.41,key_15,109,false
write,0.37,key_11,121,false
read,51.60,key_0,115,false
write,0.51,key_15,110,false
write,0.74,key_11,122,false
write,0.61,key_3,146,false
read,51.69,key_16,133,false
write,0.42,key_19,155,false
write,0.36,key_19,156,false
read,52.42,key_19,156,false
write,0.39,key_6,131,false
write,0.48,key_14,128,false
read,54.56,key_14,128,false
read,52.35,key_10,121,false
write,0.64,key_15,111,false
write,0.41,key_10,122,false
read,52.51,key_7,139,false
read,51.55,key_3,146,false
write,0.56,key_14,129,false
read,52.24,key_8,134,false
read,53.93,key_6,131,false
read,50.84,key_19,156,false
read,52.08,key_13,134,false
read,51.38,key_7,139,false
read,52.23,key_2,128,false
read,51.26,key_12,130,false
read,53.71,key_18,127,false
write,1.82,key_10,123,false
write,0.41,key_6,132,false
read,52.29,key_7,139,false
read,51.77,key_1,120,false
write,0.68,key_13,135,false
write,0.62,key_14,130,false
write,0.41,key_13,136,false
write,0.39,key_14,131,false
write,0.42,key_9,124,false
read,51.91,key_11,122,false
write,0.56,key_15,112,false
read,51.56,key_16,133,false
write,0.38,key_3,147,false
read,51.85,key_19,156,false
read,51.29,key_13,136,false
read,52.19,key_8,134,false
read,51.04,key_19,156,false
read,52.82,key_12,130,false
write,0.45,key_2,129,false
read,52.49,key_15,112,false
write,0.46,key_19,157,false
write,0.51,key_4,111,false
write,0.41,key_6,133,false
write,0.51,key_15,113,false
read,54.82,key_18,127,false
read,51.27,key_13,136,false
read,54.66,key_13,136,false
write,0.39,key_1,121,false
write,0.55,key_15,114,false
write,0.60,key_8,135,false
write,0.52,key_18,128,false
write,0.62,key_16,134,false
write,0.84,key_13,137,false
read,52.01,key_9,124,false
write,0.45,key_17,106,false
write,0.48,key_7,140,false
write,0.36,key_6,134,false
read,54.29,key_3,147,false
read,52.77,key_5,120,false
write,0.56,key_15,115,false
write,0.61,key_2,130,false
read,53.50,key_10,123,false
read,51.91,key_7,140,false
read,51.55,key_17,106,false
write,0.59,key_9,125,false
write,0.42,key_0,116,false
read,51.88,key_19,157,false
read,53.01,key_13,137,false
write,0.58,key_14,132,false
read,51.63,key_2,130,false
write,0.44,key_3,148,false
read,51.51,key_3,148,false
write,0.41,key_18,129,false
write,0.56,key_10,124,false
read,54.89,key_12,130,false
read,52.60,key_0,116,false
read,54.43,key_13,137,false
read,55.58,key_13,137,false
read,51.91,key_11,122,false
write,0.58,key_7,141,false
write,2.30,key_18,130,false
read,51.97,key_18,130,false
read,52.23,key_5,120,false
write,0.55,key_4,112,false
read,52.48,key_0,116,false
read,51.30,key_10,124,false
write,0.64,key_1,122,false
write,1.04,key_19,158,false
write,1.23,key_11,123,false
write,0.61,key_17,107,false
write,1.37,key_8,136,false
read,52.10,key_5,120,false
write,0.52,key_8,137,false
write,0.74,key_19,159,false
read,51.48,key_8,137,false
read,52.98,key_13,137,false
read,51.52,key_14,132,false
write,0.51,key_10,125,false
write,0.45,key_14,133,false
write,0.39,key_6,135,false
read,51.30,key_18,130,false
write,0.56,key_3,149,false
read,53.95,key_3,149,false
write,0.46,key_0,117,false
write,0.47,key_14,134,false
read,52.58,key_1,122,false
write,0.45,key_8,138,false
write,0.39,key_8,139,false
read,52.20,key_0,117,false
write,6.05,key_1,123,false
read,52.11,key_13,137,false
write,0.61,key_14,135,false
read,53.03,key_15,115,false
write,0.49,key_2,131,false
write,0.52,key_16,135,false
read,52.81,key_12,130,false
read,52.46,key_5,120,false
write,0.84,key_12,131,false
write,0.86,key_2,132,false
read,53.43,key_13,137,false
write,0.77,key_12,132,false
write,0.61,key_16,136,false
write,0.91,key_4,113,false
write,1.13,key_6,136,false
write,0.53,key_13,138,false
write,1.07,key_14,136,false
read,51.00,key_12,132,false
read,54.07,key_6,136,false
write,0.48,key_12,133,false
read,51.55,key_12,133,false
write,0.51,key_15,116,false
read,51.87,key_19,159,false
read,52.91,key_13,138,false
write,1.85,key_11,124,false
read,53.04,key_15,116,false
read,51.49,key_11,124,false
read,54.48,key_12,133,false
write,0.60,key_9,126,false
write,1.18,key_14,137,false
write,1.33,key_11,125,false
write,2.39,key_4,114,false
write,2.10,key_17,108,false
read,52.94,key_8,139,false
read,53.19,key_12,133,false
read,52.44,key_18,130,false
write,1.11,key_7,142,false
write,1.37,key_19,160,false
write,0.99,key_7,143,false
write,1.02,key_14,138,false
read,51.67,key_17,108,false
write,0.77,key_8,140,false
read,51.27,key_5,120,false
read,53.34,key_11,123,true
read,51.02,key_8,140,false
read,54.59,key_7,143,false
read,53.81,key_7,143,false
read,53.88,key_7,143,false
read,53.16,key_3,149,false
read,52.21,key_9,126,false
write,2.10,key_0,118,false
read,53.95,key_2,132,false
read,58.37,key_16,136,false
read,57.66,key_0,117,true
write,3.68,key_13,139,false
write,0.54,key_2,133,false
write,2.16,key_4,115,false
write,0.59,key_16,137,false
write,0.74,key_5,121,false
write,0.81,key_16,138,false
read,53.29,key_13,139,false
write,0.42,key_5,122,false
write,0.29,key_17,109,false
write,0.34,key_9,127,false
read,52.06,key_15,116,false
read,54.62,key_19,160,false
read,53.30,key_2,133,false
read,51.10,key_19,160,false
read,51.14,key_6,136,false
read,51.32,key_11,125,false
write,0.92,key_17,110,false
write,0.98,key_2,134,false
read,51.73,key_14,138,false
write,0.47,key_13,140,false
write,1.55,key_3,150,false
read,52.63,key_5,122,false
read,54.04,key_10,125,false
read,54.43,key_2,134,false
read,53.05,key_7,143,false
read,52.30,key_14,138,false
read,53.49,key_16,138,false
read,52.80,key_17,110,false
read,52.53,key_2,134,false
read,53.95,key_4,115,false
write,0.72,key_10,126,false
read,52.36,key_1,123,false
write,1.06,key_14,139,false
read,52.41,key_18,130,false
write,1.49,key_17,111,false
write,2.24,key_13,141,false
read,51.91,key_9,127,false
write,0.54,key_13,142,false
write,0.44,key_19,161,false
read,51.91,key_15,116,false
read,52.78,key_13,140,true
write,0.41,key_13,143,false
read,52.95,key_17,111,false
read,53.08,key_0,118,false
read,52.90,key_10,126,false
read,52.80,key_9,127,false
write,0.92,key_17,112,false
read,52.92,key_7,143,false
read,51.93,key_15,116,false
read,53.40,key_10,126,false
write,0.73,key_4,116,false
write,0.98,key_19,162,false
read,55.42,key_14,139,false
read,53.17,key_1,123,false
read,52.41,key_3,150,false
read,52.82,key_12,133,false
read,52.92,key_3,150,false
read,52.47,key_10,126,false
read,52.55,key_13,143,false
write,0.63,key_4,117,false
read,52.85,key_17,112,false
read,52.00,key_17,112,false
write,0.86,key_10,127,false
write,0.58,key_5,123,false
write,0.63,key_8,141,false
read,54.50,key_15,116,false
read,51.78,key_19,162,false
write,0.43,key_13,144,false
write,0.39,key_11,126,false
write,0.33,key_5,124,false
write,0.33,key_4,118,false
read,53.58,key_18,130,false
read,51.49,key_11,126,false
write,0.47,key_9,128,false
read,52.32,key_18,130,false
read,52.93,key_14,139,false
read,52.33,key_19,162,false
write,0.76,key_6,137,false
read,52.04,key_7,143,false
read,52.13,key_19,162,false
write,0.53,key_16,139,false
write,1.36,key_13,145,false
read,52.36,key_17,112,false
read,55.64,key_2,134,false
write,1.24,key_16,140,false
write,2.75,key_18,131,false
write,0.97,key_15,117,false
write,0.80,key_2,135,false
write,1.12,key_19,163,false
write,0.76,key_8,142,false
read,53.89,key_0,118,false
read,51.12,key_17,112,false
read,52.20,key_4,118,false
write,2.03,key_15,118,false
read,52.84,key_11,126,false
read,52.85,key_4,118,false
read,54.73,key_7,143,false
write,0.51,key_0,119,false
read,52.96,key_3,150,false
read,53.41,key_10,127,false
read,52.94,key_1,123,false
write,0.60,key_8,143,false
read,54.68,key_17,112,false
read,51.53,key_6,137,false
write,0.56,key_5,125,false
write,0.81,key_12,134,false
write,0.71,key_11,127,false
read,52.76,key_0,118,true
write,0.65,key_8,144,false
read,54.17,key_15,118,false
read,51.54,key_5,125,false
read,51.56,key_17,112,false
write,0.56,key_17,113,false
write,0.64,key_4,119,false
write,0.58,key_4,120,false
read,52.23,key_14,139,false
read,51.77,key_12,134,false
read,51.86,key_1,123,false
write,0.42,key_4,121,false
write,0.54,key_14,140,false
read,53.41,key_16,140,false
read,51.84,key_15,118,false
read,51.71,key_8,144,false
write,0.81,key_16,141,false
read,54.88,key_19,163,false
write,2.04,key_1,124,false
read,52.57,key_1,124,false
write,0.47,key_5,126,false
read,52.10,key_15,118,false
read,51.57,key_11,127,false
read,52.17,key_6,137,false
read,52.53,key_18,131,false
write,1.89,key_5,127,false
read,53.97,key_18,131,false
read,52.23,key_12,134,false
read,52.20,key_10,127,false
write,0.68,key_18,132,false
write,0.83,key_6,138,false
write,2.52,key_14,141,false
read,52.63,key_5,125,true
write,0.69,key_2,136,false
write,0.64,key_9,129,false
write,0.48,key_9,130,false
read,53.85,key_4,121,false
write,0.39,key_7,144,false
write,0.50,key_0,120,false
read,54.40,key_0,120,false
read,52.65,key_8,144,false
read,53.45,key_12,134,false
write,0.64,key_13,146,false
write,0.45,key_3,151,false
write,0.54,key_13,147,false
read,51.95,key_14,140,true
read,51.93,key_7,144,false
read,52.65,key_18,132,false
read,52.06,key_14,141,false
write,0.73,key_12,135,false
write,0.69,key_12,136,false
read,52.00,key_18,132,false
read,52.85,key_17,113,false
write,0.84,key_18,133,false
write,0.90,key_15,119,false
read,53.24,key_0,120,false
write,0.56,key_14,142,false
read,51.21,key_6,138,false
write,0.47,key_16,142,false
write,0.40,key_2,137,false
write,0.49,key_2,138,false
read,51.34,key_10,127,false
read,54.95,key_2,138,false
read,54.15,key_18,133,false
read,52.84,key_18,133,false
read,54.13,key_10,127,false
read,52.70,key_6,138,false
read,53.31,key_19,163,false
read,53.21,key_3,151,false
write,2.00,key_6,139,false
write,1.41,key_6,140,false
write,2.01,key_12,137,false
read,52.06,key_8,144,false
read,52.51,key_13,147,false
write,0.41,key_14,143,false
read,52.66,key_6,138,true
write,0.45,key_13,148,false
write,0.52,key_9,131,false
write,0.43,key_17,114,false
read,54.28,key_11,127,false
write,0.43,key_0,121,false
read,54.86,key_11,127,false
read,54.07,key_19,163,false
write,0.54,key_5,128,false
read,51.73,key_6,140,false
read,51.14,key_0,121,false
write,0.61,key_13,149,false
read,51.42,key_3,151,false
read,52.92,key_5,127,true
write,0.44,key_8,145,false
write,0.33,key_4,122,false
write,0.43,key_0,122,false
write,0.42,key_17,115,false
read,53.08,key_0,120,true
write,0.42,key_19,164,false
read,51.60,key_10,127,false
write,0.64,key_12,138,false
write,0.42,key_14,144,false
read,52.48,key_14,143,true
read,51.57,key_14,143,true
write,0.56,key_8,146,false
read,51.28,key_11,127,false
read,51.75,key_14,144,false
read,52.33,key_12,138,false
write,0.69,key_0,123,false
write,0.76,key_12,139,false
read,53.31,key_1,124,false
read,52.12,key_10,127,false
write,1.97,key_5,129,false
write,0.65,key_12,140,false
read,52.93,key_0,123,false
write,0.45,key_1,125,false
write,0.54,key_3,152,false
read,52.55,key_0,122,true
write,0.45,key_18,134,false
read,51.64,key_7,144,false
write,0.40,key_2,139,false
write,0.53,key_19,165,false
write,0.33,key_4,123,false
read,52.71,key_13,149,false
write,0.40,key_18,135,false
read,51.40,key_4,123,false
write,0.68,key_6,141,false
read,53.48,key_7,144,false
read,52.80,key_16,142,false
write,0.57,key_0,124,false
read,51.72,key_13,149,false
read,51.01,key_6,141,false
read,52.01,key_19,165,false
write,0.61,key_2,140,false
write,0.46,key_3,153,false
write,0.89,key_1,126,false
write,1.02,key_8,147,false
write,1.64,key_10,128,false
read,52.21,key_18,135,false
write,1.86,key_0,125,false
write,0.70,key_2,141,false
write,0.73,key_5,130,false
write,0.56,key_2,142,false
write,0.69,key_6,142,false
write,0.55,key_1,127,false
write,0.42,key_1,128,false
write,0.41,key_8,148,false
read,51.45,key_2,142,false
write,0.53,key_8,149,false
write,0.49,key_13,150,false
write,0.58,key_5,131,false
read,51.72,key_6,142,false
write,0.45,key_14,145,false
write,0.50,key_9,132,false
write,0.43,key_2,143,false
write,0.42,key_17,116,false
write,0.46,key_2,144,false
write,0.51,key_13,151,false
write,0.40,key_3,154,false
write,0.55,key_5,132,false
read,52.62,key_19,165,false
read,51.35,key_4,123,false
write,0.67,key_6,143,false
write,0.55,key_16,143,false
write,0.52,key_13,152,false
write,0.46,key_9,133,false
read,52.22,key_12,140,false
write,0.55,key_4,124,false
write,0.55,key_7,145,false
write,0.42,key_17,117,false
read,51.99,key_15,119,false
read,52.20,key_1,128,false
read,51.22,key_0,125,false
read,53.40,key_1,128,false
write,0.55,key_5,133,false
write,0.39,key_14,146,false
read,52.27,key_14,146,false
read,52.64,key_2,144,false
write,0.45,key_3,155,false
write,0.45,key_4,125,false
read,52.14,key_5,133,false
write,0.65,key_3,156,false
write,0.43,key_0,126,false
read,55.10,key_0,126,false
write,0.62,key_1,129,false
read,52.34,key_18,135,false
read,52.44,key_15,119,false
read,52.39,key_3,156,false
read,52.81,key_19,165,false
read,51.31,key_0,126,false
write,0.98,key_19,166,false
read,51.48,key_6,143,false
write,0.52,key_7,146,false
write,0.38,key_15,120,false
read,51.93,key_15,120,false
read,51.74,key_14,146,false
write,1.78,key_1,130,false
write,1.53,key_1,131,false
read,51.70,key_16,143,false
write,0.55,key_18,136,false
read,52.04,key_11,127,false
read,54.23,key_16,143,false
read,52.02,key_10,128,false
read,52.27,key_16,143,false
read,53.16,key_5,133,false
read,53.19,key_5,133,false
write,0.61,key_8,150,false
write,0.60,key_16,144,false
write,0.43,key_17,118,false
read,52.63,key_19,166,false
write,0.38,key_15,121,false
write,0.37,key_10,129,false
read,56.99,key_8,150,false
read,56.49,key_3,156,false
write,0.46,key_1,132,false
write,0.34,key_14,147,false
write,0.38,key_1,133,false
write,0.46,key_6,144,false
write,0.48,key_15,122,false
read,51.41,key_8,150,false
write,0.39,key_4,126,false
write,0.47,key_10,130,false
read,51.35,key_2,144,false
read,51.77,key_10,130,false
read,51.40,key_16,144,false
read,51.40,key_7,146,false
read,51.63,key_13,152,false
write,0.68,key_1,134,false
write,0.57,key_1,135,false
read,51.25,key_1,134,true
write,0.44,key_4,127,false
write,0.63,key_9,134,false
write,1.35,key_13,153,false
read,51.89,key_16,144,false
write,0.54,key_8,151,false
read,51.72,key_11,127,false
write,0.48,key_4,128,false
read,50.94,key_10,130,false
read,54.28,key_5,133,false
read,54.59,key_13,153,false
write,0.61,key_5,134,false
read,54.11,key_16,144,false
write,0.53,key_8,152,false
read,51.73,key_17,118,false
write,0.65,key_8,153,false
write,0.65,key_8,154,false
read,51.87,key_7,146,false
read,52.70,key_0,126,false
write,0.49,key_7,147,false
read,51.79,key_12,140,false
read,53.08,key_9,134,false
write,2.02,key_13,154,false
read,51.01,key_6,144,false
write,0.50,key_15,123,false
read,52.02,key_11,127,false
read,51.77,key_18,136,false
read,52.30,key_16,144,false
read,52.46,key_17,118,false
read,51.32,key_1,135,false
read,51.84,key_9,134,false
write,2.03,key_11,128,false
write,2.12,key_0,127,false
write,2.85,key_8,155,false
write,2.72,key_18,137,false
write,2.13,key_6,145,false
read,51.15,key_5,134,false
write,0.76,key_2,145,false
write,1.12,key_5,135,false
read,52.41,key_15,122,true
write,0.58,key_7,148,false
write,0.63,key_10,131,false
read,51.98,key_19,166,false
write,0.52,key_8,156,false
read,52.94,key_18,136,true
read,53.97,key_6,144,true
write,0.32,key_9,135,false
read,52.07,key_16,144,false
read,53.36,key_19,166,false
read,52.63,key_4,128,false
read,52.26,key_14,147,false
read,53.32,key_9,134,true
read,54.33,key_2,145,false
write,1.18,key_8,157,false
read,52.27,key_11,128,false
read,53.15,key_13,154,false
write,0.80,key_7,149,false
write,0.46,key_10,132,false
write,0.51,key_0,128,false
read,51.75,key_8,157,false
write,1.84,key_15,124,false
read,51.46,key_1,135,false
read,51.70,key_12,140,false
read,51.49,key_0,128,false
read,51.49,key_15,123,true
read,53.17,key_17,118,false
read,51.72,key_15,124,false
read,55.07,key_0,128,false
read,51.47,key_4,128,false
write,0.97,key_19,167,false
write,0.60,key_15,125,false
read,52.10,key_7,149,false
read,52.98,key_19,167,false
read,52.45,key_19,167,false
write,0.56,key_19,168,false
read,51.30,key_4,128,false
read,53.37,key_14,147,false
read,54.13,key_8,157,false
read,53.52,key_18,137,false
read,53.31,key_16,144,false
write,1.82,key_11,129,false
read,51.52,key_6,145,false
read,54.16,key_8,157,false
read,53.93,key_11,129,false
read,52.48,key_2,145,false
write,0.49,key_6,146,false
read,53.13,key_4,128,false
write,0.47,key_9,136,false
read,53.86,key_5,135,false
read,52.73,key_18,137,false
write,0.52,key_12,141,false
write,0.50,key_8,158,false
read,55.90,key_18,137,false
read,52.12,key_13,154,false
read,52.34,key_14,147,false
read,51.39,key_14,147,false
read,52.27,key_9,135,true
write,0.97,key_0,129,false
write,0.76,key_6,147,false
write,0.57,key_5,136,false
write,1.17,key_16,145,false
write,0.51,key_6,148,false
write,0.47,key_9,137,false
read,53.74,key_6,145,true
read,51.74,key_11,129,false
read,51.58,key_16,144,true
read,52.01,key_6,148,false
write,0.43,key_19,169,false
write,0.43,key_18,138,false
read,53.33,key_12,141,false
read,51.68,key_16,144,true
read,51.19,key_2,145,false
read,52.20,key_1,135,false
write,1.08,key_11,130,false
write,0.95,key_8,159,false
write,0.66,key_14,148,false
write,0.67,key_13,155,false
write,0.57,key_9,138,false
write,0.60,key_9,139,false
read,52.99,key_17,118,false
write,0.60,key_18,139,false
read,52.14,key_18,138,true
read,54.07,key_17,118,false
read,52.66,key_15,125,false
write,0.56,key_9,140,false
read,53.11,key_1,135,false
write,0.43,key_7,150,false
write,0.44,key_19,170,false
read,52.02,key_17,118,false
read,51.76,key_10,132,false
read,51.90,key_14,148,false
write,0.62,key_17,119,false
write,0.42,key_9,141,false
write,0.52,key_16,146,false
read,52.18,key_17,119,false
read,51.39,key_13,155,false
read,52.18,key_16,145,true
write,0.57,key_7,151,false
write,0.66,key_15,126,false
write,0.63,key_19,171,false
write,0.56,key_14,149,false
read,52.94,key_11,130,false
read,52.04,key_17,119,false
write,0.53,key_5,137,false
write,0.61,key_0,130,false
read,51.34,key_16,146,false
write,0.45,key_7,152,false
read,52.56,key_8,159,false
read,52.05,key_14,149,false
write,0.47,key_10,133,false
write,0.38,key_0,131,false
read,52.98,key_0,129,true
read,51.99,key_0,131,false
write,0.74,key_9,142,false
write,0.64,key_14,150,false
read,52.90,key_2,145,false
read,52.42,key_6,148,false
read,51.27,key_0,131,false
write,0.54,key_12,142,false
read,51.87,key_8,159,false
write,0.84,key_12,143,false
write,0.68,key_6,149,false
write,0.58,key_6,150,false
read,53.59,key_4,128,false
read,51.90,key_0,131,false
read,51.02,key_18,139,false
write,1.93,key_10,134,false
read,52.18,key_3,156,false
write,0.41,key_11,131,false
write,0.38,key_8,160,false
read,51.48,key_0,131,false
write,0.57,key_14,151,false
write,0.42,key_3,157,false
write,0.50,key_12,144,false
read,53.90,key_4,128,false
write,0.65,key_7,153,false
read,52.48,key_4,128,false
read,52.89,key_16,146,false
read,51.69,key_16,146,false
write,0.70,key_1,136,false
read,51.25,key_7,153,false
write,0.54,key_3,158,false
read,53.81,key_7,153,false
read,51.95,key_2,145,false
write,0.58,key_7,154,false
write,0.61,key_12,145,false
write,0.37,key_2,146,false
write,0.48,key_17,120,false
write,0.32,key_6,151,false
write,0.55,key_9,143,false
read,51.56,key_17,120,false
read,51.85,key_9,142,true
read,52.46,key_2,146,false
write,0.66,key_2,147,false
read,51.26,key_15,126,false
read,52.30,key_18,139,false
read,52.20,key_3,158,false
read,53.30,key_1,136,false
write,0.40,key_16,147,false
write,1.44,key_19,172,false
read,53.41,key_10,134,false
read,51.26,key_4,128,false
read,51.21,key_3,158,false
read,54.16,key_5,137,false
read,52.35,key_1,136,false
write,0.74,key_16,148,false
write,1.02,key_10,135,false
write,1.67,key_18,140,false
write,3.19,key_0,132,false
read,52.91,key_0,132,false
read,53.06,key_8,160,false
read,51.53,key_6,151,false
write,0.49,key_6,152,false
write,0.58,key_11,132,false
write,0.59,key_8,161,false
read,54.75,key_6,152,false
write,0.92,key_13,156,false
read,53.53,key_13,155,true
read,52.49,key_16,147,true
write,0.92,key_4,129,false
read,51.26,key_8,161,false
write,0.54,key_15,127,false
write,0.65,key_2,148,false
write,0.86,key_10,136,false
read,52.56,key_6,152,false
read,55.09,key_15,126,true
read,53.58,key_2,148,false
write,0.44,key_16,149,false
write,0.65,key_16,150,false
write,0.39,key_15,128,false
read,52.39,key_19,172,false
read,54.03,key_2,147,true
read,52.69,key_4,129,false
read,52.07,key_0,132,false
read,52.33,key_3,158,false
write,1.90,key_12,146,false
write,0.72,key_5,138,false
write,1.32,key_2,149,false
write,1.86,key_9,144,false
read,51.37,key_4,129,false
read,52.37,key_2,148,true
write,1.06,key_5,139,false
write,0.81,key_11,133,false
write,0.52,key_4,130,false
read,51.76,key_13,156,false
write,0.92,key_0,133,false
read,51.30,key_8,161,false
read,52.72,key_5,137,true
read,51.95,key_8,161,false
read,51.62,key_14,151,false
write,0.59,key_5,140,false
write,0.65,key_16,151,false
read,52.06,key_8,161,false
read,51.84,key_7,154,false
read,52.11,key_12,146,false
read,51.85,key_5,140,false
write,0.55,key_11,134,false
read,53.90,key_16,151,false
read,51.24,key_13,156,false
write,0.44,key_9,145,false
read,52.77,key_10,136,false
read,56.94,key_19,172,false
read,52.40,key_2,149,false
read,52.55,key_2,149,false
read,54.00,key_5,140,false
write,0.67,key_2,150,false
read,53.73,key_8,161,false
read,53.83,key_1,136,false
read,53.57,key_17,120,false
write,1.20,key_16,152,false
read,51.85,key_5,140,false
read,51.91,key_8,161,false
write,0.63,key_2,151,false
write,2.54,key_5,141,false
read,54.73,key_15,128,false
write,0.49,key_18,141,false
read,51.07,key_19,172,false
write,0.61,key_8,162,false
read,52.70,key_6,152,false
read,52.79,key_12,146,false
read,51.77,key_19,172,false
read,52.43,key_10,136,false
write,0.78,key_6,153,false
write,1.18,key_2,152,false
write,1.24,key_5,142,false
write,1.77,key_12,147,false
write,1.67,key_18,142,false
read,53.37,key_11,134,false
read,52.35,key_6,153,false
read,52.60,key_3,158,false
write,0.79,key_14,152,false
read,53.32,key_7,154,false
write,0.78,key_1,137,false
write,0.75,key_14,153,false
write,0.93,key_14,154,false
write,0.84,key_9,146,false
write,1.06,key_17,121,false
write,1.39,key_8,163,false
write,1.17,key_5,143,false
write,0.65,key_0,134,false
write,1.98,key_6,154,false
write,0.61,key_6,155,false
write,0.43,key_6,156,false
read,52.70,key_16,152,false
write,0.38,key_18,143,false
write,0.41,key_13,157,false
write,0.41,key_15,129,false
read,52.28,key_10,136,false
read,51.79,key_13,157,false
write,0.54,key_19,173,false
read,52.02,key_16,152,false
read,52.88,key_5,142,true
write,0.50,key_3,159,false
read,52.94,key_5,143,false
read,53.65,key_0,133,true
write,0.61,key_18,144,false
read,52.44,key_11,134,false
read,51.89,key_11,134,false
read,53.02,key_16,152,false
write,0.75,key_13,158,false
read,52.35,key_3,159,false
write,0.51,key_7,155,false
write,0.55,key_0,135,false
write,0.40,key_17,122,false
read,52.21,key_11,134,false
write,0.47,key_19,174,false
read,51.71,key_0,135,false
read,52.02,key_12,147,false
write,0.52,key_14,155,false
write,0.56,key_12,148,false
write,0.46,key_17,123,false
read,56.78,key_15,129,false
read,54.68,key_19,174,false
read,53.92,key_1,137,false
read,59.67,key_5,143,false
read,56.27,key_0,135,false
read,55.60,key_4,130,false
write,0.73,key_6,157,false
write,1.31,key_0,136,false
write,2.44,key_13,159,false
write,1.88,key_9,147,false
write,3.61,key_13,160,false
write,1.33,key_14,156,false
read,53.24,key_19,174,false
read,51.97,key_16,152,false
write,0.47,key_9,148,false
read,52.75,key_2,152,false
read,52.61,key_11,134,false
write,0.64,key_2,153,false
write,0.43,key_13,161,false
write,0.40,key_13,162,false
read,51.39,key_8,163,false
write,0.50,key_19,175,false
write,0.38,key_6,158,false
write,0.39,key_6,159,false
write,0.48,key_16,153,false
write,0.46,key_15,130,false
read,54.03,key_17,123,false
read,55.30,key_13,159,true
read,52.81,key_18,144,false
read,51.50,key_0,136,false
read,51.87,key_9,148,false
write,0.57,key_13,163,false
read,51.54,key_11,134,false
write,0.53,key_14,157,false
read,51.79,key_4,130,false
write,0.43,key_8,164,false
write,0.51,key_19,176,false
write,0.48,key_5,144,false
read,55.07,key_8,164,false
read,52.31,key_0,136,false
write,2.12,key_9,149,false
write,0.89,key_4,131,false
write,0.57,key_16,154,false
write,1.15,key_11,135,false
write,0.40,key_14,158,false
write,0.63,key_13,164,false
read,51.70,key_13,164,false
read,51.84,key_0,136,false
read,51.71,key_6,159,false
read,51.68,key_1,137,false
read,51.26,key_19,176,false
read,51.85,key_6,159,false
write,0.62,key_13,165,false
write,1.49,key_6,160,false
read,51.84,key_12,148,false
write,0.72,key_15,131,false
write,3.01,key_6,161,false
read,52.09,key_12,148,false
write,0.55,key_16,155,false
read,53.54,key_9,149,false
read,52.43,key_3,159,false
read,52.82,key_19,176,false
write,0.40,key_1,138,false
read,53.10,key_12,148,false
read,53.31,key_14,158,false
read,51.42,key_10,136,false
read,54.77,key_17,123,false
read,51.95,key_12,148,false
read,51.81,key_6,161,false
read,52.15,key_4,131,false
read,51.89,key_15,131,false
read,52.97,key_2,153,false
write,0.49,key_3,160,false
read,54.90,key_0,136,false
read,53.37,key_16,155,false
read,52.87,key_5,144,false
read,51.62,key_2,153,false
read,53.19,key_4,131,false
read,51.79,key_15,131,false
write,0.90,key_5,145,false
write,0.81,key_16,156,false
write,1.33,key_17,124,false
read,53.21,key_17,124,false
write,2.05,key_1,139,false
write,1.05,key_8,165,false
write,1.66,key_2,154,false
write,2.74,key_4,132,false
write,2.17,key_2,155,false
read,54.76,key_6,161,false
write,0.60,key_13,166,false
write,0.37,key_5,146,false
write,0.41,key_0,137,false
read,53.06,key_13,165,true
read,52.28,key_5,146,false
read,53.44,key_6,161,false
read,53.30,key_3,160,false
write,0.70,key_0,138,false
read,52.16,key_18,144,false
read,52.63,key_5,146,false
read,55.38,key_11,135,false
write,0.64,key_19,177,false
write,0.71,key_15,132,false
read,53.00,key_8,165,false
read,51.97,key_14,158,false
write,0.94,key_11,136,false
read,53.01,key_12,148,false
write,0.58,key_17,125,false
write,1.52,key_15,133,false
read,52.13,key_6,161,false
read,53.81,key_4,132,false
write,0.38,key_1,140,false
read,53.12,key_18,144,false
read,52.52,key_2,155,false
read,51.54,key_10,136,false
read,51.67,key_16,156,false
read,51.95,key_12,148,false
write,0.77,key_18,145,false
write,0.57,key_17,126,false
read,52.55,key_1,139,true
write,0.51,key_18,146,false
read,52.40,key_10,136,false
read,51.36,key_19,177,false
write,0.60,key_13,167,false
read,51.90,key_0,138,false
read,53.21,key_6,161,false
read,52.91,key_5,146,false
read,52.76,key_18,146,false
read,52.94,key_9,149,false
read,52.34,key_7,155,false
write,0.84,key_13,168,false
read,52.31,key_9,149,false
read,53.80,key_14,158,false
read,52.70,key_10,136,false
write,1.04,key_10,137,false
write,1.00,key_15,134,false
read,52.94,key_18,146,false
write,0.50,key_8,166,false
read,52.72,key_14,158,false
write,0.48,key_3,161,false
write,0.46,key_9,150,false
read,54.71,key_3,160,true
write,0.66,key_16,157,false
read,52.09,key_15,134,false
read,53.79,key_13,168,false
read,51.87,key_18,146,false
write,0.82,key_17,127,false
write,0.42,key_8,167,false
write,0.85,key_16,158,false
read,52.14,key_14,158,false
write,0.71,key_4,133,false
read,52.88,key_0,138,false
read,54.82,key_4,132,true
read,54.86,key_10,137,false
read,51.51,key_5,146,false
write,2.68,key_6,162,false
write,0.58,key_9,151,false
read,51.45,key_6,162,false
read,55.09,key_9,151,false
write,0.85,key_19,178,false
read,53.67,key_14,158,false
write,0.45,key_16,159,false
write,0.50,key_7,156,false
write,0.48,key_1,141,false
read,51.71,key_4,133,false
read,53.07,key_3,161,false
read,52.00,key_6,161,true
read,52.15,key_13,168,false
write,0.45,key_3,162,false
write,0.64,key_8,168,false
read,52.78,key_13,168,false
write,0.50,key_19,179,false
read,53.76,key_14,158,false
write,0.58,key_8,169,false
write,0.67,key_2,156,false
read,51.75,key_16,159,false
read,54.79,key_7,156,false
write,0.58,key_2,157,false
read,52.77,key_16,159,false
read,51.40,key_3,161,true
read,51.82,key_4,133,false
write,0.63,key_6,163,false
read,52.11,key_17,127,false
write,1.39,key_12,149,false
read,52.01,key_8,169,false
write,0.57,key_19,180,false
write,1.86,key_2,158,false
write,0.50,key_15,135,false
write,2.11,key_16,160,false
read,52.15,key_16,159,true
write,1.08,key_0,139,false
write,0.53,key_15,136,false
write,0.62,key_9,152,false
write,0.58,key_6,164,false
read,51.96,key_17,127,false
read,51.53,key_14,158,false
read,51.85,key_13,168,false
write,0.54,key_4,134,false
write,0.41,key_13,169,false
read,53.53,key_10,137,false
read,53.38,key_18,146,false
write,0.60,key_10,138,false
write,0.44,key_14,159,false
read,52.36,key_11,136,false
read,52.33,key_1,141,false
read,52.33,key_18,146,false
read,52.45,key_2,158,false
read,51.72,key_3,162,false
read,52.16,key_0,139,false
read,51.29,key_16,160,false
write,1.00,key_8,170,false
write,0.98,key_6,165,false
write,1.23,key_13,170,false
write,0.85,key_18,147,false
read,52.47,key_1,141,false
write,0.89,key_5,147,false
write,0.78,key_11,137,false
write,1.12,key_10,139,false
read,53.07,key_17,127,false
read,54.17,key_19,180,false
write,0.67,key_14,160,false
write,0.52,key_2,159,false
read,52.20,key_8,170,false
read,52.62,key_8,170,false
read,52.68,key_13,170,false
read,51.70,key_10,139,false
read,52.80,key_19,180,false
write,0.89,key_19,181,false
read,51.82,key_15,136,false
write,1.11,key_13,171,false
read,51.72,key_0,139,false
read,51.39,key_17,127,false
write,0.87,key_7,157,false
write,0.55,key_0,140,false
write,0.76,key_17,128,false
write,1.29,key_1,142,false
write,0.49,key_8,171,false
write,0.47,key_9,153,false
read,52.22,key_6,165,false
read,52.36,key_1,142,false
read,53.71,key_2,159,false
read,52.31,key_4,134,false
read,53.38,key_19,181,false
read,52.81,key_7,157,false
read,51.50,key_8,171,false
write,0.99,key_16,161,false
read,51.73,key_17,128,false
read,54.42,key_6,165,false
write,0.92,key_14,161,false
read,52.12,key_14,160,true
write,0.56,key_18,148,false
write,0.53,key_18,149,false
write,0.40,key_18,150,false
write,0.67,key_8,172,false
write,0.42,key_7,158,false
write,0.48,key_4,135,false
write,0.53,key_10,140,false
write,0.56,key_18,151,false
write,0.46,key_12,150,false
write,0.69,key_9,154,false
read,53.42,key_7,158,false
read,54.85,key_10,140,false
write,0.54,key_14,162,false
write,0.78,key_0,141,false
read,53.04,key_10,140,false
write,0.86,key_0,142,false
read,51.79,key_11,137,false
read,53.22,key_8,172,false
read,53.21,key_14,161,true
read,53.27,key_12,150,false
read,52.52,key_8,172,false
write,1.27,key_12,151,false
write,1.22,key_14,163,false
write,0.77,key_3,163,false
write,2.49,key_3,164,false
write,0.52,key_19,182,false
write,2.11,key_0,143,false
write,0.59,key_2,160,false
read,51.92,key_0,143,false
read,56.24,key_8,172,false
read,56.28,key_11,137,false
read,52.77,key_1,142,false
read,52.71,key_4,135,false
read,52.74,key_5,147,false
write,0.74,key_7,159,false
read,52.54,key_1,142,false
read,51.21,key_14,163,false
read,51.49,key_19,182,false
write,1.53,key_12,152,false
write,1.28,key_4,136,false
write,1.33,key_16,162,false
read,51.89,key_7,158,true
write,0.78,key_6,166,false
write,1.64,key_16,163,false
write,1.45,key_14,164,false
write,0.73,key_4,137,false
write,1.49,key_5,148,false
read,52.10,key_9,154,false
write,1.85,key_8,173,false
write,1.10,key_7,160,false
write,1.30,key_14,165,false
write,0.81,key_17,129,false
write,0.78,key_10,141,false
write,0.68,key_1,143,false
write,0.48,key_1,144,false
write,0.36,key_19,183,false
read,53.68,key_7,160,false
write,0.46,key_15,137,false
read,52.61,key_3,164,false
read,51.15,key_3,164,false
write,0.60,key_8,174,false
write,1.26,key_3,165,false
write,0.60,key_11,138,false
read,52.38,key_3,164,true
read,51.79,key_4,137,false
write,1.03,key_10,142,false
write,0.53,key_6,167,false
read,53.46,key_17,129,false
read,53.44,key_13,171,false
read,51.25,key_9,154,false
read,52.66,key_3,164,true
write,0.68,key_2,161,false
write,1.12,key_7,161,false
write,1.22,key_14,166,false
read,52.17,key_10,141,true
write,0.69,key_16,164,false
write,1.14,key_11,139,false
write,0.71,key_7,162,false
write,0.70,key_12,153,false
write,0.70,key_9,155,false
read,54.60,key_13,171,false
write,0.41,key_6,168,false
read,51.28,key_7,162,false
write,0.68,key_1,145,false
write,0.49,key_11,140,false
read,51.68,key_2,161,false
write,0.65,key_3,166,false
write,0.39,key_10,143,false
read,52.68,key_16,163,true
write,0.67,key_9,156,false
write,0.65,key_19,184,false
write,0.65,key_17,130,false
write,0.74,key_3,167,false
write,0.88,key_8,175,false
write,0.74,key_11,141,false
write,0.61,key_0,144,false
write,0.50,key_13,172,false
read,52.33,key_12,153,false
read,55.70,key_9,156,false
read,53.21,key_17,130,false
write,1.03,key_12,154,false
read,51.85,key_8,175,false
read,52.06,key_0,144,false
read,51.47,key_16,164,false
write,0.79,key_18,152,false
write,0.64,key_5,149,false
write,0.50,key_9,157,false
write,0.41,key_18,153,false
read,51.75,key_14,166,false
read,53.60,key_2,161,false
read,56.51,key_7,162,false
read,52.16,key_4,137,false
read,51.62,key_10,143,false
read,51.56,key_14,166,false
read,51.70,key_3,167,false
write,0.56,key_6,169,false
write,0.57,key_11,142,false
write,0.63,key_14,167,false
read,54.35,key_9,157,false
read,51.55,key_13,172,false
write,0.62,key_10,144,false
write,0.54,key_13,173,false
read,54.05,key_6,169,false
write,0.50,key_5,150,false
read,53.93,key_19,184,false
write,0.60,key_11,143,false
read,52.83,key_2,161,false
read,52.81,key_10,144,false
read,52.91,key_8,175,false
read,52.10,key_9,157,false
write,0.55,key_6,170,false
read,52.25,key_1,145,false
read,52.10,key_0,144,false
read,52.30,key_10,144,false
write,1.23,key_14,168,false
write,2.98,key_13,174,false
write,2.54,key_3,168,false
write,1.09,key_15,138,false
write,1.02,key_12,155,false
write,1.18,key_12,156,false
write,0.85,key_19,185,false
write,1.64,key_19,186,false
write,0.75,key_6,171,false
write,0.60,key_7,163,false
read,55.37,key_3,168,false
read,55.34,key_9,157,false
read,53.73,key_9,157,false
write,0.56,key_19,187,false
write,0.52,key_9,158,false
read,52.59,key_18,153,false
write,0.57,key_15,139,false
read,54.21,key_12,154,true
write,0.58,key_7,164,false
write,0.56,key_17,131,false
read,52.59,key_16,164,false
read,52.62,key_12,156,false
write,0.50,key_11,144,false
read,51.61,key_14,168,false
write,0.45,key_17,132,false
read,53.99,key_6,170,true
read,51.95,key_5,150,false
read,54.62,key_1,145,false
read,51.74,key_17,132,false
write,0.38,key_4,138,false
write,0.36,key_9,159,false
write,0.43,key_4,139,false
read,54.14,key_9,159,false
write,1.79,key_3,169,false
read,52.42,key_15,139,false
write,0.51,key_2,162,false
read,52.23,key_15,139,false
read,51.69,key_6,171,false
read,52.56,key_9,159,false
write,0.44,key_11,145,false
write,0.61,key_13,175,false
write,1.00,key_3,170,false
write,0.53,key_15,140,false
read,51.77,key_19,187,false
read,51.36,key_2,162,false
write,0.72,key_16,165,false
read,53.64,key_11,145,false
read,53.62,key_4,137,true
read,51.93,key_9,159,false
read,53.10,key_5,150,false
read,53.15,key_11,145,false
read,52.23,key_2,162,false
read,51.78,key_19,187,false
read,51.91,key_2,162,false
write,0.77,key_14,169,false
read,55.27,key_13,175,false
read,55.00,key_17,132,false
read,54.11,key_2,162,false
read,51.46,key_4,139,false
write,0.88,key_12,157,false
write,0.60,key_16,166,false
read,51.98,key_2,162,false
write,0.39,key_19,188,false
read,52.70,key_18,153,false
read,52.15,key_13,175,false
read,52.24,key_3,170,false
read,52.88,key_18,153,false
read,52.66,key_5,150,false
write,0.49,key_12,158,false
write,1.02,key_0,145,false
write,1.12,key_6,172,false
read,51.69,key_6,171,true
write,0.43,key_0,146,false
read,52.38,key_11,145,false
read,51.82,key_9,159,false
read,52.06,key_18,153,false
write,0.74,key_15,141,false
read,51.77,key_6,172,false
write,1.33,key_4,140,false
read,53.52,key_2,162,false
write,0.51,key_7,165,false
read,52.73,key_3,170,false
read,51.82,key_13,175,false
read,53.64,key_10,144,false
read,52.13,key_4,140,false
read,51.53,key_14,169,false
write,0.43,key_11,146,false
write,0.58,key_17,133,false
write,0.78,key_15,142,false
read,52.11,key_5,150,false
read,52.25,key_6,172,false
write,0.72,key_1,146,false
write,0.40,key_3,171,false
read,51.84,key_4,140,false
read,54.02,key_15,141,true
write,0.47,key_10,145,false
write,0.40,key_9,160,false
write,0.40,key_9,161,false
write,0.36,key_13,176,false
write,0.37,key_0,147,false
write,0.34,key_18,154,false
write,0.35,key_10,146,false
write,0.36,key_10,147,false
read,52.12,key_13,176,false
read,51.39,key_12,158,false
write,0.80,key_6,173,false
read,52.07,key_13,176,false
write,0.43,key_16,167,false
write,0.47,key_6,174,false
write,0.54,key_8,176,false
read,51.67,key_9,161,false
write,0.59,key_13,177,false
read,51.67,key_18,154,false
write,0.98,key_15,143,false
write,1.24,key_7,166,false
read,52.33,key_4,140,false
read,52.29,key_2,162,false
read,51.05,key_3,171,false
write,0.57,key_5,151,false
write,0.57,key_17,134,false
read,51.14,key_15,143,false
read,51.99,key_11,146,false
write,0.55,key_3,172,false
read,55.08,key_4,140,false
read,52.73,key_8,176,false
write,0.69,key_7,167,false
read,52.09,key_7,167,false
read,54.50,key_0,147,false
read,54.06,key_8,176,false
read,52.18,key_7,167,false
write,0.84,key_10,148,false
read,52.32,key_14,169,false
write,1.31,key_13,178,false
read,53.22,key_14,169,false
write,0.82,key_3,173,false
write,0.66,key_13,179,false
write,1.20,key_15,144,false
write,2.11,key_14,170,false
write,2.28,key_13,180,false
write,0.86,key_15,146,false
write,0.87,key_15,145,false
read,55.30,key_14,170,false
write,0.79,key_11,147,false
write,0.68,key_1,147,false
read,51.62,key_3,173,false
write,0.56,key_14,171,false
write,0.60,key_15,147,false
write,0.60,key_8,177,false
read,51.87,key_4,140,false
write,0.41,key_5,152,false
read,51.81,key_15,147,false
read,53.31,key_1,146,true
write,0.52,key_16,168,false
write,0.53,key_2,163,false
write,0.56,key_19,189,false
write,0.57,key_8,178,false
read,52.94,key_8,178,false
read,52.88,key_0,147,false
read,52.81,key_19,189,false
read,52.06,key_5,152,false
write,0.51,key_7,168,false
write,0.66,key_15,148,false
read,51.60,key_10,148,false
write,0.64,key_1,148,false
read,51.36,key_14,171,false
write,0.63,key_9,162,false
write,0.67,key_7,169,false
write,0.92,key_19,190,false
write,0.82,key_16,169,false
write,0.46,key_19,191,false
write,1.08,key_16,170,false
write,0.46,key_11,148,false
read,54.60,key_3,173,false
read,53.33,key_16,170,false
write,0.47,key_18,155,false
read,54.10,key_19,191,false
read,54.08,key_10,148,false
write,0.57,key_5,153,false
read,51.87,key_10,148,false
write,0.50,key_17,135,false
read,51.67,key_12,158,false
write,0.42,key_19,192,false
write,0.42,key_0,148,false
write,0.38,key_9,163,false
read,51.89,key_12,158,false
read,52.40,key_15,148,false
write,0.60,key_16,171,false
write,0.88,key_2,164,false
write,2.17,key_2,165,false
read,52.00,key_16,171,false
read,52.79,key_13,180,false
write,2.24,key_18,156,false
write,1.68,key_5,154,false
read,52.38,key_10,148,false
write,0.81,key_17,136,false
write,0.79,key_5,155,false
write,0.87,key_2,166,false
write,1.17,key_14,172,false
write,0.76,key_14,173,false
write,0.81,key_13,181,false
write,0.66,key_2,167,false
write,1.38,key_15,149,false
write,2.50,key_10,149,false
write,1.03,key_19,193,false
read,52.32,key_12,158,false
write,0.46,key_0,149,false
write,0.38,key_1,149,false
write,0.34,key_17,137,false
read,52.00,key_11,148,false
read,51.09,key_4,140,false
read,51.16,key_0,149,false
write,0.64,key_16,172,false
write,1.07,key_19,194,false
write,1.32,key_8,179,false
write,1.05,key_2,168,false
write,0.30,key_17,138,false
read,53.00,key_6,174,false
read,52.77,key_6,174,false
read,52.33,key_18,156,false
read,52.61,key_7,169,false
read,55.40,key_2,168,false
read,55.17,key_0,149,false
write,3.09,key_12,159,false
write,2.59,key_19,195,false
read,52.98,key_7,169,false
write,1.99,key_10,150,false
write,2.16,key_17,139,false
write,1.09,key_4,141,false
write,4.57,key_2,169,false
write,0.89,key_17,140,false
write,0.83,key_8,180,false
read,52.55,key_3,173,false
write,0.45,key_6,175,false
write,0.34,key_16,173,false
read,55.77,key_19,195,false
write,0.48,key_15,150,false
write,0.39,key_14,174,false
read,57.64,key_0,149,false
read,53.55,key_11,148,false
read,53.56,key_10,150,false
write,0.36,key_11,149,false
write,0.42,key_19,196,false
read,53.24,key_2,169,false
write,0.56,key_9,164,false
write,0.35,key_8,181,false
write,0.30,key_14,175,false
read,52.81,key_9,164,false
write,0.37,key_16,174,false
read,52.57,key_5,155,false
read,53.54,key_10,150,false
write,0.34,key_4,142,false
write,0.36,key_7,170,false
write,0.41,key_8,182,false
write,0.47,key_16,175,false
write,0.37,key_17,141,false
read,55.47,key_16,175,false
read,51.25,key_19,196,false
write,0.46,key_3,174,false
read,52.07,key_15,150,false
read,51.87,key_4,142,false
write,0.38,key_19,197,false
write,0.36,key_19,198,false
read,51.94,key_15,150,false
read,52.74,key_16,175,false
read,50.98,key_4,142,false
read,52.99,key_8,182,false
read,52.00,key_0,149,false
write,0.47,key_19,199,false
read,51.57,key_18,156,false
write,0.34,key_15,151,false
read,52.94,key_3,174,false
read,56.33,key_18,156,false
write,0.62,key_1,150,false
write,0.60,key_7,171,false
write,0.51,key_19,200,false
read,51.81,key_5,155,false
read,51.80,key_5,155,false
read,52.98,key_8,182,false
read,53.01,key_16,175,false
read,52.22,key_18,156,false
write,1.89,key_17,142,false
read,51.05,key_18,156,false
write,0.47,key_0,150,false
write,0.31,key_4,143,false
read,52.02,key_1,150,false
read,51.43,key_11,149,false
write,0.41,key_5,156,false
write,0.72,key_16,176,false
write,1.00,key_7,172,false
write,1.25,key_16,177,false
write,0.35,key_5,157,false
read,53.41,key_13,181,false
read,52.48,key_8,182,false
read,52.76,key_7,171,true
read,52.02,key_13,181,false
write,0.70,key_11,150,false
read,52.65,key_15,151,false
read,51.62,key_5,157,false
read,53.58,key_16,175,true
write,0.31,key_10,151,false
write,0.46,key_9,165,false
read,51.24,key_9,165,false
read,51.79,key_11,150,false
write,0.46,key_2,170,false
read,52.41,key_15,151,false
read,51.60,key_18,156,false
write,0.34,key_8,183,false
read,51.95,key_0,150,false
read,51.88,key_19,200,false
read,51.82,key_19,200,false
read,51.12,key_15,151,false
read,51.88,key_7,172,false
read,51.65,key_2,169,true
read,52.83,key_5,157,false
write,0.55,key_4,144,false
write,0.38,key_11,151,false
write,0.41,key_1,151,false
read,51.91,key_1,151,false
read,51.59,key_5,157,false
write,0.40,key_10,152,false
write,0.41,key_15,152,false
write,0.38,key_3,175,false
read,52.56,key_16,177,false
read,52.07,key_1,151,false
read,51.92,key_7,172,false
read,51.60,key_19,200,false
read,53.95,key_3,175,false
read,51.87,key_5,157,false
read,51.05,key_9,165,false
write,0.79,key_19,201,false
write,0.74,key_14,176,false
write,1.12,key_1,152,false
write,0.62,key_12,160,false
write,0.64,key_6,176,false
read,51.19,key_2,170,false
read,53.55,key_2,170,false
write,0.63,key_4,145,false
write,0.74,key_8,184,false
read,51.05,key_3,175,false
read,53.97,key_9,165,false
write,0.46,key_14,177,false
write,0.37,key_10,153,false
write,0.43,key_11,152,false
read,52.87,key_17,142,false
read,52.83,key_17,142,false
read,53.52,key_12,160,false
write,1.89,key_16,178,false
write,1.49,key_3,176,false
write,0.55,key_16,179,false
write,0.55,key_0,151,false
read,52.01,key_3,176,false
write,0.43,key_12,161,false
read,53.60,key_6,176,false
write,0.42,key_6,177,false
read,51.89,key_14,177,false
read,52.34,key_3,176,false
read,52.41,key_2,170,false
read,51.54,key_3,176,false
read,52.54,key_5,157,false
read,51.96,key_4,145,false
write,1.61,key_8,185,false
read,51.21,key_7,172,false
write,0.59,key_1,153,false
read,52.62,key_15,152,false
write,0.72,key_12,162,false
write,0.35,key_9,166,false
read,52.25,key_19,201,false
write,0.39,key_0,152,false
read,51.19,key_11,152,false
read,51.35,key_12,162,false
read,51.30,key_9,166,false
write,1.89,key_10,154,false
write,2.02,key_13,182,false
read,53.51,key_7,172,false
write,0.56,key_12,163,false
read,53.67,key_0,152,false
write,1.20,key_13,183,false
read,52.08,key_6,177,false
write,0.47,key_16,180,false
write,0.40,key_2,171,false
read,51.43,key_8,185,false
write,0.47,key_8,186,false
write,0.38,key_12,164,false
read,52.22,key_9,165,true
read,52.71,key_19,201,false
read,51.36,key_18,156,false
read,52.90,key_4,145,false
write,0.63,key_5,158,false
write,0.35,key_3,177,false
write,0.40,key_18,157,false
read,51.80,key_1,153,false
read,52.48,key_16,179,true
read,53.66,key_14,177,false
read,53.93,key_15,152,false
read,51.13,key_14,177,false
write,0.45,key_12,165,false
write,0.42,key_6,178,false
read,52.15,key_15,152,false
read,52.76,key_11,152,false
read,52.70,key_10,154,false
write,0.49,key_16,181,false
write,0.39,key_4,146,false
read,52.55,key_14,177,false
read,51.21,key_7,172,false
read,51.22,key_14,177,false
read,53.70,key_5,158,false
read,51.48,key_1,153,false
read,51.64,key_5,158,false
write,0.42,key_0,153,false
write,0.35,key_5,159,false
write,0.56,key_18,158,false
read,53.05,key_14,177,false
read,54.76,key_11,152,false
read,54.76,key_4,146,false
write,0.52,key_19,202,false
write,0.91,key_19,203,false
write,1.11,key_4,147,false
read,52.55,key_2,171,false
write,0.47,key_6,179,false
read,52.24,key_3,177,false
write,0.64,key_14,178,false
write,0.40,key_8,187,false
write,0.36,key_2,172,false
read,54.01,key_5,159,false
read,52.09,key_18,158,false
read,51.22,key_19,203,false
read,52.30,key_19,203,false
write,0.64,key_3,178,false
read,51.66,key_2,171,true
write,0.56,key_15,153,false
write,0.34,key_1,154,false
read,51.60,key_13,183,false
write,0.46,key_9,167,false
read,51.28,key_19,203,false
read,52.13,key_17,142,false
read,52.18,key_4,147,false
write,0.41,key_0,154,false
write,0.64,key_19,204,false
read,51.37,key_11,152,false
read,51.16,key_9,167,false
read,52.52,key_2,172,false
read,51.08,key_9,167,false
write,1.87,key_8,188,false
read,51.59,key_6,179,false
write,0.52,key_8,189,false
read,51.90,key_16,181,false
write,1.72,key_11,153,false
read,52.10,key_14,178,false
write,0.51,key_3,179,false
read,52.65,key_4,147,false
write,0.55,key_5,160,false
read,52.31,key_10,154,false
read,54.42,key_17,142,false
write,0.49,key_2,173,false
write,0.52,key_9,168,false
read,54.38,key_0,154,false
read,54.49,key_1,154,false
read,51.25,key_18,158,false
read,52.11,key_2,173,false
write,0.66,key_4,148,false
read,52.27,key_2,172,true
write,0.50,key_3,180,false
write,0.35,key_12,166,false
read,51.51,key_8,189,false
read,52.07,key_19,204,false
read,52.42,key_0,154,false
read,52.38,key_16,181,false
read,52.35,key_14,178,false
read,51.48,key_3,179,true
read,52.84,key_17,142,false
read,53.82,key_2,173,false
read,52.34,key_16,181,false
write,0.88,key_14,179,false
write,1.84,key_19,205,false
write,2.04,key_18,159,false
read,51.97,key_13,183,false
write,0.66,key_2,174,false
read,53.87,key_15,153,false
read,54.93,key_19,205,false
read,52.87,key_12,166,false
read,52.93,key_10,154,false
read,53.63,key_14,178,true
read,52.68,key_19,205,false
write,0.47,key_12,167,false
write,0.49,key_19,206,false
read,53.19,key_5,160,false
read,51.82,key_5,160,false
read,52.89,key_5,160,false
read,51.92,key_16,181,false
write,1.52,key_4,149,false
read,52.15,key_2,174,false
write,1.88,key_13,184,false
write,0.68,key_17,143,false
write,0.70,key_11,154,false
write,0.46,key_0,155,false
write,0.42,key_16,182,false
write,0.44,key_11,155,false
read,52.30,key_15,153,false
write,0.45,key_3,181,false
read,52.11,key_16,182,false
write,0.65,key_19,207,false
read,52.03,key_15,153,false
read,52.81,key_8,189,false
read,51.59,key_6,179,false
read,51.52,key_5,160,false
read,52.04,key_7,172,false
read,55.89,key_10,154,false
read,56.99,key_6,179,false
read,52.65,key_8,189,false
write,0.68,key_3,182,false
write,0.56,key_11,156,false
read,52.20,key_13,184,false
write,0.47,key_9,169,false
write,0.42,key_16,183,false
read,51.02,key_2,174,false
read,53.16,key_3,182,false
read,51.79,key_18,159,false
read,53.12,key_19,207,false
write,0.77,key_1,155,false
read,53.25,key_14,179,false
read,52.07,key_13,184,false
write,0.48,key_4,150,false
read,52.71,key_5,160,false
read,52.50,key_17,143,false
read,54.31,key_3,182,false
read,51.27,key_17,143,false
write,0.54,key_16,184,false
read,52.31,key_4,150,false
write,2.50,key_7,173,false
write,0.47,key_1,156,false
read,51.43,key_12,167,false
read,51.40,key_6,179,false
write,0.68,key_8,190,false
read,51.73,key_4,150,false
write,0.55,key_4,151,false
write,0.95,key_14,180,false
write,0.98,key_17,144,false
write,0.44,key_4,152,false
read,51.07,key_19,207,false
read,52.55,key_15,153,false
read,52.07,key_5,160,false
read,55.03,key_7,173,false
write,0.52,key_2,175,false
read,54.12,key_3,182,false
read,51.89,key_8,189,true
read,52.96,key_6,179,false
read,51.70,key_13,184,false
read,51.52,key_14,180,false
write,1.86,key_5,161,false
read,51.94,key_6,179,false
read,52.80,key_15,153,false
write,0.42,key_17,145,false
write,0.59,key_10,155,false
read,55.92,key_5,161,false
read,52.77,key_11,156,false
read,52.56,key_16,184,false
read,51.94,key_7,173,false
read,55.17,key_5,161,false
write,0.40,key_10,156,false
write,0.59,key_15,154,false
write,0.55,key_16,185,false
write,0.47,key_4,153,false
write,0.45,key_3,183,false
write,0.46,key_6,180,false
read,52.73,key_19,207,false
read,52.76,key_11,156,false
write,0.56,key_4,154,false
write,0.57,key_7,174,false
write,0.56,key_11,157,false
read,51.41,key_0,155,false
write,0.65,key_5,162,false
write,0.79,key_12,168,false
read,52.16,key_8,190,false
write,0.68,key_17,146,false
read,54.11,key_11,157,false
read,54.13,key_3,183,false
write,0.66,key_5,163,false
read,51.98,key_4,154,false
write,1.49,key_10,157,false
write,0.55,key_5,164,false
read,51.62,key_8,190,false
read,52.21,key_10,157,false
read,52.40,key_14,180,false
write,0.59,key_15,155,false
read,52.26,key_12,167,true
read,52.57,key_8,190,false
read,52.61,key_6,180,false
write,0.57,key_0,156,false
read,53.38,key_9,169,false
write,0.51,key_13,185,false
read,53.12,key_2,175,false
read,53.99,key_3,183,false
read,51.47,key_18,159,false
write,0.76,key_6,181,false
write,0.46,key_0,157,false
write,0.32,key_4,155,false
write,0.39,key_6,182,false
write,0.59,key_15,156,false
read,52.66,key_2,175,false
read,54.05,key_1,156,false
write,0.69,key_12,169,false
write,0.54,key_18,160,false
read,50.95,key_12,169,false
write,0.40,key_0,158,false
read,52.81,key_4,155,false
read,54.36,key_13,185,false
write,0.49,key_12,170,false
read,52.06,key_9,169,false
read,52.49,key_0,158,false
write,1.95,key_0,159,false
write,2.00,key_19,208,false
write,0.67,key_5,165,false
read,52.85,key_16,185,false
write,0.41,key_17,147,false
read,54.65,key_5,165,false
read,52.04,key_10,157,false
read,53.51,key_13,185,false
read,51.18,key_6,182,false
read,52.59,key_7,174,false
write,0.40,key_1,157,false
read,53.34,key_1,156,true
read,56.75,key_4,155,false
read,52.46,key_0,159,false
read,53.12,key_16,185,false
write,0.45,key_17,148,false
write,0.66,key_1,158,false
write,0.58,key_2,176,false
write,0.49,key_3,184,false
read,51.83,key_6,182,false
write,0.45,key_14,181,false
read,51.94,key_4,155,false
read,51.70,key_13,185,false
read,52.15,key_13,185,false
read,51.76,key_18,160,false
write,0.64,key_4,156,false
write,0.40,key_14,182,false
write,0.40,key_12,171,false
write,0.38,key_11,158,false
read,51.61,key_1,158,false
read,52.26,key_9,169,false
write,0.65,key_1,159,false
write,0.54,key_3,185,false
read,52.70,key_15,156,false
read,52.42,key_8,190,false
write,0.52,key_12,172,false
write,0.43,key_17,149,false
read,54.31,key_11,158,false
read,51.42,key_5,165,false
write,0.50,key_0,160,false
read,52.16,key_4,156,false
write,0.54,key_19,209,false
read,51.65,key_9,169,false
read,51.78,key_12,172,false
write,0.50,key_10,158,false
write,0.99,key_0,161,false
write,0.62,key_3,186,false
write,0.42,key_1,160,false
write,0.41,key_1,161,false
read,52.77,key_10,158,false
write,0.83,key_6,183,false
write,0.68,key_2,177,false
write,0.53,key_8,191,false
write,0.40,key_5,166,false
read,54.02,key_6,183,false
read,53.16,key_3,185,true
write,0.54,key_3,187,false
write,0.50,key_19,210,false
read,52.25,key_10,158,false
read,54.34,key_8,191,false
read,51.37,key_13,185,false
write,0.60,key_5,167,false
write,0.60,key_17,150,false
write,0.90,key_4,157,false
read,51.15,key_16,185,false
read,53.36,key_1,161,false
read,50.97,key_16,185,false
write,0.56,key_8,192,false
write,0.46,key_8,193,false
read,52.28,key_12,172,false
read,52.08,key_16,185,false
write,0.68,key_8,194,false
read,51.89,key_16,185,false
read,51.85,key_5,166,true
read,53.02,key_16,185,false
write,0.78,key_6,185,false
write,0.78,key_6,184,false
read,53.07,key_17,150,false
read,51.13,key_17,150,false
read,51.37,key_0,161,false
read,54.00,key_15,156,false
write,0.67,key_19,211,false
write,0.50,key_1,162,false
write,0.93,key_0,162,false
read,51.99,key_19,211,false
read,51.48,key_16,185,false
write,0.56,key_14,183,false
write,0.41,key_1,163,false
write,0.46,key_7,175,false
read,53.65,key_6,183,true
write,0.43,key_11,159,false
write,0.44,key_6,186,false
write,0.39,key_12,173,false
read,53.99,key_14,183,false
read,51.30,key_9,169,false
read,51.56,key_8,194,false
write,0.47,key_13,186,false
read,51.59,key_4,157,false
read,51.66,key_6,185,true
read,52.09,key_16,185,false
write,0.46,key_10,159,false
write,0.37,key_3,188,false
read,53.38,key_8,194,false
read,53.02,key_15,156,false
write,0.48,key_16,186,false
write,0.48,key_19,212,false
write,0.67,key_17,151,false
write,0.54,key_4,158,false
read,51.72,key_2,177,false
read,52.17,key_8,194,false
write,0.53,key_3,189,false
read,52.07,key_4,158,false
read,52.80,key_14,183,false
read,52.80,key_12,173,false
write,1.34,key_19,213,false
read,51.25,key_1,163,false
read,51.29,key_15,156,false
write,0.64,key_7,176,false
write,0.38,key_3,190,false
read,54.42,key_1,163,false
read,54.85,key_2,177,false
read,52.60,key_6,186,false
write,1.62,key_18,161,false
read,52.93,key_19,212,true
read,54.31,key_0,162,false
write,0.57,key_4,159,false
write,0.40,key_14,184,false
write,0.40,key_11,160,false
read,52.09,key_15,156,false
write,0.65,key_9,170,false
write,0.51,key_7,177,false
read,53.09,key_7,177,false
read,52.47,key_13,186,false
read,51.75,key_18,161,false
write,0.56,key_7,178,false
write,0.52,key_6,187,false
read,54.51,key_10,159,false
read,52.87,key_10,159,false
read,54.60,key_7,176,true
write,0.45,key_14,185,false
read,52.18,key_19,213,false
read,51.81,key_6,187,false
write,0.53,key_6,188,false
write,0.38,key_15,157,false
write,0.39,key_16,187,false
write,0.39,key_11,161,false
write,0.51,key_12,174,false
write,0.49,key_3,191,false
read,53.23,key_9,170,false
write,0.52,key_14,186,false
read,51.26,key_15,157,false
write,0.43,key_0,163,false
write,0.60,key_10,160,false
write,0.46,key_5,168,false
read,52.93,key_5,168,false
read,52.89,key_5,168,false
write,0.61,key_8,195,false
write,0.63,key_18,162,false
read,51.44,key_0,163,false
read,54.26,key_17,151,false
write,1.01,key_11,162,false
write,0.54,key_5,169,false
write,0.43,key_4,160,false
read,51.43,key_18,162,false
write,0.62,key_3,192,false
read,51.93,key_16,187,false
write,0.44,key_12,175,false
read,53.78,key_13,186,false
write,0.40,key_18,163,false
read,51.08,key_12,175,false
read,51.24,key_13,186,false
read,51.59,key_19,213,false
write,0.38,key_7,179,false
write,0.39,key_16,188,false
write,0.35,key_0,164,false
write,0.35,key_3,193,false
read,53.34,key_19,213,false
read,52.50,key_8,195,false
read,54.35,key_7,179,false
write,1.32,key_10,161,false
write,1.46,key_5,170,false
read,52.69,key_15,157,false
write,0.51,key_5,171,false
read,51.85,key_7,179,false
read,51.91,key_17,151,false
read,51.24,key_12,175,false
write,0.46,key_8,196,false
write,0.55,key_9,171,false
read,50.94,key_18,163,false
write,0.43,key_16,189,false
write,0.36,key_3,194,false
write,0.42,key_5,172,false
read,52.12,key_1,163,false
read,51.72,key_9,170,true
write,0.50,key_10,162,false
read,52.53,key_16,189,false
read,52.92,key_17,151,false
read,51.54,key_6,188,false
write,0.74,key_1,164,false
write,0.76,key_9,172,false
write,1.31,key_12,176,false
write,0.67,key_14,187,false
write,2.31,key_12,177,false
read,55.07,key_6,188,false
read,54.12,key_18,163,false
write,0.91,key_19,214,false
read,53.78,key_17,151,false
write,1.01,key_18,164,false
write,0.95,key_9,173,false
read,53.23,key_3,194,false
read,50.97,key_14,187,false
write,0.65,key_3,195,false
read,51.34,key_6,188,false
write,0.62,key_12,178,false
write,0.38,key_4,161,false
write,0.44,key_13,187,false
write,0.40,key_8,197,false
read,53.45,key_18,164,false
write,0.41,key_4,162,false
write,0.36,key_2,178,false
read,52.23,key_2,177,true
read,52.24,key_14,187,false
read,51.24,key_6,188,false
read,52.11,key_4,162,false
read,52.20,key_17,151,false
read,51.37,key_8,197,false
write,0.77,key_14,188,false
write,0.53,key_13,188,false
read,52.67,key_7,179,false
read,51.38,key_11,162,false
read,51.70,key_11,162,false
write,2.27,key_9,174,false
write,0.83,key_4,163,false
write,0.54,key_5,173,false
write,0.43,key_19,215,false
write,0.50,key_3,196,false
read,53.27,key_7,179,false
read,52.75,key_18,164,false
read,52.67,key_0,164,false
read,52.67,key_9,174,false
write,0.57,key_6,189,false
read,52.43,key_13,188,false
write,0.49,key_8,198,false
read,53.37,key_9,173,true
read,54.63,key_13,188,false
read,52.07,key_10,162,false
write,0.63,key_10,163,false
write,0.57,key_7,180,false
read,55.41,key_0,164,false
read,52.18,key_3,196,false
write,0.61,key_17,152,false
write,0.38,key_19,216,false
write,0.43,key_16,190,false
read,52.90,key_6,189,false
read,51.24,key_7,180,false
read,51.01,key_13,188,false
write,0.48,key_15,158,false
read,51.86,key_9,174,false
read,51.10,key_15,158,false
write,0.42,key_11,163,false
write,0.42,key_6,190,false
read,54.52,key_3,196,false
read,54.57,key_16,190,false
read,55.27,key_2,178,false
read,54.89,key_6,190,false
write,0.95,key_8,199,false
write,1.74,key_5,174,false
write,1.21,key_18,165,false
write,0.38,key_7,181,false
write,0.70,key_13,189,false
write,0.36,key_14,189,false
read,51.07,key_17,152,false
read,53.62,key_14,189,false
write,0.59,key_1,165,false
write,0.61,key_5,175,false
write,0.58,key_16,191,false
read,52.67,key_2,178,false
write,0.64,key_3,197,false
read,52.16,key_3,197,false
write,0.64,key_12,179,false
write,0.59,key_12,180,false
read,52.29,key_9,174,false
read,51.17,key_10,163,false
read,53.00,key_18,164,true
write,0.59,key_8,200,false
read,52.77,key_18,165,false
read,52.08,key_5,174,true
read,51.73,key_14,189,false
write,0.49,key_4,164,false
write,0.58,key_1,166,false
read,50.98,key_14,189,false
write,0.43,key_8,201,false
read,51.18,key_11,163,false
read,52.31,key_15,158,false
read,52.05,key_16,191,false
read,52.40,key_13,189,false
write,0.54,key_18,166,false
write,0.47,key_12,181,false
write,0.40,key_1,167,false
read,53.99,key_18,165,true
read,51.27,key_3,197,false
read,51.36,key_13,189,false
write,0.44,key_10,164,false
read,51.39,key_9,174,false
write,0.58,key_7,182,false
read,51.93,key_6,190,false
write,0.45,key_0,165,false
read,52.93,key_11,163,false
read,52.75,key_5,175,false
write,0.50,key_9,175,false
write,0.66,key_0,166,false
write,0.45,key_16,193,false
write,0.49,key_16,192,false
write,0.64,key_18,167,false
read,53.44,key_15,158,false
read,52.35,key_13,189,false
write,0.64,key_1,168,false
read,53.53,key_3,197,false
read,58.33,key_8,201,false
write,0.60,key_18,168,false
read,52.14,key_10,164,false
read,52.86,key_18,168,false
write,0.64,key_15,159,false
write,0.73,key_11,164,false
write,0.38,key_9,176,false
read,52.80,key_17,152,false
read,54.27,key_7,182,false
read,51.41,key_19,216,false
read,52.91,key_16,193,false
read,53.03,key_10,164,false
write,0.46,key_1,169,false
read,54.72,key_6,190,false
write,0.75,key_16,194,false
read,52.38,key_3,197,false
write,0.45,key_16,195,false
read,54.14,key_3,197,false
read,52.06,key_16,195,false
read,51.88,key_18,168,false
read,53.14,key_11,164,false
read,52.02,key_7,182,false
write,0.59,key_12,182,false
read,54.56,key_16,195,false
write,1.47,key_4,165,false
read,53.50,key_19,216,false
write,0.47,key_2,179,false
write,0.49,key_10,165,false
write,0.89,key_3,198,false
read,52.18,key_12,182,false
read,54.70,key_7,182,false
read,51.88,key_12,182,false
read,51.74,key_5,175,false
read,52.71,key_10,165,false
write,0.47,key_15,160,false
write,0.49,key_17,153,false
read,51.42,key_18,168,false
read,51.52,key_18,168,false
write,0.51,key_17,154,false
write,0.86,key_17,155,false
read,51.40,key_8,201,false
write,1.29,key_5,176,false
write,1.49,key_8,202,false
write,0.71,key_9,177,false
write,1.06,key_1,170,false
read,52.06,key_18,168,false
read,51.54,key_8,202,false
write,0.47,key_7,183,false
write,0.50,key_5,177,false
write,0.48,key_17,156,false
write,0.35,key_13,190,false
write,0.44,key_18,169,false
read,52.74,key_19,216,false
read,51.13,key_4,165,false
read,56.26,key_0,166,false
read,51.46,key_6,190,false
write,0.48,key_12,183,false
write,0.41,key_6,191,false
read,52.18,key_15,160,false
write,0.58,key_18,170,false
write,0.58,key_0,167,false
read,52.31,key_19,216,false
read,52.31,key_9,177,false
read,52.41,key_17,156,false
write,0.51,key_11,166,false
write,0.48,key_11,165,false
write,0.78,key_7,184,false
read,51.50,key_17,156,false
write,0.50,key_16,196,false
write,0.36,key_13,191,false
write,0.41,key_19,217,false
read,51.90,key_4,165,false
write,0.48,key_16,197,false
read,51.03,key_12,183,false
write,0.47,key_2,180,false
write,0.42,key_19,218,false
write,0.35,key_7,185,false
write,0.40,key_5,178,false
read,51.34,key_11,166,false
read,53.75,key_3,198,false
read,53.99,key_11,166,false
read,51.60,key_4,165,false
write,1.73,key_6,192,false
read,52.51,key_1,170,false
read,51.69,key_16,197,false
write,0.42,key_15,161,false
write,0.90,key_19,219,false
read,54.29,key_12,183,false
read,51.84,key_13,191,false
read,52.04,key_18,170,false
write,0.35,key_13,192,false
write,0.29,key_5,179,false
write,0.38,key_1,171,false
read,54.42,key_11,166,false
read,51.50,key_19,218,true
write,0.57,key_4,166,false
read,52.08,key_11,166,false
read,51.68,key_3,198,false
read,50.95,key_12,183,false
write,0.60,key_8,203,false
write,0.60,key_1,172,false
write,0.50,key_15,162,false
write,0.37,key_17,157,false
read,50.88,key_8,203,false
read,51.40,key_3,198,false
write,0.31,key_13,193,false
write,0.30,key_3,199,false
read,52.03,key_19,219,false
read,51.64,key_19,219,false
read,51.76,key_10,165,false
read,51.71,key_9,177,false
write,0.45,key_11,167,false
read,52.24,key_9,177,false
write,0.46,key_0,168,false
read,52.78,key_8,203,false
write,0.43,key_9,178,false
read,52.41,key_13,193,false
write,0.79,key_19,220,false
write,0.66,key_0,169,false
write,0.65,key_12,184,false
write,0.35,key_17,158,false
read,53.71,key_13,193,false
read,51.25,key_7,185,false
write,0.53,key_4,167,false
write,0.37,key_10,166,false
read,50.99,key_2,180,false
read,51.38,key_7,185,false
write,0.43,key_16,198,false
write,0.54,key_8,204,false
write,0.36,key_17,159,false
read,51.50,key_18,170,false
read,52.05,key_17,159,false
write,0.37,key_5,180,false
write,0.41,key_10,167,false
read,51.84,key_1,172,false
write,0.57,key_3,200,false
write,0.39,key_12,185,false
write,0.53,key_4,168,false
read,53.03,key_12,185,false
write,0.53,key_6,193,false
read,51.12,key_12,185,false
read,51.15,key_13,193,false
write,0.52,key_1,173,false
write,0.53,key_0,170,false
read,51.48,key_9,178,false
read,51.24,key_7,185,false
read,52.29,key_2,180,false
write,0.44,key_1,174,false
read,53.50,key_3,200,false
read,51.24,key_14,189,false
read,51.41,key_11,167,false
write,0.67,key_13,194,false
write,0.50,key_14,190,false
read,51.55,key_14,190,false
read,51.11,key_3,200,false
write,0.48,key_3,201,false
write,0.49,key_1,175,false
read,51.26,key_13,194,false
read,51.28,key_10,167,false
write,0.92,key_7,186,false
write,0.67,key_12,186,false
write,0.95,key_1,176,false
read,51.72,key_16,198,false
read,51.42,key_0,170,false
write,0.68,key_11,168,false
write,0.78,key_1,177,false
write,0.70,key_18,171,false
read,51.13,key_16,198,false
write,0.38,key_14,191,false
write,0.52,key_17,160,false
read,51.94,key_3,201,false
write,0.53,key_2,181,false
read,53.66,key_9,178,false
read,51.51,key_9,178,false
read,52.83,key_5,180,false
read,51.88,key_14,191,false
write,2.12,key_16,199,false
read,51.71,key_17,160,false
write,0.91,key_13,195,false
write,1.52,key_18,172,false
read,52.43,key_14,191,false
read,51.82,key_8,204,false
read,53.20,key_5,180,false
write,0.53,key_2,182,false
write,0.48,key_4,169,false
write,0.51,key_9,179,false
write,0.92,key_10,168,false
read,51.42,key_15,162,false
read,51.53,key_11,168,false
read,51.62,key_5,180,false
read,53.28,key_18,171,true
read,52.82,key_1,177,false
read,52.58,key_6,193,false
read,51.98,key_1,177,false
read,51.93,key_5,180,false
write,0.41,key_5,181,false
write,0.94,key_18,173,false
write,1.21,key_19,221,false
read,52.61,key_6,193,false
write,0.67,key_3,202,false
write,1.66,key_14,192,false
read,52.13,key_7,186,false
write,0.69,key_11,169,false
read,53.20,key_9,179,false
read,51.29,key_19,220,true
write,0.75,key_5,182,false
read,51.39,key_8,204,false
read,51.53,key_13,195,false
write,0.61,key_7,187,false
write,0.32,key_12,187,false
write,0.30,key_0,171,false
write,0.38,key_9,180,false
write,0.33,key_6,194,false
write,0.42,key_10,169,false
write,0.34,key_14,193,false
read,52.23,key_1,177,false
read,51.31,key_13,195,false
write,0.76,key_0,172,false
read,51.48,key_19,221,false
write,0.41,key_15,163,false
write,0.37,key_12,188,false
read,52.25,key_14,193,false
read,52.33,key_5,182,false
read,53.28,key_19,221,false
read,51.46,key_2,182,false
read,51.71,key_4,169,false
read,52.03,key_11,169,false
write,0.71,key_11,170,false
write,0.56,key_7,188,false
write,0.38,key_10,170,false
read,51.35,key_18,173,false
read,51.90,key_19,221,false
write,0.62,key_12,189,false
read,52.55,key_19,221,false
read,51.66,key_7,188,false
read,51.90,key_6,194,false
read,51.97,key_8,204,false
read,54.01,key_16,199,false
read,52.04,key_11,170,false
write,0.88,key_5,183,false
read,52.54,key_6,194,false
write,1.19,key_10,171,false
write,1.48,key_15,164,false
read,52.24,key_4,169,false
read,51.09,key_19,221,false
write,1.44,key_18,174,false
write,1.25,key_11,171,false
write,1.31,key_0,173,false
write,1.35,key_9,181,false
write,0.80,key_12,190,false
write,0.92,key_14,194,false
write,2.34,key_4,170,false
write,0.57,key_9,182,false
read,51.46,key_9,182,false
read,54.39,key_15,164,false
write,0.64,key_2,183,false
write,0.42,key_13,196,false
write,0.55,key_10,172,false
read,53.98,key_7,188,false
write,0.39,key_19,222,false
write,0.88,key_4,171,false
read,55.02,key_7,188,false
write,1.16,key_17,161,false
write,0.70,key_8,205,false
read,53.61,key_11,171,false
read,53.59,key_12,190,false
read,51.72,key_4,171,false
write,0.78,key_12,191,false
read,51.60,key_1,177,false
write,0.56,key_3,203,false
read,52.87,key_11,171,false
read,54.13,key_11,171,false
read,53.85,key_11,171,false
write,0.62,key_15,165,false
write,0.45,key_11,172,false
read,54.18,key_17,161,false
read,51.86,key_10,172,false
read,53.49,key_18,174,false
read,53.76,key_12,191,false
read,55.08,key_18,174,false
read,54.02,key_8,205,false
write,1.57,key_13,197,false
read,53.83,key_7,188,false
write,2.02,key_7,189,false
read,52.17,key_16,199,false
read,52.44,key_4,171,false
write,7.41,key_16,200,false
write,7.51,key_10,173,false
write,6.96,key_12,192,false
write,0.51,key_6,195,false
write,6.08,key_17,162,false
write,0.77,key_15,166,false
write,8.40,key_1,178,false
write,1.38,key_4,172,false
write,0.75,key_11,173,false
write,0.61,key_17,163,false
read,51.72,key_12,192,false
read,51.43,key_13,197,false
write,0.51,key_19,223,false
read,51.37,key_12,192,false
read,51.48,key_5,183,false
read,52.59,key_10,173,false
write,0.67,key_15,167,false
write,1.06,key_11,174,false
read,51.43,key_4,172,false
read,51.53,key_8,205,false
write,0.46,key_10,174,false
read,52.16,key_4,172,false
write,0.57,key_7,190,false
write,0.47,key_2,184,false
write,0.60,key_4,173,false
write,0.56,key_10,175,false
read,55.11,key_8,205,false
read,53.68,key_11,174,false
read,55.00,key_15,167,false
write,0.58,key_9,183,false
read,52.50,key_17,163,false
write,0.49,key_11,175,false
read,51.24,key_11,175,false
read,52.40,key_17,163,false
read,53.11,key_8,205,false
write,1.66,key_7,191,false
write,0.71,key_1,179,false
read,51.66,key_19,223,false
read,52.19,key_6,195,false
read,52.09,key_10,175,false
read,51.58,key_11,175,false
read,51.80,key_18,174,false
write,0.45,key_9,184,false
read,53.26,key_5,183,false
write,0.49,key_2,185,false
read,52.25,key_2,184,true
write,0.35,key_5,184,false
read,54.66,key_9,183,true
read,54.63,key_17,163,false
write,0.78,key_17,164,false
write,0.56,key_12,193,false
read,53.11,key_6,195,false
write,0.42,key_17,165,false
write,0.43,key_15,168,false
read,53.27,key_9,183,true
write,0.52,key_1,180,false
read,52.14,key_6,195,false
read,52.01,key_9,184,false
write,0.68,key_2,186,false
write,0.61,key_18,175,false
read,52.14,key_14,194,false
read,51.95,key_15,168,false
write,0.67,key_3,204,false
read,51.49,key_13,197,false
write,0.56,key_17,166,false
write,0.53,key_7,192,false
read,51.68,key_3,204,false
read,52.62,key_14,194,false
read,52.01,key_11,175,false
write,0.48,key_11,176,false
write,0.48,key_19,224,false
write,0.40,key_10,176,false
write,0.43,key_11,177,false
read,51.19,key_16,200,false
read,52.43,key_17,166,false
read,55.36,key_8,205,false
write,0.85,key_12,194,false
read,51.94,key_12,193,true
write,0.77,key_11,178,false
write,0.53,key_7,193,false
read,53.28,key_14,194,false
read,52.19,key_1,180,false
write,0.61,key_18,176,false
write,0.54,key_13,198,false
write,0.39,key_7,194,false
read,52.57,key_6,195,false
read,52.65,key_3,204,false
read,51.98,key_0,173,false
write,0.58,key_8,206,false
write,0.42,key_0,174,false
read,51.39,key_3,204,false
write,0.47,key_16,201,false
read,51.89,key_6,195,false
read,51.22,key_15,168,false
read,52.16,key_7,194,false
read,51.89,key_18,176,false
write,0.93,key_10,177,false
write,1.46,key_14,195,false
read,53.15,key_14,194,true
read,52.17,key_2,186,false
write,3.39,key_16,202,false
write,1.20,key_11,179,false
write,0.75,key_19,225,false
read,55.10,key_9,184,false
read,53.35,key_15,168,false
read,52.44,key_15,168,false
read,51.99,key_6,195,false
read,52.23,key_10,177,false
read,53.04,key_14,195,false
read,54.57,key_11,179,false
read,57.02,key_3,204,false
read,53.38,key_2,186,false
read,57.39,key_0,174,false
write,0.71,key_19,226,false
write,0.59,key_19,227,false
write,1.32,key_10,178,false
read,54.09,key_0,174,false
read,54.08,key_19,225,true
write,0.73,key_8,207,false
read,52.44,key_6,195,false
read,51.49,key_6,195,false
write,0.58,key_6,196,false
read,52.04,key_9,184,false
read,52.12,key_13,198,false
write,0.44,key_2,187,false
write,0.48,key_8,208,false
read,53.74,key_7,194,false
write,0.73,key_16,203,false
read,51.79,key_7,194,false
read,53.18,key_11,179,false
read,51.81,key_7,194,false
write,1.16,key_0,175,false
write,1.14,key_7,195,false
write,0.84,key_9,185,false
write,0.75,key_11,180,false
write,1.64,key_4,174,false
write,0.93,key_3,205,false
write,0.66,key_19,228,false
write,0.67,key_19,229,false
write,0.91,key_11,181,false
write,0.38,key_16,204,false
write,0.54,key_18,177,false
write,0.83,key_17,167,false
write,0.51,key_18,178,false
read,51.08,key_7,195,false
read,52.13,key_12,194,false
write,0.70,key_18,179,false
read,53.91,key_14,195,false
read,51.65,key_14,195,false
read,51.01,key_16,204,false
read,51.28,key_11,181,false
read,52.34,key_1,180,false
write,0.66,key_17,168,false
write,0.54,key_6,197,false
write,0.54,key_18,180,false
write,0.60,key_1,181,false
read,51.98,key_16,204,false
write,0.47,key_19,230,false
write,0.50,key_2,188,false
read,51.76,key_0,175,false
write,0.59,key_17,169,false
write,0.62,key_18,181,false
read,52.89,key_3,205,false
write,0.80,key_11,182,false
write,0.91,key_6,198,false
write,1.42,key_3,206,false
write,0.77,key_11,183,false
write,0.68,key_12,195,false
write,0.51,key_0,176,false
write,0.44,key_11,184,false
write,0.42,key_19,231,false
read,52.33,key_1,181,false
read,53.06,key_11,184,false
read,52.12,key_14,195,false
read,53.41,key_19,231,false
write,0.72,key_9,186,false
write,0.38,key_17,170,false
read,51.74,key_8,208,false
write,0.44,key_10,179,false
write,0.52,key_7,196,false
write,0.50,key_5,185,false
read,51.27,key_12,195,false
write,2.07,key_5,186,false
read,51.88,key_10,179,false
write,0.54,key_11,185,false
read,51.98,key_12,195,false
write,0.94,key_12,196,false
read,52.19,key_4,174,false
write,2.42,key_7,197,false
read,54.14,key_13,198,false
write,1.66,key_13,199,false
read,51.66,key_19,231,false
read,51.88,key_8,208,false
read,52.86,key_19,231,false
read,51.25,key_17,170,false
read,51.71,key_10,179,false
read,53.11,key_1,181,false
read,52.02,key_17,170,false
write,0.41,key_11,186,false
write,0.37,key_1,182,false
write,0.33,key_18,182,false
write,0.35,key_8,209,false
write,0.42,key_8,210,false
read,54.09,key_14,195,false
read,52.03,key_11,185,true
read,51.51,key_13,199,false
read,52.70,key_6,198,false
read,52.71,key_0,176,false
read,51.75,key_6,198,false
write,0.68,key_0,177,false
read,51.88,key_15,168,false
write,1.16,key_19,232,false
write,0.58,key_12,197,false
write,0.72,key_1,183,false
write,0.61,key_2,189,false
write,0.65,key_9,187,false
write,0.53,key_10,180,false
read,55.77,key_0,177,false
read,52.96,key_0,177,false
read,51.27,key_16,204,false
read,51.98,key_3,206,false
read,52.81,key_8,210,false
write,0.50,key_11,187,false
write,0.45,key_17,171,false
read,53.97,key_13,199,false
write,0.43,key_7,198,false
write,0.36,key_0,178,false
read,51.71,key_1,182,true
read,53.06,key_19,232,false
read,52.42,key_14,195,false
read,53.97,key_6,198,false
write,0.80,key_15,169,false
write,0.90,key_19,233,false
write,0.60,key_1,184,false
read,52.26,key_13,199,false
read,51.08,key_18,182,false
read,52.81,key_17,171,false
read,52.29,key_2,189,false
read,52.39,key_15,169,false
write,0.62,key_16,205,false
write,0.45,key_9,188,false
write,0.36,key_17,172,false
read,52.12,key_1,184,false
write,0.42,key_2,190,false
read,53.54,key_15,169,false
read,53.20,key_19,233,false
write,0.47,key_3,207,false
read,56.62,key_8,210,false
read,53.03,key_3,207,false
read,54.86,key_7,198,false
write,2.15,key_0,179,false
write,0.48,key_9,189,false
write,0.36,key_16,206,false
read,53.72,key_1,184,false
read,51.62,key_10,180,false
read,51.68,key_3,207,false
read,52.04,key_16,206,false
write,2.41,key_16,207,false
write,2.44,key_4,175,false
write,0.44,key_4,176,false
write,5.08,key_15,170,false
read,53.70,key_0,179,false
write,0.53,key_2,191,false
write,0.68,key_16,208,false
read,52.64,key_11,187,false
write,0.46,key_6,199,false
read,51.73,key_1,184,false
write,0.48,key_14,196,false
read,52.40,key_19,233,false
write,0.40,key_12,198,false
write,0.55,key_15,171,false
write,0.38,key_18,183,false
write,0.58,key_12,199,false
write,0.36,key_9,190,false
write,0.41,key_2,192,false
read,53.19,key_8,210,false
write,0.42,key_18,184,false
write,0.35,key_3,208,false
write,0.49,key_6,200,false
read,51.82,key_5,186,false
read,51.13,key_13,199,false
read,52.80,key_0,179,false
read,52.36,key_13,199,false
write,0.43,key_13,200,false
write,0.93,key_15,172,false
read,52.59,key_2,190,true
read,51.44,key_0,179,false
write,0.52,key_19,234,false
write,0.39,key_9,191,false
read,53.21,key_14,196,false
read,52.05,key_8,210,false
read,52.25,key_2,192,false
read,51.66,key_16,208,false
read,52.10,key_7,198,false
write,0.54,key_4,177,false
write,0.47,key_10,181,false
read,54.53,key_7,198,false
read,51.55,key_7,198,false
read,52.47,key_8,210,false
write,1.73,key_10,182,false
read,52.13,key_1,184,false
read,54.24,key_3,208,false
write,0.49,key_16,209,false
read,51.29,key_4,177,false
read,55.04,key_2,192,false
write,0.45,key_17,173,false
read,53.34,key_9,191,false
read,51.62,key_15,172,false
read,51.24,key_19,234,false
write,0.41,key_11,188,false
read,51.47,key_4,177,false
read,52.82,key_19,234,false
write,0.39,key_5,187,false
read,52.80,key_5,187,false
read,51.96,key_0,179,false
read,53.64,key_4,177,false
write,0.53,key_19,235,false
write,0.40,key_9,192,false
write,0.49,key_4,178,false
write,0.35,key_2,193,false
write,0.37,key_6,201,false
write,0.35,key_8,211,false
write,0.34,key_16,210,false
write,0.39,key_9,193,false
write,0.43,key_1,185,false
read,50.99,key_13,200,false
write,0.48,key_0,180,false
write,0.42,key_8,212,false
read,51.49,key_3,208,false
read,51.42,key_2,193,false
read,51.70,key_3,208,false
write,0.47,key_14,197,false
read,51.26,key_16,210,false
read,52.83,key_18,184,false
read,51.24,key_0,180,false
write,0.46,key_10,183,false
read,53.71,key_7,198,false
read,55.84,key_2,193,false
read,52.66,key_11,188,false
read,51.21,key_6,201,false
write,0.60,key_12,200,false
read,53.17,key_10,182,true
write,0.39,key_18,185,false
write,0.42,key_19,236,false
read,51.75,key_16,210,false
read,52.63,key_18,185,false
read,52.17,key_12,200,false
read,51.08,key_9,193,false
read,51.23,key_11,188,false
write,0.65,key_4,179,false
write,0.41,key_8,213,false
write,0.37,key_5,188,false
read,52.39,key_19,236,false
read,54.11,key_4,179,false
read,54.04,key_0,180,false
read,51.23,key_0,180,false
read,55.15,key_1,185,false
read,52.23,key_1,185,false
read,52.30,key_3,208,false
read,52.30,key_13,200,false
write,1.71,key_10,184,false
write,0.48,key_6,202,false
write,0.52,key_16,211,false
read,52.08,key_12,200,false
write,0.43,key_19,237,false
write,0.46,key_19,238,false
read,52.03,key_7,198,false
read,52.78,key_19,236,true
write,0.40,key_0,181,false
write,0.50,key_14,198,false
read,51.85,key_17,173,false
read,53.86,key_7,198,false
write,0.53,key_16,212,false
write,0.44,key_1,186,false
read,52.71,key_17,173,false
read,52.16,key_3,208,false
read,54.10,key_0,180,true
read,53.31,key_8,213,false
write,0.44,key_9,194,false
write,0.56,key_6,203,false
write,0.64,key_15,173,false
read,51.36,key_1,186,false
read,51.71,key_7,198,false
write,0.64,key_12,201,false
write,1.77,key_19,239,false
read,52.20,key_15,173,false
write,0.54,key_18,186,false
read,51.74,key_14,198,false
read,53.34,key_17,173,false
write,0.56,key_10,185,false
read,51.99,key_19,239,false
read,55.23,key_15,173,false
write,0.59,key_4,180,false
read,52.80,key_2,193,false
read,51.90,key_11,188,false
read,52.32,key_7,198,false
read,51.58,key_15,173,false
write,3.18,key_15,174,false
read,54.05,key_9,194,false
write,0.51,key_7,199,false
read,51.56,key_16,212,false
write,0.41,key_11,189,false
read,51.22,key_11,189,false
write,0.44,key_2,194,false
write,0.42,key_10,186,false
write,0.37,key_17,174,false
read,51.16,key_16,212,false
read,53.25,key_2,193,true
read,55.38,key_13,200,false
read,52.98,key_4,180,false
read,52.85,key_7,199,false
read,51.83,key_16,212,false
write,0.74,key_14,199,false
read,52.52,key_15,174,false
read,51.38,key_16,212,false
write,0.45,key_2,195,false
write,0.47,key_11,190,false
write,0.97,key_15,175,false
write,0.99,key_2,196,false
write,0.73,key_13,201,false
write,0.57,key_16,213,false
read,52.34,key_3,208,false
read,53.10,key_13,201,false
write,1.83,key_2,197,false
read,52.11,key_18,186,false
write,1.85,key_12,202,false
read,55.44,key_7,199,false
read,55.45,key_8,213,false
read,54.31,key_9,194,false
write,5.62,key_12,203,false
read,53.79,key_16,213,false
read,53.78,key_7,199,false
read,54.61,key_7,199,false
write,2.00,key_0,182,false
read,53.93,key_15,175,false
write,3.56,key_8,214,false
write,3.66,key_12,204,false
read,54.67,key_13,201,false
write,1.08,key_1,187,false
write,1.17,key_14,200,false
write,0.69,key_19,240,false
read,60.15,key_7,199,false
write,1.61,key_16,214,false
read,58.21,key_1,186,true
write,1.10,key_13,202,false
read,63.21,key_2,197,false
write,7.69,key_8,215,false
write,1.70,key_9,195,false
read,53.40,key_12,202,true
write,3.32,key_4,181,false
read,57.97,key_5,188,false
write,7.85,key_11,191,false
read,58.64,key_3,208,false
read,54.40,key_4,181,false
read,59.41,key_12,204,false
write,2.62,key_0,183,false
read,53.65,key_6,203,false
write,3.09,key_19,241,false
read,59.77,key_2,197,false
write,7.41,key_14,201,false
write,8.00,key_8,216,false
write,0.99,key_8,217,false
write,2.92,key_4,182,false
write,1.24,key_12,205,false
read,53.65,key_18,186,false
write,1.22,key_17,175,false
read,56.90,key_1,187,false
write,3.16,key_18,187,false
write,1.64,key_13,203,false
write,1.89,key_12,206,false
write,0.89,key_17,176,false
write,1.13,key_10,187,false
read,54.14,key_2,197,false
read,55.41,key_1,187,false
write,0.33,key_12,207,false
read,54.15,key_11,191,false
write,0.35,key_3,209,false
write,0.28,key_13,204,false
read,58.74,key_9,195,false
write,0.32,key_18,188,false
read,54.59,key_17,176,false
read,54.87,key_1,187,false
read,58.35,key_4,182,false
read,58.77,key_15,175,false
write,0.35,key_8,218,false
write,0.65,key_17,177,false
read,54.49,key_8,218,false
read,58.54,key_4,182,false
write,0.39,key_1,188,false
write,0.35,key_18,189,false
write,0.32,key_7,200,false
read,52.91,key_0,183,false
write,0.45,key_1,189,false
write,0.34,key_0,184,false
write,0.28,key_12,208,false
write,0.35,key_14,202,false
write,0.28,key_0,185,false
read,52.01,key_0,185,false
write,0.30,key_2,198,false
read,51.51,key_8,218,false
write,0.37,key_9,196,false
write,0.55,key_4,183,false
write,0.29,key_9,197,false
write,0.34,key_16,215,false
write,0.30,key_19,242,false
read,52.46,key_1,189,false
read,53.07,key_18,189,false
read,52.88,key_13,204,false
read,50.94,key_1,189,false
read,50.74,key_4,183,false
write,0.43,key_4,184,false
read,50.87,key_8,218,false
write,0.30,key_13,205,false
read,52.82,key_19,241,true
write,0.31,key_18,190,false
read,51.93,key_8,218,false
read,51.20,key_18,190,false
read,54.55,key_9,197,false
read,51.99,key_5,188,false
write,0.31,key_11,192,false
read,54.75,key_1,189,false
read,52.07,key_5,188,false
read,54.38,key_14,202,false
read,51.43,key_8,218,false
write,0.46,key_11,193,false
write,0.84,key_15,176,false
read,54.06,key_11,193,false
write,0.46,key_19,243,false
write,0.35,key_9,198,false
read,51.77,key_5,188,false
read,52.11,key_2,198,false
write,0.49,key_4,185,false
write,0.38,key_7,201,false
write,0.31,key_0,186,false
read,51.80,key_2,198,false
read,51.77,key_10,187,false
write,0.48,key_5,189,false
write,0.54,key_19,244,false
write,0.34,key_14,203,false
write,0.35,key_3,210,false
write,0.30,key_14,204,false
read,51.53,key_0,186,false
read,51.42,key_19,244,false
write,0.42,key_9,199,false
write,0.38,key_9,200,false
read,52.13,key_15,176,false
read,51.74,key_1,189,false
write,0.77,key_3,212,false
write,0.67,key_3,211,false
read,52.16,key_7,200,true
write,0.51,key_1,190,false
read,51.46,key_11,193,false
write,0.53,key_11,194,false
write,0.38,key_14,205,false
read,51.13,key_7,201,false
write,0.35,key_6,204,false
read,53.64,key_14,205,false
write,1.69,key_19,245,false
read,51.33,key_13,205,false
read,51.58,key_15,176,false
read,50.94,key_8,218,false
write,0.37,key_12,209,false
write,0.69,key_7,202,false
write,1.45,key_11,195,false
read,51.41,key_8,218,false
read,52.15,key_13,205,false
read,52.64,key_12,209,false
read,52.59,key_5,189,false
read,51.58,key_4,185,false
read,52.70,key_5,189,false
write,0.47,key_14,206,false
read,52.24,key_12,209,false
read,53.68,key_4,185,false
read,51.85,key_10,187,false
read,51.91,key_15,176,false
read,53.96,key_2,198,false
write,0.42,key_1,191,false
write,0.37,key_5,190,false
read,51.34,key_14,206,false
read,51.40,key_11,195,false
read,51.42,key_8,218,false
write,0.70,key_6,205,false
write,0.79,key_12,210,false
write,1.30,key_6,206,false
read,51.95,key_3,212,false
read,54.30,key_12,210,false
write,0.62,key_11,196,false
write,0.35,key_10,188,false
write,0.35,key_10,189,false
write,0.41,key_2,199,false
read,54.16,key_19,245,false
write,0.40,key_12,211,false
write,0.35,key_19,246,false
write,0.36,key_8,219,false
read,51.09,key_16,215,false
write,0.39,key_1,192,false
read,51.47,key_11,196,false
read,53.44,key_3,212,false
read,53.97,key_11,196,false
write,0.43,key_6,207,false
read,51.03,key_14,206,false
write,0.46,key_10,190,false
read,51.64,key_8,219,false
write,0.36,key_4,186,false
read,52.56,key_6,207,false
write,1.86,key_8,220,false
write,1.09,key_17,178,false
read,51.22,key_15,176,false
write,0.41,key_6,208,false
write,0.37,key_0,187,false
read,54.56,key_8,220,false
read,52.68,key_17,178,false
read,52.61,key_15,176,false
write,0.61,key_17,179,false
write,0.33,key_11,197,false
write,0.39,key_15,177,false
write,0.56,key_4,187,false
read,52.00,key_2,199,false
write,0.33,key_19,247,false
read,51.68,key_10,190,false
read,51.28,key_11,197,false
write,4.79,key_15,178,false
write,5.34,key_11,198,false
read,52.26,key_17,177,true
write,0.44,key_10,191,false
read,52.11,key_16,215,false
read,51.90,key_16,215,false
write,0.72,key_5,191,false
write,0.42,key_3,213,false
read,54.89,key_19,247,false
write,0.51,key_10,192,false
write,0.33,key_11,199,false
read,55.52,key_19,247,false
read,53.01,key_13,205,false
read,51.55,key_6,208,false
write,0.39,key_18,191,false
read,51.56,key_17,179,false
read,52.42,key_15,178,false
write,0.40,key_1,193,false
read,53.27,key_16,215,false
read,51.95,key_10,191,true
read,51.12,key_13,205,false
read,53.94,key_19,247,false
write,0.62,key_10,193,false
write,0.38,key_4,188,false
read,52.04,key_10,193,false
write,0.40,key_5,192,false
write,0.39,key_11,200,false
read,51.89,key_17,179,false
write,0.38,key_13,206,false
read,53.09,key_15,178,false
read,51.07,key_16,215,false
read,51.23,key_8,220,false
write,1.94,key_14,207,false
read,51.67,key_8,220,false
read,53.36,key_6,208,false
write,0.45,key_1,194,false
read,51.37,key_0,187,false
read,51.03,key_12,211,false
read,54.54,key_3,213,false
write,0.35,key_17,180,false
write,0.36,key_8,221,false
write,0.40,key_1,195,false
write,0.45,key_4,189,false
write,0.35,key_8,222,false
write,0.33,key_11,201,false
read,51.13,key_4,189,false
read,52.58,key_7,202,false
read,52.70,key_3,213,false
write,0.43,key_7,203,false
read,54.21,key_18,191,false
read,52.63,key_17,180,false
write,0.53,key_9,201,false
write,0.84,key_19,248,false
read,52.28,key_13,206,false
read,52.13,key_5,192,false
write,0.50,key_18,192,false
write,0.44,key_15,179,false
write,0.42,key_10,194,false
read,52.15,key_4,189,false
read,51.48,key_9,201,false
write,0.44,key_11,202,false
write,0.48,key_1,196,false
write,0.58,key_15,180,false
write,0.48,key_12,212,false
write,0.36,key_9,202,false
read,52.67,key_4,189,false
read,51.69,key_3,213,false
read,53.48,key_12,212,false
read,53.99,key_5,192,false
read,51.59,key_13,206,false
read,52.95,key_1,195,true
write,0.55,key_1,197,false
read,52.47,key_17,180,false
write,0.35,key_11,203,false
write,0.44,key_4,190,false
read,52.34,key_3,213,false
read,52.05,key_18,192,false
write,0.60,key_12,213,false
write,0.56,key_13,207,false
read,51.62,key_13,206,true
write,0.42,key_7,204,false
write,0.46,key_14,208,false
read,52.03,key_2,199,false
write,0.39,key_16,216,false
read,54.41,key_1,197,false
write,0.46,key_16,217,false
read,53.65,key_3,213,false
read,52.30,key_16,217,false
read,52.78,key_8,222,false
read,51.55,key_2,199,false
write,2.13,key_15,181,false
write,0.44,key_12,214,false
write,0.41,key_7,205,false
write,0.57,key_0,188,false
write,0.38,key_12,215,false
read,52.71,key_11,203,false
read,54.42,key_9,202,false
read,51.36,key_18,192,false
read,51.42,key_1,197,false
write,1.95,key_19,249,false
write,1.94,key_12,216,false
write,0.49,key_8,223,false
read,54.41,key_16,217,false
write,0.38,key_9,203,false
read,52.39,key_10,194,false
write,0.60,key_19,250,false
write,0.40,key_4,191,false
read,51.76,key_10,194,false
read,51.60,key_15,181,false
write,0.47,key_2,200,false
write,0.52,key_5,193,false
read,53.49,key_12,213,true
read,52.38,key_0,188,false
write,0.41,key_8,224,false
write,0.48,key_5,194,false
read,52.44,key_18,192,false
read,52.55,key_13,207,false
write,0.41,key_17,181,false
write,0.42,key_11,204,false
write,0.38,key_9,204,false
read,51.48,key_13,207,false
read,52.04,key_14,208,false
write,0.42,key_11,205,false
read,53.67,key_7,205,false
read,53.73,key_4,191,false
read,52.15,key_16,217,false
write,0.44,key_15,182,false
read,54.63,key_3,213,false
read,54.57,key_13,207,false
write,0.64,key_11,206,false
write,1.14,key_3,214,false
read,52.08,key_1,197,false
write,1.15,key_6,209,false
read,51.89,key_18,192,false
read,52.28,key_8,224,false
read,51.37,key_12,216,false
read,54.32,key_19,250,false
write,1.87,key_9,205,false
write,0.41,key_4,192,false
write,0.41,key_7,206,false
write,0.36,key_2,201,false
write,0.33,key_4,193,false
read,51.66,key_8,224,false
read,55.09,key_14,208,false
write,1.79,key_13,208,false
read,51.71,key_4,191,true
write,0.37,key_4,194,false
read,52.25,key_15,182,false
read,53.25,key_15,182,false
read,51.65,key_7,206,false
write,0.69,key_18,193,false
write,0.38,key_15,183,false
read,51.63,key_10,194,false
write,0.54,key_14,209,false
read,53.32,key_14,208,true
read,53.36,key_18,192,true
write,0.37,key_19,251,false
write,0.58,key_17,182,false
read,52.50,key_0,188,false
read,52.04,key_16,217,false
read,52.15,key_9,205,false
write,0.41,key_15,184,false
write,0.32,key_1,198,false
read,51.06,key_2,201,false
write,1.79,key_8,225,false
read,52.06,key_5,194,false
read,52.40,key_7,206,false
write,0.97,key_11,207,false
read,51.93,key_18,193,false
write,1.47,key_15,185,false
write,0.37,key_2,202,false
read,53.55,key_15,185,false
read,54.76,key_19,251,false
read,52.62,key_19,251,false
write,0.42,key_3,215,false
write,0.64,key_5,195,false
read,52.05,key_1,197,true
write,0.54,key_12,217,false
read,53.81,key_14,209,false
read,51.37,key_13,208,false
read,51.34,key_9,205,false
read,52.77,key_11,207,false
read,51.95,key_9,205,false
read,52.86,key_12,216,true
write,0.45,key_17,183,false
write,0.91,key_8,226,false
write,1.43,key_6,210,false
write,1.41,key_2,203,false
write,0.38,key_18,194,false
read,51.84,key_8,226,false
read,52.45,key_8,226,false
read,54.82,key_14,209,false
write,0.41,key_13,209,false
read,52.50,key_16,217,false
read,52.38,key_12,217,false
write,0.55,key_6,211,false
read,52.71,key_17,182,true
read,52.80,key_14,209,false
read,51.29,key_2,203,false
write,0.46,key_9,206,false
read,52.05,key_6,211,false
write,0.57,key_10,195,false
read,54.10,key_16,217,false
write,0.72,key_8,227,false
read,51.81,key_11,207,false
read,51.84,key_8,226,true
write,1.86,key_1,199,false
write,0.35,key_8,228,false
read,51.73,key_13,209,false
read,51.64,key_4,194,false
write,0.40,key_11,208,false
write,0.37,key_16,218,false
write,0.36,key_19,252,false
read,54.56,key_18,194,false
read,53.92,key_8,228,false
write,0.49,key_16,219,false
write,0.53,key_0,189,false
read,52.09,key_16,217,true
read,52.23,key_11,208,false
read,51.36,key_10,195,false
write,0.54,key_3,216,false
write,0.46,key_8,229,false
write,0.40,key_6,212,false
read,51.92,key_17,183,false
read,51.86,key_3,215,true
read,52.86,key_3,216,false
read,52.94,key_13,209,false
write,0.39,key_16,220,false
write,0.48,key_16,221,false
write,0.43,key_18,195,false
write,0.38,key_10,196,false
write,0.34,key_12,218,false
read,53.31,key_12,218,false
read,50.98,key_11,208,false
read,51.84,key_7,206,false
read,51.88,key_14,209,false
write,1.97,key_4,195,false
read,51.27,key_18,195,false
write,0.61,key_19,253,false
write,0.41,key_8,230,false
write,0.56,key_8,231,false
read,51.67,key_10,196,false
read,52.28,key_17,183,false
read,51.47,key_16,221,false
write,2.04,key_5,196,false
read,51.48,key_10,196,false
read,53.86,key_5,196,false
read,52.56,key_11,208,false
read,52.50,key_1,199,false
write,1.51,key_2,204,false
read,51.24,key_1,199,false
read,51.37,key_17,183,false
read,53.27,key_0,189,false
write,0.63,key_13,210,false
read,52.84,key_13,209,true
write,0.51,key_1,200,false
write,0.51,key_10,197,false
write,0.57,key_1,201,false
write,0.35,key_3,217,false
write,0.42,key_10,198,false
write,0.45,key_2,205,false
read,51.60,key_18,195,false
read,54.98,key_19,253,false
read,53.09,key_11,208,false
write,0.53,key_3,218,false
write,0.35,key_18,196,false
write,0.42,key_2,206,false
write,0.33,key_5,197,false
read,52.33,key_11,208,false
read,52.31,key_19,253,false
read,51.63,key_6,212,false
write,0.70,key_13,211,false
write,1.33,key_15,186,false
write,0.53,key_17,184,false
write,1.31,key_8,232,false
write,0.52,key_13,212,false
read,51.62,key_5,197,false
read,51.54,key_12,218,false
write,0.60,key_15,187,false
write,1.51,key_15,188,false
read,51.56,key_1,201,false
read,52.13,key_2,205,true
write,0.46,key_3,219,false
write,0.34,key_15,189,false
read,51.88,key_10,198,false
read,51.98,key_13,212,false
write,0.69,key_18,197,false
write,0.43,key_16,222,false
write,0.41,key_9,207,false
write,0.45,key_10,199,false
write,0.48,key_4,196,false
read,53.36,key_10,199,false
write,0.47,key_1,202,false
read,52.60,key_18,196,true
read,51.58,key_8,232,false
write,0.63,key_4,197,false
read,51.86,key_9,206,true
write,0.41,key_13,213,false
write,0.38,key_19,254,false
write,0.37,key_13,214,false
write,0.41,key_16,223,false
read,52.55,key_18,197,false
read,53.72,key_3,218,true
write,1.07,key_0,190,false
read,51.17,key_10,199,false
write,0.49,key_2,207,false
read,52.93,key_15,189,false
read,52.41,key_3,219,false
write,0.40,key_12,219,false
write,0.57,key_17,185,false
read,51.65,key_11,208,false
write,0.45,key_12,220,false
read,51.54,key_6,212,false
write,0.37,key_2,208,false
write,0.37,key_2,209,false
write,0.37,key_4,198,false
read,53.06,key_0,190,false
write,2.31,key_2,210,false
read,52.86,key_8,232,false
read,53.64,key_15,189,false
write,0.42,key_19,255,false
write,0.56,key_4,199,false
read,51.84,key_13,214,false
read,52.88,key_19,255,false
write,1.93,key_15,190,false
write,0.55,key_3,220,false
read,53.28,key_12,218,true
write,0.60,key_5,198,false
write,0.42,key_17,186,false
write,0.41,key_16,224,false
write,0.45,key_11,209,false
read,51.60,key_3,219,true
read,51.47,key_4,199,false
read,52.10,key_4,199,false
write,0.51,key_12,221,false
write,0.40,key_1,203,false
read,52.14,key_10,199,false
read,51.75,key_2,210,false
read,51.77,key_2,210,false
read,52.64,key_2,210,false
write,0.35,key_8,233,false
read,52.10,key_1,203,false
read,52.15,key_5,198,false
write,0.41,key_15,191,false
write,0.48,key_11,210,false
write,0.38,key_18,198,false
read,51.83,key_17,186,false
write,0.46,key_10,200,false
read,54.50,key_7,206,false
read,52.16,key_14,209,false
write,0.56,key_14,210,false
write,0.61,key_9,208,false
read,52.89,key_18,197,true
read,52.96,key_18,198,false
write,0.41,key_14,211,false
write,0.41,key_8,234,false
read,52.76,key_10,200,false
read,53.49,key_2,210,false
read,53.90,key_8,234,false
read,51.89,key_1,203,false
read,51.85,key_8,234,false
read,52.62,key_10,200,false
read,54.66,key_7,206,false
read,54.71,key_11,210,false
read,52.02,key_1,203,false
write,0.52,key_11,211,false
write,0.55,key_7,207,false
write,0.41,key_6,213,false
read,52.31,key_13,214,false
write,0.46,key_19,256,false
write,0.42,key_12,222,false
write,0.44,key_4,200,false
write,0.40,key_1,204,false
read,51.44,key_6,213,false
read,52.81,key_1,204,false
write,1.27,key_6,214,false
write,0.61,key_18,199,false
write,0.56,key_4,201,false
read,52.82,key_1,204,false
read,55.07,key_18,199,false
write,0.64,key_5,199,false
read,54.07,key_12,222,false
write,0.36,key_15,192,false
write,0.99,key_16,225,false
write,0.37,key_19,257,false
write,0.42,key_6,215,false
write,0.38,key_14,212,false
read,52.38,key_18,199,false
read,52.38,key_6,215,false
read,53.30,key_10,200,false
read,52.03,key_11,211,false
write,0.53,key_15,193,false
write,0.92,key_5,200,false
write,0.89,key_11,212,false
write,0.80,key_9,209,false
read,54.08,key_13,214,false
write,0.32,key_1,205,false
write,0.34,key_19,258,false
read,54.77,key_8,234,false
read,51.51,key_11,212,false
read,51.16,key_6,214,true
read,52.85,key_15,193,false
write,0.60,key_4,202,false
write,0.74,key_8,235,false
read,53.15,key_12,222,false
write,0.40,key_8,236,false
write,0.35,key_11,213,false
read,53.38,key_17,186,false
write,0.43,key_10,201,false
read,52.90,key_10,201,false
write,0.66,key_11,214,false
write,0.51,key_10,202,false
read,52.62,key_12,222,false
read,51.29,key_11,214,false
write,0.45,key_6,216,false
write,0.47,key_10,203,false
read,54.28,key_1,205,false
read,52.53,key_5,200,false
read,51.38,key_19,258,false
write,0.56,key_18,200,false
write,0.47,key_1,206,false
read,51.84,key_14,212,false
write,0.61,key_5,201,false
read,52.29,key_1,206,false
read,53.89,key_18,200,false
write,0.45,key_0,191,false
read,54.64,key_12,222,false
read,51.49,key_15,193,false
read,52.14,key_3,220,false
write,0.80,key_15,194,false
write,0.41,key_0,192,false
read,51.92,key_11,214,false
write,0.42,key_16,226,false
write,0.36,key_9,210,false
read,52.95,key_16,226,false
read,52.19,key_1,206,false
read,51.66,key_5,200,true
read,51.24,key_7,207,false
write,0.48,key_6,217,false
write,0.36,key_5,202,false
read,54.09,key_11,214,false
read,51.33,key_2,210,false
write,0.41,key_10,204,false
read,55.19,key_8,236,false
read,52.32,key_12,222,false
write,0.41,key_18,201,false
read,52.09,key_15,194,false
write,0.64,key_0,193,false
read,51.56,key_11,214,false
write,0.54,key_14,213,false
read,51.41,key_7,207,false
read,51.31,key_0,193,false
read,51.73,key_5,202,false
read,52.28,key_17,186,false
write,1.78,key_6,218,false
write,0.35,key_6,219,false
read,51.50,key_2,210,false
read,52.89,key_17,186,false
write,0.57,key_9,211,false
write,0.37,key_15,195,false
write,0.34,key_17,187,false
read,53.61,key_2,210,false
read,52.08,key_4,202,false
read,51.91,key_2,210,false
write,0.64,key_15,196,false
write,0.64,key_2,211,false
read,52.71,key_4,202,false
read,52.65,key_13,214,false
read,52.27,key_13,214,false
write,0.51,key_9,212,false
read,52.85,key_4,202,false
read,52.71,key_14,213,false
read,52.14,key_11,214,false
write,0.54,key_19,259,false
read,51.50,key_8,236,false
write,0.78,key_11,215,false
write,0.37,key_4,203,false
read,51.59,key_16,226,false
read,52.35,key_12,222,false
read,53.62,key_15,196,false
read,54.24,key_18,201,false
write,0.47,key_16,227,false
read,52.85,key_19,259,false
read,52.33,key_4,203,false
write,0.43,key_16,228,false
write,0.47,key_8,237,false
write,0.45,key_18,202,false
write,0.56,key_2,212,false
read,53.70,key_2,211,true
write,0.44,key_12,223,false
read,51.58,key_4,203,false
read,52.51,key_1,206,false
read,52.15,key_13,214,false
write,2.11,key_10,205,false
write,0.58,key_13,215,false
read,54.56,key_9,212,false
read,51.80,key_6,219,false
write,0.49,key_1,207,false
read,53.93,key_10,205,false
write,1.04,key_2,213,false
read,52.10,key_17,187,false
write,1.36,key_2,214,false
write,1.72,key_10,206,false
write,0.91,key_10,207,false
write,0.50,key_5,203,false
write,0.41,key_1,208,false
write,0.38,key_16,229,false
read,53.02,key_12,223,false
read,52.28,key_19,259,false
write,0.80,key_3,221,false
read,52.40,key_2,212,true
read,52.09,key_11,215,false
write,0.66,key_14,214,false
read,52.56,key_12,223,false
read,51.09,key_4,203,false
read,52.55,key_10,207,false
read,51.38,key_12,223,false
read,52.18,key_6,219,false
read,52.37,key_0,193,false
read,52.76,key_3,221,false
write,7.48,key_16,230,false
read,57.27,key_2,214,false
read,59.81,key_5,203,false
read,54.89,key_13,215,false
write,4.08,key_19,260,false
write,4.27,key_0,194,false
write,0.99,key_10,208,false
write,0.97,key_19,261,false
write,0.97,key_1,209,false
write,2.59,key_8,238,false
write,2.23,key_8,239,false
write,1.06,key_0,195,false
read,52.33,key_7,207,false
write,0.46,key_11,216,false
write,0.32,key_8,240,false
read,51.79,key_9,212,false
read,53.67,key_14,214,false
read,56.30,key_6,219,false
read,52.15,key_19,261,false
write,0.50,key_6,220,false
read,52.20,key_4,203,false
read,51.54,key_18,202,false
write,0.59,key_14,215,false
write,0.43,key_17,188,false
read,53.65,key_7,207,false
write,0.48,key_2,215,false
read,51.63,key_16,230,false
read,53.27,key_3,221,false
write,0.50,key_3,222,false
write,0.53,key_8,241,false
write,0.52,key_5,204,false
read,52.00,key_4,203,false
write,0.59,key_16,231,false
read,52.03,key_10,208,false
write,0.42,key_10,209,false
write,0.77,key_2,216,false
write,1.27,key_12,224,false
write,0.43,key_17,189,false
write,0.38,key_15,197,false
read,54.64,key_12,224,false
write,0.54,key_16,232,false
write,0.52,key_1,210,false
read,53.62,key_2,216,false
write,0.41,key_6,221,false
write,0.40,key_17,190,false
read,51.53,key_10,209,false
read,52.50,key_17,187,true
read,51.90,key_6,221,false
read,51.41,key_3,222,false
write,0.38,key_4,204,false
read,51.91,key_14,215,false
read,54.03,key_2,216,false
write,0.50,key_3,223,false
write,0.46,key_11,217,false
write,0.39,key_10,210,false
write,0.35,key_9,213,false
write,0.34,key_12,225,false
write,0.39,key_0,196,false
read,52.92,key_5,204,false
read,53.22,key_13,215,false
read,51.81,key_0,196,false
read,51.84,key_12,225,false
write,0.69,key_4,205,false
read,51.36,key_6,221,false
write,2.26,key_14,216,false
write,0.49,key_19,262,false
write,0.39,key_12,226,false
read,53.14,key_17,190,false
read,52.37,key_10,210,false
read,51.29,key_4,205,false
write,0.45,key_17,191,false
write,0.99,key_19,263,false
read,52.62,key_0,196,false
write,0.45,key_1,211,false
read,52.55,key_6,221,false
write,0.38,key_1,212,false
write,0.49,key_16,233,false
write,0.37,key_16,234,false
write,0.42,key_18,203,false
write,0.34,key_6,222,false
read,51.72,key_7,207,false
write,0.36,key_7,208,false
read,55.23,key_10,210,false
read,53.03,key_17,190,true
write,0.56,key_14,217,false
read,51.74,key_13,215,false
write,0.50,key_4,206,false
write,0.44,key_8,242,false
write,0.37,key_15,198,false
read,52.27,key_19,263,false
read,52.39,key_10,210,false
read,53.39,key_16,234,false
read,52.07,key_19,263,false
write,0.76,key_9,214,false
read,51.37,key_0,196,false
write,0.48,key_1,213,false
read,50.84,key_1,213,false
write,0.52,key_15,199,false
read,52.76,key_3,223,false
read,52.44,key_11,217,false
write,0.41,key_11,218,false
write,0.39,key_4,207,false
write,0.35,key_5,205,false
write,0.49,key_9,215,false
read,51.13,key_11,218,false
write,0.53,key_14,218,false
read,54.71,key_8,242,false
write,0.34,key_3,224,false
read,51.00,key_19,263,false
read,52.26,key_16,234,false
read,52.52,key_15,198,true
read,52.60,key_7,208,false
write,0.64,key_6,223,false
write,0.68,key_17,192,false
write,0.55,key_4,208,false
write,0.90,key_12,227,false
read,51.81,key_7,208,false
write,0.39,key_3,225,false
write,0.64,key_18,204,false
read,52.69,key_12,227,false
read,52.27,key_1,213,false
read,51.62,key_19,263,false
read,51.78,key_1,213,false
write,0.68,key_18,205,false
write,0.40,key_15,200,false
read,51.48,key_11,218,false
read,51.26,key_10,210,false
read,51.79,key_12,227,false
read,54.01,key_17,192,false
write,0.41,key_3,226,false
read,53.07,key_12,227,false
read,53.09,key_17,192,false
read,53.79,key_19,263,false
read,52.58,key_15,200,false
write,0.43,key_10,211,false
read,52.69,key_16,234,false
read,51.86,key_13,215,false
write,0.46,key_6,224,false
write,0.48,key_9,216,false
read,52.00,key_12,227,false
read,52.46,key_11,218,false
read,51.38,key_13,215,false
read,53.86,key_3,226,false
read,54.33,key_16,234,false
write,0.57,key_1,214,false
write,1.13,key_16,235,false
write,0.38,key_14,219,false
write,1.61,key_3,227,false
write,0.64,key_17,193,false
read,53.74,key_14,219,false
write,0.36,key_19,264,false
write,0.45,key_7,209,false
read,52.94,key_17,193,false
write,0.45,key_18,206,false
write,0.42,key_7,210,false
write,0.38,key_3,228,false
read,53.81,key_14,219,false
read,51.97,key_10,211,false
read,52.65,key_8,242,false
read,51.99,key_7,210,false
read,52.07,key_2,216,false
write,0.47,key_15,201,false
write,0.44,key_7,211,false
read,51.31,key_3,228,false
read,51.09,key_12,227,false
read,52.97,key_4,208,false
read,54.46,key_13,215,false
write,0.53,key_14,220,false
write,0.46,key_17,194,false
read,51.72,key_6,224,false
write,0.44,key_16,236,false
read,53.73,key_4,208,false
write,0.39,key_16,237,false
read,51.03,key_3,228,false
read,53.23,key_18,206,false
read,51.53,key_9,216,false
read,51.52,key_14,220,false
write,0.59,key_5,206,false
read,51.89,key_12,227,false
read,51.17,key_15,201,false
write,0.57,key_13,216,false
write,0.55,key_13,217,false
write,1.14,key_9,217,false
write,1.86,key_13,218,false
write,1.03,key_8,243,false
write,0.53,key_6,225,false
read,52.07,key_3,228,false
read,54.65,key_6,225,false
read,52.40,key_17,194,false
write,0.58,key_14,221,false
write,0.38,key_7,212,false
write,0.47,key_18,207,false
write,0.41,key_10,212,false
read,53.59,key_15,201,false
write,0.49,key_17,195,false
write,0.57,key_13,219,false
read,53.06,key_7,212,false
read,52.73,key_5,206,false
write,0.56,key_18,208,false
read,52.06,key_16,237,false
write,0.54,key_18,209,false
read,52.18,key_1,214,false
read,51.08,key_18,209,false
write,0.49,key_11,219,false
write,0.50,key_12,228,false
read,51.17,key_13,219,false
read,52.42,key_0,196,false
write,0.55,key_4,209,false
write,0.54,key_3,229,false
write,0.44,key_6,226,false
write,0.49,key_10,213,false
write,0.35,key_5,207,false
read,54.20,key_5,207,false
write,0.46,key_0,197,false
write,0.46,key_9,218,false
read,52.20,key_6,226,false
write,0.57,key_14,222,false
read,51.68,key_11,219,false
read,51.75,key_7,212,false
write,0.41,key_11,220,false
write,0.62,key_6,227,false
read,51.42,key_16,237,false
read,51.57,key_9,218,false
write,0.53,key_3,230,false
write,0.38,key_9,219,false
write,0.43,key_0,198,false
write,0.35,key_12,229,false
read,52.03,key_6,225,true
write,0.39,key_19,265,false
write,0.48,key_8,244,false
write,0.39,key_8,245,false
write,0.32,key_16,238,false
read,51.11,key_11,220,false
read,54.55,key_7,212,false
read,51.56,key_13,219,false
write,0.55,key_9,220,false
write,0.55,key_2,217,false
read,53.97,key_2,217,false
read,52.48,key_5,207,false
read,53.03,key_6,227,false
read,52.10,key_10,213,false
write,0.34,key_19,266,false
write,0.45,key_11,221,false
read,52.88,key_5,207,false
read,51.14,key_0,198,false
write,0.55,key_11,222,false
write,0.40,key_19,267,false
read,52.00,key_15,201,false
read,51.62,key_4,209,false
read,52.81,key_13,219,false
read,53.52,key_18,209,false
read,50.96,key_6,227,false
read,53.76,key_5,207,false
read,53.78,key_5,207,false
read,53.80,key_6,227,false
read,51.90,key_3,230,false
write,1.87,key_15,202,false
read,52.73,key_0,198,false
read,52.19,key_8,245,false
read,51.63,key_17,195,false
read,51.78,key_8,245,false
write,0.61,key_12,230,false
write,0.78,key_2,218,false
read,52.49,key_17,195,false
write,0.97,key_7,213,false
write,0.78,key_15,203,false
read,52.93,key_4,209,false
write,0.44,key_7,214,false
write,0.49,key_5,208,false
write,0.39,key_6,228,false
write,0.49,key_16,239,false
read,52.11,key_1,214,false
write,0.41,key_2,219,false
write,0.35,key_8,246,false
read,51.83,key_12,230,false
read,51.85,key_12,230,false
write,0.50,key_6,229,false
write,0.56,key_5,209,false
write,0.39,key_2,220,false
write,0.41,key_1,215,false
read,51.14,key_3,230,false
read,54.06,key_0,198,false
write,0.44,key_14,223,false
read,52.44,key_8,246,false
read,51.49,key_9,220,false
read,51.57,key_10,213,false
write,0.63,key_13,220,false
write,0.66,key_15,204,false
read,52.01,key_16,238,true
read,52.08,key_5,209,false
read,53.48,key_1,215,false
read,51.45,key_15,204,false
write,0.60,key_11,223,false
read,54.85,key_13,220,false
write,0.50,key_19,268,false
read,52.91,key_11,223,false
write,0.47,key_12,231,false
write,0.44,key_19,269,false
write,0.39,key_9,221,false
write,0.35,key_9,222,false
read,51.65,key_12,231,false
read,53.75,key_8,246,false
read,54.40,key_3,230,false
read,52.72,key_17,195,false
write,0.86,key_7,215,false
read,54.74,key_13,220,false
write,0.90,key_19,270,false
write,0.59,key_5,210,false
read,54.97,key_2,220,false
read,52.61,key_6,229,false
write,0.52,key_18,210,false
write,0.53,key_6,230,false
write,0.49,key_18,211,false
read,51.19,key_17,195,false
write,0.37,key_8,247,false
read,53.35,key_10,213,false
write,0.40,key_11,224,false
write,0.48,key_12,232,false
read,53.41,key_4,209,false
write,0.54,key_3,231,false
write,0.38,key_19,271,false
read,52.00,key_10,213,false
write,0.43,key_2,221,false
read,52.58,key_17,195,false
read,52.57,key_5,210,false
read,51.93,key_2,221,false
read,53.36,key_6,230,false
write,0.42,key_13,221,false
write,0.41,key_2,222,false
write,0.42,key_9,223,false
write,0.38,key_2,223,false
read,51.10,key_15,204,false
read,51.57,key_12,232,false
write,0.55,key_3,232,false
write,0.46,key_7,216,false
write,0.48,key_10,214,false
read,51.88,key_16,239,false
write,0.50,key_3,233,false
write,0.39,key_18,212,false
write,0.48,key_11,225,false
write,0.40,key_4,210,false
write,0.53,key_16,240,false
write,0.37,key_13,222,false
write,0.37,key_1,216,false
read,51.76,key_7,216,false
write,0.54,key_18,213,false
read,51.18,key_14,223,false
read,52.48,key_7,216,false
read,51.26,key_13,222,false
read,52.38,key_3,233,false
read,51.55,key_3,233,false
write,2.80,key_1,217,false
read,51.74,key_5,210,false
write,0.62,key_14,224,false
read,52.81,key_14,224,false
write,0.49,key_18,214,false
write,0.46,key_3,234,false
read,52.24,key_6,230,false
read,51.04,key_12,232,false
read,52.47,key_4,210,false
read,52.66,key_0,198,false
write,0.56,key_14,225,false
read,51.78,key_17,195,false
read,52.70,key_1,217,false
write,0.40,key_16,241,false
read,51.51,key_1,217,false
read,54.94,key_19,271,false
read,52.23,key_9,223,false
write,0.57,key_16,242,false
write,0.60,key_3,235,false
write,1.15,key_12,233,false
write,0.46,key_15,205,false
write,0.42,key_10,215,false
read,52.09,key_16,242,false
read,53.02,key_11,225,false
write,0.53,key_3,236,false
write,0.47,key_9,224,false
write,0.46,key_1,218,false
read,53.86,key_13,222,false
write,0.51,key_15,206,false
read,54.14,key_9,224,false
write,0.47,key_14,226,false
read,53.42,key_13,222,false
read,52.20,key_3,236,false
write,0.71,key_4,211,false
read,53.55,key_1,218,false
read,51.87,key_1,218,false
write,0.42,key_5,211,false
write,0.45,key_18,215,false
write,0.47,key_8,248,false
read,52.93,key_13,222,false
read,50.99,key_3,236,false
write,0.55,key_1,219,false
write,0.89,key_1,220,false
write,1.03,key_14,227,false
write,0.40,key_1,221,false
read,51.91,key_10,215,false
write,0.54,key_4,212,false
read,52.46,key_4,212,false
read,52.10,key_18,215,false
write,0.47,key_1,222,false
write,0.62,key_0,199,false
write,0.47,key_2,224,false
write,0.36,key_0,200,false
write,0.42,key_14,228,false
write,0.49,key_2,225,false
read,53.35,key_19,271,false
read,51.99,key_5,211,false
read,51.97,key_0,200,false
read,51.69,key_9,224,false
write,0.53,key_18,216,false
read,54.06,key_4,212,false
write,0.56,key_6,231,false
write,0.46,key_0,201,false
read,51.94,key_17,195,false
read,52.97,key_10,215,false
write,0.51,key_14,229,false
write,0.51,key_5,212,false
read,53.30,key_18,216,false
write,0.36,key_5,213,false
read,53.03,key_8,248,false
write,0.37,key_2,226,false
read,52.10,key_11,225,false
write,0.41,key_6,232,false
write,0.41,key_4,213,false
write,0.44,key_5,214,false
read,51.00,key_9,224,false
write,0.39,key_11,226,false
write,0.35,key_6,233,false
write,0.31,key_18,217,false
write,0.32,key_11,227,false
read,52.89,key_8,248,false
read,56.15,key_13,222,false
read,52.32,key_2,226,false
read,52.71,key_10,215,false
write,2.49,key_16,243,false
read,52.22,key_1,222,false
read,52.36,key_12,233,false
write,0.90,key_11,228,false
write,0.97,key_17,196,false
write,0.75,key_18,218,false
write,0.64,key_14,230,false
write,1.42,key_15,207,false
write,0.69,key_19,272,false
write,0.78,key_11,229,false
write,0.52,key_3,237,false
read,52.57,key_19,272,false
read,54.37,key_16,243,false
write,0.52,key_8,249,false
read,51.43,key_13,222,false
read,52.32,key_4,213,false
read,55.27,key_18,217,true
read,51.70,key_5,214,false
write,0.65,key_7,217,false
write,0.59,key_19,273,false
read,52.10,key_3,237,false
write,0.42,key_18,219,false
write,0.42,key_10,216,false
write,0.41,key_2,227,false
read,52.30,key_11,229,false
write,0.58,key_16,244,false
write,0.41,key_18,220,false
write,0.56,key_17,197,false
write,0.58,key_8,250,false
write,0.67,key_19,274,false
write,0.46,key_17,198,false
read,53.84,key_0,201,false
read,53.71,key_7,217,false
write,0.56,key_17,199,false
write,0.47,key_2,228,false
write,0.43,key_1,223,false
read,51.84,key_19,274,false
read,52.22,key_17,199,false
read,52.52,key_10,215,true
write,0.60,key_14,231,false
read,52.12,key_6,233,false
write,0.84,key_9,225,false
write,0.53,key_18,221,false
read,53.45,key_15,207,false
write,0.46,key_4,214,false
read,53.70,key_7,217,false
write,0.39,key_2,229,false
write,0.40,key_0,202,false
read,52.14,key_11,229,false
read,51.14,key_18,221,false
write,0.46,key_10,217,false
write,1.01,key_5,215,false
read,51.82,key_0,202,false
read,52.99,key_15,207,false
write,0.83,key_12,234,false
write,0.68,key_18,222,false
write,0.60,key_17,200,false
write,0.52,key_10,218,false
write,0.71,key_9,226,false
write,0.38,key_6,234,false
write,0.99,key_9,227,false
read,52.11,key_5,215,false
read,51.79,key_11,229,false
read,51.18,key_4,214,false
read,51.57,key_15,207,false
write,1.90,key_1,224,false
read,53.61,key_18,222,false
write,0.47,key_12,235,false
read,52.20,key_0,202,false
write,0.37,key_4,215,false
write,0.40,key_9,228,false
write,0.37,key_16,245,false
write,0.33,key_18,223,false
write,0.32,key_13,223,false
write,0.37,key_7,218,false
read,51.35,key_3,237,false
read,52.33,key_17,200,false
read,54.19,key_12,235,false
write,0.46,key_0,203,false
read,52.23,key_10,218,false
write,0.44,key_16,246,false
read,51.13,key_11,229,false
write,0.41,key_10,219,false
read,53.23,key_0,202,true
read,53.28,key_6,234,false
write,0.48,key_14,232,false
write,0.37,key_5,216,false
read,51.17,key_3,237,false
read,51.57,key_10,219,false
read,51.96,key_10,219,false
write,0.51,key_4,216,false
read,51.27,key_19,274,false
write,0.70,key_12,236,false
read,52.99,key_7,218,false
write,0.68,key_0,204,false
read,52.21,key_7,218,false
write,0.49,key_14,233,false
read,51.47,key_14,233,false
read,53.39,key_14,233,false
write,1.86,key_15,208,false
write,2.16,key_18,224,false
read,51.71,key_13,223,false
read,51.55,key_2,229,false
write,0.40,key_13,224,false
read,51.06,key_2,229,false
write,0.45,key_12,237,false
read,52.79,key_11,229,false
write,0.63,key_9,229,false
read,53.31,key_4,216,false
read,55.74,key_6,234,false
read,52.11,key_18,224,false
write,0.43,key_12,238,false
write,0.50,key_5,217,false
write,0.44,key_12,239,false
read,53.76,key_2,229,false
write,1.05,key_6,235,false
write,0.47,key_5,218,false
read,51.61,key_11,229,false
read,51.66,key_18,224,false
read,51.27,key_18,224,false
write,0.41,key_6,236,false
write,0.40,key_2,230,false
write,0.38,key_8,251,false
read,51.96,key_17,200,false
write,0.45,key_17,201,false
read,54.40,key_8,251,false
read,51.25,key_9,229,false
read,51.93,key_15,208,false
read,51.93,key_3,237,false
read,53.73,key_8,251,false
read,52.33,key_12,239,false
read,52.18,key_9,229,false
read,52.56,key_12,239,false
write,1.98,key_19,275,false
write,1.99,key_8,252,false
write,0.52,key_11,230,false
read,53.55,key_11,230,false
read,54.86,key_15,208,false
write,0.54,key_19,276,false
write,0.88,key_19,277,false
read,51.95,key_11,229,true
write,0.55,key_19,278,false
write,0.41,key_14,234,false
write,0.37,key_0,205,false
write,0.51,key_19,279,false
read,52.94,key_2,230,false
write,0.47,key_2,231,false
read,52.45,key_4,216,false
write,0.50,key_16,247,false
read,53.56,key_3,237,false
write,0.43,key_13,225,false
read,51.75,key_4,216,false
read,52.89,key_9,229,false
read,52.54,key_4,216,false
read,53.07,key_15,208,false
write,0.50,key_12,240,false
write,0.56,key_0,206,false
write,0.42,key_4,217,false
read,52.20,key_5,218,false
read,51.68,key_2,231,false
write,0.43,key_19,280,false
write,0.51,key_4,218,false
read,51.93,key_11,230,false
write,0.44,key_11,231,false
read,52.62,key_13,225,false
read,52.73,key_6,236,false
read,52.49,key_2,231,false
write,0.43,key_13,226,false
read,52.24,key_14,234,false
read,52.24,key_6,236,false
read,51.46,key_1,224,false
read,52.52,key_17,201,false
read,52.69,key_2,231,false
read,52.65,key_7,218,false
write,0.46,key_5,219,false
write,0.85,key_5,220,false
write,0.78,key_5,221,false
write,0.51,key_1,225,false
write,1.22,key_10,220,false
write,0.62,key_7,219,false
write,0.51,key_13,227,false
read,52.77,key_8,252,false
read,52.06,key_19,280,false
write,0.59,key_11,232,false
read,52.42,key_12,240,false
write,0.54,key_3,238,false
write,0.76,key_3,239,false
read,53.91,key_5,221,false
write,0.42,key_15,209,false
write,0.43,key_9,230,false
write,0.45,key_18,225,false
read,51.00,key_12,240,false
read,51.13,key_2,231,false
read,52.71,key_17,201,false
write,0.43,key_5,222,false
read,52.48,key_7,218,true
read,52.17,key_4,218,false
read,52.36,key_10,220,false
write,0.52,key_11,233,false
write,0.50,key_16,248,false
read,51.92,key_10,220,false
read,51.28,key_2,231,false
write,0.50,key_4,219,false
write,0.47,key_2,232,false
write,0.40,key_17,202,false
read,51.52,key_6,236,false
write,0.48,key_18,226,false
read,51.76,key_8,252,false
read,52.72,key_15,209,false
read,52.26,key_14,234,false
write,0.71,key_9,231,false
write,0.64,key_13,228,false
write,0.86,key_15,210,false
write,0.55,key_16,249,false
write,0.51,key_18,227,false
write,0.54,key_17,203,false
write,0.46,key_18,228,false
read,51.01,key_10,220,false
write,0.45,key_0,207,false
read,51.84,key_5,222,false
read,50.98,key_18,228,false
write,0.47,key_6,237,false
read,53.06,key_1,225,false
write,0.40,key_8,253,false
write,0.40,key_13,229,false
read,52.57,key_16,249,false
write,0.60,key_18,229,false
read,54.61,key_19,280,false
write,0.54,key_1,226,false
read,52.01,key_13,229,false
write,0.41,key_3,240,false
write,0.40,key_14,235,false
read,53.14,key_17,203,false
read,51.02,key_18,229,false
write,0.51,key_14,236,false
write,0.89,key_0,208,false
read,54.79,key_13,229,false
read,51.71,key_19,280,false
write,0.51,key_0,209,false
write,2.12,key_2,233,false
read,51.20,key_1,226,false
write,0.45,key_18,230,false
write,0.55,key_16,250,false
write,0.86,key_8,254,false
write,1.52,key_7,220,false
read,52.48,key_10,220,false
write,0.44,key_3,241,false
read,52.19,key_2,233,false
write,0.47,key_4,220,false
write,0.44,key_5,223,false
read,52.48,key_4,219,true
write,0.34,key_17,204,false
write,0.51,key_14,237,false
read,52.05,key_10,220,false
read,51.40,key_18,230,false
write,1.82,key_17,205,false
read,53.07,key_2,232,true
write,0.41,key_4,221,false
write,0.58,key_15,211,false
read,52.50,key_17,205,false
write,0.44,key_19,281,false
write,0.57,key_12,241,false
write,0.52,key_13,230,false
read,52.59,key_8,254,false
write,0.60,key_0,210,false
read,51.56,key_1,226,false
read,52.79,key_8,254,false
write,0.54,key_5,224,false
write,0.59,key_17,206,false
write,0.56,key_12,242,false
write,0.56,key_6,238,false
write,0.54,key_5,225,false
read,52.56,key_17,206,false
write,0.39,key_3,242,false
write,0.45,key_16,251,false
write,0.34,key_6,239,false
read,51.09,key_1,226,false
write,0.34,key_14,238,false
read,52.24,key_14,238,false
write,0.35,key_15,212,false
write,0.58,key_6,240,false
read,52.19,key_15,210,true
write,0.54,key_9,232,false
write,0.36,key_17,207,false
write,0.35,key_6,241,false
read,52.85,key_13,230,false
read,51.70,key_16,251,false
read,51.08,key_3,242,false
write,0.33,key_4,222,false
write,0.68,key_5,226,false
read,52.02,key_17,207,false
write,0.55,key_8,255,false
read,51.40,key_13,230,false
write,0.52,key_13,231,false
read,52.90,key_7,220,false
read,51.47,key_12,242,false
write,0.45,key_18,231,false
read,51.51,key_13,231,false
write,0.42,key_4,223,false
write,0.37,key_2,234,false
write,0.37,key_9,233,false
read,53.09,key_5,226,false
write,0.36,key_4,224,false
read,51.29,key_18,231,false
read,51.93,key_8,254,true
write,0.39,key_17,208,false
read,51.37,key_11,233,false
write,0.39,key_0,211,false
read,54.54,key_10,220,false
read,51.81,key_7,220,false
read,53.30,key_16,251,false
read,53.87,key_15,212,false
read,52.16,key_0,211,false
read,50.99,key_4,224,false
write,1.87,key_10,221,false
read,51.79,key_1,226,false
read,51.62,key_5,226,false
write,1.82,key_9,234,false
read,53.59,key_13,231,false
read,51.83,key_7,220,false
read,51.82,key_6,241,false
read,51.92,key_1,226,false
write,2.54,key_7,221,false
write,0.43,key_5,227,false
write,0.53,key_19,282,false
write,0.83,key_11,234,false
write,0.52,key_10,222,false
write,1.56,key_9,235,false
write,1.13,key_10,223,false
read,52.56,key_3,242,false
read,51.14,key_9,234,true
write,0.80,key_1,227,false
write,0.44,key_4,225,false
write,0.39,key_0,212,false
read,52.52,key_12,242,false
write,0.35,key_7,222,false
write,0.39,key_17,209,false
write,0.35,key_18,232,false
write,0.42,key_1,228,false
read,51.87,key_5,226,true
read,52.52,key_2,234,false
read,51.63,key_3,242,false
read,55.07,key_7,220,true
write,0.44,key_12,243,false
read,55.06,key_17,209,false
read,57.14,key_15,212,false
read,57.25,key_8,255,false
read,57.33,key_7,222,false
read,58.53,key_11,234,false
read,52.37,key_17,209,false
read,52.32,key_18,232,false
write,2.37,key_11,235,false
write,2.74,key_13,232,false
write,0.48,key_4,226,false
read,53.66,key_8,255,false
write,0.38,key_7,223,false
write,0.28,key_8,256,false
read,53.08,key_10,223,false
write,0.59,key_18,233,false
write,0.55,key_16,252,false
read,54.36,key_19,282,false
write,0.42,key_19,283,false
write,0.58,key_19,284,false
read,51.19,key_13,232,false
read,52.42,key_15,212,false
read,52.39,key_14,238,false
read,52.55,key_15,212,false
write,0.66,key_19,285,false
write,1.27,key_0,213,false
read,53.77,key_6,241,false
write,1.80,key_6,242,false
write,0.66,key_3,243,false
write,0.49,key_5,228,false
read,52.30,key_8,256,false
read,52.11,key_6,241,true
read,51.81,key_8,256,false
read,51.21,key_5,228,false
read,52.81,key_8,256,false
write,0.42,key_1,229,false
read,51.73,key_3,242,true
write,0.37,key_7,224,false
write,0.37,key_13,233,false
read,51.05,key_5,228,false
read,51.94,key_4,226,false
read,52.21,key_10,223,false
read,53.02,key_3,243,false
write,0.45,key_18,234,false
write,0.48,key_12,244,false
read,52.24,key_5,228,false
read,51.32,key_17,209,false
write,0.52,key_12,245,false
write,0.34,key_16,253,false
write,0.39,key_11,236,false
read,52.00,key_18,234,false
read,52.35,key_12,245,false
read,52.52,key_13,233,false
write,0.44,key_18,235,false
write,0.37,key_6,243,false
write,0.38,key_4,227,false
write,0.34,key_2,235,false
read,51.36,key_9,235,false
write,0.52,key_14,239,false
read,51.80,key_17,209,false
read,51.36,key_6,243,false
read,51.92,key_19,285,false
write,0.33,key_0,214,false
read,53.15,key_18,235,false
read,51.03,key_11,236,false
write,0.45,key_9,236,false
read,53.83,key_10,223,false
read,53.83,key_13,233,false
write,1.76,key_19,286,false
write,0.78,key_8,257,false
write,1.21,key_11,237,false
read,53.99,key_12,245,false
read,53.34,key_13,233,false
read,51.47,key_5,228,false
read,52.22,key_16,253,false
write,0.78,key_15,213,false
read,52.58,key_14,239,false
read,52.31,key_0,214,false
write,0.50,key_17,210,false
write,0.65,key_3,244,false
read,54.16,key_13,233,false
read,53.21,key_16,253,false
write,1.12,key_8,258,false
write,0.46,key_7,225,false
read,52.33,key_1,229,false
read,51.55,key_17,210,false
write,0.57,key_12,246,false
read,51.89,key_19,286,false
write,0.44,key_0,215,false
read,51.12,key_9,236,false
read,51.58,key_12,245,true
read,53.42,key_14,239,false
read,53.12,key_13,233,false
read,51.37,key_8,258,false
write,0.46,key_1,230,false
write,0.41,key_2,236,false
read,56.67,key_11,237,false
read,54.78,key_18,235,false
write,0.41,key_16,254,false
read,51.16,key_6,243,false
read,53.31,key_15,213,false
read,52.61,key_2,235,true
write,0.49,key_3,245,false
write,0.38,key_9,237,false
write,0.32,key_10,224,false
write,0.39,key_7,226,false
read,52.92,key_14,239,false
write,0.39,key_16,255,false
read,52.36,key_0,215,false
read,51.88,key_14,239,false
read,53.06,key_8,258,false
write,0.40,key_11,238,false
read,51.56,key_11,238,false
read,52.23,key_17,210,false
read,51.19,key_13,233,false
write,0.55,key_7,227,false
write,0.60,key_5,229,false
read,51.20,key_8,258,false
read,52.94,key_5,228,true
read,52.11,key_18,235,false
write,0.45,key_5,230,false
write,0.50,key_10,225,false
read,53.41,key_13,233,false
read,53.91,key_5,230,false
read,51.76,key_16,255,false
read,51.81,key_7,227,false
write,0.48,key_12,247,false
write,0.39,key_17,211,false
write,0.45,key_5,231,false
read,51.97,key_8,258,false
read,51.77,key_2,236,false
write,0.70,key_19,287,false
read,51.72,key_14,239,false
read,51.68,key_15,213,false
write,0.83,key_18,236,false
write,0.43,key_8,259,false
read,51.28,key_16,255,false
read,54.85,key_16,255,false
read,51.71,key_7,227,false
read,52.14,key_7,227,false
read,52.20,key_10,225,false
read,54.28,key_19,287,false
read,52.70,key_10,225,false
read,51.85,key_17,211,false
read,51.10,key_8,259,false
read,52.30,key_9,237,false
write,1.08,key_4,228,false
read,51.92,key_3,245,false
write,0.47,key_11,239,false
read,53.36,key_3,245,false
write,0.56,key_5,232,false
read,52.07,key_19,287,false
write,0.58,key_15,214,false
read,54.31,key_17,211,false
write,0.49,key_15,215,false
write,0.39,key_8,260,false
write,0.63,key_5,233,false
read,54.05,key_7,227,false
write,0.59,key_12,248,false
write,0.61,key_2,237,false
write,0.56,key_3,246,false
read,51.66,key_10,225,false
read,51.77,key_1,230,false
write,0.44,key_17,212,false
read,52.26,key_12,248,false
write,0.95,key_18,237,false
read,52.33,key_5,233,false
read,53.60,key_13,233,false
write,0.58,key_13,234,false
read,52.34,key_3,246,false
write,0.74,key_5,234,false
write,5.36,key_19,288,false
write,0.58,key_12,249,false
read,51.25,key_13,234,false
write,0.59,key_16,256,false
write,0.46,key_19,289,false
read,52.19,key_4,228,false
write,0.47,key_0,216,false
read,52.39,key_16,255,true
write,0.45,key_3,247,false
write,0.77,key_8,261,false
write,0.59,key_19,290,false
write,0.38,key_4,229,false
read,54.94,key_18,237,false
read,51.09,key_0,216,false
read,51.27,key_6,243,false
write,0.52,key_8,262,false
read,52.78,key_19,290,false
read,52.75,key_6,243,false
read,54.75,key_16,256,false
read,53.84,key_19,290,false
write,0.43,key_11,240,false
read,51.96,key_5,234,false
write,0.56,key_6,244,false
read,52.63,key_1,230,false
read,51.97,key_14,239,false
write,0.59,key_0,217,false
read,54.02,key_19,290,false
write,0.59,key_15,216,false
read,51.43,key_18,237,false
write,0.83,key_2,238,false
read,51.01,key_5,234,false
write,0.61,key_3,248,false
write,0.96,key_10,226,false
write,1.55,key_5,235,false
read,52.14,key_3,248,false
read,52.20,key_5,234,true
write,0.57,key_2,239,false
write,0.59,key_13,235,false
read,51.61,key_15,216,false
write,0.48,key_8,263,false
write,0.41,key_9,238,false
read,53.80,key_19,290,false
read,51.01,key_13,235,false
write,0.50,key_1,231,false
read,52.08,key_8,263,false
write,0.50,key_11,241,false
read,52.51,key_17,212,false
read,52.32,key_2,239,false
read,52.35,key_11,241,false
write,0.44,key_5,236,false
read,51.98,key_11,241,false
write,0.44,key_10,227,false
read,52.45,key_4,229,false
write,1.16,key_4,230,false
read,52.79,key_16,256,false
read,54.23,key_13,235,false
read,50.88,key_15,216,false
read,51.81,key_2,239,false
read,51.05,key_1,231,false
write,0.51,key_2,240,false
read,52.29,key_10,226,true
read,52.30,key_3,248,false
write,0.45,key_13,236,false
write,0.75,key_15,217,false
read,51.47,key_17,212,false
read,51.26,key_2,240,false
read,52.47,key_1,231,false
read,51.53,key_5,236,false
write,0.63,key_5,237,false
write,0.82,key_7,228,false
write,1.18,key_5,238,false
write,0.47,key_15,218,false
write,0.59,key_18,238,false
write,0.47,key_11,242,false
write,0.44,key_13,237,false
read,51.00,key_7,228,false
write,0.37,key_15,219,false
read,51.99,key_13,237,false
read,52.68,key_0,217,false
write,0.48,key_19,291,false
read,52.59,key_8,263,false
write,0.46,key_6,245,false
read,52.16,key_15,219,false
read,52.54,key_10,227,false
read,51.98,key_17,212,false
read,52.61,key_2,240,false
read,52.38,key_10,227,false
read,51.98,key_6,245,false
write,0.53,key_15,220,false
read,54.53,key_18,238,false
read,51.26,key_14,239,false
write,2.14,key_0,218,false
write,0.55,key_8,264,false
write,0.46,key_11,243,false
read,52.67,key_7,228,false
read,53.65,key_9,238,false
read,52.32,key_19,291,false
read,52.31,key_10,227,false
write,2.35,key_12,250,false
write,0.89,key_6,246,false
read,52.58,key_13,237,false
read,52.63,key_1,231,false
read,51.67,key_13,237,false
write,0.49,key_5,239,false
write,1.05,key_13,238,false
write,1.88,key_0,219,false
write,1.44,key_4,231,false
write,0.53,key_13,239,false
read,52.40,key_1,231,false
write,0.57,key_15,221,false
write,0.40,key_9,239,false
read,52.47,key_6,245,true
write,0.43,key_17,213,false
write,0.34,key_1,232,false
write,0.35,key_12,251,false
read,52.84,key_13,237,true
read,51.01,key_13,239,false
read,53.57,key_11,243,false
read,54.45,key_11,243,false
read,51.35,key_18,238,false
write,0.48,key_2,241,false
write,0.41,key_4,232,false
write,0.65,key_0,220,false
read,53.43,key_16,256,false
write,0.61,key_13,240,false
read,50.89,key_2,241,false
read,51.96,key_5,239,false
read,52.03,key_18,238,false
write,0.78,key_1,233,false
write,1.24,key_12,252,false
write,0.92,key_16,257,false
write,1.82,key_14,240,false
write,0.71,key_6,247,false
write,0.74,key_13,241,false
write,0.89,key_9,240,false
write,1.22,key_0,221,false
read,52.81,key_12,251,true
read,52.62,key_14,240,false
write,1.21,key_13,242,false
write,0.90,key_11,244,false
read,52.75,key_18,238,false
read,51.21,key_4,232,false
read,51.07,key_2,241,false
read,51.26,key_14,240,false
write,0.44,key_16,258,false
write,0.32,key_7,229,false
read,55.66,key_13,242,false
read,55.74,key_7,229,false
write,0.33,key_16,259,false
write,0.85,key_3,249,false
read,53.61,key_14,240,false
write,0.35,key_2,242,false
write,0.40,key_11,245,false
read,53.44,key_19,291,false
read,56.67,key_11,245,false
write,0.36,key_7,230,false
write,0.37,key_14,241,false
write,0.40,key_14,242,false
write,0.59,key_18,239,false
write,0.43,key_4,233,false
write,0.37,key_2,243,false
write,0.37,key_8,265,false
write,0.34,key_0,222,false
read,53.73,key_17,213,false
write,0.37,key_18,240,false
write,0.35,key_0,223,false
read,51.06,key_19,291,false
write,0.37,key_3,250,false
write,0.37,key_13,243,false
read,51.78,key_12,252,false
write,0.40,key_13,244,false
read,53.21,key_12,252,false
write,0.45,key_2,244,false
read,51.21,key_3,250,false
write,0.45,key_9,241,false
read,51.68,key_19,291,false
read,51.83,key_6,247,false
read,51.22,key_3,250,false
write,0.37,key_0,224,false
read,53.95,key_19,291,false
write,0.46,key_13,245,false
write,0.34,key_16,260,false
read,51.83,key_3,250,false
read,51.51,key_17,213,false
write,0.54,key_14,243,false
write,0.36,key_18,241,false
read,54.37,key_4,233,false
read,53.59,key_1,233,false
read,51.24,key_8,265,false
read,52.46,key_16,260,false
read,53.02,key_13,245,false
read,52.38,key_15,221,false
write,0.55,key_16,261,false
write,0.92,key_12,253,false
write,0.77,key_15,222,false
read,52.84,key_1,233,false
write,0.95,key_0,225,false
write,0.62,key_12,254,false
write,0.47,key_15,223,false
read,52.30,key_11,245,false
write,0.47,key_14,244,false
read,52.42,key_14,242,true
write,0.41,key_8,266,false
write,0.36,key_6,248,false
write,0.37,key_18,242,false
write,0.48,key_10,228,false
write,0.40,key_18,243,false
write,0.36,key_5,240,false
read,50.82,key_13,245,false
write,0.46,key_11,246,false
read,51.83,key_17,213,false
read,51.32,key_11,246,false
read,51.39,key_13,245,false
read,52.30,key_0,225,false
write,0.46,key_1,234,false
read,51.26,key_2,244,false
read,51.73,key_4,233,false
write,0.63,key_13,246,false
write,0.72,key_10,229,false
read,52.97,key_13,246,false
write,0.38,key_7,231,false
write,0.42,key_19,292,false
read,52.71,key_16,261,false
read,53.03,key_19,292,false
write,1.67,key_7,232,false
write,0.42,key_15,224,false
read,53.65,key_9,241,false
write,1.66,key_3,251,false
read,52.80,key_18,243,false
read,52.45,key_11,246,false
read,52.56,key_13,246,false
read,52.04,key_6,248,false
write,0.42,key_10,230,false
write,0.45,key_6,249,false
write,0.52,key_14,245,false
read,51.94,key_5,240,false
write,0.47,key_2,245,false
write,0.59,key_5,241,false
read,52.52,key_2,245,false
write,0.46,key_3,252,false
write,0.54,key_5,242,false
write,0.40,key_7,233,false
write,0.38,key_4,234,false
write,0.38,key_10,231,false
write,0.34,key_17,214,false
read,52.43,key_13,246,false
write,0.39,key_2,246,false
read,52.77,key_13,246,false
read,53.32,key_7,232,true
read,52.60,key_0,225,false
read,51.51,key_16,261,false
read,51.20,key_18,243,false
read,51.78,key_0,225,false
read,52.37,key_13,246,false
write,0.41,key_16,262,false
write,0.84,key_15,225,false
write,1.05,key_7,234,false
write,1.07,key_19,293,false
write,0.80,key_7,235,false
write,0.47,key_11,247,false
read,52.58,key_5,242,false
read,52.61,key_16,262,false
write,0.46,key_17,215,false
read,53.73,key_3,252,false
write,2.14,key_11,248,false
read,51.95,key_7,235,false
read,51.36,key_4,234,false
read,53.83,key_12,254,false
write,0.53,key_4,235,false
write,1.11,key_1,235,false
write,0.54,key_12,255,false
read,53.48,key_8,266,false
read,52.86,key_6,249,false
write,0.64,key_6,250,false
write,0.53,key_11,249,false
write,0.48,key_12,256,false
read,51.16,key_7,235,false
write,0.47,key_18,244,false
write,0.47,key_12,257,false
read,51.21,key_9,241,false
read,52.47,key_19,293,false
read,53.15,key_2,246,false
read,51.94,key_12,257,false
read,51.27,key_9,241,false
write,0.46,key_19,294,false
read,52.46,key_2,246,false
read,51.41,key_15,225,false
read,52.92,key_17,215,false
write,0.42,key_1,236,false
read,51.44,key_3,252,false
read,51.70,key_13,246,false
read,51.46,key_4,235,false
write,0.48,key_7,236,false
write,0.98,key_12,258,false
read,51.80,key_7,235,true
read,52.51,key_17,215,false
write,0.50,key_6,251,false
read,52.44,key_16,262,false
read,52.93,key_6,250,true
write,0.45,key_17,216,false
write,0.41,key_14,246,false
read,52.14,key_15,225,false
read,52.27,key_19,294,false
write,0.50,key_2,247,false
write,0.48,key_6,252,false
write,0.52,key_7,237,false
read,51.80,key_19,294,false
read,53.62,key_11,249,false
read,52.14,key_14,246,false
write,0.55,key_4,236,false
read,52.57,key_7,237,false
write,0.64,key_12,259,false
write,0.58,key_14,247,false
read,52.02,key_19,294,false
write,0.68,key_1,237,false
read,51.92,key_12,259,false
read,51.94,key_2,247,false
read,51.80,key_1,237,false
write,0.70,key_1,238,false
read,52.73,key_10,231,false
write,0.42,key_7,238,false
read,51.90,key_1,238,false
write,0.55,key_0,226,false
write,0.67,key_7,239,false
write,0.43,key_4,237,false
read,52.78,key_4,237,false
write,0.47,key_12,260,false
read,51.22,key_7,239,false
read,53.07,key_6,252,false
read,52.45,key_12,260,false
write,0.63,key_5,243,false
read,50.99,key_2,247,false
read,51.58,key_5,243,false
read,52.40,key_3,252,false
read,53.86,key_18,244,false
write,0.58,key_9,242,false
write,1.11,key_16,263,false
write,0.46,key_10,232,false
write,1.36,key_10,233,false
write,0.70,key_17,217,false
write,0.62,key_10,234,false
write,0.43,key_16,264,false
write,0.39,key_14,248,false
read,52.07,key_7,239,false
read,51.45,key_17,217,false
write,0.47,key_7,240,false
read,52.47,key_15,225,false
read,52.80,key_0,226,false
write,0.60,key_14,249,false
write,0.45,key_16,265,false
write,0.47,key_18,245,false
read,54.21,key_1,238,false
read,54.56,key_12,260,false
write,0.38,key_16,266,false
read,52.80,key_8,266,false
read,52.81,key_9,241,true
write,0.40,key_12,261,false
write,0.48,key_9,243,false
write,0.48,key_6,253,false
write,0.41,key_5,244,false
write,0.41,key_10,235,false
read,52.09,key_6,253,false
read,51.86,key_8,266,false
write,0.55,key_1,239,false
read,52.09,key_16,266,false
read,51.67,key_12,261,false
write,0.42,key_11,250,false
write,0.47,key_2,248,false
write,0.42,key_9,244,false
read,53.01,key_0,226,false
read,51.18,key_14,249,false
read,51.77,key_2,248,false
write,0.70,key_4,238,false
write,0.70,key_17,218,false
write,0.43,key_1,240,false
read,52.41,key_1,239,true
write,0.64,key_0,227,false
write,0.93,key_11,251,false
write,1.10,key_17,219,false
write,0.92,key_15,226,false
read,52.57,key_15,226,false
read,51.51,key_10,235,false
write,0.62,key_7,241,false
write,0.54,key_16,267,false
read,52.61,key_16,267,false
read,54.32,key_9,244,false
write,0.67,key_13,247,false
read,51.77,key_0,227,false
write,0.54,key_17,220,false
read,51.09,key_7,241,false
read,53.10,key_18,245,false
read,52.31,key_10,235,false
write,0.53,key_15,227,false
write,0.49,key_0,228,false
read,52.09,key_0,227,true
write,0.52,key_12,262,false
read,52.30,key_11,251,false
read,51.73,key_9,244,false
read,52.88,key_14,249,false
write,0.67,key_9,245,false
write,0.58,key_18,246,false
read,54.70,key_3,252,false
read,52.37,key_11,251,false
read,51.79,key_19,294,false
write,0.74,key_19,295,false
write,1.09,key_2,249,false
write,0.59,key_18,247,false
write,2.06,key_18,248,false
read,53.52,key_16,267,false
read,52.63,key_3,252,false
read,52.86,key_15,227,false
read,51.91,key_3,252,false
write,0.67,key_0,229,false
read,52.56,key_1,240,false
read,52.07,key_7,241,false
read,53.09,key_11,251,false
read,52.43,key_13,247,false
read,51.95,key_11,251,false
read,51.49,key_3,252,false
read,51.87,key_2,249,false
write,1.38,key_12,263,false
write,0.42,key_8,267,false
write,1.14,key_8,268,false
write,0.44,key_7,242,false
write,0.39,key_3,253,false
read,54.02,key_18,248,false
read,52.63,key_9,245,false
write,0.50,key_2,250,false
write,0.52,key_8,269,false
write,0.48,key_11,252,false
read,52.60,key_8,268,true
write,0.48,key_16,268,false
write,0.61,key_7,243,false
read,54.62,key_2,250,false
write,0.65,key_18,249,false
write,0.48,key_1,241,false
write,0.50,key_11,253,false
write,0.51,key_12,264,false
write,0.45,key_6,254,false
write,0.44,key_4,239,false
write,0.40,key_15,228,false
read,52.05,key_5,244,false
write,0.33,key_16,269,false
read,52.34,key_19,295,false
read,52.50,key_8,269,false
write,0.56,key_6,255,false
read,52.30,key_14,249,false
write,0.46,key_8,270,false
read,51.01,key_12,264,false
write,0.65,key_7,244,false
read,51.72,key_6,255,false
write,0.49,key_17,221,false
read,53.00,key_12,263,true
read,52.56,key_9,245,false
read,51.79,key_1,241,false
write,0.45,key_14,250,false
write,0.63,key_7,245,false
read,51.82,key_16,269,false
write,0.55,key_18,250,false
read,51.60,key_1,241,false
read,54.71,key_3,253,false
write,0.43,key_17,222,false
read,52.00,key_16,269,false
write,0.49,key_18,251,false
read,51.22,key_0,229,false
write,0.49,key_14,251,false
read,53.23,key_9,245,false
write,0.54,key_10,236,false
write,0.57,key_18,252,false
read,51.81,key_17,222,false
write,0.50,key_9,246,false
write,0.57,key_16,270,false
write,0.63,key_2,251,false
read,51.03,key_5,244,false
read,52.75,key_7,245,false
write,0.62,key_3,254,false
read,51.97,key_4,239,false
read,52.58,key_6,255,false
write,0.54,key_12,265,false
write,1.10,key_17,223,false
read,51.22,key_0,229,false
write,0.57,key_1,242,false
write,1.82,key_8,271,false
write,1.26,key_18,253,false
write,0.80,key_6,256,false
read,53.57,key_12,264,true
read,52.97,key_18,253,false
read,51.82,key_7,245,false
read,52.19,key_1,242,false
read,51.72,key_14,251,false
write,0.99,key_5,245,false
write,1.35,key_14,252,false
write,0.71,key_15,229,false
write,0.52,key_12,266,false
read,54.92,key_2,251,false
write,0.46,key_4,240,false
write,0.46,key_19,296,false
write,0.35,key_16,271,false
write,0.46,key_13,248,false
write,0.39,key_5,246,false
write,0.39,key_10,237,false
read,52.07,key_13,248,false
write,0.46,key_5,247,false
write,0.45,key_0,230,false
write,0.46,key_16,272,false
read,53.29,key_8,271,false
read,54.25,key_1,242,false
read,52.59,key_7,245,false
write,0.51,key_14,253,false
read,51.85,key_9,246,false
read,51.47,key_1,242,false
read,52.08,key_9,246,false
write,0.69,key_15,230,false
write,0.35,key_4,241,false
read,52.67,key_15,229,true
write,0.56,key_11,254,false
read,51.16,key_7,245,false
write,0.58,key_15,231,false
read,52.47,key_9,246,false
read,51.53,key_5,247,false
read,53.63,key_3,254,false
read,52.18,key_5,247,false
read,51.65,key_18,253,false
write,0.51,key_9,247,false
write,0.40,key_12,267,false
write,0.50,key_11,255,false
read,51.88,key_19,296,false
read,51.81,key_7,245,false
read,53.88,key_19,296,false
read,52.48,key_3,254,false
write,1.49,key_19,297,false
read,53.54,key_17,223,false
write,2.16,key_19,298,false
write,0.53,key_10,238,false
write,0.61,key_4,242,false
write,0.49,key_18,254,false
write,0.83,key_15,232,false
read,52.89,key_10,238,false
write,0.57,key_1,243,false
read,52.32,key_2,251,false
write,1.10,key_17,224,false
write,0.89,key_4,243,false
write,0.53,key_10,239,false
read,52.77,key_5,247,false
read,52.71,key_15,232,false
write,0.54,key_11,256,false
write,0.73,key_0,231,false
write,0.54,key_1,244,false
write,0.78,key_15,233,false
read,52.12,key_16,272,false
read,51.14,key_10,239,false
write,0.66,key_17,225,false
write,0.75,key_7,246,false
write,0.50,key_4,244,false
read,52.44,key_4,244,false
write,1.22,key_10,240,false
read,53.30,key_7,246,false
read,52.16,key_18,254,false
write,0.81,key_19,299,false
write,0.75,key_2,252,false
read,51.55,key_9,247,false
write,0.63,key_18,255,false
write,0.59,key_10,241,false
write,0.78,key_1,245,false
read,55.07,key_11,256,false
write,0.46,key_18,256,false
write,0.43,key_11,257,false
write,0.38,key_12,268,false
write,0.35,key_2,253,false
write,0.53,key_1,246,false
read,52.63,key_13,248,false
read,51.44,key_5,247,false
write,0.54,key_10,242,false
read,51.25,key_6,256,false
read,51.55,key_17,225,false
write,0.48,key_16,273,false
read,51.65,key_9,247,false
write,3.05,key_17,226,false
read,51.75,key_6,256,false
read,51.65,key_8,271,false
write,0.47,key_11,258,false
write,0.51,key_19,300,false
read,54.48,key_10,242,false
read,55.11,key_3,254,false
read,51.16,key_18,256,false
read,51.31,key_1,246,false
read,52.24,key_5,247,false
read,51.84,key_7,246,false
write,0.51,key_17,227,false
write,0.81,key_9,248,false
read,55.31,key_4,244,false
read,51.92,key_15,233,false
write,0.43,key_18,257,false
write,0.37,key_1,247,false
write,0.37,key_0,232,false
write,0.33,key_15,234,false
write,0.33,key_19,301,false
write,0.29,key_4,245,false
read,51.18,key_13,248,false
read,52.04,key_5,247,false
read,54.45,key_0,232,false
read,55.01,key_5,247,false
write,2.04,key_16,274,false
read,54.92,key_4,245,false
write,1.68,key_1,248,false
write,0.35,key_19,302,false
read,51.42,key_2,253,false
read,51.32,key_8,271,false
read,52.06,key_8,271,false
read,52.28,key_15,233,true
write,0.55,key_15,235,false
read,53.34,key_11,258,false
write,0.45,key_2,254,false
read,51.84,key_4,245,false
read,51.10,key_18,257,false
read,51.81,key_17,227,false
read,52.64,key_19,301,true
write,0.45,key_4,246,false
read,52.84,key_4,245,true
read,52.37,key_1,248,false
read,51.90,key_4,246,false
read,53.48,key_10,242,false
write,1.73,key_0,233,false
read,53.21,key_6,256,false
write,0.45,key_13,249,false
read,51.76,key_18,257,false
read,51.99,key_13,249,false
read,51.94,key_6,256,false
write,1.62,key_9,249,false
read,51.91,key_16,274,false
read,52.81,key_16,274,false
write,1.80,key_15,236,false
write,0.57,key_11,259,false
read,51.82,key_6,256,false
read,53.90,key_0,233,false
write,0.46,key_12,269,false
read,52.78,key_4,246,false
write,0.51,key_14,254,false
write,0.68,key_9,250,false
read,52.25,key_6,256,false
write,0.42,key_5,248,false
write,0.46,key_18,258,false
read,54.36,key_0,233,false
read,53.14,key_18,257,true
write,0.50,key_8,272,false
read,53.35,key_8,271,true
write,0.47,key_17,228,false
write,0.46,key_10,243,false
read,51.32,key_5,248,false
write,0.39,key_4,247,false
read,54.17,key_10,242,true
read,53.21,key_6,256,false
read,52.00,key_0,233,false
read,52.93,key_1,248,false
read,51.05,key_10,243,false
read,51.12,key_8,272,false
write,0.58,key_13,250,false
read,51.38,key_11,259,false
write,0.51,key_11,260,false
read,51.99,key_16,274,false
read,53.83,key_12,269,false
write,0.40,key_5,249,false
read,53.49,key_15,236,false
write,0.56,key_15,237,false
read,51.98,key_13,250,false
write,0.48,key_15,238,false
read,51.26,key_19,302,false
write,1.76,key_6,257,false
read,53.03,key_0,233,false
read,52.67,key_11,260,false
read,52.82,key_12,269,false
read,53.14,key_18,258,false
write,2.20,key_18,259,false
read,50.89,key_17,228,false
read,51.17,key_9,250,false
read,52.43,key_6,257,false
write,0.55,key_2,255,false
read,53.53,key_9,250,false
write,0.53,key_7,247,false
write,0.88,key_5,250,false
read,53.80,key_0,233,false
write,0.41,key_3,255,false
read,53.01,key_4,247,false
write,0.38,key_11,261,false
read,53.07,key_17,228,false
write,0.58,key_15,239,false
read,52.29,key_12,269,false
write,0.59,key_4,248,false
read,52.51,key_10,243,false
write,0.73,key_3,256,false
read,51.60,key_1,248,false
write,0.49,key_0,234,false
write,0.44,key_2,256,false
write,0.79,key_6,258,false
read,51.88,key_1,248,false
read,51.89,key_16,274,false
read,52.47,key_2,256,false
read,53.54,key_14,254,false
read,52.23,key_1,248,false
write,2.07,key_0,235,false
write,0.53,key_15,240,false
read,51.53,key_15,238,true
write,0.37,key_14,255,false
read,53.12,key_8,272,false
write,0.42,key_16,275,false
write,0.50,key_17,229,false
write,0.34,key_6,259,false
write,0.46,key_14,256,false
write,0.43,key_7,248,false
read,51.17,key_2,256,false
read,51.08,key_0,235,false
read,51.10,key_6,259,false
write,0.40,key_12,270,false
write,0.39,key_7,249,false
write,0.36,key_8,273,false
write,0.46,key_16,276,false
read,50.91,key_12,270,false
write,0.41,key_16,277,false
read,51.63,key_18,259,false
read,54.68,key_12,270,false
write,0.40,key_2,257,false
read,54.98,key_2,256,true
write,0.80,key_6,260,false
read,51.47,key_8,273,false
read,54.44,key_3,256,false
read,51.61,key_17,229,false
write,0.45,key_13,251,false
write,0.41,key_4,249,false
write,0.35,key_9,251,false
write,0.40,key_3,257,false
write,0.37,key_2,258,false
write,0.35,key_12,271,false
read,51.17,key_7,249,false
read,50.95,key_16,277,false
write,0.39,key_7,250,false
write,0.39,key_17,230,false
write,0.39,key_7,251,false
write,0.35,key_4,250,false
read,51.36,key_19,302,false
write,0.34,key_10,244,false
read,51.16,key_9,251,false
read,50.96,key_4,250,false
read,53.98,key_7,251,false
read,51.12,key_15,240,false
write,0.44,key_10,245,false
write,0.47,key_19,303,false
write,0.42,key_18,260,false
read,53.42,key_11,261,false
read,52.84,key_12,271,false
write,1.78,key_5,251,false
write,0.34,key_15,241,false
read,52.59,key_13,251,false
write,0.38,key_12,272,false
read,51.82,key_11,261,false
read,53.60,key_6,260,false
read,52.77,key_0,235,false
read,51.87,key_19,303,false
write,2.20,key_7,252,false
write,2.36,key_15,242,false
write,2.65,key_17,231,false
write,0.75,key_8,274,false
read,53.87,key_12,272,false
write,0.58,key_5,252,false
write,0.70,key_4,251,false
write,0.61,key_18,261,false
read,52.78,key_4,251,false
read,52.03,key_7,251,true
read,53.40,key_3,257,false
write,0.68,key_18,262,false
write,0.58,key_12,273,false
write,0.65,key_5,253,false
read,51.29,key_17,231,false
write,0.54,key_12,274,false
read,52.61,key_2,258,false
read,51.20,key_4,251,false
read,51.61,key_18,262,false
read,53.27,key_6,260,false
read,52.93,key_4,251,false
read,54.51,key_1,248,false
write,0.64,key_9,252,false
write,0.43,key_6,261,false
read,51.88,key_9,252,false
read,52.04,key_19,303,false
read,52.11,key_11,261,false
write,0.43,key_8,275,false
write,1.18,key_12,275,false
write,1.53,key_8,276,false
read,54.55,key_17,231,false
read,51.30,key_12,274,true
write,0.65,key_18,263,false
write,0.47,key_11,262,false
write,0.45,key_9,253,false
write,0.35,key_18,264,false
read,52.53,key_9,252,true
read,51.94,key_12,275,false
write,0.49,key_14,257,false
read,51.57,key_19,303,false
read,52.15,key_17,231,false
read,53.84,key_2,258,false
read,52.63,key_11,262,false
read,52.59,key_14,257,false
write,0.62,key_11,263,false
read,55.14,key_16,277,false
write,0.68,key_10,246,false
write,0.49,key_2,259,false
read,54.17,key_8,276,false
read,54.25,key_11,263,false
read,54.72,key_12,275,false
write,0.68,key_10,247,false
write,1.01,key_14,258,false
read,51.85,key_0,235,false
read,52.95,key_6,261,false
write,0.42,key_16,278,false
read,52.41,key_3,257,false
read,51.63,key_12,275,false
write,0.65,key_10,248,false
write,0.45,key_1,249,false
write,0.68,key_0,236,false
write,0.49,key_11,264,false
write,0.42,key_7,253,false
write,0.64,key_12,276,false
read,52.64,key_9,253,false
read,51.86,key_16,278,false
write,0.56,key_0,237,false
read,52.63,key_17,231,false
read,51.50,key_0,237,false
write,0.50,key_4,252,false
write,0.45,key_15,243,false
read,53.83,key_14,258,false
write,0.56,key_11,265,false
read,53.75,key_13,251,false
write,0.47,key_13,252,false
write,0.48,key_18,265,false
read,52.83,key_10,248,false
read,52.79,key_4,252,false
read,54.22,key_7,253,false
read,54.81,key_4,252,false
write,0.46,key_18,266,false
write,0.37,key_6,262,false
write,0.63,key_2,260,false
read,51.75,key_6,262,false
write,0.45,key_0,238,false
write,0.67,key_0,239,false
read,52.45,key_1,249,false
read,51.30,key_8,276,false
write,0.71,key_15,244,false
write,0.90,key_6,263,false
write,0.89,key_10,249,false
write,1.01,key_18,267,false
read,52.56,key_15,244,false
write,0.43,key_11,266,false
read,52.40,key_9,253,false
write,0.49,key_5,254,false
read,51.61,key_19,303,false
write,0.56,key_13,253,false
read,51.45,key_3,257,false
read,52.41,key_14,258,false
write,0.50,key_2,261,false
read,52.98,key_13,252,true
write,0.44,key_17,232,false
read,55.20,key_12,276,false
read,51.06,key_10,249,false
read,52.16,key_6,263,false
read,51.86,key_15,244,false
read,52.77,key_11,266,false
write,0.70,key_14,259,false
read,52.55,key_4,252,false
write,0.57,key_10,250,false
read,52.16,key_10,250,false
read,52.18,key_6,263,false
write,0.63,key_4,253,false
write,1.03,key_8,277,false
write,0.84,key_6,264,false
read,54.26,key_5,254,false
read,52.66,key_11,266,false
read,51.58,key_9,253,false
write,0.55,key_15,245,false
write,0.58,key_10,251,false
write,0.57,key_17,233,false
read,51.98,key_17,233,false
read,52.90,key_7,253,false
read,53.17,key_10,251,false
write,0.81,key_0,240,false
read,51.50,key_12,276,false
read,53.52,key_1,249,false
read,53.37,key_12,276,false
write,1.58,key_8,278,false
read,53.46,key_8,277,true
write,2.53,key_18,268,false
write,2.72,key_5,255,false
write,2.69,key_1,250,false
write,3.62,key_8,279,false
write,0.93,key_5,256,false
write,0.52,key_9,254,false
write,0.45,key_4,254,false
write,0.59,key_3,258,false
read,52.02,key_12,276,false
write,0.48,key_2,262,false
read,52.60,key_18,268,false
read,52.07,key_16,278,false
write,0.69,key_13,254,false
write,0.55,key_14,260,false
read,53.86,key_19,303,false
read,51.47,key_5,256,false
read,52.32,key_10,251,false
write,2.00,key_18,269,false
write,0.40,key_15,246,false
write,0.47,key_6,265,false
read,51.81,key_10,251,false
write,2.24,key_10,252,false
write,0.65,key_11,267,false
write,0.48,key_19,304,false
write,0.53,key_8,280,false
read,53.11,key_0,240,false
write,0.76,key_17,234,false
read,52.93,key_12,276,false
write,0.47,key_15,247,false
write,0.75,key_2,263,false
read,51.68,key_3,258,false
read,52.04,key_9,254,false
write,1.46,key_3,259,false
read,54.01,key_13,254,false
read,53.99,key_14,260,false
write,1.95,key_8,281,false
read,54.51,key_6,265,false
read,53.06,key_13,254,false
write,0.60,key_1,251,false
read,51.99,key_11,266,true
read,53.30,key_0,240,false
read,52.73,key_19,304,false
write,0.50,key_9,255,false
read,52.73,key_8,281,false
write,0.48,key_8,282,false
read,54.41,key_8,282,false
read,54.58,key_3,259,false
write,0.97,key_17,235,false
read,52.99,key_7,253,false
read,59.65,key_15,247,false
read,52.01,key_8,282,false
write,0.49,key_14,261,false
read,51.17,key_2,263,false
write,0.55,key_8,283,false
read,53.39,key_0,240,false
read,52.58,key_0,240,false
read,51.46,key_14,261,false
write,0.56,key_9,256,false
read,51.67,key_14,260,true
read,51.89,key_19,304,false
read,51.78,key_5,256,false
write,0.36,key_6,266,false
read,54.21,key_4,254,false
write,0.47,key_17,236,false
read,55.43,key_0,240,false
read,54.24,key_16,278,false
read,54.04,key_12,276,false
read,53.63,key_5,256,false
write,3.04,key_12,277,false
write,1.00,key_10,253,false
write,1.07,key_1,252,false
write,1.64,key_1,253,false
write,0.88,key_14,262,false
write,0.41,key_17,237,false
read,52.03,key_17,237,false
read,51.02,key_9,256,false
read,51.72,key_5,256,false
write,0.58,key_15,248,false
write,0.31,key_3,260,false
write,0.36,key_0,241,false
read,54.19,key_6,266,false
read,53.40,key_7,253,false
read,58.50,key_11,267,false
read,55.63,key_18,269,false
write,0.52,key_4,255,false
read,53.01,key_8,283,false
write,0.33,key_16,279,false
write,0.36,key_9,257,false
write,0.40,key_13,255,false
write,0.28,key_6,267,false
write,0.32,key_17,238,false
write,0.36,key_19,305,false
read,51.71,key_6,267,false
read,52.49,key_13,254,true
write,0.36,key_16,280,false
write,0.34,key_8,284,false
write,0.31,key_13,256,false
write,0.27,key_6,268,false
read,52.61,key_16,280,false
read,51.84,key_5,256,false
read,51.45,key_16,278,true
read,51.73,key_8,284,false
read,53.35,key_14,262,false
write,0.49,key_9,258,false
write,0.34,key_18,270,false
write,0.31,key_18,271,false
write,0.31,key_0,242,false
read,52.17,key_15,248,false
read,52.70,key_17,237,true
write,0.46,key_12,278,false
write,0.46,key_5,257,false
read,52.43,key_2,263,false
write,0.45,key_3,261,false
write,0.31,key_12,279,false
write,0.30,key_17,239,false
read,52.95,key_17,238,true
read,52.49,key_19,305,false
write,0.33,key_5,258,false
read,51.30,key_15,248,false
write,0.33,key_8,285,false
read,51.88,key_18,271,false
read,53.18,key_18,271,false
write,0.59,key_11,268,false
write,0.44,key_12,280,false
read,53.91,key_19,305,false
write,0.37,key_15,249,false
write,0.34,key_17,240,false
read,52.14,key_5,258,false
write,0.34,key_1,254,false
write,0.42,key_7,254,false
read,51.53,key_1,254,false
write,0.40,key_5,259,false
write,0.31,key_6,269,false
read,52.97,key_5,259,false
write,0.39,key_19,306,false
read,52.68,key_6,269,false
read,52.49,key_4,255,false
write,0.39,key_12,281,false
read,52.53,key_17,240,false
write,0.45,key_15,250,false
read,51.36,key_9,258,false
read,52.40,key_5,259,false
read,51.70,key_3,261,false
write,0.46,key_10,254,false
write,0.47,key_5,260,false
read,53.34,key_11,268,false
write,0.31,key_11,269,false
read,52.70,key_13,256,false
read,51.62,key_0,242,false
read,52.14,key_19,306,false
write,1.75,key_2,264,false
write,0.55,key_4,256,false
write,0.78,key_0,243,false
read,51.70,key_17,240,false
write,0.69,key_15,251,false
read,52.32,key_8,285,false
write,0.38,key_12,282,false
write,0.39,key_8,286,false
read,52.81,key_15,251,false
read,51.27,key_9,258,false
write,0.63,key_1,255,false
read,52.71,key_7,254,false
read,52.73,key_4,256,false
read,51.62,key_0,242,true
read,52.55,key_10,254,false
write,0.54,key_4,257,false
write,0.43,key_3,262,false
read,51.39,key_15,251,false
read,52.17,key_18,271,false
write,0.49,key_15,252,false
write,0.46,key_7,255,false
write,0.43,key_9,259,false
write,0.41,key_19,307,false
write,0.50,key_5,261,false
read,52.09,key_4,257,false
read,52.64,key_4,257,false
write,0.75,key_1,256,false
write,0.47,key_18,272,false
read,52.32,key_0,243,false
read,51.77,key_15,251,true
write,0.37,key_4,258,false
write,0.51,key_7,256,false
write,0.41,key_8,287,false
write,0.38,key_7,257,false
write,0.51,key_2,265,false
write,0.49,key_5,262,false
write,0.41,key_17,241,false
write,0.43,key_14,263,false
read,51.47,key_4,258,false
read,51.48,key_16,280,false
write,0.59,key_13,257,false
read,51.13,key_3,262,false
read,56.84,key_12,282,false
read,51.40,key_11,269,false
read,51.40,key_19,307,false
write,0.51,key_10,255,false
read,53.14,key_14,262,true
write,0.45,key_3,263,false
write,0.38,key_19,308,false
write,0.39,key_11,270,false
write,0.56,key_2,266,false
read,52.50,key_16,280,false
read,53.81,key_8,287,false
read,53.90,key_11,270,false
write,0.43,key_13,258,false
write,0.55,key_2,267,false
write,0.32,key_18,273,false
write,0.37,key_10,256,false
read,52.72,key_1,256,false
read,53.56,key_14,263,false
write,0.66,key_15,253,false
read,51.06,key_4,258,false
read,54.07,key_18,273,false
read,51.39,key_5,262,false
read,52.27,key_18,273,false
write,1.02,key_2,268,false
read,51.29,key_5,262,false
write,0.55,key_16,281,false
read,54.31,key_2,268,false
write,0.56,key_2,269,false
read,51.37,key_11,270,false
write,0.51,key_9,260,false
read,53.66,key_4,258,false
read,52.05,key_11,270,false
read,52.36,key_9,260,false
write,0.40,key_12,283,false
write,0.45,key_9,261,false
read,52.08,key_7,257,false
read,51.97,key_2,269,false
read,53.59,key_19,308,false
read,51.20,key_8,287,false
write,2.55,key_10,257,false
read,52.29,key_3,263,false
read,52.01,key_14,263,false
write,0.45,key_0,244,false
write,0.40,key_5,263,false
write,0.37,key_11,271,false
write,0.38,key_3,264,false
write,0.41,key_2,270,false
write,0.38,key_3,265,false
write,0.49,key_16,282,false
read,51.37,key_9,261,false
write,0.48,key_1,257,false
write,0.45,key_19,309,false
write,0.37,key_10,258,false
write,0.41,key_3,266,false
read,53.18,key_16,281,true
read,51.57,key_4,258,false
read,52.42,key_12,283,false
write,0.67,key_16,283,false
read,52.91,key_18,273,false
read,52.58,key_16,283,false
write,0.67,key_13,259,false
read,51.05,key_14,263,false
read,53.29,key_5,262,true
write,0.44,key_2,271,false
write,0.45,key_10,259,false
write,0.65,key_14,264,false
read,52.31,key_19,309,false
read,52.22,key_18,273,false
read,52.41,key_17,241,false
write,0.54,key_2,272,false
read,52.18,key_0,244,false
write,0.42,key_4,259,false
write,0.53,key_6,270,false
write,0.87,key_8,288,false
write,1.30,key_3,267,false
write,0.61,key_10,260,false
write,0.46,key_17,242,false
read,51.32,key_11,271,false
read,51.84,key_8,288,false
write,0.45,key_13,260,false
read,51.85,key_18,273,false
read,51.29,key_1,257,false
read,51.52,key_10,259,true
write,0.57,key_9,262,false
write,0.36,key_6,271,false
write,0.34,key_1,258,false
write,0.46,key_2,273,false
write,0.63,key_5,264,false
write,0.40,key_4,260,false
read,52.68,key_12,283,false
write,0.42,key_15,254,false
read,53.40,key_13,259,true
write,0.41,key_15,255,false
write,0.43,key_12,284,false
read,52.60,key_18,273,false
read,52.83,key_3,267,false
write,0.40,key_10,261,false
read,51.93,key_17,242,false
read,51.99,key_5,264,false
read,53.77,key_10,261,false
read,51.15,key_1,258,false
write,0.52,key_1,259,false
write,0.55,key_7,258,false
write,0.42,key_15,256,false
read,52.19,key_0,244,false
write,0.67,key_11,272,false
read,51.96,key_1,259,false
write,0.40,key_19,310,false
read,53.87,key_5,264,false
write,0.96,key_2,274,false
write,0.37,key_16,284,false
read,51.18,key_10,260,true
read,52.30,key_6,271,false
read,53.17,key_3,267,false
read,53.80,key_2,274,false
read,51.77,key_9,262,false
write,0.50,key_7,259,false
read,52.17,key_1,259,false
write,0.47,key_16,285,false
read,52.54,key_4,260,false
write,0.53,key_14,265,false
write,0.54,key_16,286,false
write,0.40,key_10,262,false
write,0.50,key_5,265,false
write,0.39,key_2,275,false
write,0.42,key_19,311,false
read,52.03,key_3,267,false
read,52.74,key_14,264,true
read,52.39,key_14,265,false
write,0.45,key_15,257,false
write,0.45,key_7,260,false
read,51.83,key_17,242,false
write,0.42,key_14,266,false
read,58.32,key_12,284,false
read,51.46,key_14,266,false
write,0.64,key_19,312,false
read,53.28,key_1,259,false
read,52.39,key_15,257,false
read,52.60,key_8,288,false
read,53.30,key_3,267,false
read,52.50,key_4,260,false
write,0.64,key_12,285,false
write,0.89,key_2,276,false
read,53.27,key_19,312,false
read,53.30,key_17,242,false
write,0.49,key_7,261,false
write,0.51,key_12,286,false
write,0.54,key_19,313,false
read,52.55,key_4,260,false
write,0.54,key_14,267,false
write,0.48,key_6,272,false
write,0.45,key_18,274,false
write,0.43,key_2,277,false
read,52.57,key_17,242,false
read,51.87,key_18,274,false
read,50.98,key_3,267,false
read,50.95,key_0,244,false
write,0.47,key_2,278,false
write,0.50,key_18,275,false
read,55.04,key_11,272,false
write,0.45,key_2,279,false
read,52.08,key_15,257,false
read,52.82,key_6,272,false
read,54.53,key_10,262,false
write,0.55,key_6,273,false
read,53.16,key_16,286,false
write,0.75,key_16,287,false
read,51.56,key_18,275,false
write,0.59,key_8,289,false
read,51.17,key_5,265,false
read,51.27,key_13,260,false
read,51.20,key_18,275,false
write,0.63,key_11,273,false
write,0.64,key_3,268,false
read,51.35,key_6,273,false
read,51.61,key_7,261,false
read,51.25,key_14,267,false
read,51.36,key_3,268,false
read,52.30,key_19,313,false
read,54.26,key_12,286,false
write,0.69,key_11,274,false
write,0.45,key_19,314,false
write,0.44,key_14,268,false
write,0.41,key_5,266,false
write,0.46,key_13,261,false
read,53.90,key_17,242,false
write,0.37,key_19,315,false
write,1.04,key_7,262,false
write,0.66,key_5,267,false
write,0.47,key_3,269,false
read,51.76,key_0,244,false
read,51.73,key_16,287,false
write,0.60,key_8,290,false
read,51.53,key_11,274,false
read,51.72,key_16,287,false
read,52.93,key_13,261,false
read,53.63,key_4,260,false
write,0.65,key_14,269,false
write,0.42,key_4,261,false
read,54.11,key_6,273,false
read,52.17,key_14,269,false
write,0.72,key_10,263,false
write,0.71,key_18,276,false
write,0.53,key_10,264,false
read,52.91,key_16,287,false
read,51.64,key_18,276,false
write,0.44,key_18,277,false
write,0.42,key_6,274,false
write,0.37,key_9,263,false
write,0.53,key_2,280,false
read,52.87,key_15,257,false
read,52.62,key_7,262,false
read,52.99,key_12,286,false
write,1.95,key_17,243,false
write,2.00,key_11,275,false
write,0.55,key_7,263,false
read,52.92,key_8,290,false
write,0.51,key_0,245,false
read,52.78,key_6,274,false
read,51.87,key_15,257,false
write,0.46,key_2,281,false
write,0.38,key_10,265,false
write,0.37,key_9,264,false
write,0.47,key_1,260,false
write,0.74,key_11,276,false
write,0.68,key_11,277,false
write,0.51,key_9,265,false
read,52.22,key_9,265,false
read,51.70,key_5,267,false
write,0.73,key_16,288,false
read,52.69,key_3,269,false
write,0.36,key_10,266,false
read,52.08,key_4,261,false
write,0.42,key_13,262,false
write,0.48,key_4,262,false
read,52.29,key_11,274,true
write,0.45,key_18,278,false
read,52.33,key_8,290,false
read,51.90,key_4,262,false
read,51.79,key_0,245,false
write,0.51,key_0,246,false
write,0.38,key_4,263,false
write,0.39,key_1,261,false
read,51.77,key_4,263,false
write,0.56,key_1,262,false
read,52.17,key_15,257,false
read,52.17,key_13,262,false
read,52.96,key_6,274,false
read,52.67,key_3,269,false
write,0.40,key_14,270,false
read,53.65,key_11,277,false
write,0.49,key_5,268,false
write,0.41,key_19,316,false
write,0.53,key_10,267,false
write,0.39,key_10,268,false
read,53.02,key_15,257,false
read,51.57,key_5,268,false
read,54.50,key_13,262,false
write,0.52,key_19,317,false
write,0.35,key_7,264,false
write,0.37,key_4,264,false
write,0.43,key_11,278,false
read,52.35,key_12,286,false
read,52.46,key_10,268,false
write,0.42,key_12,287,false
read,52.97,key_7,264,false
write,0.41,key_16,289,false
write,0.39,key_0,247,false
read,51.93,key_9,265,false
read,51.95,key_19,317,false
write,0.68,key_2,282,false
read,54.34,key_14,270,false
read,51.66,key_2,282,false
write,0.41,key_5,269,false
read,51.91,key_11,278,false
read,56.08,key_8,290,false
read,52.19,key_17,243,false
read,55.22,key_9,265,false
write,6.76,key_0,248,false
write,0.52,key_16,290,false
write,0.37,key_6,275,false
write,0.35,key_8,291,false
write,0.41,key_1,263,false
write,0.42,key_2,283,false
write,0.53,key_5,270,false
read,53.55,key_8,291,false
write,0.45,key_7,265,false
read,52.46,key_2,281,true
write,0.79,key_15,258,false
write,0.55,key_9,266,false
write,0.42,key_13,263,false
write,0.50,key_15,259,false
read,53.00,key_7,265,false
read,52.32,key_11,278,false
read,52.20,key_15,259,false
write,0.48,key_6,276,false
write,0.35,key_4,265,false
write,0.36,key_3,270,false
read,51.61,key_18,278,false
read,52.43,key_12,287,false
write,2.61,key_14,271,false
read,53.06,key_0,247,true
read,52.27,key_10,268,false
write,0.38,key_17,244,false
write,0.40,key_12,288,false
write,0.30,key_0,249,false
read,52.26,key_14,271,false
read,52.43,key_2,283,false
write,0.40,key_3,271,false
write,0.40,key_5,271,false
read,56.27,key_13,263,false
write,0.37,key_16,291,false
write,0.49,key_19,318,false
write,0.34,key_1,264,false
write,0.39,key_10,269,false
write,0.36,key_4,266,false
write,0.35,key_7,266,false
write,0.42,key_11,279,false
write,0.36,key_19,319,false
write,0.31,key_10,270,false
write,0.37,key_0,250,false
read,51.88,key_11,278,true
read,51.98,key_14,271,false
write,0.50,key_3,272,false
write,0.37,key_12,289,false
write,0.48,key_12,290,false
write,0.51,key_11,280,false
write,0.53,key_6,277,false
write,0.36,key_16,292,false
write,0.39,key_18,279,false
read,53.73,key_15,259,false
read,51.33,key_18,279,false
read,52.65,key_11,280,false
write,0.34,key_5,272,false
write,0.41,key_4,267,false
read,53.70,key_7,266,false
read,54.78,key_17,244,false
write,0.49,key_12,291,false
write,0.40,key_4,268,false
read,51.31,key_16,292,false
read,52.30,key_6,277,false
write,0.40,key_10,271,false
read,51.07,key_14,271,false
write,0.39,key_2,284,false
read,54.63,key_10,271,false
write,0.39,key_3,273,false
write,0.54,key_6,278,false
read,52.26,key_15,259,false
write,0.37,key_9,267,false
write,0.40,key_6,279,false
write,0.78,key_1,265,false
write,0.30,key_18,280,false
read,53.03,key_14,271,false
read,51.57,key_18,280,false
write,0.76,key_2,285,false
write,0.74,key_19,320,false
read,53.35,key_17,244,false
write,0.43,key_5,273,false
write,0.44,key_13,264,false
write,0.38,key_6,280,false
write,0.33,key_6,281,false
write,0.39,key_6,282,false
write,0.33,key_13,265,false
read,52.15,key_8,291,false
read,53.23,key_13,265,false
write,0.38,key_10,272,false
write,0.43,key_10,273,false
write,0.45,key_9,268,false
write,0.35,key_9,269,false
read,51.49,key_3,273,false
write,1.85,key_4,269,false
write,0.42,key_15,260,false
read,51.41,key_3,273,false
read,52.47,key_15,260,false
read,51.79,key_3,273,false
read,51.09,key_8,291,false
read,51.88,key_4,269,false
read,53.74,key_8,291,false
write,0.37,key_17,245,false
write,0.42,key_0,251,false
read,53.09,key_16,292,false
write,0.45,key_19,321,false
read,51.64,key_3,273,false
write,0.53,key_1,266,false
read,51.98,key_14,271,false
read,51.41,key_10,273,false
read,53.30,key_1,266,false
read,51.18,key_4,269,false
read,51.86,key_14,271,false
read,52.48,key_12,291,false
write,0.57,key_0,252,false
read,52.54,key_13,265,false
read,52.55,key_5,273,false
read,54.19,key_12,291,false
write,0.44,key_13,266,false
read,51.90,key_18,280,false
write,0.54,key_0,253,false
write,0.40,key_1,267,false
read,52.06,key_2,285,false
write,0.30,key_3,274,false
read,52.76,key_8,291,false
read,51.48,key_6,282,false
read,52.02,key_9,269,false
write,0.52,key_17,246,false
write,0.40,key_7,267,false
write,0.54,key_7,268,false
write,0.38,key_18,281,false
read,51.59,key_10,273,false
read,53.23,key_9,269,false
write,0.61,key_11,281,false
write,0.43,key_5,274,false
write,0.47,key_15,261,false
read,52.22,key_4,269,false
read,52.21,key_8,291,false
write,0.37,key_16,293,false
write,0.82,key_10,274,false
read,52.80,key_10,273,true
read,51.83,key_5,274,false
write,0.55,key_3,275,false
read,51.59,key_10,274,false
write,0.41,key_16,294,false
write,0.46,key_17,247,false
write,0.40,key_10,275,false
read,51.94,key_12,291,false
read,51.86,key_13,266,false
read,53.12,key_12,291,false
read,52.85,key_14,271,false
write,0.58,key_13,267,false
read,54.20,key_1,267,false
write,0.37,key_15,262,false
write,0.44,key_8,292,false
write,0.37,key_12,292,false
write,0.42,key_9,270,false
write,0.38,key_19,322,false
read,52.33,key_0,253,false
read,51.86,key_12,292,false
write,0.39,key_2,286,false
write,0.42,key_15,263,false
write,0.43,key_18,282,false
write,0.50,key_8,293,false
read,51.24,key_4,269,false
read,52.70,key_18,282,false
write,0.36,key_0,254,false
read,52.92,key_1,267,false
write,0.43,key_7,269,false
read,51.20,key_7,269,false
read,52.11,key_2,286,false
read,52.91,key_4,269,false
read,51.23,key_7,269,false
write,0.39,key_17,248,false
write,0.45,key_8,294,false
write,0.38,key_9,271,false
write,0.55,key_10,276,false
read,52.52,key_1,267,false
write,0.63,key_4,270,false
write,0.41,key_19,323,false
read,52.23,key_16,294,false
read,52.35,key_6,282,false
write,0.42,key_9,272,false
write,0.83,key_7,270,false
write,1.18,key_18,283,false
write,1.25,key_0,255,false
write,0.72,key_10,277,false
write,0.42,key_2,287,false
read,54.89,key_17,248,false
read,55.31,key_3,275,false
write,0.53,key_17,249,false
write,0.66,key_3,276,false
read,52.41,key_13,267,false
write,0.57,key_8,295,false
write,0.54,key_6,283,false
write,0.45,key_14,272,false
write,0.38,key_19,324,false
read,51.86,key_5,274,false
read,50.92,key_5,274,false
write,0.53,key_13,268,false
write,0.40,key_18,284,false
read,52.85,key_7,270,false
read,53.59,key_6,282,true
read,52.55,key_11,281,false
read,52.50,key_10,277,false
read,52.61,key_3,276,false
read,52.20,key_3,276,false
read,52.27,key_5,274,false
read,52.02,key_13,267,true
write,2.31,key_0,256,false
write,2.31,key_15,264,false
write,0.51,key_12,293,false
write,0.81,key_8,296,false
write,0.55,key_2,288,false
write,0.42,key_18,285,false
read,52.18,key_10,277,false
read,51.27,key_6,283,false
write,0.48,key_5,275,false
write,0.42,key_4,271,false
write,0.44,key_15,265,false
read,52.90,key_1,267,false
read,52.09,key_10,277,false
write,0.43,key_19,325,false
write,0.44,key_17,250,false
read,51.78,key_3,276,false
write,0.34,key_18,286,false
write,0.36,key_4,272,false
read,53.79,key_5,274,true
read,52.79,key_17,249,true
write,0.41,key_15,266,false
write,0.39,key_16,295,false
write,0.32,key_12,294,false
write,0.47,key_17,251,false
write,0.37,key_1,268,false
write,0.40,key_6,284,false
read,53.10,key_3,276,false
read,52.65,key_11,281,false
read,53.17,key_17,251,false
write,0.48,key_1,269,false
write,0.53,key_18,287,false
read,52.40,key_5,275,false
read,52.07,key_1,269,false
write,0.48,key_11,282,false
read,52.58,key_4,272,false
write,0.48,key_13,269,false
write,0.41,key_3,277,false
write,1.36,key_15,267,false
write,0.66,key_8,297,false
read,51.06,key_2,288,false
write,0.33,key_16,296,false
write,0.41,key_15,268,false
read,53.07,key_16,294,true
write,0.38,key_13,270,false
read,51.27,key_7,270,false
read,54.41,key_18,287,false
write,0.37,key_6,285,false
read,51.37,key_14,272,false
read,51.97,key_14,272,false
read,51.48,key_6,284,true
write,0.42,key_16,297,false
write,0.34,key_14,273,false
read,54.35,key_4,272,false
read,53.81,key_17,251,false
write,0.44,key_18,288,false
read,53.17,key_5,275,false
read,51.07,key_7,270,false
write,0.59,key_0,257,false
write,0.45,key_0,258,false
read,51.39,key_10,277,false
write,0.39,key_11,283,false
write,0.42,key_10,278,false
read,52.26,key_16,297,false
write,0.38,key_5,276,false
write,0.38,key_12,295,false
read,52.81,key_14,273,false
read,51.30,key_0,258,false
read,51.41,key_7,270,false
write,1.87,key_10,279,false
write,1.95,key_3,278,false
write,0.48,key_5,277,false
write,0.42,key_18,289,false
read,53.37,key_2,288,false
read,52.22,key_3,278,false
write,0.44,key_7,271,false
read,52.00,key_15,268,false
read,51.91,key_4,272,false
write,0.36,key_15,269,false
write,0.47,key_18,290,false
write,0.39,key_5,278,false
write,0.44,key_9,273,false
read,55.01,key_4,272,false
read,51.07,key_1,269,false
read,54.49,key_2,288,false
read,52.53,key_0,258,false
read,52.91,key_16,297,false
read,52.18,key_7,271,false
read,52.94,key_12,295,false
write,0.92,key_0,259,false
write,0.69,key_9,274,false
write,0.52,key_2,289,false
read,52.09,key_1,269,false
read,51.44,key_14,273,false
write,1.75,key_8,298,false
write,0.53,key_14,274,false
write,0.37,key_18,291,false
write,0.68,key_15,270,false
write,0.43,key_19,326,false
read,52.15,key_18,291,false
read,51.88,key_8,298,false
read,51.25,key_6,285,false
read,52.95,key_19,325,true
write,0.45,key_8,299,false
read,55.25,key_14,274,false
write,0.46,key_4,273,false
write,0.50,key_0,260,false
read,51.80,key_3,278,false
read,51.83,key_4,272,true
read,53.60,key_5,278,false
read,51.92,key_18,290,true
read,54.45,key_19,326,false
write,0.41,key_6,286,false
write,0.34,key_4,274,false
read,51.88,key_2,289,false
write,0.46,key_10,280,false
read,52.00,key_0,260,false
read,52.17,key_8,299,false
write,0.42,key_9,275,false
write,0.90,key_13,271,false
write,1.13,key_8,300,false
write,0.63,key_14,275,false
write,0.35,key_10,281,false
write,0.33,key_2,290,false
read,54.46,key_3,278,false
write,0.39,key_7,272,false
read,51.94,key_15,270,false
read,51.88,key_9,275,false
write,0.36,key_5,279,false
read,53.52,key_12,295,false
read,53.63,key_8,300,false
write,0.56,key_6,287,false
write,0.56,key_4,275,false
write,0.50,key_8,301,false
write,0.47,key_3,279,false
read,54.06,key_15,270,false
write,0.53,key_8,302,false
read,52.37,key_5,278,true
write,0.38,key_0,261,false
write,0.35,key_19,327,false
write,0.40,key_14,276,false
write,0.34,key_2,291,false
read,51.72,key_15,270,false
write,0.60,key_6,288,false
write,0.40,key_9,276,false
read,51.13,key_13,271,false
write,0.41,key_0,262,false
write,0.45,key_19,328,false
write,0.46,key_0,263,false
write,0.63,key_7,273,false
read,51.15,key_10,281,false
read,53.81,key_13,271,false
write,0.72,key_2,292,false
write,0.58,key_2,293,false
write,0.58,key_18,292,false
read,52.52,key_16,297,false
read,51.16,key_18,292,false
read,52.88,key_4,275,false
write,1.67,key_5,280,false
read,53.81,key_11,283,false
write,0.39,key_11,284,false
write,0.57,key_0,264,false
write,0.95,key_16,298,false
read,54.16,key_19,328,false
read,52.58,key_12,295,false
read,52.19,key_14,276,false
write,1.72,key_4,276,false
write,0.38,key_1,270,false
write,0.35,key_18,293,false
write,0.32,key_1,271,false
read,51.52,key_5,280,false
read,51.52,key_6,288,false
read,51.68,key_12,295,false
read,53.12,key_8,302,false
read,51.79,key_16,297,true
write,0.42,key_14,277,false
write,0.52,key_4,277,false
read,52.34,key_17,251,false
write,0.43,key_16,299,false
read,52.74,key_13,271,false
read,51.95,key_19,328,false
read,51.82,key_6,288,false
write,0.46,key_8,303,false
read,52.39,key_1,271,false
read,51.10,key_14,277,false
write,0.45,key_15,271,false
write,0.35,key_4,278,false
write,0.36,key_0,265,false
write,0.34,key_13,272,false
write,0.35,key_19,329,false
read,54.39,key_14,276,true
read,51.50,key_7,273,false
read,51.49,key_18,293,false
read,51.98,key_1,271,false
write,0.52,key_12,296,false
write,0.54,key_5,281,false
write,0.41,key_3,280,false
write,0.96,key_11,285,false
write,0.90,key_9,277,false
write,0.58,key_11,286,false
read,51.19,key_14,277,false
read,51.91,key_9,277,false
read,52.09,key_3,280,false
write,0.43,key_6,289,false
read,52.66,key_2,293,false
write,0.43,key_1,272,false
read,52.50,key_10,281,false
write,0.45,key_9,278,false
read,51.65,key_4,278,false
read,54.02,key_7,273,false
write,0.43,key_2,294,false
write,0.37,key_11,287,false
read,52.71,key_5,281,false
read,52.71,key_9,278,false
read,51.58,key_4,278,false
write,1.77,key_11,288,false
write,0.47,key_15,272,false
write,0.42,key_12,297,false
write,0.35,key_4,279,false
read,52.75,key_15,272,false
read,52.83,key_0,265,false
write,0.35,key_4,280,false
write,0.87,key_2,295,false
write,0.73,key_16,300,false
read,51.56,key_0,265,false
write,0.52,key_1,273,false
write,0.30,key_14,278,false
read,52.37,key_17,251,false
read,52.22,key_14,277,true
read,54.12,key_6,289,false
write,0.47,key_17,253,false
write,0.52,key_17,252,false
write,0.42,key_1,274,false
read,51.67,key_4,278,true
write,0.44,key_10,282,false
read,51.08,key_15,272,false
read,51.17,key_10,282,false
write,0.53,key_11,289,false
write,0.48,key_17,254,false
write,0.42,key_6,290,false
read,52.20,key_6,290,false
write,0.40,key_19,330,false
read,51.04,key_7,273,false
read,53.27,key_14,277,true
read,51.16,key_16,300,false
read,52.13,key_2,295,false
write,0.48,key_17,255,false
read,51.21,key_6,289,true
read,51.88,key_19,330,false
write,0.68,key_16,301,false
read,54.08,key_0,265,false
read,52.98,key_9,278,false
read,52.59,key_14,278,false
write,0.50,key_8,304,false
read,51.94,key_11,289,false
read,53.64,key_19,330,false
write,1.76,key_15,273,false
read,51.06,key_13,272,false
write,0.42,key_4,281,false
read,51.05,key_13,272,false
write,1.06,key_6,291,false
read,52.90,key_6,290,true
read,51.74,key_8,303,true
read,51.73,key_18,293,false
write,0.47,key_19,331,false
write,0.40,key_1,275,false
read,54.06,key_3,280,false
write,0.53,key_12,298,false
write,0.40,key_16,302,false
write,0.42,key_11,290,false
write,0.42,key_1,276,false
read,52.44,key_5,281,false
read,52.55,key_1,276,false
write,0.67,key_18,294,false
read,52.41,key_1,274,true
read,51.68,key_16,302,false
write,0.60,key_3,281,false
read,52.44,key_5,281,false
read,52.38,key_2,295,false
write,1.76,key_4,282,false
read,52.50,key_11,290,false
read,52.04,key_13,272,false
read,51.97,key_0,265,false
write,2.02,key_3,282,false
read,52.19,key_12,298,false
write,0.41,key_10,283,false
write,0.49,key_17,256,false
write,0.62,key_15,274,false
read,52.51,key_0,265,false
read,53.88,key_17,255,true
write,0.53,key_4,283,false
write,0.39,key_14,279,false
write,0.44,key_0,266,false
write,0.39,key_7,274,false
read,51.49,key_4,281,true
write,0.39,key_2,296,false
read,54.46,key_3,282,false
read,51.48,key_8,304,false
write,0.62,key_16,303,false
read,51.27,key_9,278,false
write,0.37,key_19,332,false
write,0.36,key_6,292,false
write,0.54,key_16,304,false
write,0.55,key_19,333,false
write,0.39,key_6,293,false
read,52.92,key_7,273,true
read,52.13,key_2,296,false
read,56.04,key_4,282,true
write,0.58,key_8,305,false
write,0.56,key_15,275,false
write,0.39,key_5,282,false
read,53.28,key_7,273,true
write,0.34,key_13,273,false
write,0.45,key_3,283,false
write,0.40,key_13,274,false
read,52.20,key_13,274,false
write,0.66,key_19,334,false
read,51.89,key_12,298,false
read,52.31,key_17,256,false
write,0.37,key_13,275,false
write,0.46,key_16,305,false
read,52.65,key_14,279,false
read,53.23,key_2,296,false
write,0.35,key_11,291,false
read,52.82,key_8,304,true
write,0.39,key_17,257,false
read,51.99,key_3,283,false
read,53.28,key_3,283,false
write,0.51,key_12,299,false
read,52.21,key_5,282,false
write,0.46,key_16,306,false
read,54.05,key_14,279,false
read,51.82,key_13,275,false
read,52.30,key_8,305,false
write,0.43,key_1,277,false
read,51.25,key_16,306,false
read,51.18,key_17,257,false
write,0.47,key_0,267,false
read,51.87,key_4,283,false
read,51.52,key_4,283,false
read,52.19,key_9,278,false
read,51.52,key_2,296,false
read,52.44,key_9,278,false
read,54.63,key_3,283,false
write,1.75,key_8,306,false
write,0.46,key_2,297,false
write,0.53,key_17,258,false
read,52.94,key_1,276,true
write,0.45,key_18,295,false
write,0.47,key_15,276,false
read,52.08,key_11,291,false
write,0.41,key_6,294,false
write,0.53,key_3,284,false
write,0.47,key_5,283,false
write,0.49,key_7,275,false
read,51.20,key_16,306,false
write,0.38,key_17,259,false
read,52.13,key_0,267,false
read,52.74,key_17,257,true
write,0.43,key_16,307,false
write,0.36,key_0,268,false
read,52.07,key_7,275,false
write,0.51,key_9,279,false
read,54.70,key_15,276,false
read,53.59,key_11,291,false
write,0.48,key_19,335,false
read,53.96,key_8,306,false
read,52.06,key_14,279,false
read,51.49,key_12,299,false
read,51.83,key_4,283,false
read,51.81,key_13,275,false
write,0.95,key_8,307,false
read,52.12,key_1,277,false
read,53.09,key_18,295,false
write,0.43,key_1,278,false
read,52.63,key_13,275,false
read,54.27,key_10,283,false
write,0.48,key_16,308,false
read,52.49,key_13,275,false
read,51.99,key_11,291,false
read,52.24,key_8,307,false
write,0.68,key_4,284,false
write,0.51,key_19,336,false
write,0.86,key_5,284,false
read,54.32,key_2,297,false
read,53.10,key_14,279,false
read,52.48,key_10,283,false
read,52.95,key_2,297,false
write,5.10,key_2,298,false
read,53.62,key_17,259,false
write,4.85,key_3,285,false
write,1.22,key_0,269,false
write,2.93,key_0,270,false
write,0.64,key_1,279,false
write,0.34,key_11,292,false
read,51.06,key_5,284,false
read,52.31,key_0,270,false
write,0.57,key_3,286,false
write,0.39,key_3,287,false
write,0.40,key_2,299,false
read,52.16,key_17,259,false
read,53.95,key_17,259,false
write,0.49,key_9,280,false
write,0.40,key_11,293,false
read,55.64,key_5,284,false
write,0.51,key_5,285,false
write,0.46,key_3,288,false
read,52.51,key_8,307,false
read,58.70,key_13,275,false
read,53.85,key_19,336,false
read,53.87,key_11,293,false
write,0.55,key_8,308,false
read,51.69,key_10,283,false
write,0.62,key_6,295,false
write,1.22,key_0,272,false
write,0.62,key_19,337,false
write,1.21,key_0,271,false
read,51.35,key_5,285,false
write,0.64,key_3,289,false
write,1.29,key_4,286,false
write,1.87,key_4,285,false
write,1.06,key_10,284,false
write,0.41,key_7,276,false
write,0.68,key_17,260,false
write,0.83,key_4,287,false
write,0.83,key_4,288,false
write,0.68,key_0,273,false
write,0.50,key_13,276,false
write,0.79,key_19,338,false
write,0.79,key_6,296,false
write,0.58,key_9,281,false
write,0.62,key_12,300,false
write,1.02,key_8,309,false
write,0.66,key_16,309,false
write,0.55,key_4,289,false
write,0.39,key_14,280,false
write,0.56,key_10,285,false
read,52.56,key_11,293,false
read,55.13,key_14,280,false
read,53.22,key_1,279,false
write,0.63,key_4,290,false
write,0.59,key_9,282,false
write,0.54,key_19,339,false
read,52.84,key_6,294,true
read,52.60,key_17,260,false
read,51.76,key_3,289,false
read,52.59,key_16,308,true
write,0.55,key_16,310,false
write,0.91,key_10,286,false
read,54.54,key_17,260,false
read,50.93,key_12,300,false
write,0.55,key_4,291,false
read,53.95,key_7,276,false
write,0.41,key_4,292,false
read,51.98,key_17,260,false
read,52.90,key_16,310,false
read,51.66,key_8,309,false
write,0.45,key_14,281,false
read,52.97,key_7,276,false
read,51.76,key_13,276,false
read,51.00,key_2,299,false
write,0.58,key_16,311,false
read,51.16,key_9,282,false
write,0.52,key_7,277,false
write,0.44,key_8,310,false
write,0.41,key_10,287,false
write,0.44,key_0,274,false
write,0.37,key_7,278,false
write,0.42,key_11,294,false
write,0.39,key_5,286,false
read,51.67,key_17,260,false
read,52.02,key_8,310,false
write,0.40,key_7,279,false
write,0.37,key_0,275,false
write,0.40,key_7,280,false
read,50.82,key_12,300,false
write,0.38,key_13,277,false
read,51.96,key_1,279,false
read,52.82,key_6,296,false
read,54.73,key_4,292,false
write,0.49,key_16,312,false
read,53.60,key_0,275,false
read,51.13,key_7,280,false
read,51.89,key_9,282,false
read,51.09,key_9,282,false
read,51.21,key_13,277,false
read,53.50,key_15,276,false
read,50.98,key_18,295,false
read,52.01,key_12,300,false
read,51.93,key_2,299,false
write,0.40,key_7,281,false
read,54.30,key_15,276,false
write,0.43,key_16,313,false
write,0.46,key_3,290,false
read,51.42,key_11,294,false
read,53.40,key_14,281,false
read,51.78,key_0,275,false
read,52.93,key_4,292,false
write,1.88,key_16,314,false
write,0.40,key_5,287,false
read,51.91,key_1,279,false
read,51.89,key_8,310,false
read,51.07,key_11,294,false
write,0.80,key_9,283,false
write,0.35,key_16,315,false
read,51.92,key_13,277,false
read,51.70,key_5,286,true
write,0.47,key_11,295,false
write,0.39,key_3,291,false
read,51.20,key_12,300,false
read,52.18,key_5,286,true
read,51.39,key_11,295,false
write,0.52,key_14,282,false
read,51.27,key_18,295,false
read,50.98,key_5,287,false
write,0.58,key_11,296,false
write,0.59,key_14,283,false
write,1.40,key_18,296,false
write,0.34,key_14,284,false
read,51.26,key_13,277,false
read,51.16,key_9,283,false
write,0.36,key_15,277,false
read,51.69,key_2,299,false
read,53.07,key_4,292,false
write,0.38,key_19,340,false
read,51.76,key_17,260,false
read,54.26,key_12,300,false
read,55.27,key_3,291,false
read,52.65,key_12,300,false
read,52.73,key_14,284,false
write,1.02,key_14,285,false
write,1.85,key_1,280,false
read,51.27,key_1,280,false
read,52.17,key_16,315,false
write,2.33,key_12,301,false
read,52.81,key_15,277,false
write,1.29,key_16,316,false
read,51.76,key_9,283,false
write,0.63,key_0,276,false
write,0.61,key_6,297,false
write,0.49,key_13,278,false
read,53.66,key_10,287,false
read,54.98,key_14,284,true
write,1.08,key_12,302,false
write,0.90,key_8,311,false
read,57.83,key_1,280,false
write,0.92,key_6,298,false
write,1.24,key_1,281,false
write,0.46,key_13,279,false
read,53.58,key_11,296,false
read,53.94,key_7,281,false
read,54.36,key_18,296,false
read,53.64,key_8,311,false
read,53.94,key_8,311,false
write,4.26,key_1,282,false
write,4.51,key_15,278,false
read,56.53,key_8,311,false
read,56.01,key_14,285,false
write,3.92,key_3,292,false
write,1.10,key_9,284,false
write,0.90,key_2,300,false
write,1.10,key_16,317,false
read,51.81,key_4,292,false
write,0.54,key_6,299,false
read,56.52,key_13,279,false
read,57.46,key_15,278,false
read,64.23,key_18,296,false
read,53.47,key_14,285,false
read,57.83,key_9,284,false
read,55.11,key_0,276,false
write,3.78,key_8,312,false
read,53.34,key_3,292,false
read,57.06,key_19,340,false
read,56.91,key_9,284,false
write,3.04,key_16,318,false
read,53.20,key_0,276,false
write,5.37,key_6,300,false
write,2.25,key_8,313,false
write,9.88,key_7,282,false
write,8.97,key_15,279,false
write,13.43,key_2,301,false
read,70.76,key_6,300,false
read,72.32,key_0,276,false
read,72.96,key_3,292,false
read,68.94,key_7,282,false
read,99.60,key_8,313,false
read,78.11,key_2,300,true
write,13.78,key_19,341,false
write,12.22,key_10,288,false
read,79.94,key_10,287,true
read,81.95,key_8,313,false
write,3.36,key_3,293,false
write,3.73,key_10,289,false
write,3.74,key_10,290,false
write,16.90,key_12,303,false
write,1.03,key_5,288,false
read,119.24,key_15,279,false
read,61.76,key_19,341,false
write,0.65,key_7,283,false
read,53.23,key_18,296,false
read,56.76,key_12,303,false
read,56.65,key_8,313,false
read,60.48,key_11,296,false
read,105.25,key_19,341,false
read,52.38,key_7,283,false
read,52.37,key_1,282,false
read,53.54,key_11,296,false
write,2.95,key_12,304,false
write,2.92,key_6,301,false
write,1.53,key_3,294,false
write,1.59,key_11,297,false
write,1.55,key_15,280,false
write,0.37,key_18,297,false
write,0.36,key_8,314,false
read,52.26,key_4,292,false
read,55.44,key_5,288,false
read,54.41,key_4,292,false
write,0.57,key_10,291,false
write,0.37,key_9,285,false
read,55.57,key_15,280,false
read,56.30,key_1,282,false
read,56.18,key_9,284,true
read,52.34,key_13,279,false
read,54.08,key_17,260,false
read,56.94,key_13,279,false
write,0.58,key_18,298,false
write,0.38,key_3,295,false
write,0.49,key_18,299,false
write,0.94,key_12,305,false
read,52.34,key_6,301,false
write,1.73,key_16,319,false
write,0.70,key_14,286,false
write,1.14,key_17,261,false
write,0.94,key_4,293,false
read,53.15,key_19,341,false
write,0.53,key_5,289,false
read,51.78,key_14,286,false
write,0.57,key_9,286,false
write,0.44,key_19,342,false
write,0.27,key_15,281,false
read,51.90,key_16,319,false
read,51.04,key_3,295,false
read,51.26,key_3,295,false
write,0.34,key_17,262,false
read,51.28,key_18,299,false
read,55.55,key_9,286,false
read,54.61,key_5,288,true
read,54.50,key_4,292,true
write,0.40,key_3,296,false
write,0.48,key_6,302,false
write,0.50,key_7,284,false
write,0.45,key_16,320,false
write,0.38,key_8,315,false
read,53.62,key_12,305,false
write,0.48,key_13,280,false
read,53.78,key_12,305,false
read,63.06,key_4,293,false
read,52.92,key_2,301,false
read,58.59,key_19,342,false
read,52.90,key_7,284,false
write,1.14,key_7,285,false
read,51.36,key_8,315,false
write,0.85,key_4,294,false
write,0.33,key_5,290,false
read,52.21,key_3,296,false
read,52.09,key_5,289,true
read,51.97,key_13,279,true
write,0.48,key_16,321,false
write,0.37,key_14,287,false
write,0.53,key_11,298,false
write,0.45,key_17,263,false
write,0.48,key_4,295,false
write,0.38,key_10,292,false
read,53.60,key_3,296,false
write,0.43,key_6,303,false
read,53.16,key_17,263,false
read,53.13,key_12,305,false
read,53.16,key_3,296,false
read,52.82,key_14,287,false
write,0.69,key_10,293,false
write,0.69,key_6,304,false
write,0.44,key_4,296,false
read,52.34,key_7,285,false
write,0.49,key_1,283,false
write,0.73,key_8,316,false
write,1.24,key_3,297,false
read,56.49,key_4,295,true
read,56.33,key_12,305,false
read,56.20,key_14,287,false
read,57.14,key_8,315,true
write,1.25,key_1,284,false
read,54.53,key_19,342,false
read,52.97,key_5,290,false
read,52.96,key_14,287,false
write,1.89,key_15,282,false
write,0.39,key_16,322,false
read,57.32,key_4,296,false
read,56.93,key_10,293,false
read,54.48,key_10,293,false
write,0.46,key_9,287,false
read,54.04,key_15,282,false
read,51.81,key_13,280,false
write,0.47,key_14,288,false
read,52.91,key_2,301,false
write,0.39,key_17,264,false
read,52.17,key_1,284,false
read,55.76,key_17,263,true
read,56.55,key_8,316,false
read,54.77,key_15,282,false
read,54.06,key_1,284,false
read,56.34,key_12,305,false
read,56.30,key_6,304,false
read,54.80,key_8,316,false
read,55.57,key_3,297,false
read,56.41,key_0,276,false
read,55.68,key_10,293,false
write,10.54,key_3,298,false
write,9.22,key_13,281,false
write,9.38,key_4,297,false
write,3.51,key_17,265,false
write,9.87,key_15,283,false
write,9.98,key_18,300,false
read,66.16,key_11,298,false
write,3.15,key_9,288,false
write,3.02,key_2,302,false
write,2.52,key_14,289,false
read,56.81,key_6,304,false
write,2.33,key_16,323,false
write,1.49,key_4,298,false
read,62.65,key_17,265,false
read,69.46,key_18,300,false
write,5.96,key_10,294,false
read,57.25,key_9,288,false
read,70.54,key_17,265,false
read,61.17,key_10,294,false
read,65.36,key_5,290,false
write,4.91,key_18,301,false
write,4.31,key_15,284,false
read,57.10,key_7,285,false
read,110.70,key_6,304,false
read,103.40,key_14,289,false
read,57.38,key_12,305,false
write,4.11,key_0,277,false
read,100.28,key_7,285,false
write,1.55,key_19,343,false
write,5.24,key_1,285,false
write,5.28,key_2,303,false
read,57.59,key_4,298,false
read,57.59,key_18,301,false
write,3.30,key_19,344,false
write,4.41,key_6,305,false
read,64.83,key_9,288,false
read,76.14,key_13,281,false
read,82.25,key_11,298,false
write,1.67,key_9,289,false
write,0.88,key_1,286,false
write,0.85,key_11,299,false
write,0.65,key_19,345,false
write,0.56,key_6,306,false
write,0.28,key_1,287,false
write,0.26,key_6,307,false
write,0.25,key_3,299,false
read,52.32,key_19,345,false
read,54.26,key_16,323,false
write,0.47,key_13,282,false
write,0.26,key_5,291,false
write,0.33,key_11,300,false
read,53.18,key_19,345,false
write,0.32,key_3,300,false
read,56.01,key_15,284,false
read,53.67,key_14,289,false
read,51.40,key_18,301,false
write,0.43,key_4,299,false
write,0.28,key_16,324,false
write,0.28,key_17,266,false
write,0.31,key_12,306,false
read,72.56,key_13,282,false
read,61.96,key_11,300,false
write,0.33,key_8,317,false
write,0.66,key_2,304,false
write,0.71,key_16,325,false
read,61.39,key_15,284,false
write,0.65,key_10,295,false
write,0.36,key_15,285,false
read,52.56,key_8,317,false
write,0.34,key_3,301,false
write,0.31,key_5,292,false
write,0.30,key_8,318,false
write,0.29,key_18,302,false
write,0.32,key_1,288,false
read,54.66,key_5,292,false
read,53.53,key_16,325,false
write,0.40,key_10,296,false
read,51.95,key_6,307,false
write,0.38,key_3,302,false
write,0.28,key_0,278,false
write,0.33,key_19,346,false
read,51.66,key_19,346,false
write,0.28,key_13,283,false
read,54.21,key_10,296,false
write,0.29,key_3,303,false
write,0.28,key_1,289,false
read,52.36,key_10,296,false
write,0.37,key_16,326,false
read,52.30,key_15,285,false
read,52.13,key_1,287,true
write,0.40,key_5,293,false
read,53.87,key_10,296,false
read,52.26,key_10,296,false
read,51.38,key_18,302,false
read,52.41,key_9,289,false
write,1.77,key_6,308,false
write,0.44,key_15,286,false
read,52.20,key_5,293,false
write,0.33,key_11,301,false
read,51.55,key_12,306,false
read,52.43,key_13,283,false
read,51.41,key_18,302,false
write,0.68,key_16,327,false
read,52.02,key_7,285,false
read,52.16,key_0,278,false
write,0.45,key_12,307,false
read,52.92,key_8,318,false
read,51.85,key_15,286,false
read,53.76,key_17,266,false
read,52.57,key_16,327,false
read,53.09,key_14,289,false
read,51.33,key_13,283,false
write,0.75,key_15,287,false
write,0.77,key_8,319,false
write,0.86,key_5,294,false
write,0.91,key_9,290,false
write,0.49,key_12,308,false
read,51.91,key_14,289,false
write,0.37,key_12,309,false
read,51.63,key_16,327,false
read,52.70,key_2,304,false
write,0.41,key_10,297,false
write,0.45,key_8,320,false
write,0.31,key_9,291,false
read,53.62,key_15,287,false
read,51.51,key_16,327,false
read,53.27,key_18,302,false
write,1.85,key_3,304,false
read,52.22,key_16,327,false
read,51.82,key_18,302,false
read,51.29,key_4,299,false
write,0.54,key_10,298,false
read,53.84,key_9,291,false
write,1.52,key_15,288,false
write,0.35,key_14,290,false
write,0.36,key_18,303,false
write,0.36,key_15,289,false
read,53.65,key_6,308,false
read,53.60,key_11,301,false
read,53.39,key_5,294,false
read,53.35,key_4,299,false
write,1.30,key_15,290,false
write,0.91,key_4,300,false
read,52.02,key_1,289,false
read,52.30,key_5,294,false
read,52.07,key_1,289,false
write,0.69,key_3,305,false
read,53.05,key_13,283,false
read,55.20,key_8,320,false
write,0.95,key_7,286,false
write,1.13,key_6,309,false
read,52.09,key_7,286,false
write,0.67,key_9,292,false
read,53.48,key_11,301,false
write,0.40,key_11,302,false
read,54.03,key_18,303,false
read,51.38,key_4,300,false
read,52.70,key_7,286,false
write,0.50,key_5,295,false
write,2.00,key_11,303,false
write,0.48,key_14,291,false
write,0.43,key_11,304,false
read,52.08,key_8,320,false
write,0.42,key_9,293,false
write,0.37,key_9,294,false
read,51.93,key_12,309,false
write,0.41,key_12,310,false
write,0.32,key_4,301,false
write,0.31,key_8,321,false
write,0.46,key_10,299,false
read,52.55,key_1,289,false
write,0.35,key_7,287,false
read,55.80,key_8,321,false
read,52.24,key_7,286,true
read,53.08,key_19,346,false
write,0.39,key_3,306,false
read,52.66,key_12,310,false
read,51.39,key_11,304,false
read,54.61,key_15,290,false
write,0.49,key_4,302,false
read,55.77,key_8,321,false
read,50.86,key_2,304,false
read,51.96,key_4,302,false
read,51.94,key_4,302,false
read,51.34,key_12,310,false
read,50.98,key_18,303,false
read,52.73,key_18,303,false
read,53.13,key_15,290,false
write,0.69,key_5,296,false
read,55.05,key_8,321,false
write,0.40,key_1,290,false
read,51.91,key_15,290,false
write,0.31,key_19,347,false
read,52.05,key_13,283,false
read,51.83,key_0,278,false
write,0.65,key_5,297,false
write,0.37,key_4,303,false
read,52.69,key_16,327,false
write,0.41,key_15,291,false
read,51.41,key_11,304,false
read,51.39,key_6,309,false
write,1.74,key_1,291,false
write,0.37,key_18,304,false
write,0.33,key_3,307,false
write,0.35,key_4,304,false
write,0.31,key_17,267,false
write,0.28,key_4,305,false
write,0.41,key_12,311,false
read,54.71,key_2,304,false
write,0.41,key_12,312,false
read,52.59,key_2,304,false
write,0.36,key_8,322,false
write,0.42,key_11,305,false
read,52.24,key_8,322,false
read,51.41,key_5,297,false
read,51.61,key_8,322,false
write,1.84,key_16,328,false
write,0.32,key_17,268,false
read,51.53,key_1,291,false
read,53.02,key_3,306,true
write,0.45,key_3,308,false
write,0.34,key_0,279,false
write,0.49,key_7,288,false
write,0.36,key_10,300,false
read,52.81,key_5,297,false
read,51.14,key_10,300,false
write,0.48,key_17,269,false
read,53.20,key_7,288,false
read,52.82,key_8,322,false
read,51.70,key_8,322,false
write,0.71,key_18,305,false
read,51.86,key_5,297,false
write,0.29,key_14,292,false
write,0.50,key_7,289,false
read,52.58,key_12,312,false
write,0.33,key_2,305,false
write,0.36,key_15,292,false
read,52.75,key_15,291,true
write,0.58,key_17,270,false
read,51.87,key_13,283,false
write,0.33,key_15,293,false
read,51.23,key_14,291,true
read,52.08,key_3,308,false
read,52.46,key_8,322,false
read,50.98,key_1,291,false
write,0.44,key_6,310,false
read,51.48,key_0,279,false
read,51.94,key_1,291,false
read,51.25,key_18,305,false
write,0.38,key_9,295,false
write,0.34,key_14,293,false
write,0.33,key_3,309,false
read,53.68,key_6,310,false
read,51.76,key_11,305,false
write,0.45,key_14,294,false
read,51.11,key_11,305,false
write,0.37,key_1,292,false
read,55.08,key_14,294,false
read,51.27,key_13,283,false
read,52.89,key_14,292,true
read,51.53,key_11,305,false
write,0.48,key_3,310,false
read,51.44,key_11,305,false
read,53.53,key_3,310,false
read,51.82,key_17,270,false
write,0.54,key_17,271,false
read,52.85,key_10,300,false
read,52.09,key_15,293,false
read,51.30,key_17,271,false
write,0.44,key_16,329,false
read,54.79,key_6,310,false
write,1.76,key_8,323,false
read,52.72,key_5,297,false
write,0.46,key_5,298,false
read,56.15,key_10,300,false
read,53.37,key_4,305,false
read,53.52,key_10,300,false
read,53.08,key_0,279,false
write,1.87,key_17,272,false
read,54.57,key_14,294,false
read,52.58,key_18,305,false
read,52.62,key_17,272,false
write,0.51,key_10,301,false
read,52.30,key_6,310,false
write,0.40,key_0,280,false
write,0.38,key_12,313,false
write,0.36,key_11,306,false
read,52.26,key_9,295,false
read,51.45,key_12,313,false
write,0.47,key_17,273,false
write,0.36,key_1,293,false
read,53.05,key_19,347,false
write,0.42,key_8,324,false
read,51.83,key_10,301,false
read,52.07,key_15,293,false
read,52.72,key_19,347,false
write,0.41,key_6,311,false
write,0.37,key_12,314,false
read,52.91,key_2,305,false
write,0.41,key_15,294,false
write,0.34,key_5,299,false
read,52.96,key_9,295,false
read,52.45,key_1,292,true
read,52.54,key_8,324,false
read,52.01,key_8,324,false
write,0.43,key_9,296,false
write,0.49,key_16,330,false
read,51.98,key_3,310,false
write,0.82,key_7,290,false
read,51.95,key_16,330,false
read,52.17,key_17,273,false
write,0.59,key_12,315,false
write,0.60,key_2,306,false
write,0.65,key_7,291,false
read,52.55,key_19,347,false
read,54.19,key_1,293,false
write,0.52,key_8,325,false
read,53.03,key_4,305,false
read,51.54,key_12,315,false
read,51.56,key_12,315,false
read,52.37,key_9,296,false
write,0.54,key_1,294,false
read,54.00,key_3,310,false
write,0.40,key_11,307,false
read,52.09,key_5,299,false
read,52.46,key_19,347,false
read,52.85,key_15,294,false
read,54.24,key_14,294,false
read,52.77,key_16,330,false
write,0.58,key_0,281,false
read,51.24,key_19,347,false
write,0.38,key_5,300,false
read,53.06,key_15,294,false
write,0.46,key_11,308,false
write,0.35,key_17,274,false
read,54.55,key_13,283,false
read,54.05,key_1,294,false
read,51.53,key_18,305,false
read,52.13,key_6,311,false
write,0.41,key_16,331,false
read,51.56,key_9,296,false
read,54.03,key_10,301,false
read,51.58,key_7,291,false
write,0.50,key_10,302,false
write,0.64,key_17,275,false
read,53.23,key_16,331,false
write,0.52,key_3,311,false
read,54.39,key_7,291,false
write,0.65,key_19,348,false
read,52.27,key_15,294,false
read,52.74,key_12,315,false
write,0.60,key_19,349,false
write,1.05,key_15,295,false
read,53.80,key_19,349,false
write,1.03,key_1,295,false
write,1.65,key_7,292,false
read,51.98,key_14,294,false
write,0.63,key_12,316,false
write,0.41,key_8,326,false
write,0.33,key_9,297,false
write,0.70,key_18,306,false
read,53.63,key_2,306,false
read,51.47,key_15,295,false
write,0.49,key_16,332,false
read,52.27,key_15,295,false
read,51.21,key_3,311,false
read,53.25,key_19,349,false
read,53.26,key_5,300,false
write,0.41,key_16,333,false
write,0.36,key_8,327,false
write,0.39,key_19,350,false
write,0.45,key_8,328,false
read,51.38,key_2,306,false
read,51.18,key_4,305,false
write,0.39,key_11,309,false
write,0.60,key_13,284,false
read,51.12,key_8,328,false
write,0.41,key_8,329,false
read,51.81,key_6,311,false
read,54.83,key_10,302,false
write,0.51,key_3,312,false
write,0.90,key_11,310,false
read,52.00,key_13,284,false
read,52.94,key_8,326,true
write,0.53,key_11,311,false
read,51.89,key_17,275,false
read,52.94,key_16,333,false
write,1.76,key_18,307,false
write,0.47,key_1,296,false
write,1.38,key_15,296,false
write,0.35,key_11,312,false
write,0.44,key_2,307,false
write,0.38,key_16,334,false
write,0.31,key_2,308,false
write,0.32,key_13,285,false
read,51.34,key_7,292,false
read,52.87,key_1,296,false
read,51.59,key_10,302,false
read,52.06,key_5,300,false
write,5.86,key_10,303,false
read,51.77,key_8,329,false
read,53.39,key_6,311,false
write,0.37,key_19,351,false
write,0.40,key_10,304,false
write,0.34,key_10,305,false
read,52.19,key_9,297,false
read,51.69,key_8,329,false
write,0.49,key_10,306,false
write,0.59,key_2,309,false
write,0.35,key_10,307,false
write,0.44,key_8,330,false
write,0.48,key_15,297,false
write,0.60,key_12,317,false
read,51.03,key_19,351,false
write,0.34,key_17,276,false
read,51.66,key_4,305,false
write,1.47,key_3,313,false
read,52.00,key_4,305,false
read,52.80,key_13,285,false
read,52.77,key_6,311,false
write,0.53,key_3,314,false
read,50.94,key_13,285,false
read,52.15,key_9,297,false
write,0.36,key_6,312,false
read,50.94,key_1,296,false
write,0.38,key_9,298,false
write,0.36,key_4,306,false
write,0.40,key_15,298,false
read,50.92,key_11,312,false
read,52.63,key_3,312,true
read,54.56,key_9,298,false
write,0.55,key_4,307,false
write,0.67,key_11,313,false
read,51.52,key_16,334,false
write,0.53,key_9,299,false
write,0.43,key_9,300,false
write,0.60,key_5,301,false
write,0.38,key_3,315,false
write,0.40,key_19,352,false
write,0.45,key_7,293,false
write,0.71,key_16,335,false
write,0.34,key_19,353,false
write,0.50,key_9,301,false
read,52.47,key_15,298,false
read,52.39,key_2,309,false
read,52.95,key_12,317,false
write,0.42,key_5,302,false
write,0.80,key_1,297,false
write,0.93,key_9,302,false
write,1.20,key_18,308,false
write,0.66,key_10,308,false
write,0.45,key_17,277,false
read,51.91,key_14,294,false
write,0.37,key_11,314,false
write,0.36,key_12,318,false
write,0.38,key_7,294,false
write,0.56,key_13,286,false
write,0.58,key_7,295,false
read,52.51,key_17,277,false
read,51.38,key_1,297,false
read,51.14,key_0,281,false
write,0.45,key_2,310,false
read,51.98,key_13,286,false
read,52.03,key_6,312,false
read,51.46,key_3,315,false
read,52.13,key_10,307,true
write,0.54,key_13,287,false
write,0.40,key_1,298,false
read,53.01,key_5,302,false
read,52.06,key_12,318,false
write,0.57,key_4,308,false
read,51.38,key_4,307,true
write,0.40,key_4,309,false
read,52.97,key_2,310,false
write,0.51,key_2,311,false
read,52.49,key_14,294,false
read,52.51,key_18,308,false
read,53.31,key_15,298,false
read,52.34,key_15,298,false
write,0.57,key_12,319,false
write,0.48,key_1,299,false
read,51.16,key_6,312,false
read,53.83,key_9,302,false
write,0.44,key_5,303,false
write,0.45,key_1,300,false
write,0.34,key_12,320,false
read,52.03,key_8,330,false
read,51.25,key_10,308,false
write,0.62,key_13,288,false
read,54.66,key_10,308,false
read,53.58,key_9,302,false
read,54.35,key_8,330,false
write,0.53,key_16,336,false
read,52.20,key_14,294,false
read,51.77,key_5,303,false
read,50.94,key_11,314,false
write,1.80,key_10,309,false
read,53.30,key_9,302,false
read,61.81,key_6,312,false
read,52.89,key_17,277,false
write,0.49,key_13,289,false
read,53.99,key_0,281,false
write,0.61,key_6,313,false
read,54.13,key_15,298,false
read,51.05,key_10,309,false
read,54.27,key_0,281,false
write,0.75,key_1,301,false
write,0.39,key_13,290,false
read,52.91,key_19,353,false
write,0.53,key_2,312,false
read,51.73,key_19,353,false
read,51.89,key_0,281,false
read,51.81,key_16,336,false
read,51.91,key_1,301,false
read,51.58,key_15,298,false
read,50.77,key_11,314,false
write,0.47,key_16,337,false
read,54.58,key_16,337,false
read,53.70,key_5,303,false
read,52.55,key_15,298,false
read,51.22,key_17,277,false
read,53.10,key_7,295,false
read,51.59,key_8,330,false
read,52.24,key_16,337,false
write,1.38,key_3,316,false
write,0.85,key_17,278,false
write,0.40,key_2,313,false
read,52.13,key_10,309,false
write,1.94,key_8,331,false
read,52.02,key_12,320,false
write,0.86,key_19,354,false
read,52.46,key_9,302,false
write,0.45,key_9,303,false
write,0.35,key_12,321,false
read,54.70,key_17,277,true
write,0.42,key_18,309,false
read,51.81,key_7,295,false
read,53.90,key_14,294,false
read,54.01,key_5,303,false
read,52.78,key_10,309,false
read,52.47,key_4,309,false
write,0.52,key_17,279,false
read,52.24,key_17,278,true
write,0.39,key_12,322,false
write,0.44,key_7,296,false
read,52.95,key_5,303,false
write,0.47,key_16,338,false
read,52.73,key_1,301,false
write,0.34,key_4,310,false
write,0.61,key_7,297,false
read,52.60,key_9,303,false
read,52.86,key_4,310,false
read,52.64,key_16,337,true
read,50.91,key_16,338,false
write,0.58,key_9,304,false
read,52.69,key_14,294,false
read,51.28,key_3,316,false
read,50.97,key_11,314,false
read,54.74,key_3,316,false
read,52.26,key_1,301,false
write,0.60,key_19,355,false
read,52.98,key_3,316,false
read,53.07,key_9,304,false
read,53.01,key_2,313,false
write,0.61,key_14,295,false
read,52.01,key_16,338,false
read,53.84,key_5,303,false
read,52.09,key_17,279,false
read,52.18,key_14,295,false
read,51.33,key_12,322,false
write,0.70,key_18,310,false
read,51.13,key_14,295,false
write,1.91,key_6,314,false
write,0.40,key_3,317,false
write,0.39,key_4,311,false
read,54.26,key_7,297,false
read,52.06,key_13,290,false
read,51.29,key_12,322,false
write,1.76,key_12,323,false
read,52.14,key_2,313,false
read,54.47,key_19,355,false
write,0.42,key_16,339,false
read,52.78,key_6,314,false
read,51.78,key_7,297,false
write,1.95,key_4,312,false
write,0.38,key_18,311,false
write,0.42,key_18,312,false
write,0.39,key_14,296,false
read,51.90,key_0,281,false
read,52.64,key_0,281,false
write,0.53,key_7,298,false
write,0.55,key_2,314,false
write,0.39,key_3,318,false
write,0.43,key_19,356,false
write,0.45,key_13,291,false
read,53.12,key_9,304,false
read,52.07,key_2,314,false
read,51.69,key_9,304,false
read,50.99,key_13,291,false
read,51.55,key_2,314,false
write,0.43,key_1,302,false
read,51.85,key_6,314,false
write,0.61,key_2,315,false
write,0.39,key_13,292,false
write,0.57,key_9,305,false
read,52.76,key_10,309,false
write,0.29,key_3,319,false
write,0.41,key_12,324,false
read,51.85,key_14,296,false
write,0.63,key_18,313,false
read,52.28,key_7,298,false
read,51.99,key_8,331,false
read,52.20,key_7,298,false
write,0.51,key_16,340,false
write,0.42,key_2,316,false
write,0.40,key_19,357,false
write,0.40,key_12,325,false
write,0.35,key_7,299,false
write,0.48,key_3,320,false
read,52.71,key_4,312,false
write,0.49,key_16,341,false
read,51.08,key_8,331,false
read,52.09,key_11,314,false
write,0.73,key_19,358,false
read,51.24,key_9,305,false
read,50.97,key_10,309,false
write,0.54,key_2,317,false
read,53.83,key_0,281,false
read,53.05,key_11,314,false
write,0.60,key_15,299,false
read,53.12,key_13,292,false
read,55.39,key_11,314,false
write,1.05,key_14,297,false
write,0.51,key_11,315,false
write,1.67,key_14,298,false
write,0.54,key_16,342,false
read,52.25,key_3,320,false
write,0.49,key_16,343,false
read,52.79,key_16,343,false
write,0.43,key_15,300,false
read,52.60,key_0,281,false
read,51.97,key_19,358,false
read,52.85,key_1,302,false
read,54.14,key_14,298,false
read,51.76,key_19,358,false
write,0.73,key_5,304,false
write,1.36,key_13,293,false
write,1.65,key_12,326,false
write,0.46,key_17,280,false
write,0.36,key_10,310,false
read,53.52,key_9,305,false
write,0.71,key_16,344,false
read,52.23,key_7,299,false
write,0.40,key_6,315,false
write,0.53,key_8,332,false
write,0.47,key_19,359,false
read,53.76,key_14,298,false
write,0.55,key_14,299,false
write,0.46,key_7,300,false
write,0.32,key_6,316,false
read,51.95,key_11,315,false
write,0.42,key_19,360,false
write,0.36,key_2,318,false
write,0.42,key_2,319,false
read,51.32,key_8,332,false
read,51.30,key_12,326,false
write,0.43,key_5,305,false
write,0.44,key_14,300,false
read,52.71,key_12,325,true
write,0.38,key_13,294,false
read,58.92,key_16,344,false
read,52.34,key_2,319,false
write,0.66,key_2,320,false
read,51.74,key_14,300,false
write,1.19,key_8,333,false
read,51.98,key_10,310,false
write,0.51,key_12,327,false
read,53.57,key_17,280,false
write,0.37,key_18,314,false
write,0.42,key_11,316,false
write,0.31,key_18,315,false
read,53.51,key_9,305,false
write,0.35,key_18,316,false
write,0.39,key_10,311,false
write,0.40,key_8,334,false
read,52.09,key_13,294,false
read,52.63,key_1,302,false
read,52.61,key_8,332,true
write,0.47,key_12,328,false
write,0.51,key_17,281,false
write,0.55,key_12,329,false
write,0.60,key_4,313,false
read,52.86,key_18,316,false
write,0.53,key_19,361,false
read,52.35,key_13,294,false
read,54.97,key_1,302,false
read,51.06,key_6,316,false
write,0.74,key_4,314,false
write,0.80,key_19,362,false
read,51.11,key_13,294,false
write,0.48,key_5,306,false
read,52.83,key_15,300,false
write,0.53,key_4,315,false
read,54.93,key_1,302,false
read,54.05,key_11,316,false
write,0.33,key_0,282,false
write,0.73,key_3,321,false
write,0.96,key_11,317,false
write,1.12,key_16,345,false
write,0.60,key_14,301,false
write,0.79,key_12,330,false
write,0.60,key_18,317,false
write,0.49,key_5,307,false
read,51.49,key_7,300,false
read,52.21,key_6,316,false
read,53.00,key_10,311,false
write,0.45,key_0,283,false
write,0.47,key_13,295,false
write,0.41,key_0,284,false
read,52.80,key_8,334,false
read,52.03,key_17,281,false
read,52.08,key_9,305,false
read,53.25,key_0,281,true
read,51.64,key_14,301,false
read,52.03,key_16,345,false
read,52.06,key_11,317,false
read,52.16,key_12,330,false
read,52.28,key_6,316,false
read,52.06,key_15,300,false
