type,latency_ms,key,version,stale
read,60.13,key_9,1,false
read,60.26,key_13,3,false
read,60.14,key_13,3,false
read,60.22,key_10,4,false
read,62.03,key_3,1,false
read,62.22,key_0,1,false
read,63.08,key_6,4,false
read,65.12,key_7,1,false
read,65.12,key_12,2,false
read,57.78,key_4,4,false
read,54.84,key_7,1,false
read,55.92,key_9,1,false
read,52.86,key_16,5,false
read,55.95,key_13,3,false
read,57.78,key_11,2,false
read,57.94,key_7,1,false
read,57.96,key_1,1,false
read,53.01,key_9,1,false
read,53.69,key_1,1,false
read,53.55,key_9,2,false
read,53.75,key_11,2,false
read,53.78,key_15,3,false
read,53.70,key_16,5,false
read,53.73,key_18,7,false
read,57.13,key_0,1,false
read,53.34,key_11,2,false
read,53.34,key_9,1,false
read,53.34,key_5,2,false
read,55.51,key_17,2,false
read,56.42,key_3,1,false
read,53.49,key_2,1,false
read,53.56,key_7,1,false
read,53.64,key_14,2,false
read,52.02,key_0,1,false
read,61.49,key_11,3,false
write,312.42,key_8,4,false
read,54.68,key_8,4,false
read,54.79,key_13,3,false
read,54.73,key_8,4,false
read,54.21,key_15,3,false
read,52.83,key_1,1,false
read,54.78,key_11,2,false
read,53.75,key_16,5,false
read,53.76,key_11,3,false
read,53.67,key_15,3,false
read,53.74,key_16,5,false
read,52.31,key_7,1,false
read,54.75,key_18,7,false
write,307.47,key_9,2,false
write,308.33,key_11,3,false
read,52.10,key_1,2,false
read,52.14,key_9,2,false
read,51.80,key_10,4,false
read,53.94,key_14,3,false
write,307.62,key_19,4,false
write,307.89,key_1,2,false
read,59.58,key_17,2,false
read,55.81,key_1,2,false
read,52.33,key_12,2,false
read,55.08,key_19,4,false
read,54.85,key_4,5,false
read,55.09,key_12,2,false
read,57.38,key_7,1,false
read,52.72,key_19,4,false
read,51.63,key_18,7,false
read,53.12,key_17,2,false
read,53.06,key_19,4,false
read,52.96,key_5,2,false
read,53.04,key_6,4,false
read,57.70,key_9,2,false
read,51.97,key_9,2,false
read,52.62,key_8,4,false
read,52.66,key_18,7,false
read,54.03,key_17,2,false
read,54.09,key_6,4,false
read,53.05,key_17,2,false
read,57.19,key_9,2,false
write,304.08,key_14,3,false
write,304.17,key_11,4,false
read,53.61,key_7,1,false
read,51.54,key_4,4,false
read,56.27,key_0,1,false
read,53.70,key_15,3,false
read,52.56,key_4,5,false
read,55.50,key_2,1,false
write,303.77,key_13,4,false
read,54.52,key_1,2,false
read,51.91,key_13,4,false
read,51.89,key_14,3,false
write,307.94,key_4,5,false
read,51.83,key_9,2,false
read,51.02,key_14,3,false
read,57.01,key_16,5,false
read,51.78,key_5,2,false
read,55.45,key_1,2,false
read,51.85,key_4,5,false
read,51.88,key_1,2,false
read,53.25,key_11,4,false
read,53.30,key_0,1,false
read,54.32,key_7,1,false
read,55.01,key_17,2,false
read,56.36,key_9,2,false
read,55.27,key_17,2,false
read,53.97,key_11,4,false
read,51.77,key_15,3,false
read,51.85,key_6,4,false
read,51.82,key_9,2,false
read,51.77,key_16,5,false
read,52.55,key_12,2,false
read,54.72,key_6,4,false
read,52.08,key_8,4,false
read,52.05,key_11,4,false
read,53.56,key_6,4,false
read,55.08,key_10,5,false
read,56.61,key_11,4,false
read,52.06,key_17,2,false
read,52.15,key_3,1,false
read,52.15,key_9,2,false
read,53.92,key_14,3,false
write,305.94,key_10,5,false
read,53.61,key_0,2,false
read,53.59,key_3,1,false
read,52.57,key_17,2,false
read,53.33,key_14,3,false
read,52.34,key_0,1,false
read,52.31,key_8,4,false
read,52.13,key_4,5,false
read,58.83,key_3,1,false
write,310.55,key_18,8,false
read,54.68,key_7,2,false
write,312.69,key_16,6,false
read,55.36,key_18,8,false
read,51.68,key_8,4,false
write,309.00,key_0,2,false
write,306.91,key_9,3,false
read,53.87,key_2,1,false
read,53.99,key_18,8,false
read,53.17,key_15,3,false
read,53.36,key_12,2,false
read,60.45,key_0,2,false
read,61.62,key_4,5,false
read,53.91,key_7,1,false
read,54.54,key_8,4,false
read,55.61,key_9,3,false
read,55.69,key_7,2,false
read,55.82,key_13,4,false
read,55.80,key_3,1,false
read,55.88,key_6,4,false
read,51.74,key_0,2,false
write,309.15,key_9,4,false
read,53.80,key_19,4,false
read,52.74,key_10,5,false
read,55.71,key_6,4,false
read,56.84,key_0,2,false
read,51.68,key_14,3,false
write,309.08,key_7,2,false
read,53.70,key_5,2,false
read,59.95,key_11,4,false
read,52.60,key_17,2,false
read,52.62,key_5,2,false
read,53.32,key_9,4,false
read,52.43,key_3,1,false
read,52.87,key_3,1,false
read,52.87,key_6,4,false
read,56.56,key_13,4,false
read,53.53,key_6,4,false
read,52.48,key_8,4,false
read,52.34,key_10,5,false
read,53.75,key_3,1,false
read,54.04,key_0,2,false
read,54.07,key_18,8,false
read,53.06,key_10,5,false
write,305.07,key_19,5,false
read,52.49,key_16,6,false
read,52.81,key_12,2,false
read,53.60,key_19,5,false
read,53.65,key_18,9,false
write,305.69,key_18,9,false
read,55.10,key_11,4,false
read,54.30,key_17,3,false
write,308.03,key_4,6,false
read,52.91,key_17,3,false
read,53.41,key_7,2,false
read,53.19,key_9,4,false
read,53.14,key_7,2,false
read,52.98,key_12,2,false
read,56.72,key_3,1,false
write,307.46,key_17,3,false
read,51.47,key_16,6,false
read,51.83,key_1,2,false
read,54.38,key_11,4,false
read,52.12,key_9,4,false
read,57.93,key_8,4,false
read,51.84,key_17,4,false
read,51.78,key_7,2,false
read,52.29,key_4,6,false
write,303.77,key_2,2,false
read,52.64,key_4,6,false
read,53.07,key_3,1,false
read,55.14,key_10,5,false
read,52.26,key_3,1,false
read,52.68,key_1,2,false
read,53.70,key_3,1,false
read,55.18,key_19,5,false
write,305.15,key_5,3,false
read,52.69,key_12,2,false
read,53.46,key_10,5,false
read,53.46,key_11,4,false
read,53.12,key_14,4,false
write,305.86,key_14,4,false
read,53.04,key_9,4,false
read,53.64,key_19,5,false
read,52.65,key_16,6,false
read,54.46,key_10,5,false
read,54.48,key_4,6,false
read,56.43,key_6,4,false
read,52.07,key_10,5,false
read,57.86,key_16,6,false
read,58.40,key_1,2,false
read,52.51,key_1,2,false
read,52.51,key_17,4,false
read,56.67,key_15,3,false
read,55.20,key_3,1,false
read,52.19,key_0,2,false
write,305.39,key_17,4,false
read,52.42,key_8,4,false
read,52.37,key_11,4,false
read,52.45,key_0,2,false
read,56.28,key_18,9,false
read,52.05,key_17,4,false
read,51.73,key_0,2,false
read,52.79,key_13,4,false
write,303.89,key_5,4,false
read,56.16,key_7,2,false
read,52.22,key_1,2,false
read,52.36,key_12,2,false
read,52.66,key_17,4,false
read,51.93,key_14,4,false
read,51.89,key_12,2,false
read,52.02,key_1,2,false
read,53.12,key_18,9,false
read,57.29,key_4,6,false
read,55.87,key_15,3,false
write,304.87,key_2,3,false
read,52.06,key_5,4,false
read,55.10,key_7,2,false
read,51.92,key_12,2,false
read,51.95,key_14,4,false
read,51.88,key_8,4,false
read,51.93,key_16,6,false
read,53.63,key_12,2,false
read,53.15,key_7,2,false
read,53.07,key_8,4,false
read,55.40,key_14,4,false
read,53.88,key_17,4,false
read,51.96,key_11,4,false
read,51.72,key_8,4,false
read,51.79,key_9,4,false
read,65.13,key_15,3,false
read,63.82,key_9,4,false
read,55.18,key_13,4,false
read,52.67,key_16,6,false
read,53.21,key_15,3,false
read,53.69,key_5,4,false
read,51.94,key_7,2,false
read,52.15,key_5,4,false
read,53.05,key_12,2,false
read,53.05,key_7,2,false
read,53.23,key_16,6,false
read,52.90,key_12,2,false
read,51.76,key_14,4,false
read,52.31,key_13,4,false
read,56.35,key_4,7,false
read,56.91,key_2,3,false
read,56.95,key_4,6,false
read,52.29,key_5,4,false
read,54.11,key_11,4,false
read,51.86,key_14,4,false
read,53.64,key_8,4,false
read,51.83,key_15,3,false
read,53.86,key_11,4,false
read,52.59,key_5,4,false
read,54.01,key_10,5,false
write,304.43,key_3,2,false
write,306.18,key_4,7,false
read,52.60,key_11,4,false
read,54.97,key_7,2,false
read,54.80,key_9,4,false
read,56.79,key_16,6,false
read,53.85,key_3,2,false
read,52.22,key_17,4,false
read,57.94,key_9,4,false
read,53.43,key_8,5,false
read,54.66,key_10,5,false
read,53.29,key_4,7,false
read,56.41,key_1,2,false
read,54.95,key_3,2,false
read,51.98,key_1,2,false
write,307.22,key_18,10,false
write,308.28,key_5,5,false
read,52.19,key_18,10,false
read,52.38,key_17,4,false
read,51.83,key_1,2,false
read,52.59,key_9,4,false
read,55.18,key_14,4,false
read,52.20,key_0,2,false
read,53.38,key_6,4,false
read,59.26,key_5,5,false
read,51.98,key_8,4,false
read,54.48,key_8,5,false
read,53.94,key_15,3,false
read,52.31,key_17,4,false
read,53.78,key_5,5,false
write,309.42,key_19,6,false
read,52.32,key_6,4,false
read,54.13,key_8,5,false
read,55.49,key_9,4,false
read,51.86,key_1,2,false
read,52.62,key_0,2,false
read,52.31,key_8,5,false
read,52.24,key_11,4,false
read,52.64,key_12,2,false
read,55.07,key_12,2,false
read,56.96,key_10,5,false
read,51.55,key_11,4,false
read,51.74,key_2,3,false
read,51.53,key_18,10,false
read,51.84,key_18,10,false
read,52.03,key_17,4,false
read,56.29,key_3,2,false
read,51.56,key_4,7,false
read,51.67,key_4,7,false
read,55.38,key_9,4,false
read,53.59,key_6,4,false
read,52.03,key_4,7,false
read,53.68,key_0,2,false
read,52.12,key_12,2,false
write,303.31,key_8,5,false
read,53.47,key_15,3,false
read,52.66,key_19,6,false
read,52.69,key_6,4,false
read,53.63,key_8,5,false
read,63.44,key_18,10,false
read,54.73,key_6,4,false
read,62.06,key_1,2,false
read,57.88,key_11,4,false
write,303.62,key_1,3,false
read,52.02,key_10,5,false
read,51.53,key_13,4,false
read,51.62,key_6,4,false
read,52.26,key_6,4,false
read,52.26,key_4,7,false
read,52.25,key_5,5,false
read,54.97,key_17,4,false
read,53.00,key_19,6,false
read,54.53,key_13,4,false
read,56.28,key_15,4,false
read,56.42,key_0,2,false
read,51.85,key_17,4,false
read,51.88,key_3,2,false
read,52.84,key_19,6,false
read,52.88,key_11,4,false
read,54.18,key_3,2,false
read,57.98,key_15,4,false
read,52.12,key_9,4,false
read,52.18,key_18,10,false
read,56.22,key_19,6,false
read,56.43,key_3,3,false
read,52.10,key_10,5,false
read,52.00,key_7,2,false
read,52.67,key_5,5,false
read,55.70,key_3,3,false
write,310.56,key_7,3,false
read,52.91,key_18,10,false
read,53.85,key_14,4,false
read,51.28,key_8,5,false
read,51.63,key_16,6,false
read,54.22,key_19,6,false
write,304.31,key_15,4,false
read,55.19,key_3,3,false
read,52.18,key_3,3,false
read,51.98,key_6,5,false
read,52.17,key_5,5,false
read,52.63,key_11,4,false
read,52.46,key_5,5,false
write,305.07,key_6,5,false
read,52.68,key_16,6,false
read,54.77,key_18,10,false
read,54.53,key_13,4,false
read,51.93,key_8,5,false
read,57.66,key_13,4,false
write,313.71,key_3,3,false
read,51.62,key_2,3,false
read,51.63,key_5,5,false
read,51.75,key_3,4,false
read,52.76,key_2,3,false
read,53.11,key_6,6,false
read,53.07,key_16,6,false
read,53.82,key_8,5,false
read,56.21,key_15,4,false
read,52.25,key_3,4,false
read,52.32,key_17,4,false
write,316.36,key_0,3,false
write,316.43,key_11,5,false
read,52.82,key_3,3,false
read,52.72,key_14,4,false
read,52.02,key_8,5,false
read,52.86,key_12,2,false
read,52.85,key_2,3,false
read,53.00,key_4,7,false
read,54.22,key_0,3,false
read,54.16,key_11,5,false
read,54.22,key_4,7,false
read,51.47,key_11,5,false
read,53.31,key_17,4,false
read,55.90,key_4,7,false
read,54.29,key_15,4,false
read,53.94,key_3,4,false
read,55.74,key_12,2,false
read,55.79,key_1,3,false
read,52.82,key_19,6,false
read,52.17,key_9,4,false
write,306.17,key_3,4,false
write,303.71,key_6,6,false
read,55.17,key_13,4,false
read,55.33,key_6,6,false
read,55.21,key_11,5,false
read,51.81,key_12,2,false
read,51.54,key_7,3,false
read,51.56,key_3,4,false
read,54.35,key_14,4,false
read,54.47,key_0,4,false
read,62.00,key_14,4,false
read,56.59,key_19,6,false
read,52.71,key_3,4,false
read,57.50,key_17,4,false
read,57.55,key_19,6,false
read,57.71,key_15,5,false
read,55.54,key_13,4,false
read,53.25,key_15,5,false
write,302.39,key_10,6,false
write,307.41,key_2,4,false
read,53.64,key_12,2,false
read,53.71,key_13,4,false
read,53.87,key_9,4,false
read,53.88,key_16,6,false
read,52.13,key_18,10,false
read,51.89,key_10,6,false
read,57.62,key_1,3,false
read,52.83,key_9,4,false
read,53.12,key_11,5,false
read,53.98,key_10,7,false
read,56.90,key_10,7,false
read,53.15,key_1,3,false
write,310.30,key_0,4,false
read,55.93,key_14,4,false
read,56.28,key_12,2,false
read,55.19,key_13,5,false
read,52.29,key_6,6,false
read,52.29,key_9,4,false
read,53.70,key_2,4,false
write,305.67,key_15,5,false
write,307.27,key_10,7,false
read,52.39,key_7,3,false
read,52.67,key_18,10,false
read,52.76,key_9,4,false
read,52.33,key_15,5,false
read,52.63,key_11,5,false
read,54.13,key_13,6,false
read,51.98,key_2,4,false
read,57.16,key_13,6,false
read,53.12,key_4,7,false
read,53.49,key_6,6,false
read,55.08,key_6,6,false
read,51.91,key_15,5,false
read,53.53,key_12,2,false
read,52.85,key_7,3,false
read,55.07,key_0,4,false
read,55.40,key_17,4,false
read,58.28,key_7,3,false
read,51.75,key_6,6,false
read,51.97,key_15,5,false
write,303.40,key_13,5,false
read,53.13,key_14,4,false
read,51.70,key_5,5,false
read,51.87,key_18,10,false
read,58.80,key_15,5,false
read,56.19,key_7,3,false
write,307.58,key_3,5,false
read,52.57,key_6,6,false
read,56.40,key_2,4,false
read,51.68,key_12,2,false
read,51.99,key_16,6,false
read,52.88,key_11,5,false
read,51.21,key_9,4,false
read,52.37,key_13,6,false
read,54.44,key_2,4,false
read,52.59,key_9,4,false
read,56.10,key_19,6,false
read,55.43,key_8,5,false
read,54.98,key_17,4,false
read,52.00,key_3,5,false
read,52.22,key_8,5,false
read,51.75,key_4,7,false
read,53.44,key_2,4,false
read,53.38,key_5,5,false
read,56.11,key_19,6,false
read,52.68,key_18,10,false
read,52.38,key_17,4,false
read,52.81,key_15,5,false
write,303.87,key_13,6,false
read,55.42,key_19,6,false
write,306.59,key_10,8,false
read,51.86,key_4,7,false
read,51.84,key_10,8,false
read,52.78,key_18,10,false
read,51.17,key_0,4,false
read,52.82,key_16,6,false
read,52.88,key_7,3,false
read,52.32,key_15,5,false
read,65.86,key_0,4,false
read,53.49,key_17,4,false
read,58.84,key_14,4,false
read,58.83,key_6,6,false
read,53.48,key_16,6,false
read,52.71,key_1,3,false
read,55.88,key_18,10,false
read,52.67,key_11,5,false
read,54.12,key_4,7,false
read,54.16,key_4,7,false
read,54.01,key_1,3,false
read,54.12,key_15,5,false
read,56.93,key_3,5,false
read,52.84,key_14,4,false
read,55.70,key_8,5,false
read,52.90,key_8,5,false
read,54.85,key_5,5,false
read,52.21,key_13,6,false
read,55.09,key_4,7,false
read,55.17,key_18,10,false
read,55.17,key_15,5,false
read,52.38,key_2,5,false
read,54.51,key_9,4,false
read,51.63,key_17,4,false
write,307.67,key_11,6,false
read,56.06,key_9,4,false
read,56.16,key_13,6,false
read,56.12,key_0,4,false
read,56.12,key_1,3,false
read,55.11,key_10,8,false
read,52.55,key_18,10,false
read,51.90,key_15,5,false
write,309.91,key_2,5,false
read,52.27,key_2,5,false
read,52.35,key_0,4,false
read,53.15,key_4,7,false
read,54.64,key_18,10,false
read,60.50,key_18,10,false
read,55.32,key_6,6,false
read,52.12,key_13,6,false
read,53.42,key_3,5,false
read,53.39,key_11,6,false
read,54.20,key_6,6,false
read,51.92,key_6,6,false
read,52.31,key_5,5,false
read,53.55,key_5,5,false
read,56.26,key_4,7,false
read,52.45,key_3,5,false
read,54.00,key_12,2,false
read,51.86,key_5,5,false
read,52.04,key_5,5,false
read,56.37,key_11,6,false
read,56.45,key_12,2,false
read,55.20,key_19,7,false
read,51.96,key_7,3,false
read,52.01,key_4,7,false
read,52.29,key_13,6,false
write,304.31,key_1,4,false
read,52.89,key_6,6,false
read,53.90,key_0,5,false
read,52.52,key_8,5,false
read,56.70,key_7,3,false
read,51.92,key_12,2,false
read,54.16,key_9,4,false
write,306.35,key_10,9,false
read,52.69,key_8,5,false
read,52.69,key_1,4,false
read,53.12,key_15,5,false
read,51.79,key_3,5,false
read,52.58,key_0,5,false
read,53.66,key_10,9,false
write,306.84,key_16,7,false
read,56.30,key_4,7,false
read,52.76,key_7,5,false
read,55.00,key_6,6,false
write,304.35,key_19,7,false
write,307.07,key_0,5,false
read,53.56,key_15,5,false
read,58.60,key_8,5,false
read,52.69,key_15,5,false
read,52.78,key_10,9,false
read,56.63,key_5,5,false
read,53.89,key_3,5,false
read,60.35,key_18,10,false
read,57.32,key_9,4,false
read,57.38,key_5,5,false
read,52.24,key_16,7,false
read,51.87,key_2,5,false
read,53.81,key_5,5,false
read,53.78,key_16,7,false
read,52.53,key_6,6,false
read,51.70,key_3,5,false
read,51.85,key_6,6,false
read,51.79,key_13,6,false
read,53.35,key_14,5,false
read,54.49,key_9,4,false
read,52.25,key_19,7,false
read,52.27,key_3,5,false
read,54.74,key_10,9,false
read,52.10,key_15,5,false
write,303.64,key_14,5,false
write,305.73,key_7,4,false
read,56.34,key_12,2,false
read,56.13,key_16,7,false
read,56.31,key_0,5,false
read,51.87,key_12,3,false
read,55.25,key_9,4,false
write,307.82,key_7,5,false
read,55.21,key_9,4,false
read,53.15,key_4,7,false
read,53.15,key_16,7,false
read,55.59,key_14,5,false
read,51.57,key_9,4,false
read,55.79,key_1,4,false
read,52.07,key_7,5,false
read,52.79,key_5,5,false
read,54.25,key_14,5,false
read,56.69,key_0,5,false
read,52.63,key_16,7,false
read,51.25,key_14,5,false
read,51.32,key_4,7,false
read,51.98,key_14,5,false
read,52.09,key_8,5,false
read,54.07,key_11,6,false
read,55.46,key_10,9,false
read,51.71,key_8,5,false
read,53.46,key_2,5,false
read,57.42,key_18,11,false
write,316.08,key_18,11,false
read,55.67,key_5,5,false
read,52.68,key_2,5,false
write,302.74,key_12,3,false
read,52.19,key_8,5,false
read,52.16,key_9,4,false
write,317.04,key_17,5,false
read,53.01,key_9,4,false
read,53.70,key_12,3,false
read,53.86,key_9,4,false
read,52.34,key_17,5,false
read,52.94,key_4,8,false
read,55.83,key_5,5,false
read,52.34,key_2,5,false
read,52.72,key_9,4,false
read,52.78,key_17,5,false
read,53.06,key_18,11,false
read,51.51,key_0,5,false
write,307.97,key_7,6,false
read,58.32,key_5,5,false
read,51.98,key_14,5,false
read,54.34,key_5,5,false
read,54.47,key_17,5,false
read,52.46,key_7,6,false
read,52.87,key_10,9,false
read,53.38,key_18,11,false
read,53.48,key_11,7,false
read,53.45,key_12,4,false
read,52.80,key_9,4,false
write,306.10,key_11,7,false
read,52.23,key_2,5,false
read,53.75,key_5,5,false
read,53.71,key_8,5,false
read,54.59,key_10,9,false
read,53.13,key_17,5,false
read,54.92,key_18,11,false
write,310.72,key_12,4,false
write,306.12,key_4,8,false
read,51.65,key_6,6,false
read,52.23,key_13,6,false
read,52.65,key_16,7,false
read,53.46,key_17,5,false
read,54.05,key_12,4,false
read,53.70,key_6,6,false
read,51.76,key_12,4,false
read,52.93,key_0,5,false
read,54.02,key_15,5,false
read,54.13,key_9,4,false
read,57.01,key_1,4,false
read,57.66,key_3,6,false
write,306.40,key_4,9,false
read,51.72,key_1,4,false
read,52.03,key_10,9,false
read,52.20,key_13,6,false
read,53.27,key_0,6,false
read,57.10,key_11,7,false
read,53.48,key_3,5,false
write,306.07,key_3,6,false
read,51.86,key_9,4,false
read,53.25,key_18,11,false
read,51.85,key_17,5,false
read,53.76,key_3,6,false
read,52.46,key_14,5,false
read,52.57,key_5,5,false
read,52.49,key_5,5,false
read,53.12,key_12,6,false
read,61.70,key_18,11,false
read,61.60,key_5,5,false
read,53.42,key_6,8,false
read,53.07,key_10,9,false
read,53.06,key_2,6,false
write,304.90,key_0,6,false
read,54.76,key_2,5,false
read,52.31,key_17,5,false
read,53.92,key_3,6,false
write,307.26,key_12,5,false
read,52.84,key_15,5,false
write,306.48,key_2,6,false
read,57.12,key_1,5,false
read,51.62,key_11,7,false
read,52.50,key_17,5,false
read,52.94,key_0,6,false
write,303.82,key_0,7,false
read,53.06,key_19,7,false
read,53.13,key_9,4,false
read,51.89,key_1,5,false
write,306.13,key_12,6,false
write,305.77,key_1,5,false
read,52.93,key_16,7,false
read,53.77,key_14,5,false
read,52.13,key_0,7,false
read,52.19,key_11,7,false
write,306.88,key_6,7,false
read,52.08,key_1,5,false
read,51.66,key_8,5,false
read,52.94,key_13,6,false
write,305.07,key_6,8,false
read,52.39,key_3,6,false
read,53.29,key_9,4,false
read,53.94,key_7,6,false
read,52.05,key_0,7,false
read,58.27,key_13,6,false
read,53.10,key_14,5,false
read,56.20,key_7,6,false
read,52.84,key_11,7,false
read,51.70,key_12,6,false
read,52.30,key_7,6,false
read,51.58,key_11,7,false
read,51.35,key_2,8,false
read,53.30,key_3,6,false
read,51.73,key_0,7,false
read,54.68,key_8,5,false
read,52.04,key_12,6,false
read,53.81,key_11,7,false
read,54.51,key_19,7,false
read,56.65,key_11,7,false
read,52.75,key_13,6,false
read,51.78,key_19,7,false
read,50.92,key_10,9,false
read,53.25,key_5,5,false
read,53.28,key_18,11,false
write,304.46,key_2,7,false
write,303.25,key_2,8,false
read,51.63,key_14,5,false
read,53.22,key_0,7,false
read,52.04,key_12,6,false
read,51.81,key_2,8,false
read,51.06,key_8,5,false
read,51.11,key_5,5,false
read,51.93,key_11,7,false
read,52.12,key_3,6,false
read,52.03,key_13,6,false
read,51.57,key_14,5,false
read,51.87,key_5,5,false
write,301.96,key_10,10,false
read,52.01,key_4,9,false
write,307.50,key_16,8,false
read,52.64,key_0,7,false
read,51.91,key_0,7,false
write,304.99,key_9,5,false
read,51.60,key_7,6,false
read,51.80,key_14,5,false
read,51.93,key_15,5,false
read,52.88,key_16,9,false
read,52.95,key_13,7,false
read,52.40,key_3,6,false
read,52.80,key_19,7,false
read,53.06,key_5,5,false
read,52.47,key_6,8,false
read,53.73,key_17,5,false
read,57.18,key_4,9,false
read,52.77,key_2,8,false
read,58.34,key_4,9,false
read,58.31,key_12,6,false
read,52.81,key_7,6,false
write,307.48,key_15,6,false
write,313.19,key_18,12,false
read,51.83,key_18,12,false
read,52.05,key_18,12,false
read,52.11,key_1,5,false
read,53.32,key_13,7,false
read,51.63,key_10,10,false
read,53.39,key_3,6,false
read,53.11,key_13,7,false
read,53.15,key_19,7,false
read,52.73,key_8,5,false
read,52.51,key_16,8,false
read,55.67,key_9,5,false
write,303.75,key_16,9,false
read,52.11,key_10,10,false
read,52.14,key_2,8,false
read,52.17,key_0,7,false
read,61.54,key_13,7,false
read,52.75,key_19,7,false
read,59.98,key_5,5,false
read,55.56,key_14,5,false
read,53.16,key_16,9,false
read,53.24,key_3,6,false
read,53.28,key_0,7,false
write,304.58,key_13,7,false
read,53.29,key_6,8,false
read,53.40,key_4,9,false
read,53.38,key_5,5,false
read,52.34,key_19,7,false
read,52.82,key_8,5,false
read,52.86,key_0,7,false
read,52.03,key_9,5,false
read,56.51,key_2,8,false
read,52.88,key_18,12,false
read,53.00,key_19,7,false
read,55.68,key_18,12,false
read,51.93,key_19,7,false
read,56.72,key_0,7,false
read,53.13,key_10,10,false
read,52.56,key_3,6,false
read,52.70,key_19,7,false
read,52.06,key_14,5,false
read,52.74,key_16,9,false
read,52.05,key_16,9,false
read,54.62,key_5,5,false
read,54.63,key_0,7,false
read,52.71,key_9,5,false
read,52.67,key_9,5,false
write,305.72,key_11,8,false
write,305.80,key_3,7,false
read,53.44,key_5,5,false
read,53.44,key_11,8,false
read,53.42,key_2,8,false
read,58.58,key_16,9,false
read,52.10,key_16,10,false
read,56.58,key_8,5,false
read,54.89,key_1,5,false
read,54.93,key_8,5,false
read,55.71,key_2,8,false
read,52.11,key_9,5,false
write,305.12,key_7,7,false
read,52.55,key_6,8,false
write,305.96,key_13,8,false
read,51.99,key_2,8,false
read,52.01,key_0,7,false
read,52.08,key_1,5,false
read,52.33,key_3,7,false
read,52.50,key_19,7,false
read,56.15,key_18,12,false
read,52.32,key_7,7,false
write,304.70,key_16,10,false
read,51.66,key_14,6,false
read,52.79,key_4,9,false
read,55.50,key_17,6,false
read,51.88,key_16,10,false
write,304.33,key_14,6,false
read,52.01,key_10,10,false
read,53.78,key_17,6,false
read,58.76,key_7,7,false
read,52.22,key_8,5,false
read,51.20,key_19,7,false
read,51.23,key_17,5,false
read,53.55,key_1,5,false
read,51.57,key_5,5,false
read,56.23,key_7,7,false
read,54.27,key_16,10,false
read,54.33,key_5,5,false
read,54.47,key_6,8,false
read,52.88,key_8,5,false
read,52.78,key_9,5,false
read,51.75,key_19,7,false
read,52.07,key_16,10,false
read,56.20,key_1,5,false
read,56.06,key_11,8,false
read,56.20,key_19,7,false
read,58.42,key_5,6,false
read,58.14,key_12,6,false
read,56.07,key_19,7,false
read,55.44,key_9,5,false
write,304.29,key_17,6,false
read,56.03,key_14,6,false
read,56.09,key_3,7,false
read,54.66,key_14,6,false
read,56.09,key_5,5,false
read,53.21,key_12,6,false
read,53.26,key_7,7,false
read,52.03,key_3,7,false
read,52.16,key_19,7,false
read,54.36,key_5,5,false
read,53.76,key_18,12,false
read,54.45,key_11,8,false
read,52.53,key_7,7,false
read,52.62,key_1,5,false
read,54.23,key_12,6,false
read,55.67,key_7,7,false
read,55.66,key_10,10,false
read,55.70,key_4,9,false
read,57.68,key_0,7,false
read,52.64,key_6,8,false
read,52.72,key_6,8,false
read,54.09,key_9,5,false
write,307.93,key_15,7,false
read,53.05,key_6,8,false
read,51.86,key_10,10,false
read,57.49,key_15,7,false
read,51.88,key_3,8,false
read,52.21,key_4,9,false
write,308.92,key_5,6,false
read,53.31,key_7,7,false
read,52.40,key_0,7,false
read,54.81,key_6,8,false
read,53.27,key_14,6,false
read,52.54,key_14,6,false
read,52.95,key_5,6,false
write,306.67,key_13,9,false
read,53.10,key_13,9,false
read,55.22,key_2,8,false
read,55.29,key_3,7,false
read,54.37,key_0,7,false
read,52.79,key_11,8,false
read,52.38,key_10,10,false
read,52.90,key_9,5,false
read,56.84,key_10,10,false
read,53.37,key_0,7,false
read,54.32,key_18,12,false
read,54.32,key_7,7,false
read,57.45,key_5,6,false
read,52.34,key_4,9,false
read,61.34,key_14,6,false
read,57.36,key_18,12,false
read,52.95,key_0,7,false
read,52.95,key_16,10,false
read,52.93,key_11,8,false
read,53.15,key_1,5,false
read,53.93,key_11,8,false
read,53.98,key_9,6,false
write,310.59,key_12,7,false
write,310.70,key_3,8,false
read,53.51,key_9,5,false
read,53.51,key_15,7,false
read,53.49,key_8,5,false
read,53.38,key_6,8,false
read,56.13,key_12,7,false
write,307.43,key_9,6,false
read,56.24,key_1,5,false
read,54.31,key_3,8,false
read,55.83,key_19,7,false
read,54.43,key_8,5,false
read,54.43,key_6,8,false
read,54.39,key_3,8,false
read,56.43,key_0,7,false
read,56.57,key_17,6,false
read,56.56,key_4,9,false
read,55.56,key_3,8,false
read,53.53,key_13,9,false
read,53.56,key_3,8,false
read,53.53,key_17,6,false
read,56.78,key_3,8,false
read,56.93,key_0,7,false
read,56.91,key_12,7,false
read,56.51,key_3,8,false
read,52.48,key_18,12,false
read,52.55,key_1,5,false
read,53.54,key_7,7,false
write,306.24,key_2,9,false
read,52.65,key_6,8,false
read,57.75,key_1,5,false
read,57.80,key_7,7,false
read,52.32,key_13,9,false
read,53.37,key_6,8,false
read,53.30,key_17,6,false
read,53.12,key_0,7,false
read,53.19,key_5,6,false
read,53.61,key_19,7,false
read,53.60,key_2,9,false
read,51.80,key_16,10,false
read,57.45,key_19,7,false
read,57.44,key_7,7,false
read,53.73,key_19,7,false
read,52.56,key_6,8,false
read,52.90,key_3,8,false
read,52.90,key_6,8,false
read,51.97,key_7,7,false
write,304.42,key_11,9,false
read,52.69,key_14,7,false
write,309.08,key_14,7,false
read,52.29,key_19,7,false
read,53.23,key_1,5,false
read,52.85,key_9,6,false
read,55.53,key_1,5,false
read,52.63,key_19,7,false
read,56.06,key_14,7,false
read,56.97,key_12,7,false
read,52.56,key_15,7,false
read,52.63,key_7,7,false
read,52.27,key_14,7,false
read,51.60,key_18,13,false
read,51.73,key_13,9,false
write,308.39,key_11,10,false
read,57.64,key_18,13,false
read,53.42,key_16,10,false
read,55.67,key_10,10,false
read,51.95,key_0,7,false
read,52.15,key_16,10,false
read,52.97,key_9,6,false
read,54.67,key_10,11,false
read,52.90,key_4,10,false
read,51.56,key_4,10,false
read,53.70,key_3,8,false
read,54.39,key_13,9,false
read,54.41,key_10,10,false
read,52.47,key_2,9,false
write,306.11,key_10,11,false
read,54.40,key_5,6,false
read,54.41,key_10,11,false
read,53.58,key_11,10,false
write,305.19,key_4,10,false
write,308.52,key_18,13,false
read,53.75,key_19,7,false
read,53.81,key_5,6,false
read,52.28,key_2,9,false
read,56.35,key_8,6,false
read,56.47,key_8,6,false
read,57.06,key_15,7,false
read,55.31,key_5,6,false
write,315.56,key_6,9,false
write,307.55,key_6,10,false
write,307.68,key_19,8,false
read,54.45,key_11,10,false
read,54.54,key_6,10,false
read,54.55,key_19,9,false
read,54.08,key_17,7,false
write,305.60,key_8,6,false
read,52.60,key_15,7,false
read,52.69,key_11,10,false
read,52.27,key_6,10,false
read,56.26,key_6,10,false
read,51.81,key_8,6,false
read,52.71,key_6,10,false
read,52.02,key_0,7,false
write,308.53,key_19,9,false
read,53.08,key_16,10,false
read,53.43,key_4,10,false
read,53.01,key_2,9,false
read,52.94,key_12,7,false
read,53.40,key_15,7,false
read,52.22,key_5,6,false
read,55.55,key_6,10,false
write,307.85,key_17,7,false
read,52.96,key_12,7,false
read,53.90,key_3,9,false
read,52.80,key_3,8,false
read,53.00,key_9,6,false
read,53.05,key_15,7,false
read,57.20,key_9,6,false
read,52.99,key_18,13,false
read,52.41,key_14,7,false
read,54.40,key_12,7,false
read,52.42,key_6,11,false
read,52.86,key_19,9,false
read,52.72,key_4,10,false
read,51.68,key_10,11,false
read,53.11,key_3,8,false
read,56.60,key_5,6,false
read,53.94,key_8,6,false
read,54.46,key_8,6,false
read,54.49,key_8,6,false
read,54.17,key_13,9,false
read,55.35,key_9,6,false
read,56.80,key_7,7,false
read,51.94,key_18,13,false
read,53.50,key_7,7,false
read,53.79,key_15,7,false
read,54.17,key_0,7,false
read,53.28,key_2,9,false
read,60.24,key_13,9,false
write,323.55,key_3,9,false
read,52.36,key_19,9,false
read,52.47,key_13,9,false
read,51.72,key_18,13,false
write,305.88,key_6,11,false
read,53.14,key_17,7,false
read,52.95,key_14,7,false
read,53.34,key_6,11,false
read,53.58,key_0,7,false
read,53.96,key_4,10,false
read,54.71,key_7,7,false
write,319.19,key_1,6,false
write,315.35,key_11,11,false
read,52.77,key_14,7,false
read,52.98,key_2,9,false
read,52.21,key_3,9,false
read,53.17,key_9,6,false
read,53.98,key_6,11,false
read,54.28,key_12,7,false
read,53.44,key_18,13,false
read,52.50,key_19,9,false
read,52.50,key_16,10,false
read,53.10,key_2,9,false
read,58.17,key_14,7,false
read,59.23,key_17,7,false
read,52.88,key_18,13,false
read,51.59,key_2,9,false
read,52.58,key_11,11,false
read,53.68,key_9,6,false
read,55.73,key_0,7,false
read,56.99,key_13,9,false
read,55.24,key_4,11,false
write,306.55,key_1,7,false
read,54.84,key_1,7,false
read,51.95,key_19,9,false
read,52.05,key_3,9,false
read,51.92,key_2,9,false
read,51.95,key_9,6,false
read,52.45,key_2,9,false
read,53.19,key_6,11,false
write,302.97,key_4,11,false
read,51.76,key_18,13,false
read,52.00,key_17,7,false
read,52.01,key_10,12,false
read,51.77,key_0,7,false
read,52.08,key_0,7,false
read,53.46,key_16,10,false
read,55.13,key_16,10,false
read,51.67,key_1,7,false
read,54.54,key_8,6,false
read,55.19,key_16,10,false
read,51.44,key_19,9,false
read,53.24,key_15,8,false
read,52.44,key_10,12,false
write,304.25,key_7,8,false
read,52.64,key_14,7,false
read,54.19,key_8,6,false
read,51.58,key_9,6,false
read,51.74,key_18,13,false
read,51.83,key_5,6,false
read,51.85,key_13,9,false
read,52.73,key_3,9,false
read,52.73,key_4,11,false
read,57.68,key_17,7,false
read,55.05,key_14,7,false
read,51.77,key_11,11,false
read,51.81,key_0,7,false
read,51.80,key_15,8,false
write,303.42,key_10,12,false
read,52.76,key_4,11,false
read,54.48,key_2,9,false
read,52.95,key_18,13,false
read,52.06,key_5,6,false
read,55.06,key_10,12,false
read,53.41,key_19,10,false
read,52.10,key_4,11,false
read,52.02,key_7,8,false
write,305.79,key_15,8,false
read,55.30,key_18,13,false
read,54.26,key_17,7,false
read,56.04,key_15,8,false
read,58.20,key_9,6,false
read,51.96,key_4,11,false
read,56.13,key_14,7,false
read,53.16,key_12,7,false
read,55.74,key_18,13,false
read,56.14,key_12,7,false
read,51.30,key_16,10,false
read,52.70,key_8,6,false
write,315.75,key_19,10,false
read,51.56,key_14,7,false
read,51.27,key_10,12,false
read,51.90,key_9,7,false
read,53.09,key_10,12,false
read,52.66,key_7,8,false
write,303.56,key_2,10,false
read,51.97,key_18,13,false
read,52.65,key_0,7,false
write,305.65,key_6,12,false
read,51.32,key_2,10,false
read,53.01,key_13,9,false
read,53.98,key_10,12,false
read,54.96,key_17,7,false
write,308.61,key_9,7,false
read,53.27,key_5,6,false
read,54.37,key_12,7,false
write,302.95,key_1,8,false
read,51.58,key_16,10,false
read,51.57,key_7,8,false
read,51.64,key_3,9,false
read,51.84,key_3,9,false
read,54.83,key_18,13,false
read,52.75,key_8,6,false
read,52.32,key_6,12,false
read,51.75,key_15,8,false
read,51.83,key_5,6,false
read,51.94,key_19,10,false
read,51.99,key_18,13,false
read,52.30,key_16,10,false
read,52.02,key_13,9,false
read,56.16,key_12,7,false
read,52.82,key_11,11,false
read,51.53,key_12,7,false
read,51.43,key_13,9,false
read,51.92,key_11,11,false
read,51.93,key_3,9,false
read,51.79,key_3,9,false
read,51.67,key_7,8,false
read,54.10,key_13,9,false
read,54.10,key_4,11,false
read,53.99,key_13,9,false
read,51.50,key_0,7,false
read,51.66,key_4,11,false
read,51.98,key_4,11,false
read,54.45,key_7,9,false
read,53.92,key_16,10,false
read,54.34,key_3,9,false
read,54.63,key_13,9,false
read,57.44,key_4,11,false
read,54.96,key_7,9,false
read,52.30,key_19,10,false
read,52.02,key_15,8,false
read,53.32,key_1,8,false
read,56.71,key_6,12,false
read,53.84,key_3,9,false
read,52.24,key_17,7,false
read,53.91,key_7,9,false
write,303.21,key_2,11,false
read,52.60,key_10,13,false
read,58.02,key_9,7,false
read,58.14,key_5,6,false
read,58.78,key_13,9,false
read,58.82,key_2,12,false
read,58.18,key_5,6,false
read,58.17,key_9,7,false
read,52.06,key_9,7,false
write,308.76,key_10,13,false
write,305.54,key_7,9,false
read,53.27,key_4,11,false
read,53.45,key_2,11,false
read,53.48,key_5,6,false
read,55.66,key_14,7,false
read,55.69,key_11,11,false
read,54.96,key_9,7,false
read,53.60,key_10,13,false
read,53.94,key_9,7,false
read,54.11,key_18,13,false
read,54.99,key_1,8,false
read,55.67,key_4,11,false
read,53.94,key_6,12,false
read,54.78,key_15,8,false
read,52.39,key_2,11,false
read,54.02,key_2,12,false
read,52.71,key_18,13,false
write,309.97,key_2,12,false
read,61.37,key_15,8,false
read,52.16,key_1,8,false
read,53.69,key_4,11,false
read,51.30,key_0,7,false
read,55.97,key_15,8,false
read,56.01,key_3,9,false
read,52.08,key_17,7,false
read,52.13,key_10,13,false
read,51.78,key_17,7,false
write,304.89,key_12,8,false
write,305.29,key_3,10,false
read,54.35,key_19,10,false
read,55.39,key_5,6,false
read,51.09,key_16,10,false
read,54.13,key_18,13,false
read,53.80,key_13,9,false
read,53.93,key_1,8,false
read,53.91,key_12,8,false
write,308.97,key_5,7,false
read,51.95,key_4,11,false
read,51.21,key_9,7,false
read,53.04,key_9,7,false
read,53.04,key_1,8,false
read,56.61,key_13,9,false
write,305.24,key_6,13,false
read,54.15,key_12,8,false
read,57.29,key_2,13,false
read,51.53,key_1,8,false
read,51.52,key_12,8,false
read,53.07,key_13,9,false
write,307.76,key_2,13,false
read,51.75,key_0,7,false
read,52.33,key_12,8,false
read,51.86,key_1,8,false
read,52.83,key_18,13,false
read,57.65,key_16,10,false
read,53.49,key_7,9,false
read,55.72,key_19,10,false
read,55.23,key_3,10,false
read,55.20,key_15,8,false
read,52.23,key_19,10,false
read,52.27,key_10,13,false
read,52.29,key_4,11,false
read,51.87,key_1,8,false
read,53.29,key_16,10,false
read,51.62,key_1,8,false
read,53.90,key_15,8,false
read,56.64,key_4,12,false
write,304.61,key_6,14,false
read,53.39,key_6,14,false
read,53.42,key_1,8,false
read,54.13,key_10,13,false
read,54.19,key_11,11,false
read,52.68,key_2,13,false
read,52.12,key_2,13,false
read,52.21,key_4,11,false
read,53.63,key_3,10,false
read,52.48,key_17,7,false
read,54.09,key_8,6,false
read,52.25,key_2,13,false
read,54.25,key_2,13,false
read,53.49,key_0,7,false
read,53.45,key_2,13,false
read,51.86,key_1,8,false
read,51.85,key_14,7,false
read,54.91,key_19,10,false
read,54.66,key_14,7,false
read,54.93,key_7,9,false
read,54.86,key_15,8,false
read,58.76,key_17,7,false
read,54.85,key_16,10,false
read,55.03,key_3,10,false
read,56.34,key_4,12,false
read,56.46,key_19,10,false
read,62.74,key_0,7,false
read,58.28,key_4,11,false
read,58.49,key_7,9,false
read,58.45,key_9,7,false
read,58.57,key_10,13,false
read,58.71,key_11,11,false
read,58.47,key_16,10,false
read,54.29,key_10,13,false
write,307.14,key_4,12,false
read,54.08,key_19,10,false
read,54.09,key_11,11,false
read,54.26,key_13,9,false
read,55.23,key_13,9,false
read,56.85,key_13,9,false
read,56.88,key_13,9,false
read,64.51,key_0,7,false
read,59.31,key_17,7,false
read,53.83,key_11,11,false
read,53.98,key_17,7,false
read,53.82,key_16,10,false
read,60.19,key_5,7,false
read,52.56,key_17,7,false
read,63.71,key_16,10,false
read,53.85,key_18,13,false
read,52.75,key_6,14,false
read,68.96,key_17,7,false
read,60.20,key_15,8,false
read,60.00,key_9,7,false
read,56.72,key_11,11,false
read,70.69,key_2,13,false
read,52.83,key_14,7,false
read,52.83,key_15,8,false
read,53.14,key_16,10,false
read,53.51,key_6,14,false
read,51.78,key_19,10,false
read,53.79,key_15,8,false
read,54.59,key_10,13,false
write,303.21,key_4,13,false
read,51.73,key_15,8,false
read,51.01,key_13,10,false
read,51.54,key_18,13,false
read,51.21,key_16,10,false
read,52.18,key_15,8,false
read,51.76,key_19,10,false
read,51.13,key_13,9,false
read,52.44,key_15,8,false
write,305.14,key_4,14,false
read,52.23,key_1,8,false
read,51.40,key_13,10,false
read,51.89,key_15,8,false
read,51.06,key_9,7,false
read,54.14,key_9,7,false
read,54.02,key_18,13,false
read,51.91,key_5,7,false
read,53.95,key_16,10,false
write,305.45,key_13,10,false
read,51.78,key_13,10,false
read,53.22,key_19,10,false
read,53.56,key_5,7,false
read,53.60,key_10,13,false
read,51.19,key_10,13,false
read,54.92,key_17,7,false
read,51.80,key_5,7,false
read,55.26,key_11,11,false
read,53.47,key_3,10,false
read,52.53,key_3,10,false
read,51.05,key_11,11,false
read,51.21,key_13,10,false
read,50.80,key_17,7,false
read,54.65,key_4,15,false
read,50.98,key_1,8,false
read,51.66,key_3,10,false
read,51.66,key_4,15,false
read,54.78,key_8,6,false
read,51.88,key_1,8,false
read,51.70,key_0,7,false
read,51.13,key_17,7,false
read,51.81,key_19,10,false
read,51.38,key_19,10,false
read,51.58,key_19,10,false
read,54.86,key_10,13,false
read,52.57,key_6,14,false
read,52.17,key_6,14,false
read,53.64,key_12,8,false
read,54.82,key_18,13,false
read,54.92,key_6,14,false
read,54.83,key_10,13,false
read,51.68,key_17,7,false
read,54.43,key_18,13,false
read,51.59,key_8,6,false
write,301.39,key_4,15,false
read,51.86,key_7,9,false
read,52.14,key_11,11,false
read,51.63,key_16,10,false
read,52.81,key_9,7,false
read,54.17,key_19,10,false
read,52.66,key_17,7,false
read,51.81,key_18,13,false
read,52.26,key_7,9,false
read,53.34,key_11,11,false
read,51.65,key_3,10,false
read,52.12,key_4,15,false
read,52.19,key_6,14,false
read,51.93,key_5,7,false
read,53.45,key_1,8,false
read,58.12,key_2,13,false
read,51.46,key_9,7,false
read,55.78,key_14,9,false
read,52.84,key_11,11,false
read,51.49,key_0,7,false
read,52.62,key_0,7,false
read,52.85,key_12,8,false
read,52.93,key_18,13,false
read,53.42,key_15,8,false
read,53.11,key_3,10,false
read,53.10,key_14,7,false
write,308.40,key_14,8,false
read,52.75,key_13,10,false
write,308.31,key_14,9,false
read,52.66,key_12,8,false
read,52.69,key_6,14,false
read,53.29,key_0,7,false
read,54.96,key_15,8,false
write,306.38,key_13,11,false
read,52.36,key_3,10,false
read,52.52,key_8,6,false
read,52.58,key_0,7,false
read,54.72,key_5,7,false
read,53.82,key_19,11,false
read,51.91,key_16,10,false
read,51.86,key_0,7,false
write,306.53,key_8,7,false
read,52.56,key_10,13,false
read,52.51,key_3,10,false
write,307.30,key_2,14,false
read,51.73,key_8,7,false
write,304.64,key_19,11,false
write,306.07,key_1,9,false
read,56.38,key_4,15,false
read,51.53,key_13,11,false
read,51.99,key_19,11,false
read,52.29,key_11,11,false
read,57.08,key_17,7,false
read,54.96,key_8,7,false
read,52.76,key_7,9,false
read,52.76,key_2,15,false
read,52.50,key_16,10,false
read,52.65,key_3,10,false
read,51.74,key_9,7,false
read,51.81,key_18,13,false
read,56.75,key_4,15,false
read,54.94,key_8,7,false
read,52.78,key_2,15,false
read,51.68,key_11,11,false
read,52.74,key_11,11,false
read,52.16,key_3,10,false
read,52.22,key_10,13,false
read,53.48,key_6,14,false
read,53.66,key_5,7,false
read,52.26,key_14,9,false
read,52.44,key_15,8,false
read,52.46,key_6,15,false
read,54.95,key_0,7,false
read,52.67,key_19,11,false
read,52.82,key_9,7,false
read,52.84,key_3,10,false
read,52.19,key_9,7,false
read,53.54,key_13,11,false
read,55.10,key_6,14,false
read,54.01,key_2,14,false
read,54.03,key_6,14,false
read,52.13,key_16,10,false
read,52.76,key_10,13,false
read,52.85,key_1,9,false
write,302.67,key_2,15,false
read,53.97,key_2,15,false
read,57.33,key_17,7,false
read,51.54,key_13,11,false
read,51.63,key_5,7,false
read,57.18,key_17,7,false
write,302.39,key_6,15,false
read,52.32,key_10,13,false
read,55.20,key_15,8,false
read,53.21,key_2,15,false
read,52.92,key_8,7,false
read,51.80,key_18,13,false
read,54.31,key_7,10,false
read,55.37,key_12,8,false
read,52.56,key_4,15,false
read,52.36,key_12,8,false
read,52.42,key_11,11,false
read,52.14,key_12,8,false
write,302.90,key_11,12,false
read,56.24,key_12,8,false
read,56.06,key_19,11,false
read,53.10,key_11,12,false
read,52.97,key_7,9,false
write,305.25,key_14,10,false
read,53.20,key_7,9,false
read,51.61,key_19,11,false
write,306.39,key_7,10,false
read,53.29,key_1,9,false
read,54.39,key_8,7,false
read,54.49,key_19,11,false
read,56.32,key_2,17,false
read,51.63,key_7,10,false
read,51.84,key_8,7,false
read,51.87,key_0,7,false
read,54.57,key_11,12,false
read,57.68,key_2,17,false
read,53.03,key_14,10,false
read,57.86,key_4,15,false
read,53.08,key_1,9,false
read,56.06,key_7,10,false
read,51.65,key_13,12,false
write,305.55,key_13,12,false
read,53.19,key_1,9,false
read,55.06,key_17,7,false
read,55.09,key_14,10,false
read,56.91,key_2,17,false
read,52.06,key_16,10,false
read,53.48,key_17,7,false
read,52.91,key_16,10,false
read,52.14,key_3,10,false
read,56.73,key_10,13,false
read,51.95,key_13,12,false
write,307.34,key_2,16,false
read,52.80,key_12,8,false
read,51.78,key_3,10,false
read,53.11,key_6,16,false
write,302.59,key_2,17,false
read,51.60,key_19,11,false
read,55.79,key_0,7,false
read,52.68,key_0,7,false
read,52.12,key_9,7,false
read,53.89,key_17,7,false
read,54.15,key_0,7,false
read,53.68,key_17,7,false
read,52.21,key_5,7,false
read,53.15,key_5,7,false
read,52.49,key_19,11,false
read,52.62,key_10,13,false
read,54.05,key_18,14,false
read,53.60,key_16,10,false
read,53.91,key_7,10,false
read,54.12,key_16,10,false
write,305.60,key_9,8,false
read,51.95,key_4,15,false
read,52.47,key_8,7,false
write,306.23,key_18,14,false
read,52.75,key_17,7,false
read,53.06,key_10,13,false
read,53.12,key_2,17,false
read,54.69,key_11,12,false
read,54.90,key_9,8,false
read,56.49,key_14,10,false
read,52.41,key_1,9,false
read,51.65,key_8,7,false
write,304.74,key_6,16,false
read,55.84,key_19,11,false
read,54.13,key_11,12,false
read,52.36,key_16,10,false
read,54.20,key_2,17,false
read,52.73,key_9,8,false
read,55.47,key_18,14,false
read,52.91,key_1,9,false
read,53.40,key_7,10,false
read,53.43,key_13,12,false
read,53.41,key_8,7,false
read,52.38,key_19,11,false
read,52.56,key_6,16,false
read,56.37,key_7,10,false
read,52.42,key_4,15,false
read,52.31,key_7,10,false
read,53.78,key_15,8,false
read,55.33,key_6,16,false
read,54.40,key_10,13,false
read,51.56,key_18,14,false
read,56.26,key_7,10,false
read,53.78,key_14,10,false
read,53.13,key_1,9,false
read,52.45,key_6,16,false
read,52.07,key_6,16,false
read,52.40,key_11,12,false
read,52.38,key_1,9,false
read,52.39,key_0,7,false
read,54.26,key_16,10,false
read,52.95,key_3,10,false
read,51.86,key_0,7,false
write,307.84,key_19,12,false
read,52.54,key_0,8,false
read,53.38,key_0,8,false
read,53.51,key_7,10,false
read,56.87,key_16,10,false
read,52.67,key_15,8,false
read,52.71,key_4,15,false
read,53.23,key_1,9,false
read,52.98,key_10,13,false
read,52.03,key_13,12,false
read,55.50,key_10,13,false
read,54.15,key_17,7,false
read,55.80,key_0,7,false
read,54.22,key_0,8,false
write,307.48,key_0,8,false
read,51.70,key_4,15,false
read,54.29,key_12,8,false
read,53.56,key_16,10,false
read,51.52,key_10,13,false
write,303.91,key_5,8,false
read,52.19,key_5,8,false
read,52.25,key_0,8,false
read,52.25,key_14,10,false
read,53.58,key_4,15,false
read,52.79,key_7,10,false
read,58.06,key_3,10,false
read,51.73,key_18,14,false
read,53.53,key_0,8,false
read,53.87,key_11,12,false
read,53.87,key_15,8,false
read,54.34,key_0,8,false
write,304.12,key_15,9,false
read,54.73,key_1,9,false
read,52.10,key_16,10,false
read,52.15,key_13,12,false
read,54.39,key_0,8,false
read,55.16,key_6,16,false
read,55.21,key_10,13,false
read,57.46,key_8,7,false
read,51.99,key_10,13,false
read,51.90,key_11,13,false
read,58.96,key_11,12,false
read,54.24,key_19,12,false
read,54.27,key_9,8,false
read,54.27,key_10,13,false
read,52.23,key_6,16,false
read,58.64,key_8,7,false
read,54.52,key_0,8,false
read,52.97,key_13,12,false
read,53.03,key_1,9,false
read,53.02,key_9,8,false
read,51.67,key_17,7,false
read,55.47,key_3,10,false
read,55.16,key_8,7,false
read,52.59,key_8,7,false
write,302.18,key_14,11,false
read,52.65,key_7,10,false
read,53.00,key_7,10,false
read,52.05,key_10,13,false
read,53.20,key_13,12,false
read,51.74,key_6,16,false
read,53.39,key_11,13,false
read,53.32,key_18,14,false
read,53.41,key_0,8,false
read,52.97,key_9,8,false
read,53.85,key_18,14,false
read,52.24,key_19,12,false
write,306.17,key_11,13,false
write,312.82,key_4,16,false
read,53.30,key_13,12,false
read,53.32,key_3,10,false
read,53.26,key_3,10,false
read,53.42,key_11,13,false
read,52.23,key_5,8,false
write,305.36,key_14,12,false
read,51.95,key_19,12,false
read,52.87,key_17,7,false
read,52.76,key_15,9,false
read,53.81,key_18,14,false
read,53.81,key_13,12,false
read,53.78,key_3,10,false
read,53.09,key_2,17,false
read,57.53,key_8,7,false
read,55.52,key_12,8,false
read,53.60,key_9,8,false
read,53.62,key_2,17,false
read,56.06,key_9,8,false
read,52.93,key_3,10,false
read,52.93,key_1,9,false
read,54.27,key_3,10,false
read,52.23,key_1,9,false
read,52.95,key_10,13,false
read,56.37,key_13,12,false
read,54.15,key_7,10,false
read,53.10,key_11,13,false
read,53.07,key_1,9,false
read,51.81,key_6,17,false
read,51.78,key_16,10,false
read,55.91,key_16,11,false
read,52.26,key_8,7,false
read,52.32,key_4,16,false
read,52.04,key_9,9,false
write,302.49,key_6,17,false
read,54.88,key_9,9,false
read,53.55,key_3,10,false
read,52.69,key_19,12,false
read,53.34,key_9,8,false
read,52.61,key_7,10,false
read,51.80,key_4,16,false
read,55.90,key_10,13,false
read,54.49,key_8,7,false
read,51.90,key_5,8,false
read,54.63,key_3,10,false
read,55.36,key_18,14,false
read,52.27,key_10,13,false
read,52.08,key_8,7,false
write,306.24,key_18,15,false
write,306.44,key_2,18,false
read,53.22,key_11,13,false
read,53.75,key_10,13,false
read,54.04,key_12,8,false
read,55.74,key_7,10,false
read,54.08,key_5,8,false
read,52.96,key_10,13,false
read,55.62,key_9,9,false
read,55.47,key_6,17,false
read,53.29,key_13,12,false
read,53.27,key_17,7,false
read,53.42,key_12,8,false
read,53.34,key_18,15,false
read,54.09,key_10,13,false
read,52.66,key_4,16,false
write,307.07,key_9,9,false
write,308.71,key_16,11,false
read,51.87,key_11,13,false
read,52.33,key_18,15,false
read,52.30,key_13,12,false
read,53.17,key_12,8,false
read,53.21,key_13,12,false
read,53.49,key_14,12,false
read,55.03,key_0,8,false
read,51.42,key_8,7,false
read,54.96,key_13,12,false
read,58.00,key_10,13,false
read,53.38,key_17,7,false
read,51.72,key_7,10,false
read,51.68,key_4,16,false
read,51.78,key_7,10,false
read,52.21,key_6,18,false
read,53.66,key_3,10,false
read,52.75,key_1,9,false
read,52.69,key_2,18,false
read,56.51,key_0,8,false
read,56.59,key_7,10,false
read,53.09,key_7,10,false
read,53.09,key_4,16,false
read,52.40,key_19,12,false
read,53.13,key_8,7,false
read,52.41,key_16,11,false
read,52.40,key_9,9,false
read,51.36,key_9,9,false
read,53.87,key_14,12,false
read,53.88,key_6,18,false
read,54.76,key_12,8,false
read,55.32,key_18,15,false
read,55.69,key_4,16,false
read,55.64,key_0,9,false
read,52.70,key_11,13,false
read,52.06,key_9,9,false
read,55.88,key_7,10,false
read,56.07,key_0,9,false
read,54.82,key_12,8,false
read,54.30,key_18,15,false
read,54.47,key_15,9,false
read,51.66,key_14,12,false
read,57.35,key_13,12,false
read,54.21,key_9,9,false
read,53.86,key_15,9,false
read,54.88,key_13,12,false
read,54.40,key_0,9,false
read,62.04,key_4,16,false
read,62.09,key_2,18,false
read,53.40,key_4,16,false
write,304.20,key_6,18,false
read,54.19,key_1,9,false
read,54.34,key_15,10,false
read,54.15,key_1,9,false
read,54.20,key_13,12,false
read,54.29,key_8,7,false
read,53.19,key_2,18,false
read,52.27,key_16,12,false
read,53.38,key_8,7,false
read,53.48,key_6,18,false
read,53.48,key_11,13,false
read,54.54,key_7,10,false
read,54.63,key_18,15,false
read,56.47,key_18,15,false
read,55.77,key_18,15,false
write,304.85,key_0,9,false
read,54.94,key_0,9,false
read,54.82,key_10,13,false
read,55.52,key_0,9,false
read,53.34,key_6,18,false
read,52.27,key_7,10,false
write,310.10,key_16,12,false
read,52.51,key_4,16,false
read,52.56,key_8,7,false
read,51.51,key_10,13,false
read,52.10,key_1,9,false
read,55.46,key_12,8,false
read,56.02,key_8,7,false
read,52.64,key_1,9,false
read,52.73,key_19,12,false
read,52.02,key_2,18,false
read,52.02,key_4,16,false
write,307.36,key_15,10,false
read,52.76,key_18,15,false
read,52.97,key_6,18,false
read,52.41,key_12,8,false
read,52.99,key_0,9,false
read,52.46,key_19,12,false
read,56.95,key_14,12,false
read,59.39,key_4,16,false
read,52.06,key_3,10,false
read,52.04,key_19,12,false
read,54.00,key_3,10,false
write,305.21,key_7,11,false
write,306.38,key_5,9,false
read,52.24,key_8,7,false
read,51.78,key_5,10,false
read,55.11,key_2,18,false
write,307.19,key_13,13,false
read,52.67,key_17,7,false
read,53.71,key_6,18,false
read,51.96,key_16,12,false
read,52.38,key_19,12,false
read,52.54,key_13,13,false
read,57.55,key_3,10,false
read,54.06,key_10,13,false
read,53.10,key_6,18,false
read,52.45,key_15,10,false
read,51.39,key_4,16,false
read,52.98,key_0,9,false
write,304.03,key_11,14,false
read,52.97,key_9,9,false
read,54.34,key_17,7,false
read,54.41,key_9,9,false
read,52.17,key_16,12,false
read,52.73,key_8,7,false
read,53.57,key_3,10,false
read,58.07,key_18,15,false
read,51.92,key_4,16,false
write,304.80,key_14,13,false
read,51.91,key_2,18,false
read,51.95,key_0,9,false
read,51.94,key_2,18,false
read,52.37,key_5,10,false
read,51.88,key_7,11,false
read,54.53,key_16,12,false
write,309.87,key_5,10,false
read,52.31,key_1,9,false
write,306.53,key_13,14,false
read,52.92,key_11,14,false
read,54.61,key_19,12,false
read,51.72,key_19,12,false
read,56.16,key_1,9,false
read,52.44,key_2,18,false
read,52.13,key_16,12,false
read,51.96,key_9,9,false
read,53.31,key_13,14,false
read,51.99,key_12,8,false
read,53.69,key_17,7,false
read,52.37,key_18,15,false
read,52.56,key_18,15,false
read,51.77,key_1,9,false
read,55.47,key_9,9,false
read,53.34,key_14,13,false
read,53.02,key_9,9,false
read,52.84,key_16,12,false
read,55.82,key_19,12,false
read,55.63,key_10,13,false
read,60.93,key_11,14,false
read,52.66,key_3,10,false
read,52.97,key_9,9,false
read,52.24,key_11,14,false
read,52.17,key_1,9,false
read,54.14,key_6,18,false
read,54.31,key_5,10,false
read,53.45,key_17,7,false
read,57.08,key_8,7,false
read,57.52,key_1,9,false
read,51.73,key_16,12,false
read,53.00,key_6,18,false
read,52.30,key_15,10,false
write,304.98,key_0,10,false
read,56.66,key_17,7,false
read,52.41,key_4,16,false
read,52.43,key_18,15,false
read,52.45,key_8,7,false
read,52.05,key_7,11,false
read,51.60,key_11,14,false
read,52.60,key_17,7,false
read,52.12,key_16,12,false
read,58.00,key_0,10,false
read,56.48,key_5,10,false
read,52.77,key_12,8,false
read,52.84,key_15,10,false
read,53.00,key_1,10,false
read,52.36,key_16,12,false
read,52.34,key_4,16,false
read,52.34,key_10,13,false
read,52.82,key_10,13,false
read,54.40,key_18,15,false
read,61.04,key_3,10,false
read,59.23,key_18,15,false
read,58.12,key_13,14,false
read,59.22,key_14,13,false
read,61.17,key_17,7,false
read,59.15,key_16,12,false
read,53.41,key_11,14,false
read,55.35,key_11,14,false
read,55.22,key_10,13,false
read,55.36,key_9,9,false
read,55.27,key_12,8,false
read,55.24,key_14,13,false
read,57.72,key_15,10,false
read,52.89,key_4,16,false
read,55.70,key_9,9,false
read,55.68,key_7,11,false
read,55.74,key_8,7,false
read,55.74,key_16,12,false
read,55.67,key_2,18,false
read,55.04,key_12,9,false
read,53.66,key_16,12,false
write,305.54,key_1,10,false
read,53.26,key_17,7,false
read,53.29,key_9,9,false
read,53.29,key_9,9,false
read,53.27,key_5,10,false
read,54.69,key_13,14,false
read,52.64,key_0,10,false
read,53.97,key_6,18,false
write,304.51,key_12,9,false
read,53.20,key_8,7,false
read,53.35,key_15,10,false
read,53.44,key_7,11,false
read,54.13,key_9,9,false
read,53.24,key_7,11,false
read,52.64,key_12,9,false
read,54.94,key_17,7,false
read,58.66,key_14,13,false
read,55.26,key_10,13,false
read,54.72,key_4,16,false
read,55.65,key_8,7,false
read,55.51,key_5,10,false
read,54.84,key_3,10,false
read,56.12,key_1,11,false
write,303.64,key_1,11,false
read,52.47,key_9,9,false
read,53.25,key_11,14,false
read,53.67,key_19,12,false
read,54.41,key_14,14,false
read,54.39,key_3,10,false
read,53.22,key_12,9,false
read,55.93,key_17,7,false
read,55.56,key_6,18,false
read,56.60,key_7,11,false
read,55.15,key_5,10,false
read,53.85,key_11,14,false
read,53.35,key_12,11,false
read,55.65,key_19,12,false
read,55.37,key_17,7,false
read,52.85,key_16,12,false
read,52.49,key_6,18,false
read,52.40,key_13,14,false
read,54.12,key_13,14,false
read,52.79,key_2,18,false
write,305.94,key_12,10,false
read,53.17,key_15,10,false
read,54.52,key_1,11,false
read,53.17,key_15,10,false
read,55.57,key_16,13,false
read,53.36,key_8,7,false
read,52.77,key_18,15,false
read,52.04,key_16,13,false
read,52.94,key_6,18,false
read,52.84,key_0,10,false
write,304.64,key_14,14,false
read,55.92,key_15,10,false
read,53.02,key_12,11,false
read,53.57,key_14,14,false
read,53.35,key_19,12,false
read,54.40,key_16,13,false
read,53.97,key_12,11,false
write,310.12,key_16,13,false
write,312.34,key_12,11,false
read,52.53,key_18,15,false
read,52.56,key_18,15,false
read,57.60,key_1,11,false
write,302.83,key_1,12,false
read,52.29,key_3,10,false
read,52.69,key_15,10,false
read,51.94,key_11,15,false
read,52.09,key_14,15,false
read,55.38,key_2,19,false
read,52.61,key_0,10,false
write,305.52,key_2,19,false
read,52.29,key_7,11,false
read,53.46,key_9,9,false
read,51.58,key_11,14,false
read,51.54,key_2,19,false
read,56.88,key_9,9,false
read,51.77,key_14,14,false
read,52.12,key_7,11,false
read,52.85,key_0,10,false
read,51.66,key_4,16,false
read,56.95,key_1,12,false
read,51.55,key_13,14,false
read,52.73,key_8,7,false
read,56.77,key_12,11,false
read,52.93,key_10,13,false
read,51.99,key_13,14,false
read,52.10,key_8,7,false
read,53.63,key_10,13,false
write,303.70,key_14,15,false
write,302.78,key_17,8,false
read,58.92,key_6,18,false
read,53.59,key_15,10,false
read,52.15,key_10,13,false
read,53.97,key_4,16,false
read,52.63,key_3,10,false
read,52.08,key_3,10,false
read,52.23,key_19,12,false
write,310.49,key_11,15,false
read,53.27,key_2,20,false
read,52.29,key_12,11,false
read,56.87,key_7,11,false
read,52.34,key_2,20,false
read,52.79,key_3,10,false
read,54.44,key_18,16,false
read,55.32,key_16,13,false
read,52.88,key_5,10,false
read,52.53,key_3,10,false
read,52.95,key_12,11,false
read,53.71,key_14,15,false
read,53.74,key_3,10,false
read,52.09,key_17,8,false
read,56.88,key_5,10,false
read,58.07,key_18,16,false
read,55.03,key_9,9,false
read,55.09,key_5,10,false
read,55.04,key_12,11,false
read,52.10,key_4,17,false
write,303.38,key_2,20,false
read,52.67,key_14,15,false
read,54.20,key_19,12,false
read,54.32,key_12,11,false
read,54.16,key_17,8,false
read,52.16,key_16,13,false
read,53.30,key_15,10,false
write,306.29,key_18,16,false
read,56.80,key_14,15,false
read,52.13,key_7,11,false
read,53.75,key_18,16,false
read,51.73,key_7,11,false
read,56.03,key_1,12,false
read,52.06,key_7,11,false
read,53.05,key_18,16,false
read,52.80,key_17,8,false
read,53.81,key_9,9,false
read,55.61,key_8,7,false
read,55.55,key_19,12,false
read,54.83,key_13,14,false
read,51.94,key_18,16,false
read,58.37,key_18,16,false
write,307.72,key_4,17,false
read,52.24,key_5,10,false
read,52.33,key_18,16,false
read,54.31,key_11,17,false
write,302.75,key_11,16,false
read,51.71,key_7,11,false
read,53.86,key_2,20,false
read,56.08,key_15,10,false
read,51.94,key_4,17,false
read,52.26,key_14,15,false
read,52.06,key_4,17,false
read,51.89,key_3,10,false
read,52.51,key_17,8,false
read,53.60,key_9,9,false
read,53.62,key_18,16,false
write,306.73,key_11,17,false
read,51.81,key_3,10,false
read,52.90,key_10,13,false
read,52.70,key_2,20,false
read,51.76,key_18,16,false
read,51.52,key_19,13,false
read,53.74,key_4,17,false
read,54.21,key_1,12,false
read,59.15,key_0,10,false
read,52.80,key_2,20,false
read,52.87,key_5,10,false
read,51.69,key_3,10,false
read,55.41,key_3,10,false
read,52.28,key_3,10,false
read,55.73,key_16,13,false
read,55.08,key_15,10,false
read,52.60,key_10,13,false
read,53.02,key_14,15,false
read,54.88,key_1,12,false
read,51.97,key_16,14,false
read,51.74,key_13,14,false
write,303.48,key_19,13,false
read,51.91,key_12,11,false
write,303.36,key_6,19,false
read,52.55,key_11,17,false
read,58.05,key_14,15,false
read,55.23,key_13,14,false
read,52.55,key_12,11,false
read,53.41,key_2,20,false
read,52.05,key_13,14,false
read,51.66,key_3,11,false
read,52.85,key_9,9,false
read,54.58,key_11,17,false
read,51.67,key_17,8,false
read,51.91,key_16,13,false
read,53.88,key_7,11,false
read,51.95,key_8,7,false
read,52.70,key_8,7,false
read,51.70,key_15,10,false
read,56.89,key_14,16,false
read,62.66,key_15,10,false
read,51.90,key_11,17,false
read,51.87,key_8,7,false
read,53.62,key_5,10,false
read,52.12,key_7,11,false
read,52.35,key_9,9,false
read,53.54,key_13,14,false
read,57.30,key_5,10,false
read,51.77,key_0,10,false
read,55.38,key_4,17,false
read,52.04,key_0,10,false
read,52.80,key_2,20,false
write,304.96,key_16,14,false
read,52.72,key_12,11,false
read,52.02,key_17,8,false
read,52.15,key_11,17,false
read,54.04,key_7,11,false
read,53.42,key_19,13,false
read,52.20,key_4,17,false
read,51.82,key_6,19,false
read,52.53,key_7,11,false
read,53.03,key_19,13,false
read,53.78,key_1,12,false
read,58.62,key_14,15,false
read,58.62,key_12,11,false
read,52.43,key_6,19,false
read,51.52,key_13,14,false
write,304.69,key_3,11,false
read,52.33,key_4,17,false
read,51.40,key_0,10,false
read,52.49,key_17,8,false
read,53.87,key_2,20,false
read,53.95,key_15,10,false
read,56.02,key_16,14,false
read,52.09,key_0,10,false
write,306.13,key_14,16,false
read,55.87,key_9,9,false
read,51.84,key_6,19,false
read,52.16,key_11,17,false
read,52.20,key_8,7,false
read,52.36,key_16,14,false
read,52.55,key_7,11,false
read,51.96,key_2,20,false
read,54.58,key_13,14,false
read,55.03,key_14,16,false
read,54.34,key_2,20,false
read,51.29,key_18,18,false
write,307.04,key_18,17,false
read,52.14,key_16,14,false
read,51.87,key_11,17,false
read,52.40,key_11,17,false
read,52.58,key_17,8,false
read,52.12,key_15,10,false
read,52.23,key_8,7,false
read,55.16,key_9,9,false
read,52.35,key_1,12,false
read,56.32,key_8,7,false
read,51.97,key_17,8,false
read,51.98,key_18,17,false
read,54.63,key_13,14,false
read,51.98,key_14,16,false
read,54.70,key_4,17,false
read,51.76,key_7,11,false
read,55.36,key_15,10,false
read,51.98,key_7,11,false
read,56.89,key_14,16,false
read,52.63,key_3,11,false
read,51.59,key_6,19,false
read,52.53,key_6,19,false
read,52.22,key_7,11,false
read,53.22,key_7,11,false
read,53.45,key_12,12,false
read,62.17,key_0,10,false
read,52.07,key_1,12,false
read,52.14,key_19,13,false
read,51.65,key_16,14,false
read,52.61,key_12,11,false
read,53.36,key_9,9,false
read,58.85,key_13,14,false
read,64.13,key_16,14,false
read,51.91,key_0,10,false
read,51.88,key_1,12,false
read,52.05,key_0,10,false
read,52.39,key_3,11,false
read,52.02,key_18,18,false
read,55.09,key_18,17,false
read,54.93,key_8,7,false
write,305.12,key_18,18,false
read,52.22,key_5,10,false
read,52.50,key_10,13,false
read,54.05,key_17,8,false
read,52.38,key_7,11,false
write,303.03,key_12,12,false
read,51.70,key_4,17,false
read,53.18,key_10,13,false
read,51.85,key_8,8,false
read,51.90,key_14,16,false
read,51.74,key_7,11,false
read,55.73,key_9,9,false
read,52.91,key_8,7,false
read,53.06,key_9,9,false
read,53.42,key_6,19,false
read,53.59,key_9,9,false
read,52.60,key_2,20,false
read,52.58,key_17,8,false
read,52.60,key_14,16,false
read,52.31,key_2,20,false
read,52.05,key_16,14,false
read,52.79,key_17,8,false
read,52.42,key_1,12,false
read,52.48,key_9,9,false
read,52.66,key_5,10,false
read,53.12,key_4,17,false
read,52.81,key_5,10,false
read,53.75,key_7,11,false
read,54.14,key_19,13,false
read,52.07,key_14,16,false
read,54.59,key_18,18,false
read,56.76,key_1,12,false
read,52.51,key_19,13,false
write,302.52,key_8,8,false
write,307.63,key_16,15,false
read,54.65,key_7,11,false
read,52.75,key_14,16,false
read,52.79,key_2,20,false
read,52.32,key_0,11,false
read,52.46,key_3,11,false
read,52.32,key_15,10,false
read,52.70,key_16,15,false
read,55.49,key_3,11,false
read,55.24,key_1,12,false
read,55.17,key_6,19,false
read,52.18,key_2,20,false
read,52.82,key_13,14,false
read,52.60,key_16,15,false
write,304.92,key_12,13,false
read,53.31,key_13,14,false
read,53.34,key_3,11,false
read,53.29,key_4,17,false
read,52.29,key_5,10,false
write,303.78,key_0,11,false
read,51.89,key_15,10,false
read,53.35,key_7,11,false
read,55.53,key_18,18,false
read,52.22,key_2,20,false
read,52.25,key_17,8,false
read,56.36,key_4,17,false
read,52.26,key_19,13,false
read,52.05,key_14,16,false
read,51.59,key_6,19,false
read,57.74,key_13,14,false
read,52.75,key_3,11,false
read,52.74,key_15,10,false
read,51.72,key_18,18,false
read,52.36,key_5,10,false
read,54.96,key_10,13,false
read,54.11,key_14,16,false
read,54.95,key_9,9,false
read,53.36,key_0,11,false
read,56.87,key_15,10,false
read,53.76,key_5,10,false
read,52.12,key_4,17,false
write,303.98,key_11,18,false
read,51.84,key_3,11,false
read,51.95,key_2,20,false
write,306.98,key_16,16,false
read,52.33,key_7,11,false
read,53.71,key_3,11,false
read,51.81,key_2,20,false
read,51.83,key_14,16,false
read,51.84,key_6,19,false
read,56.86,key_18,18,false
read,54.52,key_1,12,false
read,52.21,key_8,8,false
read,55.74,key_18,18,false
read,53.65,key_1,12,false
read,52.29,key_10,13,false
read,52.41,key_9,9,false
read,52.41,key_0,11,false
read,51.70,key_13,14,false
read,51.76,key_15,10,false
read,53.51,key_17,8,false
read,51.60,key_9,9,false
read,52.66,key_4,17,false
read,52.68,key_13,14,false
read,52.68,key_0,11,false
read,52.70,key_13,14,false
write,303.91,key_12,14,false
read,51.90,key_5,10,false
read,54.96,key_11,18,false
read,53.00,key_0,11,false
read,54.26,key_10,13,false
read,55.91,key_11,18,false
read,55.91,key_4,17,false
read,56.34,key_4,17,false
read,51.97,key_7,11,false
read,52.02,key_19,13,false
read,53.20,key_8,8,false
read,52.95,key_17,9,false
read,58.63,key_0,11,false
read,60.64,key_16,16,false
read,60.76,key_0,11,false
read,62.75,key_1,12,false
read,57.90,key_2,20,false
read,52.24,key_2,20,false
read,55.93,key_19,13,false
read,52.20,key_15,10,false
read,54.38,key_13,14,false
read,54.36,key_17,9,false
read,52.33,key_1,12,false
read,52.29,key_19,13,false
read,51.51,key_3,11,false
read,54.23,key_15,10,false
read,58.64,key_12,14,false
read,59.12,key_14,16,false
read,59.19,key_12,14,false
read,59.24,key_6,19,false
read,59.54,key_10,14,false
read,51.23,key_10,14,false
write,307.13,key_10,14,false
write,308.06,key_17,9,false
read,53.83,key_11,18,false
read,54.14,key_6,19,false
read,57.65,key_0,11,false
read,57.71,key_18,18,false
read,51.98,key_15,10,false
read,52.99,key_14,17,false
read,52.30,key_13,14,false
read,52.50,key_1,12,false
read,51.72,key_19,13,false
read,55.05,key_11,18,false
read,53.30,key_11,18,false
read,51.73,key_13,14,false
read,52.52,key_15,10,false
read,52.52,key_8,8,false
read,52.03,key_6,19,false
read,54.21,key_9,9,false
read,54.61,key_9,9,false
read,55.46,key_11,18,false
write,306.67,key_19,14,false
read,52.28,key_15,10,false
read,52.59,key_19,14,false
write,304.88,key_14,17,false
read,52.13,key_10,14,false
read,52.29,key_6,19,false
read,52.01,key_1,12,false
read,60.27,key_18,18,false
read,51.88,key_11,18,false
read,51.90,key_6,19,false
read,51.78,key_17,9,false
read,55.17,key_10,14,false
read,51.63,key_2,20,false
write,305.64,key_12,15,false
read,52.64,key_0,11,false
read,52.90,key_6,20,false
read,51.59,key_16,16,false
read,52.91,key_16,16,false
read,52.08,key_5,10,false
read,52.99,key_2,20,false
read,52.11,key_11,18,false
write,304.85,key_8,9,false
read,53.09,key_2,20,false
read,53.07,key_19,14,false
read,57.30,key_1,12,false
read,51.72,key_0,11,false
read,53.09,key_19,14,false
read,53.30,key_10,14,false
read,56.24,key_1,12,false
read,52.28,key_16,16,false
read,52.33,key_18,18,false
read,52.09,key_8,9,false
read,53.67,key_9,10,false
read,53.26,key_6,19,false
write,304.51,key_12,16,false
read,52.46,key_6,19,false
read,54.94,key_18,18,false
read,54.91,key_12,16,false
read,52.45,key_1,12,false
write,305.15,key_11,19,false
read,53.94,key_14,17,false
read,55.84,key_4,17,false
read,53.23,key_11,19,false
read,53.19,key_13,14,false
read,53.69,key_19,14,false
read,54.98,key_12,16,false
read,52.50,key_9,9,false
read,53.92,key_2,20,false
read,53.35,key_17,9,false
read,56.05,key_5,10,false
write,305.90,key_6,20,false
read,56.15,key_17,9,false
read,58.70,key_12,16,false
read,52.11,key_5,10,false
read,53.84,key_17,9,false
read,51.60,key_5,10,false
read,52.68,key_4,17,false
read,54.14,key_6,20,false
read,54.48,key_12,16,false
read,54.98,key_10,14,false
read,54.84,key_15,10,false
read,53.24,key_1,12,false
read,53.79,key_17,9,false
read,53.43,key_11,19,false
read,52.87,key_19,14,false
write,306.77,key_9,10,false
read,52.55,key_19,14,false
read,52.14,key_15,10,false
read,52.64,key_9,11,false
read,53.88,key_18,18,false
read,56.29,key_0,11,false
read,51.69,key_5,10,false
read,56.37,key_17,9,false
read,54.04,key_8,9,false
read,54.08,key_2,20,false
read,52.76,key_14,17,false
read,52.31,key_5,10,false
read,55.55,key_6,20,false
read,51.85,key_12,16,false
read,51.88,key_7,11,false
read,52.59,key_12,16,false
read,52.32,key_14,17,false
read,52.03,key_5,10,false
read,53.06,key_13,14,false
read,53.07,key_14,17,false
read,55.60,key_1,12,false
read,54.13,key_1,12,false
read,51.93,key_12,16,false
read,52.00,key_0,11,false
read,51.67,key_9,10,false
read,54.91,key_2,20,false
read,52.38,key_2,20,false
read,52.00,key_14,17,false
read,52.33,key_16,16,false
read,52.28,key_4,17,false
read,52.69,key_7,11,false
read,51.78,key_8,9,false
read,52.49,key_4,17,false
read,55.13,key_9,10,false
read,55.58,key_15,10,false
write,307.92,key_9,11,false
read,52.51,key_7,11,false
read,53.05,key_10,14,false
read,53.42,key_0,11,false
read,52.35,key_2,20,false
read,52.15,key_1,12,false
read,53.50,key_19,14,false
read,52.22,key_11,19,false
read,52.72,key_0,11,false
read,53.12,key_12,16,false
read,58.74,key_10,14,false
read,53.90,key_11,19,false
read,53.08,key_3,11,false
read,52.16,key_18,18,false
read,54.46,key_4,18,false
read,53.91,key_9,11,false
read,53.76,key_12,16,false
read,52.84,key_10,14,false
read,53.84,key_19,14,false
read,53.92,key_15,11,false
read,51.74,key_8,9,false
read,51.74,key_7,11,false
read,52.78,key_18,19,false
read,52.76,key_12,16,false
read,51.54,key_18,19,false
write,308.15,key_6,21,false
write,307.71,key_4,18,false
read,60.23,key_6,22,false
write,306.25,key_15,11,false
read,56.71,key_17,9,false
read,51.99,key_9,11,false
write,305.81,key_16,17,false
read,52.32,key_7,11,false
read,52.46,key_13,14,false
read,51.80,key_8,9,false
read,55.12,key_14,17,false
read,56.14,key_18,19,false
read,54.59,key_5,10,false
read,51.90,key_3,11,false
write,307.71,key_18,19,false
write,307.71,key_0,12,false
read,52.22,key_4,18,false
read,53.28,key_14,18,false
read,54.98,key_2,20,false
read,52.36,key_17,10,false
read,53.27,key_14,18,false
read,52.70,key_1,12,false
read,52.58,key_11,19,false
read,51.95,key_7,11,false
read,52.01,key_18,19,false
read,53.09,key_10,14,false
write,306.79,key_6,22,false
read,55.94,key_14,18,false
read,52.54,key_5,10,false
read,53.65,key_16,18,false
read,51.47,key_14,17,false
read,55.27,key_3,11,false
write,303.17,key_16,18,false
write,303.16,key_19,15,false
read,52.04,key_6,22,false
read,51.21,key_1,12,false
read,53.22,key_9,11,false
read,52.51,key_6,22,false
read,52.69,key_14,17,false
read,52.69,key_10,14,false
write,303.91,key_14,18,false
read,51.85,key_0,12,false
read,51.79,key_7,12,false
read,52.10,key_13,14,false
read,51.25,key_4,18,false
write,309.60,key_17,10,false
read,52.13,key_10,14,false
read,52.14,key_13,14,false
read,53.75,key_14,18,false
read,55.22,key_10,14,false
read,56.71,key_4,18,false
read,55.33,key_16,18,false
read,51.83,key_12,16,false
read,54.63,key_13,14,false
read,52.25,key_8,10,false
read,52.37,key_1,12,false
read,52.04,key_2,20,false
read,59.15,key_2,20,false
read,59.52,key_10,14,false
read,56.67,key_14,18,false
write,305.85,key_8,10,false
read,52.36,key_5,10,false
read,51.72,key_18,19,false
read,52.55,key_18,19,false
write,302.28,key_7,12,false
read,58.80,key_17,10,false
read,52.00,key_17,10,false
read,51.72,key_14,18,false
read,52.24,key_7,12,false
read,53.47,key_15,11,false
read,52.55,key_16,18,false
read,51.75,key_18,19,false
read,55.75,key_1,12,false
read,54.91,key_2,20,false
read,53.35,key_1,12,false
read,53.40,key_0,12,false
read,52.55,key_7,12,false
read,53.45,key_10,14,false
read,53.03,key_7,12,false
read,52.08,key_18,19,false
read,51.60,key_3,11,false
read,52.42,key_3,11,false
read,52.51,key_16,18,false
read,52.71,key_8,10,false
read,52.48,key_3,11,false
read,52.32,key_5,10,false
read,52.96,key_17,10,false
read,51.84,key_18,19,false
read,52.91,key_0,12,false
read,52.59,key_14,18,false
read,52.58,key_4,18,false
read,54.88,key_17,10,false
write,303.35,key_5,11,false
read,53.17,key_2,20,false
read,52.61,key_14,18,false
read,52.00,key_12,16,false
read,53.24,key_15,12,false
read,54.50,key_4,18,false
read,52.26,key_3,11,false
read,55.97,key_3,11,false
read,53.28,key_7,12,false
read,53.31,key_1,12,false
read,52.49,key_10,14,false
read,54.24,key_4,18,false
read,55.05,key_9,11,false
write,309.26,key_8,11,false
read,51.80,key_2,21,false
read,54.66,key_7,12,false
read,54.78,key_9,11,false
read,56.62,key_3,11,false
read,52.27,key_17,10,false
read,52.30,key_0,12,false
read,52.55,key_1,12,false
read,52.99,key_3,11,false
read,53.13,key_8,12,false
read,52.49,key_11,19,false
read,52.64,key_18,19,false
write,304.24,key_7,13,false
read,51.60,key_10,14,false
read,52.48,key_2,21,false
read,51.39,key_7,13,false
write,307.03,key_8,12,false
read,55.79,key_10,14,false
read,55.85,key_18,19,false
read,51.73,key_16,18,false
read,51.69,key_4,18,false
read,53.59,key_6,22,false
write,305.38,key_2,21,false
read,52.01,key_6,22,false
write,307.46,key_15,12,false
read,54.24,key_12,16,false
read,52.09,key_7,14,false
read,52.13,key_2,21,false
read,52.80,key_5,11,false
read,51.86,key_4,18,false
read,52.95,key_13,14,false
read,54.63,key_8,12,false
read,52.32,key_6,22,false
read,53.48,key_12,16,false
read,54.26,key_3,11,false
read,52.50,key_15,12,false
read,52.92,key_14,18,false
read,53.58,key_11,20,false
read,53.58,key_8,12,false
write,306.11,key_17,11,false
read,52.77,key_2,22,false
read,51.76,key_0,12,false
read,53.34,key_13,14,false
read,53.78,key_18,19,false
read,52.83,key_1,12,false
read,53.68,key_11,20,false
read,51.86,key_16,18,false
read,52.29,key_9,11,false
write,302.48,key_7,14,false
read,54.32,key_14,18,false
read,56.71,key_5,11,false
read,51.83,key_3,11,false
read,56.15,key_9,11,false
read,52.12,key_12,16,false
write,303.45,key_11,20,false
read,53.10,key_9,11,false
read,52.98,key_1,12,false
read,52.78,key_17,11,false
read,53.32,key_18,19,false
read,51.87,key_13,14,false
read,52.11,key_15,12,false
write,304.52,key_2,22,false
read,55.36,key_5,11,false
read,52.28,key_15,12,false
read,52.32,key_7,14,false
read,52.09,key_7,14,false
read,52.12,key_12,16,false
write,302.95,key_3,12,false
read,52.17,key_12,16,false
read,56.60,key_15,12,false
read,52.72,key_11,20,false
read,54.49,key_4,18,false
read,52.13,key_0,12,false
read,52.53,key_5,11,false
read,52.06,key_11,20,false
read,52.81,key_13,14,false
write,303.54,key_12,17,false
read,52.58,key_3,12,false
read,52.23,key_12,17,false
read,55.06,key_8,13,false
read,57.01,key_5,11,false
read,52.40,key_11,20,false
read,52.43,key_19,15,false
read,52.10,key_13,14,false
read,57.21,key_12,17,false
read,52.22,key_4,18,false
read,53.41,key_2,22,false
read,51.83,key_5,11,false
read,52.36,key_7,14,false
read,54.57,key_10,15,false
read,52.57,key_4,18,false
read,52.00,key_3,12,false
read,57.27,key_11,20,false
read,52.16,key_0,12,false
read,51.49,key_5,11,false
read,52.56,key_19,15,false
write,306.77,key_8,13,false
read,52.48,key_7,14,false
read,52.35,key_11,20,false
read,52.78,key_8,13,false
write,303.96,key_10,15,false
read,51.92,key_2,22,false
read,53.29,key_15,12,false
read,52.46,key_18,19,false
read,54.24,key_12,17,false
read,52.76,key_6,22,false
read,56.11,key_1,12,false
read,52.41,key_13,14,false
read,52.50,key_16,18,false
read,56.58,key_6,22,false
write,304.19,key_3,13,false
read,53.38,key_15,12,false
read,52.98,key_18,19,false
read,52.72,key_11,20,false
read,51.78,key_16,18,false
write,307.86,key_12,18,false
write,306.05,key_9,12,false
read,54.15,key_11,20,false
read,54.19,key_15,12,false
read,53.15,key_3,13,false
write,307.25,key_8,14,false
read,53.36,key_6,22,false
read,53.12,key_6,22,false
read,53.12,key_19,15,false
read,51.87,key_0,12,false
read,53.17,key_4,18,false
read,53.32,key_14,18,false
write,306.29,key_13,15,false
read,53.90,key_3,13,false
read,54.50,key_19,15,false
read,54.49,key_0,12,false
read,56.31,key_19,15,false
read,52.88,key_1,12,false
read,56.35,key_19,15,false
write,307.57,key_13,16,false
write,305.28,key_10,16,false
read,51.95,key_3,13,false
read,51.98,key_5,11,false
read,51.98,key_2,22,false
read,52.59,key_16,18,false
read,52.82,key_13,16,false
read,53.64,key_17,11,false
read,54.70,key_2,22,false
read,56.00,key_14,18,false
read,52.13,key_10,16,false
read,55.57,key_11,20,false
read,53.78,key_5,11,false
read,53.65,key_5,11,false
read,53.06,key_7,14,false
write,303.81,key_4,19,false
read,56.58,key_13,16,false
write,303.85,key_16,19,false
read,51.69,key_10,16,false
read,52.34,key_9,12,false
read,51.94,key_19,15,false
read,54.93,key_11,20,false
read,54.94,key_8,14,false
read,54.86,key_12,19,false
read,55.92,key_9,12,false
read,52.05,key_18,19,false
read,52.28,key_7,14,false
read,54.90,key_12,19,false
read,56.89,key_5,11,false
read,55.18,key_15,12,false
read,52.20,key_1,13,false
read,52.84,key_5,11,false
read,54.80,key_7,14,false
read,51.44,key_5,11,false
read,51.49,key_6,22,false
read,52.48,key_6,22,false
read,55.29,key_5,11,false
read,57.34,key_2,22,false
read,52.43,key_6,22,false
read,52.45,key_13,16,false
read,55.70,key_14,18,false
read,56.01,key_14,18,false
read,54.84,key_14,18,false
write,304.78,key_12,19,false
read,52.92,key_4,19,false
read,52.67,key_14,18,false
read,52.83,key_14,18,false
read,53.75,key_4,19,false
read,57.67,key_15,12,false
read,53.20,key_7,14,false
read,53.01,key_15,12,false
read,54.71,key_8,14,false
read,55.25,key_10,16,false
read,53.23,key_11,20,false
write,304.98,key_16,20,false
write,308.88,key_0,13,false
write,309.05,key_1,13,false
read,52.96,key_17,11,false
read,52.97,key_6,22,false
read,52.77,key_16,20,false
write,303.78,key_19,16,false
read,52.26,key_8,14,false
read,52.72,key_15,12,false
read,54.33,key_14,18,false
read,56.28,key_3,13,false
read,54.43,key_3,13,false
read,52.06,key_15,12,false
write,308.52,key_2,23,false
read,52.05,key_12,19,false
read,54.04,key_15,12,false
read,51.89,key_18,19,false
read,51.90,key_8,14,false
read,54.90,key_9,12,false
read,56.12,key_7,14,false
write,303.25,key_1,14,false
read,52.29,key_4,19,false
read,52.17,key_10,17,false
read,52.98,key_14,19,false
read,53.98,key_15,12,false
read,52.74,key_16,20,false
read,52.48,key_1,14,false
read,51.56,key_16,20,false
read,52.03,key_15,12,false
read,55.76,key_17,11,false
read,54.81,key_5,11,false
write,303.45,key_13,17,false
read,53.61,key_9,12,false
read,56.66,key_6,22,false
read,58.55,key_14,19,false
read,58.17,key_6,22,false
read,52.75,key_13,17,false
write,305.71,key_10,17,false
read,54.25,key_14,19,false
read,52.42,key_18,19,false
read,51.82,key_8,14,false
read,52.67,key_9,12,false
read,53.37,key_3,13,false
read,53.23,key_13,17,false
read,51.94,key_8,14,false
read,52.39,key_2,24,false
write,306.24,key_3,14,false
read,52.23,key_11,20,false
write,306.56,key_14,19,false
read,52.49,key_3,14,false
read,52.47,key_15,12,false
read,52.87,key_7,14,false
write,304.89,key_1,15,false
read,52.25,key_4,20,false
read,57.08,key_0,13,false
read,53.53,key_18,19,false
read,53.56,key_16,20,false
read,52.19,key_14,19,false
read,54.50,key_9,12,false
read,55.82,key_16,20,false
write,305.15,key_4,20,false
read,52.01,key_4,20,false
write,304.87,key_2,24,false
write,308.14,key_12,20,false
read,51.66,key_13,17,false
read,51.73,key_13,17,false
read,52.24,key_7,14,false
read,52.40,key_16,20,false
read,51.58,key_1,16,false
read,52.85,key_3,14,false
read,56.88,key_6,22,false
read,51.73,key_10,17,false
read,51.89,key_1,15,false
read,53.90,key_19,17,false
read,51.71,key_8,14,false
read,53.23,key_4,20,false
read,55.50,key_13,17,false
read,52.90,key_11,20,false
read,53.27,key_10,17,false
read,55.38,key_18,19,false
read,53.59,key_2,24,false
read,51.69,key_15,12,false
read,52.55,key_5,11,false
read,51.69,key_11,20,false
read,54.11,key_16,20,false
read,52.95,key_4,21,false
write,303.17,key_1,16,false
read,53.83,key_3,14,false
read,55.79,key_7,14,false
read,52.40,key_10,17,false
read,52.16,key_3,14,false
read,53.35,key_13,17,false
read,52.40,key_3,14,false
read,52.45,key_7,14,false
read,54.37,key_1,16,false
read,54.37,key_0,14,false
read,51.96,key_10,17,false
read,51.62,key_7,14,false
read,53.19,key_1,16,false
read,53.20,key_19,17,false
read,53.20,key_19,17,false
read,53.16,key_17,11,false
write,304.58,key_19,17,false
read,55.51,key_4,21,false
read,53.10,key_18,19,false
read,56.95,key_8,14,false
read,51.86,key_14,19,false
read,55.24,key_11,20,false
read,51.58,key_8,14,false
read,51.69,key_5,11,false
read,51.68,key_8,14,false
read,53.70,key_2,24,false
read,51.99,key_13,17,false
read,51.63,key_14,19,false
read,53.12,key_14,19,false
read,56.46,key_3,14,false
read,52.20,key_2,24,false
read,53.62,key_10,17,false
read,53.68,key_13,17,false
write,303.73,key_0,14,false
read,52.91,key_0,14,false
read,52.95,key_1,16,false
write,305.67,key_4,21,false
read,52.20,key_16,20,false
read,52.24,key_18,19,false
read,54.26,key_1,16,false
read,54.09,key_5,11,false
read,54.11,key_0,14,false
read,53.58,key_4,21,false
read,55.55,key_16,20,false
read,55.14,key_2,24,false
read,52.19,key_16,20,false
read,55.82,key_3,14,false
read,59.27,key_9,12,false
read,52.93,key_8,14,false
read,55.61,key_9,12,false
read,55.62,key_17,11,false
read,55.67,key_1,16,false
read,54.31,key_8,14,false
read,54.93,key_11,20,false
read,51.68,key_11,20,false
read,54.93,key_1,16,false
read,52.51,key_1,16,false
read,52.77,key_11,20,false
read,52.70,key_11,20,false
read,55.37,key_4,21,false
read,52.73,key_3,14,false
read,51.88,key_10,17,false
read,51.97,key_10,17,false
read,52.06,key_4,21,false
read,52.37,key_10,17,false
read,53.26,key_5,11,false
read,53.46,key_9,12,false
read,53.54,key_2,24,false
read,52.73,key_13,17,false
read,56.59,key_7,14,false
read,52.77,key_7,14,false
read,51.63,key_15,12,false
read,55.26,key_12,20,false
write,303.52,key_19,18,false
read,52.73,key_12,20,false
read,54.47,key_5,11,false
read,52.30,key_1,16,false
read,52.17,key_14,19,false
read,55.80,key_10,17,false
read,51.57,key_6,22,false
read,57.38,key_14,19,false
read,56.62,key_19,18,false
read,53.89,key_19,18,false
read,54.01,key_16,20,false
read,56.51,key_18,19,false
read,53.84,key_1,17,false
read,51.42,key_14,19,false
read,52.64,key_3,15,false
read,55.19,key_9,12,false
read,53.78,key_11,20,false
read,53.07,key_0,14,false
read,54.44,key_14,20,false
read,54.24,key_19,18,false
read,52.31,key_15,12,false
read,53.31,key_9,12,false
read,52.05,key_13,17,false
read,53.67,key_12,20,false
read,52.53,key_5,11,false
read,53.08,key_10,17,false
read,54.73,key_8,14,false
read,51.99,key_1,17,false
read,52.09,key_4,21,false
write,307.14,key_1,17,false
read,55.40,key_8,14,false
read,55.70,key_19,18,false
read,53.47,key_19,18,false
read,56.66,key_7,14,false
read,57.01,key_1,17,false
read,53.22,key_3,14,false
read,52.26,key_11,20,false
read,53.31,key_7,14,false
write,305.56,key_3,15,false
read,54.06,key_6,22,false
read,55.42,key_14,19,false
read,57.20,key_13,17,false
read,55.35,key_4,21,false
read,59.09,key_15,12,false
read,52.31,key_2,24,false
read,58.54,key_5,11,false
read,51.81,key_17,11,false
read,51.85,key_5,11,false
read,52.68,key_1,17,false
read,52.09,key_5,11,false
read,54.25,key_16,20,false
read,54.48,key_11,20,false
read,53.79,key_17,11,false
read,52.80,key_7,14,false
read,54.86,key_4,21,false
write,303.06,key_14,20,false
read,51.35,key_13,17,false
read,52.10,key_0,14,false
read,54.54,key_13,17,false
read,51.95,key_4,21,false
read,52.00,key_10,17,false
read,52.20,key_16,20,false
read,52.74,key_11,20,false
read,51.10,key_12,20,false
read,51.01,key_5,11,false
read,50.97,key_11,20,false
read,51.39,key_5,11,false
read,53.38,key_7,14,false
read,53.05,key_2,24,false
read,50.91,key_18,19,false
read,52.01,key_14,20,false
read,50.96,key_19,18,false
read,52.89,key_7,14,false
read,51.07,key_16,20,false
read,50.93,key_5,11,false
read,52.12,key_16,20,false
read,50.87,key_14,20,false
read,51.04,key_10,17,false
read,52.64,key_1,17,false
read,51.93,key_14,20,false
read,51.94,key_2,24,false
read,53.78,key_19,18,false
read,51.21,key_14,20,false
read,50.95,key_8,15,false
read,52.43,key_4,21,false
read,52.08,key_1,17,false
read,53.26,key_14,20,false
read,51.05,key_15,12,false
read,50.94,key_19,18,false
read,52.68,key_3,15,false
write,301.69,key_0,15,false
read,54.57,key_18,19,false
read,51.02,key_13,17,false
read,54.55,key_1,17,false
read,51.10,key_3,15,false
read,51.09,key_8,15,false
read,54.83,key_7,14,false
read,51.92,key_14,21,false
read,50.79,key_2,24,false
read,51.97,key_11,20,false
read,52.82,key_17,11,false
read,52.10,key_5,11,false
write,304.13,key_0,16,false
read,51.34,key_7,14,false
read,50.67,key_12,20,false
read,53.20,key_2,24,false
read,50.73,key_11,20,false
read,53.65,key_15,12,false
read,51.95,key_4,21,false
read,51.41,key_8,15,false
read,50.96,key_10,17,false
read,53.01,key_7,14,false
read,54.27,key_12,20,false
read,51.46,key_19,18,false
read,51.48,key_16,20,false
read,51.98,key_5,11,false
read,52.01,key_14,21,false
read,51.68,key_0,17,false
read,51.35,key_6,22,false
read,51.98,key_11,20,false
read,53.91,key_14,20,false
write,304.25,key_8,15,false
read,54.33,key_1,17,false
read,58.10,key_10,17,false
read,51.88,key_10,17,false
read,51.64,key_12,20,false
write,304.28,key_14,21,false
read,51.90,key_5,11,false
read,51.63,key_11,20,false
read,52.85,key_7,14,false
read,52.50,key_3,15,false
read,54.53,key_3,15,false
read,53.03,key_11,20,false
read,54.09,key_18,19,false
write,304.09,key_0,17,false
read,52.01,key_5,11,false
read,51.64,key_7,14,false
read,52.70,key_10,17,false
read,51.78,key_3,15,false
read,52.98,key_13,17,false
read,52.21,key_8,15,false
read,52.17,key_18,19,false
read,52.18,key_6,22,false
read,52.09,key_12,20,false
read,54.17,key_15,12,false
read,52.01,key_2,24,false
read,54.42,key_8,15,false
read,52.67,key_4,21,false
read,52.67,key_11,20,false
read,51.51,key_18,19,false
read,51.59,key_14,21,false
read,51.84,key_4,21,false
read,54.58,key_18,19,false
read,54.62,key_18,20,false
read,52.41,key_6,22,false
read,52.35,key_14,21,false
read,53.64,key_2,24,false
read,53.64,key_3,15,false
read,53.48,key_19,18,false
read,53.48,key_8,15,false
write,307.81,key_16,21,false
read,52.53,key_13,17,false
read,53.81,key_16,21,false
write,302.36,key_10,18,false
read,55.88,key_17,11,false
read,56.09,key_14,21,false
read,53.55,key_15,12,false
write,307.77,key_12,21,false
read,52.06,key_9,12,false
read,55.71,key_2,24,false
read,52.40,key_6,22,false
read,51.71,key_16,21,false
read,54.82,key_12,21,false
write,309.92,key_4,22,false
read,53.31,key_2,24,false
read,52.88,key_18,21,false
read,52.66,key_13,17,false
read,54.68,key_18,21,false
read,52.38,key_12,21,false
read,51.69,key_10,18,false
write,307.25,key_1,18,false
write,302.75,key_18,20,false
read,52.27,key_7,14,false
read,51.84,key_2,24,false
read,56.85,key_8,15,false
read,54.57,key_9,12,false
read,56.45,key_9,12,false
read,52.25,key_10,18,false
read,51.97,key_7,14,false
read,52.89,key_15,12,false
read,52.01,key_11,21,false
read,53.01,key_9,12,false
read,52.45,key_17,11,false
read,52.48,key_11,21,false
read,52.66,key_13,17,false
read,53.79,key_1,18,false
read,52.06,key_14,21,false
read,52.07,key_7,14,false
read,52.34,key_15,12,false
read,56.35,key_0,17,false
read,53.20,key_9,12,false
read,53.04,key_19,19,false
read,55.86,key_5,11,false
read,56.24,key_0,17,false
read,60.34,key_6,22,false
write,304.35,key_11,21,false
write,302.27,key_18,21,false
read,52.47,key_6,22,false
read,53.05,key_16,21,false
read,56.20,key_11,21,false
write,306.84,key_0,18,false
read,57.01,key_11,21,false
read,54.90,key_9,12,false
read,52.30,key_13,17,false
read,52.00,key_1,18,false
read,53.59,key_13,17,false
read,53.76,key_3,15,false
read,53.73,key_12,22,false
read,56.47,key_8,15,false
write,302.84,key_19,19,false
read,52.73,key_14,21,false
read,52.38,key_7,14,false
read,55.06,key_7,14,false
read,55.15,key_5,11,false
read,52.33,key_19,19,false
read,57.80,key_10,18,false
read,51.93,key_13,17,false
read,51.83,key_6,22,false
read,52.47,key_2,25,false
write,304.45,key_2,25,false
read,52.60,key_0,18,false
read,52.68,key_6,22,false
read,53.19,key_13,17,false
read,52.43,key_13,17,false
read,52.94,key_6,22,false
read,52.05,key_8,15,false
read,51.65,key_4,22,false
read,57.31,key_2,25,false
read,52.20,key_10,18,false
read,53.06,key_13,17,false
read,52.80,key_8,15,false
write,305.50,key_12,22,false
read,52.58,key_15,12,false
write,307.69,key_16,22,false
read,52.44,key_1,18,false
read,54.13,key_0,18,false
read,56.62,key_2,25,false
read,53.13,key_13,17,false
read,57.82,key_11,21,false
read,52.47,key_2,25,false
read,57.10,key_15,12,false
read,54.78,key_17,11,false
read,53.75,key_1,18,false
read,55.76,key_15,12,false
read,55.77,key_16,22,false
read,56.00,key_9,12,false
read,55.97,key_3,15,false
read,55.94,key_6,22,false
read,52.68,key_3,15,false
read,52.63,key_6,22,false
read,52.92,key_2,25,false
read,52.94,key_3,15,false
read,57.64,key_14,22,false
read,52.99,key_5,11,false
read,52.38,key_4,23,false
read,53.21,key_13,17,false
read,53.20,key_2,25,false
read,53.14,key_3,15,false
write,304.73,key_14,22,false
read,53.33,key_19,19,false
write,304.96,key_8,16,false
write,303.60,key_16,23,false
read,53.53,key_5,11,false
read,54.13,key_17,11,false
read,56.79,key_2,25,false
read,52.37,key_8,16,false
read,54.17,key_11,21,false
read,52.30,key_10,18,false
read,52.33,key_17,11,false
read,52.28,key_9,12,false
read,52.92,key_6,22,false
read,53.31,key_18,22,false
read,53.27,key_15,12,false
read,52.11,key_1,18,false
read,52.38,key_13,17,false
read,52.64,key_19,19,false
read,52.62,key_19,19,false
read,52.38,key_13,17,false
read,52.35,key_19,19,false
write,302.97,key_18,22,false
read,51.57,key_2,25,false
read,52.48,key_17,11,false
read,55.01,key_12,22,false
read,55.27,key_15,12,false
read,52.51,key_9,12,false
read,52.51,key_12,22,false
read,55.30,key_19,19,false
write,305.51,key_4,23,false
read,51.68,key_10,18,false
read,52.43,key_18,22,false
read,53.50,key_10,18,false
read,56.32,key_12,22,false
write,309.66,key_8,17,false
read,55.34,key_16,23,false
read,55.38,key_12,22,false
read,53.74,key_10,18,false
read,52.30,key_3,15,false
read,52.16,key_5,11,false
read,54.21,key_8,17,false
read,52.93,key_11,21,false
read,51.88,key_2,25,false
read,53.28,key_1,18,false
read,51.64,key_8,17,false
write,302.41,key_4,24,false
read,54.53,key_9,12,false
read,51.91,key_17,12,false
read,53.63,key_2,25,false
read,52.47,key_18,22,false
read,51.46,key_2,25,false
read,52.72,key_13,17,false
read,51.32,key_2,25,false
read,51.18,key_12,22,false
read,55.99,key_0,18,false
read,52.06,key_17,11,false
read,52.44,key_5,11,false
read,52.38,key_10,18,false
read,51.53,key_5,11,false
read,56.07,key_19,19,false
read,54.12,key_6,22,false
read,54.12,key_15,12,false
write,304.89,key_16,24,false
read,52.74,key_10,18,false
read,52.73,key_4,25,false
read,52.70,key_3,15,false
write,306.24,key_17,12,false
read,58.11,key_15,12,false
read,52.39,key_16,24,false
read,52.44,key_16,24,false
read,52.47,key_8,17,false
read,52.56,key_8,17,false
write,307.75,key_14,23,false
read,53.25,key_0,19,false
read,52.93,key_19,19,false
read,56.89,key_13,17,false
read,56.90,key_11,22,false
write,304.02,key_4,25,false
write,306.74,key_17,13,false
read,52.48,key_9,12,false
read,53.36,key_18,23,false
read,52.71,key_4,25,false
read,54.70,key_8,17,false
write,314.93,key_11,22,false
write,306.24,key_18,23,false
read,52.17,key_12,22,false
read,57.15,key_13,18,false
read,53.16,key_12,22,false
read,52.07,key_14,23,false
read,52.71,key_10,18,false
read,55.88,key_12,22,false
read,53.79,key_18,23,false
read,55.49,key_0,20,false
read,52.63,key_0,20,false
read,55.33,key_4,25,false
read,51.65,key_10,19,false
read,53.21,key_12,22,false
read,52.91,key_18,23,false
read,52.96,key_18,23,false
read,53.04,key_14,23,false
read,51.68,key_11,22,false
read,55.81,key_2,25,false
write,305.78,key_10,19,false
read,54.54,key_7,14,false
read,57.09,key_18,23,false
read,53.66,key_0,18,false
write,307.01,key_0,19,false
write,304.76,key_13,18,false
read,55.88,key_19,19,false
read,55.86,key_17,13,false
read,55.86,key_7,14,false
read,53.17,key_13,18,false
read,53.59,key_7,14,false
read,51.34,key_5,11,false
read,55.82,key_17,13,false
read,55.85,key_8,17,false
read,56.26,key_3,15,false
read,51.99,key_0,21,false
read,56.63,key_3,15,false
read,52.07,key_5,11,false
write,304.76,key_1,19,false
write,305.76,key_0,20,false
read,51.74,key_11,22,false
read,52.12,key_16,24,false
read,52.14,key_16,24,false
read,51.77,key_16,24,false
read,53.30,key_12,22,false
read,52.71,key_10,19,false
read,52.56,key_10,19,false
read,52.62,key_0,21,false
read,59.76,key_7,14,false
read,59.78,key_7,14,false
read,52.71,key_18,23,false
read,53.10,key_14,23,false
read,52.70,key_10,19,false
read,52.91,key_5,11,false
read,57.64,key_9,12,false
read,57.56,key_12,22,false
read,57.66,key_11,22,false
write,308.13,key_2,26,false
read,57.84,key_10,19,false
read,54.40,key_14,23,false
read,54.01,key_0,21,false
read,53.03,key_14,23,false
write,306.66,key_0,21,false
read,53.48,key_1,19,false
read,53.43,key_6,22,false
read,53.41,key_12,22,false
read,53.47,key_4,25,false
read,51.62,key_12,22,false
read,52.26,key_6,22,false
read,57.55,key_5,11,false
read,57.23,key_6,22,false
read,53.76,key_17,13,false
read,53.85,key_8,17,false
read,53.85,key_17,13,false
read,52.65,key_13,18,false
read,56.82,key_16,24,false
read,59.89,key_7,14,false
read,58.23,key_6,22,false
read,55.47,key_14,24,false
read,56.69,key_8,18,false
read,54.65,key_16,24,false
read,53.35,key_15,12,false
read,53.26,key_16,24,false
read,54.17,key_6,22,false
read,54.27,key_19,19,false
read,52.97,key_7,14,false
read,54.88,key_5,11,false
write,307.94,key_4,26,false
read,55.83,key_1,19,false
read,55.85,key_4,25,true
read,54.26,key_18,23,false
read,54.21,key_10,19,false
read,54.20,key_9,12,false
read,54.66,key_9,12,false
read,54.65,key_4,26,false
write,304.90,key_17,14,false
read,54.66,key_4,26,false
read,52.71,key_18,23,false
read,52.70,key_3,15,false
read,52.71,key_6,22,false
write,307.90,key_8,18,false
read,56.57,key_1,19,false
read,56.68,key_7,14,false
read,56.68,key_5,11,false
read,56.69,key_8,18,false
read,53.56,key_8,18,false
read,53.59,key_1,20,false
read,56.13,key_19,19,false
read,56.05,key_3,16,false
read,56.14,key_12,22,false
read,56.29,key_6,22,false
write,310.49,key_14,24,false
read,56.18,key_7,14,false
read,52.78,key_7,14,false
read,52.78,key_13,18,false
read,53.84,key_16,24,false
read,53.92,key_6,22,false
read,57.22,key_16,24,false
read,57.27,key_17,14,false
read,51.80,key_1,19,false
write,304.46,key_3,16,false
read,53.41,key_7,14,false
read,53.37,key_3,16,false
read,53.28,key_6,22,false
read,53.86,key_5,11,false
read,52.12,key_4,26,false
read,54.42,key_11,22,false
read,54.50,key_16,24,false
read,53.93,key_0,21,false
read,57.61,key_10,19,false
read,57.20,key_1,19,false
read,52.82,key_2,26,false
write,306.74,key_1,20,false
read,52.83,key_6,22,false
read,63.84,key_13,18,false
read,60.71,key_6,22,false
read,60.73,key_17,14,false
read,53.98,key_7,14,false
read,53.47,key_16,24,false
read,52.72,key_10,19,false
read,52.85,key_1,21,false
read,52.93,key_0,21,false
write,310.49,key_11,23,false
write,310.49,key_1,21,false
write,304.93,key_15,13,false
read,57.45,key_3,16,false
read,52.51,key_8,18,false
read,53.04,key_0,21,false
read,53.03,key_8,18,false
read,53.03,key_1,21,false
read,53.54,key_11,23,false
read,53.55,key_11,23,false
read,57.39,key_8,18,false
read,52.45,key_6,22,false
read,51.83,key_2,26,false
read,51.55,key_6,22,false
read,51.65,key_9,12,false
read,51.99,key_4,26,false
read,53.41,key_13,18,false
read,53.41,key_16,24,false
read,51.91,key_13,18,false
read,55.58,key_16,24,false
read,51.89,key_13,18,false
read,52.28,key_11,23,false
read,52.78,key_14,24,false
read,55.99,key_15,14,false
write,305.06,key_18,24,false
read,53.12,key_6,22,false
read,53.29,key_17,14,false
write,308.20,key_15,14,false
read,52.31,key_6,22,false
read,51.94,key_2,26,false
read,51.54,key_14,24,false
read,51.83,key_1,22,false
read,51.62,key_10,19,false
read,51.87,key_13,18,false
read,55.52,key_14,24,false
read,55.68,key_8,18,false
read,61.08,key_2,26,false
read,53.34,key_17,14,false
read,53.24,key_11,23,false
read,51.97,key_4,26,false
read,51.70,key_18,24,false
read,54.84,key_11,23,false
read,54.86,key_15,14,false
read,54.94,key_16,24,false
read,52.40,key_15,14,false
read,52.38,key_10,19,false
read,55.82,key_14,24,false
read,51.61,key_4,26,false
read,54.10,key_19,19,false
read,53.77,key_1,21,false
read,54.24,key_14,24,false
read,51.39,key_2,26,false
read,57.24,key_11,23,false
read,51.42,key_11,23,false
read,53.98,key_7,14,false
read,54.08,key_15,14,false
read,53.92,key_14,24,false
read,52.55,key_15,14,false
read,56.05,key_2,26,false
read,59.08,key_13,18,false
read,62.42,key_11,23,false
read,59.60,key_15,14,false
read,62.50,key_4,26,false
read,57.54,key_4,26,false
read,57.60,key_4,26,false
write,304.55,key_1,22,false
write,305.24,key_18,25,false
write,307.43,key_6,23,false
read,53.44,key_9,12,false
read,53.64,key_9,12,false
read,53.70,key_5,11,false
read,53.75,key_10,19,false
read,53.65,key_5,11,false
read,54.12,key_6,23,false
read,53.19,key_8,18,false
read,52.47,key_3,16,false
read,53.84,key_14,24,false
read,53.70,key_1,22,false
read,53.77,key_2,27,false
read,53.80,key_12,22,false
read,53.77,key_3,16,false
read,52.89,key_11,23,false
write,305.60,key_2,27,false
read,57.82,key_8,18,false
read,52.77,key_16,24,false
read,52.80,key_3,16,false
read,52.92,key_3,16,false
read,52.91,key_17,15,false
read,56.39,key_8,18,false
read,56.50,key_16,24,false
read,57.90,key_2,27,false
read,51.90,key_3,16,false
read,51.87,key_4,26,false
read,51.93,key_17,14,false
read,52.28,key_4,26,false
write,306.68,key_17,15,false
read,53.70,key_6,23,false
read,56.80,key_14,24,false
read,52.04,key_19,19,false
read,52.03,key_14,24,false
read,52.02,key_16,24,false
read,54.61,key_8,18,false
read,54.96,key_9,12,false
read,52.35,key_8,18,false
read,53.02,key_1,22,false
read,57.39,key_0,21,false
read,54.82,key_11,23,false
read,52.58,key_16,24,false
read,57.50,key_12,23,false
read,54.65,key_16,24,false
read,54.61,key_12,23,false
read,56.64,key_2,29,false
read,57.13,key_10,19,false
write,304.96,key_18,26,false
write,309.76,key_4,27,false
read,57.97,key_1,22,false
read,58.06,key_17,15,false
read,58.08,key_19,19,false
read,58.01,key_9,12,false
read,61.42,key_12,23,false
read,51.58,key_19,19,false
read,53.57,key_0,21,false
read,54.23,key_11,23,false
read,54.21,key_12,23,false
read,54.38,key_1,22,false
read,53.02,key_12,23,false
read,53.44,key_7,14,false
write,307.63,key_2,28,false
read,53.05,key_16,24,false
read,52.98,key_12,23,false
read,54.51,key_12,23,false
read,52.16,key_10,19,false
write,302.28,key_2,29,false
read,52.06,key_12,23,false
read,55.31,key_7,14,false
read,55.64,key_10,19,false
read,53.91,key_17,15,false
read,54.30,key_13,18,false
read,55.78,key_17,15,false
read,52.80,key_12,22,false
read,52.10,key_4,27,false
read,51.40,key_7,14,false
write,309.41,key_12,23,false
read,52.34,key_9,12,false
read,52.45,key_4,27,false
read,52.46,key_5,11,false
read,54.54,key_17,15,false
read,52.08,key_10,19,false
read,57.61,key_7,14,false
read,55.43,key_8,18,false
read,54.30,key_12,23,false
read,53.57,key_19,20,false
read,53.59,key_14,24,false
read,53.59,key_15,14,false
read,53.15,key_13,18,false
read,51.35,key_16,24,false
read,51.94,key_10,19,false
read,53.24,key_11,23,false
read,52.60,key_19,19,false
write,303.07,key_5,12,false
read,52.75,key_12,23,false
read,52.78,key_14,24,false
read,52.68,key_0,21,false
read,54.84,key_5,12,false
read,51.27,key_10,19,false
read,51.81,key_19,20,false
write,305.31,key_19,20,false
read,56.08,key_9,12,false
read,51.71,key_15,14,false
read,56.40,key_12,23,false
read,52.18,key_15,14,false
read,52.16,key_3,16,false
read,54.91,key_13,18,false
read,51.97,key_15,14,false
read,51.20,key_3,16,false
read,51.57,key_17,15,false
read,51.92,key_5,12,false
read,51.96,key_1,22,false
read,51.83,key_14,24,false
read,52.10,key_9,12,false
read,53.55,key_3,16,false
read,53.59,key_19,20,false
read,52.67,key_14,24,false
read,55.84,key_2,29,false
read,56.92,key_4,27,false
read,51.97,key_7,14,false
read,52.12,key_18,26,false
read,52.15,key_7,14,false
read,51.29,key_15,14,false
read,53.45,key_14,24,false
read,55.34,key_0,21,false
read,55.32,key_1,22,false
read,52.86,key_4,27,false
read,55.02,key_7,14,false
read,54.65,key_14,24,false
read,55.04,key_6,23,false
read,51.63,key_10,19,false
read,53.31,key_9,12,false
read,51.73,key_10,20,false
read,51.70,key_12,23,false
read,51.50,key_5,12,false
read,55.14,key_8,18,false
read,51.88,key_5,12,false
read,51.73,key_8,18,false
read,52.71,key_14,24,false
read,51.37,key_10,20,false
read,54.84,key_2,29,false
read,52.64,key_9,12,false
read,52.64,key_15,14,false
read,52.92,key_14,24,false
read,52.88,key_4,27,false
read,52.05,key_12,23,false
read,51.39,key_12,23,false
read,53.08,key_16,24,false
read,51.74,key_19,20,false
read,53.30,key_8,18,false
read,53.38,key_18,26,false
read,52.54,key_9,12,false
read,51.38,key_7,14,false
read,55.25,key_6,23,false
read,52.01,key_10,20,false
read,51.65,key_19,20,false
read,52.63,key_17,15,false
read,53.34,key_4,27,false
read,56.12,key_4,27,false
read,52.26,key_14,25,false
read,54.81,key_2,29,false
write,303.99,key_10,20,false
read,51.63,key_12,23,false
read,53.19,key_14,25,false
read,53.27,key_17,15,false
read,52.44,key_9,12,false
read,54.23,key_11,23,false
read,51.74,key_5,12,false
read,51.59,key_3,16,false
read,56.03,key_17,15,false
read,56.08,key_19,20,false
read,52.77,key_4,27,false
read,57.84,key_14,25,false
read,53.13,key_9,12,false
read,54.95,key_11,23,false
read,53.10,key_13,19,false
read,52.67,key_6,24,false
read,52.73,key_14,25,false
write,303.89,key_13,19,false
read,56.36,key_13,19,false
read,52.28,key_10,20,false
read,52.84,key_14,25,false
read,55.59,key_12,23,false
read,52.44,key_11,23,false
read,52.50,key_11,23,false
read,51.75,key_9,12,false
read,52.14,key_9,12,false
write,310.58,key_14,25,false
write,307.09,key_6,24,false
read,52.58,key_2,29,false
read,52.53,key_12,23,false
read,52.75,key_8,18,false
read,51.75,key_9,12,false
read,51.90,key_10,20,false
write,307.14,key_19,21,false
read,57.25,key_5,13,false
read,52.50,key_5,13,false
read,52.16,key_6,24,false
read,52.35,key_7,14,false
read,52.32,key_17,15,false
read,55.09,key_14,25,false
read,52.06,key_8,18,false
read,52.18,key_13,19,false
read,53.31,key_18,26,false
read,57.58,key_5,12,false
read,53.58,key_6,24,false
read,53.64,key_16,24,false
read,53.66,key_12,23,false
read,51.48,key_11,23,false
read,56.43,key_2,29,false
read,53.76,key_8,18,false
read,51.87,key_19,21,false
read,54.13,key_1,22,false
read,54.08,key_4,27,false
read,58.19,key_9,12,false
read,53.35,key_9,12,false
read,53.32,key_18,26,false
write,304.46,key_4,28,false
write,306.62,key_5,13,false
read,53.25,key_11,23,false
read,52.58,key_18,26,false
read,56.72,key_13,19,false
read,52.62,key_3,16,false
read,52.20,key_4,28,false
read,55.05,key_2,31,false
read,53.77,key_5,14,false
read,54.07,key_7,14,false
read,57.09,key_6,24,false
read,54.29,key_7,14,false
read,52.39,key_12,23,false
read,54.09,key_19,21,false
read,53.37,key_3,16,false
read,53.99,key_18,26,false
read,52.94,key_4,28,false
read,56.16,key_4,28,false
write,306.24,key_2,30,false
read,57.18,key_18,26,false
read,54.72,key_9,13,false
read,57.73,key_10,20,false
read,60.92,key_6,24,false
read,55.90,key_19,21,false
read,54.71,key_6,24,false
read,56.98,key_1,22,false
read,54.70,key_14,25,false
read,55.32,key_15,14,false
write,307.52,key_2,31,false
read,54.17,key_13,19,false
read,54.24,key_10,20,false
read,54.30,key_16,24,false
read,54.39,key_14,25,false
read,54.23,key_8,18,false
read,53.55,key_18,26,false
write,305.73,key_5,14,false
write,303.57,key_7,15,false
read,53.32,key_14,25,false
read,53.48,key_9,13,false
read,53.46,key_0,21,false
write,305.10,key_9,13,false
read,57.22,key_5,14,false
read,57.38,key_4,29,false
read,53.61,key_2,31,false
read,54.21,key_15,14,false
read,52.53,key_13,19,false
read,52.58,key_0,21,false
read,52.60,key_5,14,false
read,52.17,key_9,13,false
read,53.77,key_10,20,false
read,55.82,key_12,24,false
read,54.92,key_17,15,false
write,308.21,key_11,24,false
read,51.65,key_14,25,false
read,56.23,key_18,26,false
read,51.52,key_2,31,false
read,54.95,key_19,21,false
read,53.95,key_16,24,false
read,52.64,key_7,15,false
read,52.17,key_11,24,false
read,52.08,key_13,19,false
read,51.90,key_18,26,false
read,53.29,key_14,25,false
read,53.47,key_4,29,false
read,54.09,key_16,24,false
read,52.26,key_2,31,false
read,52.86,key_0,21,false
read,56.40,key_15,14,false
read,53.30,key_3,16,false
read,52.60,key_18,26,false
read,54.10,key_14,25,false
read,56.19,key_1,22,false
write,308.37,key_4,29,false
write,306.67,key_15,15,false
read,53.39,key_14,25,false
read,54.24,key_8,18,false
read,52.95,key_13,19,false
read,53.54,key_8,18,false
read,55.71,key_10,21,false
write,312.17,key_10,21,false
write,312.17,key_12,24,false
read,52.43,key_6,24,false
read,53.45,key_9,13,false
read,52.60,key_3,16,false
read,51.99,key_10,21,false
read,52.94,key_2,31,false
read,52.92,key_0,21,false
read,52.40,key_16,24,false
read,54.34,key_2,31,false
read,54.52,key_19,21,false
read,54.52,key_5,14,false
read,55.80,key_19,21,false
read,52.70,key_7,15,false
read,59.99,key_4,29,false
read,51.25,key_14,25,false
read,58.24,key_10,21,false
read,53.04,key_7,15,false
write,305.00,key_12,25,false
write,304.34,key_17,16,false
write,310.60,key_13,20,false
write,312.33,key_15,16,false
